ticker,fiscal_year,date_paiement_ref,jour_relatif,date,prix,volume
BICC,2021,2022-07-15,-60,2022-05-16,6000.0,1106
BICC,2021,2022-07-15,-59,2022-05-17,5550.0,498
BICC,2021,2022-07-15,-58,2022-05-18,5560.0,10
BICC,2021,2022-07-15,-57,2022-05-19,5975.0,1
BICC,2021,2022-07-15,-56,2022-05-20,6000.0,500
BICC,2021,2022-07-15,-55,2022-05-21,,
BICC,2021,2022-07-15,-54,2022-05-22,,
BICC,2021,2022-07-15,-53,2022-05-23,6200.0,213
BICC,2021,2022-07-15,-52,2022-05-24,6200.0,0
BICC,2021,2022-07-15,-51,2022-05-25,6195.0,100
BICC,2021,2022-07-15,-50,2022-05-26,,
BICC,2021,2022-07-15,-49,2022-05-27,6195.0,610
BICC,2021,2022-07-15,-48,2022-05-28,,
BICC,2021,2022-07-15,-47,2022-05-29,,
BICC,2021,2022-07-15,-46,2022-05-30,6010.0,50
BICC,2021,2022-07-15,-45,2022-05-31,6010.0,20
BICC,2021,2022-07-15,-44,2022-06-01,6170.0,30
BICC,2021,2022-07-15,-43,2022-06-02,6170.0,36
BICC,2021,2022-07-15,-42,2022-06-03,6000.0,11
BICC,2021,2022-07-15,-41,2022-06-04,,
BICC,2021,2022-07-15,-40,2022-06-05,,
BICC,2021,2022-07-15,-39,2022-06-06,,
BICC,2021,2022-07-15,-38,2022-06-07,6000.0,108
BICC,2021,2022-07-15,-37,2022-06-08,6000.0,37
BICC,2021,2022-07-15,-36,2022-06-09,6000.0,50
BICC,2021,2022-07-15,-35,2022-06-10,6000.0,0
BICC,2021,2022-07-15,-34,2022-06-11,,
BICC,2021,2022-07-15,-33,2022-06-12,,
BICC,2021,2022-07-15,-32,2022-06-13,6150.0,444
BICC,2021,2022-07-15,-31,2022-06-14,6200.0,1503
BICC,2021,2022-07-15,-30,2022-06-15,6200.0,2012
BICC,2021,2022-07-15,-29,2022-06-16,6200.0,501
BICC,2021,2022-07-15,-28,2022-06-17,6200.0,594
BICC,2021,2022-07-15,-27,2022-06-18,,
BICC,2021,2022-07-15,-26,2022-06-19,,
BICC,2021,2022-07-15,-25,2022-06-20,6200.0,276
BICC,2021,2022-07-15,-24,2022-06-21,6250.0,152
BICC,2021,2022-07-15,-23,2022-06-22,6250.0,0
BICC,2021,2022-07-15,-22,2022-06-23,6250.0,0
BICC,2021,2022-07-15,-21,2022-06-24,6250.0,0
BICC,2021,2022-07-15,-20,2022-06-25,,
BICC,2021,2022-07-15,-19,2022-06-26,,
BICC,2021,2022-07-15,-18,2022-06-27,6250.0,105
BICC,2021,2022-07-15,-17,2022-06-28,6250.0,506
BICC,2021,2022-07-15,-16,2022-06-29,6200.0,100
BICC,2021,2022-07-15,-15,2022-06-30,6295.0,1187
BICC,2021,2022-07-15,-14,2022-07-01,6295.0,6
BICC,2021,2022-07-15,-13,2022-07-02,,
BICC,2021,2022-07-15,-12,2022-07-03,,
BICC,2021,2022-07-15,-11,2022-07-04,6300.0,110
BICC,2021,2022-07-15,-10,2022-07-05,6740.0,141
BICC,2021,2022-07-15,-9,2022-07-06,6735.0,31
BICC,2021,2022-07-15,-8,2022-07-07,6735.0,6
BICC,2021,2022-07-15,-7,2022-07-08,6595.0,384
BICC,2021,2022-07-15,-6,2022-07-09,,
BICC,2021,2022-07-15,-5,2022-07-10,,
BICC,2021,2022-07-15,-4,2022-07-11,6560.0,266
BICC,2021,2022-07-15,-3,2022-07-12,6500.0,67
BICC,2021,2022-07-15,-2,2022-07-13,6300.0,2033
BICC,2021,2022-07-15,-1,2022-07-14,6250.0,38
BICC,2021,2022-07-15,0,2022-07-15,6715.0,1483
BICC,2021,2022-07-15,1,2022-07-16,,
BICC,2021,2022-07-15,2,2022-07-17,,
BICC,2021,2022-07-15,3,2022-07-18,6305.0,69
BICC,2021,2022-07-15,4,2022-07-19,6430.0,4860
BICC,2021,2022-07-15,5,2022-07-20,6430.0,0
BICC,2021,2022-07-15,6,2022-07-21,6000.0,90
BICC,2021,2022-07-15,7,2022-07-22,6400.0,401
BICC,2021,2022-07-15,8,2022-07-23,,
BICC,2021,2022-07-15,9,2022-07-24,,
BICC,2021,2022-07-15,10,2022-07-25,6400.0,0
BICC,2021,2022-07-15,11,2022-07-26,6400.0,0
BICC,2021,2022-07-15,12,2022-07-27,6400.0,1
BICC,2021,2022-07-15,13,2022-07-28,6100.0,150
BICC,2021,2022-07-15,14,2022-07-29,6100.0,0
BICC,2021,2022-07-15,15,2022-07-30,,
BICC,2021,2022-07-15,16,2022-07-31,,
BICC,2021,2022-07-15,17,2022-08-01,6430.0,1248
BICC,2021,2022-07-15,18,2022-08-02,6430.0,868
BICC,2021,2022-07-15,19,2022-08-03,6600.0,26
BICC,2021,2022-07-15,20,2022-08-04,6550.0,14
BICC,2021,2022-07-15,21,2022-08-05,6900.0,385
BICC,2021,2022-07-15,22,2022-08-06,,
BICC,2021,2022-07-15,23,2022-08-07,,
BICC,2021,2022-07-15,24,2022-08-08,,
BICC,2021,2022-07-15,25,2022-08-09,6800.0,146
BICC,2021,2022-07-15,26,2022-08-10,6400.0,65
BICC,2021,2022-07-15,27,2022-08-11,6405.0,31
BICC,2021,2022-07-15,28,2022-08-12,6405.0,2
BICC,2021,2022-07-15,29,2022-08-13,,
BICC,2021,2022-07-15,30,2022-08-14,,
BICC,2021,2022-07-15,31,2022-08-15,,
BICC,2021,2022-07-15,32,2022-08-16,6405.0,40
BICC,2021,2022-07-15,33,2022-08-17,6400.0,100
BICC,2021,2022-07-15,34,2022-08-18,6700.0,5
BICC,2021,2022-07-15,35,2022-08-19,6695.0,50
BICC,2021,2022-07-15,36,2022-08-20,,
BICC,2021,2022-07-15,37,2022-08-21,,
BICC,2021,2022-07-15,38,2022-08-22,6900.0,860
BICC,2021,2022-07-15,39,2022-08-23,6875.0,18
BICC,2021,2022-07-15,40,2022-08-24,6900.0,115
BICC,2021,2022-07-15,41,2022-08-25,6900.0,0
BICC,2021,2022-07-15,42,2022-08-26,6895.0,15
BICC,2021,2022-07-15,43,2022-08-27,,
BICC,2021,2022-07-15,44,2022-08-28,,
BICC,2021,2022-07-15,45,2022-08-29,6895.0,0
BICC,2021,2022-07-15,46,2022-08-30,6800.0,5
BICC,2021,2022-07-15,47,2022-08-31,6890.0,489
BICC,2021,2022-07-15,48,2022-09-01,6790.0,50
BICC,2021,2022-07-15,49,2022-09-02,6500.0,117
BICC,2021,2022-07-15,50,2022-09-03,,
BICC,2021,2022-07-15,51,2022-09-04,,
BICC,2021,2022-07-15,52,2022-09-05,6790.0,442
BICC,2021,2022-07-15,53,2022-09-06,6550.0,168
BICC,2021,2022-07-15,54,2022-09-07,6500.0,319
BICC,2021,2022-07-15,55,2022-09-08,6580.0,142
BICC,2021,2022-07-15,56,2022-09-09,6750.0,12
BICC,2021,2022-07-15,57,2022-09-10,,
BICC,2021,2022-07-15,58,2022-09-11,,
BICC,2021,2022-07-15,59,2022-09-12,6700.0,60
BICC,2021,2022-07-15,60,2022-09-13,6700.0,100
BICC,2022,2023-07-31,-60,2023-06-01,6700.0,0
BICC,2022,2023-07-31,-59,2023-06-02,6800.0,400
BICC,2022,2023-07-31,-58,2023-06-03,,
BICC,2022,2023-07-31,-57,2023-06-04,,
BICC,2022,2023-07-31,-56,2023-06-05,6800.0,68
BICC,2022,2023-07-31,-55,2023-06-06,6700.0,102
BICC,2022,2023-07-31,-54,2023-06-07,6700.0,0
BICC,2022,2023-07-31,-53,2023-06-08,6800.0,906
BICC,2022,2023-07-31,-52,2023-06-09,6800.0,46
BICC,2022,2023-07-31,-51,2023-06-10,,
BICC,2022,2023-07-31,-50,2023-06-11,,
BICC,2022,2023-07-31,-49,2023-06-12,6800.0,0
BICC,2022,2023-07-31,-48,2023-06-13,6800.0,1539
BICC,2022,2023-07-31,-47,2023-06-14,7000.0,113
BICC,2022,2023-07-31,-46,2023-06-15,6900.0,1510
BICC,2022,2023-07-31,-45,2023-06-16,6900.0,398
BICC,2022,2023-07-31,-44,2023-06-17,,
BICC,2022,2023-07-31,-43,2023-06-18,,
BICC,2022,2023-07-31,-42,2023-06-19,6900.0,113
BICC,2022,2023-07-31,-41,2023-06-20,7000.0,2000
BICC,2022,2023-07-31,-40,2023-06-21,7000.0,1050
BICC,2022,2023-07-31,-39,2023-06-22,7100.0,4
BICC,2022,2023-07-31,-38,2023-06-23,6850.0,460
BICC,2022,2023-07-31,-37,2023-06-24,,
BICC,2022,2023-07-31,-36,2023-06-25,,
BICC,2022,2023-07-31,-35,2023-06-26,6700.0,9
BICC,2022,2023-07-31,-34,2023-06-27,6985.0,16
BICC,2022,2023-07-31,-33,2023-06-28,,
BICC,2022,2023-07-31,-32,2023-06-29,6900.0,35
BICC,2022,2023-07-31,-31,2023-06-30,6890.0,1019
BICC,2022,2023-07-31,-30,2023-07-01,,
BICC,2022,2023-07-31,-29,2023-07-02,,
BICC,2022,2023-07-31,-28,2023-07-03,6890.0,0
BICC,2022,2023-07-31,-27,2023-07-04,6600.0,1737
BICC,2022,2023-07-31,-26,2023-07-05,6600.0,45
BICC,2022,2023-07-31,-25,2023-07-06,6600.0,32
BICC,2022,2023-07-31,-24,2023-07-07,6600.0,0
BICC,2022,2023-07-31,-23,2023-07-08,,
BICC,2022,2023-07-31,-22,2023-07-09,,
BICC,2022,2023-07-31,-21,2023-07-10,6595.0,137
BICC,2022,2023-07-31,-20,2023-07-11,6595.0,20
BICC,2022,2023-07-31,-19,2023-07-12,6595.0,3
BICC,2022,2023-07-31,-18,2023-07-13,6595.0,0
BICC,2022,2023-07-31,-17,2023-07-14,6575.0,14
BICC,2022,2023-07-31,-16,2023-07-15,,
BICC,2022,2023-07-31,-15,2023-07-16,,
BICC,2022,2023-07-31,-14,2023-07-17,6575.0,7
BICC,2022,2023-07-31,-13,2023-07-18,6580.0,873
BICC,2022,2023-07-31,-12,2023-07-19,6600.0,52
BICC,2022,2023-07-31,-11,2023-07-20,6580.0,40
BICC,2022,2023-07-31,-10,2023-07-21,6580.0,247
BICC,2022,2023-07-31,-9,2023-07-22,,
BICC,2022,2023-07-31,-8,2023-07-23,,
BICC,2022,2023-07-31,-7,2023-07-24,6600.0,406
BICC,2022,2023-07-31,-6,2023-07-25,6600.0,100
BICC,2022,2023-07-31,-5,2023-07-26,6800.0,5
BICC,2022,2023-07-31,-4,2023-07-27,6800.0,2
BICC,2022,2023-07-31,-3,2023-07-28,6800.0,10
BICC,2022,2023-07-31,-2,2023-07-29,,
BICC,2022,2023-07-31,-1,2023-07-30,,
BICC,2022,2023-07-31,0,2023-07-31,6800.0,17
BICC,2022,2023-07-31,1,2023-08-01,6800.0,0
BICC,2022,2023-07-31,2,2023-08-02,6900.0,279
BICC,2022,2023-07-31,3,2023-08-03,6900.0,0
BICC,2022,2023-07-31,4,2023-08-04,6995.0,46
BICC,2022,2023-07-31,5,2023-08-05,,
BICC,2022,2023-07-31,6,2023-08-06,,
BICC,2022,2023-07-31,7,2023-08-07,,
BICC,2022,2023-07-31,8,2023-08-08,6995.0,4
BICC,2022,2023-07-31,9,2023-08-09,6995.0,716
BICC,2022,2023-07-31,10,2023-08-10,6995.0,573
BICC,2022,2023-07-31,11,2023-08-11,6865.0,87
BICC,2022,2023-07-31,12,2023-08-12,,
BICC,2022,2023-07-31,13,2023-08-13,,
BICC,2022,2023-07-31,14,2023-08-14,7000.0,653
BICC,2022,2023-07-31,15,2023-08-15,,
BICC,2022,2023-07-31,16,2023-08-16,7000.0,0
BICC,2022,2023-07-31,17,2023-08-17,6800.0,243
BICC,2022,2023-07-31,18,2023-08-18,6750.0,54
BICC,2022,2023-07-31,19,2023-08-19,,
BICC,2022,2023-07-31,20,2023-08-20,,
BICC,2022,2023-07-31,21,2023-08-21,6400.0,167
BICC,2022,2023-07-31,22,2023-08-22,6700.0,1077
BICC,2022,2023-07-31,23,2023-08-23,6900.0,139
BICC,2022,2023-07-31,24,2023-08-24,6700.0,2543
BICC,2022,2023-07-31,25,2023-08-25,6990.0,1010
BICC,2022,2023-07-31,26,2023-08-26,,
BICC,2022,2023-07-31,27,2023-08-27,,
BICC,2022,2023-07-31,28,2023-08-28,6990.0,387
BICC,2022,2023-07-31,29,2023-08-29,6900.0,1520
BICC,2022,2023-07-31,30,2023-08-30,6895.0,7
BICC,2022,2023-07-31,31,2023-08-31,6700.0,2880
BICC,2022,2023-07-31,32,2023-09-01,6700.0,0
BICC,2022,2023-07-31,33,2023-09-02,,
BICC,2022,2023-07-31,34,2023-09-03,,
BICC,2022,2023-07-31,35,2023-09-04,6900.0,7
BICC,2022,2023-07-31,36,2023-09-05,6900.0,20
BICC,2022,2023-07-31,37,2023-09-06,6700.0,36
BICC,2022,2023-07-31,38,2023-09-07,6700.0,8
BICC,2022,2023-07-31,39,2023-09-08,6800.0,120
BICC,2022,2023-07-31,40,2023-09-09,,
BICC,2022,2023-07-31,41,2023-09-10,,
BICC,2022,2023-07-31,42,2023-09-11,6900.0,30
BICC,2022,2023-07-31,43,2023-09-12,7000.0,30
BICC,2022,2023-07-31,44,2023-09-13,6950.0,35
BICC,2022,2023-07-31,45,2023-09-14,6800.0,1020
BICC,2022,2023-07-31,46,2023-09-15,6795.0,320
BICC,2022,2023-07-31,47,2023-09-16,,
BICC,2022,2023-07-31,48,2023-09-17,,
BICC,2022,2023-07-31,49,2023-09-18,6795.0,0
BICC,2022,2023-07-31,50,2023-09-19,6905.0,170
BICC,2022,2023-07-31,51,2023-09-20,6950.0,1763
BICC,2022,2023-07-31,52,2023-09-21,6900.0,794
BICC,2022,2023-07-31,53,2023-09-22,6900.0,0
BICC,2022,2023-07-31,54,2023-09-23,,
BICC,2022,2023-07-31,55,2023-09-24,,
BICC,2022,2023-07-31,56,2023-09-25,6900.0,113
BICC,2022,2023-07-31,57,2023-09-26,6900.0,3688
BICC,2022,2023-07-31,58,2023-09-27,,
BICC,2022,2023-07-31,59,2023-09-28,6895.0,26
BICC,2022,2023-07-31,60,2023-09-29,6895.0,2577
BICC,2023,2024-06-27,-60,2024-04-28,,
BICC,2023,2024-06-27,-59,2024-04-29,7430.0,15
BICC,2023,2024-06-27,-58,2024-04-30,7500.0,2
BICC,2023,2024-06-27,-57,2024-05-01,,
BICC,2023,2024-06-27,-56,2024-05-02,7510.0,208
BICC,2023,2024-06-27,-55,2024-05-03,7800.0,5
BICC,2023,2024-06-27,-54,2024-05-04,,
BICC,2023,2024-06-27,-53,2024-05-05,,
BICC,2023,2024-06-27,-52,2024-05-06,7995.0,166
BICC,2023,2024-06-27,-51,2024-05-07,7915.0,34
BICC,2023,2024-06-27,-50,2024-05-08,7985.0,16
BICC,2023,2024-06-27,-49,2024-05-09,,
BICC,2023,2024-06-27,-48,2024-05-10,7990.0,198
BICC,2023,2024-06-27,-47,2024-05-11,,
BICC,2023,2024-06-27,-46,2024-05-12,,
BICC,2023,2024-06-27,-45,2024-05-13,7990.0,27
BICC,2023,2024-06-27,-44,2024-05-14,7985.0,8
BICC,2023,2024-06-27,-43,2024-05-15,8400.0,210
BICC,2023,2024-06-27,-42,2024-05-16,8400.0,525
BICC,2023,2024-06-27,-41,2024-05-17,8300.0,166
BICC,2023,2024-06-27,-40,2024-05-18,,
BICC,2023,2024-06-27,-39,2024-05-19,,
BICC,2023,2024-06-27,-38,2024-05-20,,
BICC,2023,2024-06-27,-37,2024-05-21,8300.0,962
BICC,2023,2024-06-27,-36,2024-05-22,8005.0,235
BICC,2023,2024-06-27,-35,2024-05-23,8325.0,2
BICC,2023,2024-06-27,-34,2024-05-24,8325.0,1
BICC,2023,2024-06-27,-33,2024-05-25,,
BICC,2023,2024-06-27,-32,2024-05-26,,
BICC,2023,2024-06-27,-31,2024-05-27,8325.0,83
BICC,2023,2024-06-27,-30,2024-05-28,8325.0,12
BICC,2023,2024-06-27,-29,2024-05-29,8325.0,0
BICC,2023,2024-06-27,-28,2024-05-30,8005.0,94
BICC,2023,2024-06-27,-27,2024-05-31,8605.0,2585
BICC,2023,2024-06-27,-26,2024-06-01,,
BICC,2023,2024-06-27,-25,2024-06-02,,
BICC,2023,2024-06-27,-24,2024-06-03,9250.0,171
BICC,2023,2024-06-27,-23,2024-06-04,9940.0,840
BICC,2023,2024-06-27,-22,2024-06-05,10000.0,111
BICC,2023,2024-06-27,-21,2024-06-06,10105.0,251
BICC,2023,2024-06-27,-20,2024-06-07,10000.0,191
BICC,2023,2024-06-27,-19,2024-06-08,,
BICC,2023,2024-06-27,-18,2024-06-09,,
BICC,2023,2024-06-27,-17,2024-06-10,10100.0,12
BICC,2023,2024-06-27,-16,2024-06-11,10150.0,13
BICC,2023,2024-06-27,-15,2024-06-12,10150.0,89
BICC,2023,2024-06-27,-14,2024-06-13,10300.0,137
BICC,2023,2024-06-27,-13,2024-06-14,10410.0,29
BICC,2023,2024-06-27,-12,2024-06-15,,
BICC,2023,2024-06-27,-11,2024-06-16,,
BICC,2023,2024-06-27,-10,2024-06-17,,
BICC,2023,2024-06-27,-9,2024-06-18,10410.0,78
BICC,2023,2024-06-27,-8,2024-06-19,10420.0,12
BICC,2023,2024-06-27,-7,2024-06-20,10700.0,2
BICC,2023,2024-06-27,-6,2024-06-21,10700.0,632
BICC,2023,2024-06-27,-5,2024-06-22,,
BICC,2023,2024-06-27,-4,2024-06-23,,
BICC,2023,2024-06-27,-3,2024-06-24,10700.0,86
BICC,2023,2024-06-27,-2,2024-06-25,10300.0,32
BICC,2023,2024-06-27,-1,2024-06-26,10705.0,40
BICC,2023,2024-06-27,0,2024-06-27,10005.0,157
BICC,2023,2024-06-27,1,2024-06-28,10000.0,73
BICC,2023,2024-06-27,2,2024-06-29,,
BICC,2023,2024-06-27,3,2024-06-30,,
BICC,2023,2024-06-27,4,2024-07-01,10000.0,563
BICC,2023,2024-06-27,5,2024-07-02,9900.0,1660
BICC,2023,2024-06-27,6,2024-07-03,9925.0,25
BICC,2023,2024-06-27,7,2024-07-04,9200.0,161
BICC,2023,2024-06-27,8,2024-07-05,9200.0,1084
BICC,2023,2024-06-27,9,2024-07-06,,
BICC,2023,2024-06-27,10,2024-07-07,,
BICC,2023,2024-06-27,11,2024-07-08,9200.0,166
BICC,2023,2024-06-27,12,2024-07-09,9200.0,197
BICC,2023,2024-06-27,13,2024-07-10,9200.0,172
BICC,2023,2024-06-27,14,2024-07-11,9885.0,48
BICC,2023,2024-06-27,15,2024-07-12,9800.0,226
BICC,2023,2024-06-27,16,2024-07-13,,
BICC,2023,2024-06-27,17,2024-07-14,,
BICC,2023,2024-06-27,18,2024-07-15,9800.0,30
BICC,2023,2024-06-27,19,2024-07-16,9800.0,1755
BICC,2023,2024-06-27,20,2024-07-17,9185.0,500
BICC,2023,2024-06-27,21,2024-07-18,9695.0,32
BICC,2023,2024-06-27,22,2024-07-19,9500.0,68
BICC,2023,2024-06-27,23,2024-07-20,,
BICC,2023,2024-06-27,24,2024-07-21,,
BICC,2023,2024-06-27,25,2024-07-22,9870.0,13
BICC,2023,2024-06-27,26,2024-07-23,9800.0,3011
BICC,2023,2024-06-27,27,2024-07-24,9800.0,6
BICC,2023,2024-06-27,28,2024-07-25,9700.0,151
BICC,2023,2024-06-27,29,2024-07-26,9800.0,2225
BICC,2023,2024-06-27,30,2024-07-27,,
BICC,2023,2024-06-27,31,2024-07-28,,
BICC,2023,2024-06-27,32,2024-07-29,9790.0,50
BICC,2023,2024-06-27,33,2024-07-30,9740.0,281
BICC,2023,2024-06-27,34,2024-07-31,9740.0,2077
BICC,2023,2024-06-27,35,2024-08-01,9740.0,67
BICC,2023,2024-06-27,36,2024-08-02,9740.0,1397
BICC,2023,2024-06-27,37,2024-08-03,,
BICC,2023,2024-06-27,38,2024-08-04,,
BICC,2023,2024-06-27,39,2024-08-05,9800.0,415
BICC,2023,2024-06-27,40,2024-08-06,9800.0,6
BICC,2023,2024-06-27,41,2024-08-07,,
BICC,2023,2024-06-27,42,2024-08-08,9800.0,122
BICC,2023,2024-06-27,43,2024-08-09,9800.0,2587
BICC,2023,2024-06-27,44,2024-08-10,,
BICC,2023,2024-06-27,45,2024-08-11,,
BICC,2023,2024-06-27,46,2024-08-12,9700.0,350
BICC,2023,2024-06-27,47,2024-08-13,9850.0,2377
BICC,2023,2024-06-27,48,2024-08-14,9850.0,10
BICC,2023,2024-06-27,49,2024-08-15,,
BICC,2023,2024-06-27,50,2024-08-16,9850.0,184
BICC,2023,2024-06-27,51,2024-08-17,,
BICC,2023,2024-06-27,52,2024-08-18,,
BICC,2023,2024-06-27,53,2024-08-19,9750.0,220
BICC,2023,2024-06-27,54,2024-08-20,9850.0,1336
BICC,2023,2024-06-27,55,2024-08-21,9995.0,28
BICC,2023,2024-06-27,56,2024-08-22,9755.0,3109
BICC,2023,2024-06-27,57,2024-08-23,9755.0,0
BICC,2023,2024-06-27,58,2024-08-24,,
BICC,2023,2024-06-27,59,2024-08-25,,
BICC,2023,2024-06-27,60,2024-08-26,10000.0,41
BICC,2024,2025-05-23,-60,2025-03-24,16200.0,2374
BICC,2024,2025-05-23,-59,2025-03-25,16000.0,271
BICC,2024,2025-05-23,-58,2025-03-26,16000.0,10
BICC,2024,2025-05-23,-57,2025-03-27,,
BICC,2024,2025-05-23,-56,2025-03-28,15990.0,145
BICC,2024,2025-05-23,-55,2025-03-29,,
BICC,2024,2025-05-23,-54,2025-03-30,,
BICC,2024,2025-05-23,-53,2025-03-31,,
BICC,2024,2025-05-23,-52,2025-04-01,15900.0,175
BICC,2024,2025-05-23,-51,2025-04-02,15700.0,344
BICC,2024,2025-05-23,-50,2025-04-03,15800.0,55
BICC,2024,2025-05-23,-49,2025-04-04,15700.0,122
BICC,2024,2025-05-23,-48,2025-04-05,,
BICC,2024,2025-05-23,-47,2025-04-06,,
BICC,2024,2025-05-23,-46,2025-04-07,15700.0,113
BICC,2024,2025-05-23,-45,2025-04-08,15800.0,296
BICC,2024,2025-05-23,-44,2025-04-09,15900.0,64
BICC,2024,2025-05-23,-43,2025-04-10,15900.0,24
BICC,2024,2025-05-23,-42,2025-04-11,14915.0,1149
BICC,2024,2025-05-23,-41,2025-04-12,,
BICC,2024,2025-05-23,-40,2025-04-13,,
BICC,2024,2025-05-23,-39,2025-04-14,15500.0,2068
BICC,2024,2025-05-23,-38,2025-04-15,15500.0,435
BICC,2024,2025-05-23,-37,2025-04-16,15500.0,71
BICC,2024,2025-05-23,-36,2025-04-17,15500.0,65
BICC,2024,2025-05-23,-35,2025-04-18,15500.0,0
BICC,2024,2025-05-23,-34,2025-04-19,,
BICC,2024,2025-05-23,-33,2025-04-20,,
BICC,2024,2025-05-23,-32,2025-04-21,,
BICC,2024,2025-05-23,-31,2025-04-22,15450.0,33
BICC,2024,2025-05-23,-30,2025-04-23,15440.0,86
BICC,2024,2025-05-23,-29,2025-04-24,15450.0,96
BICC,2024,2025-05-23,-28,2025-04-25,15440.0,300
BICC,2024,2025-05-23,-27,2025-04-26,,
BICC,2024,2025-05-23,-26,2025-04-27,,
BICC,2024,2025-05-23,-25,2025-04-28,15435.0,8
BICC,2024,2025-05-23,-24,2025-04-29,15500.0,556
BICC,2024,2025-05-23,-23,2025-04-30,15400.0,29
BICC,2024,2025-05-23,-22,2025-05-01,,
BICC,2024,2025-05-23,-21,2025-05-02,15400.0,114
BICC,2024,2025-05-23,-20,2025-05-03,,
BICC,2024,2025-05-23,-19,2025-05-04,,
BICC,2024,2025-05-23,-18,2025-05-05,15400.0,106
BICC,2024,2025-05-23,-17,2025-05-06,15400.0,51
BICC,2024,2025-05-23,-16,2025-05-07,15900.0,20
BICC,2024,2025-05-23,-15,2025-05-08,15850.0,541
BICC,2024,2025-05-23,-14,2025-05-09,15945.0,122
BICC,2024,2025-05-23,-13,2025-05-10,,
BICC,2024,2025-05-23,-12,2025-05-11,,
BICC,2024,2025-05-23,-11,2025-05-12,15945.0,0
BICC,2024,2025-05-23,-10,2025-05-13,15900.0,180
BICC,2024,2025-05-23,-9,2025-05-14,14755.0,109
BICC,2024,2025-05-23,-8,2025-05-15,15850.0,15
BICC,2024,2025-05-23,-7,2025-05-16,15500.0,39
BICC,2024,2025-05-23,-6,2025-05-17,,
BICC,2024,2025-05-23,-5,2025-05-18,,
BICC,2024,2025-05-23,-4,2025-05-19,15500.0,234
BICC,2024,2025-05-23,-3,2025-05-20,15500.0,43
BICC,2024,2025-05-23,-2,2025-05-21,15770.0,148
BICC,2024,2025-05-23,-1,2025-05-22,16950.0,198
BICC,2024,2025-05-23,0,2025-05-23,17500.0,509
BICC,2024,2025-05-23,1,2025-05-24,,
BICC,2024,2025-05-23,2,2025-05-25,,
BICC,2024,2025-05-23,3,2025-05-26,17000.0,826
BICC,2024,2025-05-23,4,2025-05-27,17000.0,307
BICC,2024,2025-05-23,5,2025-05-28,17000.0,90
BICC,2024,2025-05-23,6,2025-05-29,,
BICC,2024,2025-05-23,7,2025-05-30,17000.0,706
BICC,2024,2025-05-23,8,2025-05-31,,
BICC,2024,2025-05-23,9,2025-06-01,,
BICC,2024,2025-05-23,10,2025-06-02,16050.0,59
BICC,2024,2025-05-23,11,2025-06-03,16000.0,293
BICC,2024,2025-05-23,12,2025-06-04,16900.0,126
BICC,2024,2025-05-23,13,2025-06-05,16895.0,211
BICC,2024,2025-05-23,14,2025-06-06,,
BICC,2024,2025-05-23,15,2025-06-07,,
BICC,2024,2025-05-23,16,2025-06-08,,
BICC,2024,2025-05-23,17,2025-06-09,,
BICC,2024,2025-05-23,18,2025-06-10,17000.0,528
BICC,2024,2025-05-23,19,2025-06-11,17000.0,52
BICC,2024,2025-05-23,20,2025-06-12,17000.0,1520
BICC,2024,2025-05-23,21,2025-06-13,16100.0,920
BICC,2024,2025-05-23,22,2025-06-14,,
BICC,2024,2025-05-23,23,2025-06-15,,
BICC,2024,2025-05-23,24,2025-06-16,16900.0,384
BICC,2024,2025-05-23,25,2025-06-17,16900.0,53
BICC,2024,2025-05-23,26,2025-06-18,16600.0,250
BICC,2024,2025-05-23,27,2025-06-19,16990.0,17
BICC,2024,2025-05-23,28,2025-06-20,16990.0,14
BICC,2024,2025-05-23,29,2025-06-21,,
BICC,2024,2025-05-23,30,2025-06-22,,
BICC,2024,2025-05-23,31,2025-06-23,16950.0,145
BICC,2024,2025-05-23,32,2025-06-24,16500.0,1561
BICC,2024,2025-05-23,33,2025-06-25,16850.0,420
BICC,2024,2025-05-23,34,2025-06-26,16750.0,15
BICC,2024,2025-05-23,35,2025-06-27,16700.0,47
BICC,2024,2025-05-23,36,2025-06-28,,
BICC,2024,2025-05-23,37,2025-06-29,,
BICC,2024,2025-05-23,38,2025-06-30,16700.0,125
BICC,2024,2025-05-23,39,2025-07-01,16580.0,101
BICC,2024,2025-05-23,40,2025-07-02,16700.0,310
BICC,2024,2025-05-23,41,2025-07-03,16700.0,64
BICC,2024,2025-05-23,42,2025-07-04,16265.0,4122
BICC,2024,2025-05-23,43,2025-07-05,,
BICC,2024,2025-05-23,44,2025-07-06,,
BICC,2024,2025-05-23,45,2025-07-07,16500.0,110
BICC,2024,2025-05-23,46,2025-07-08,16500.0,24
BICC,2024,2025-05-23,47,2025-07-09,16700.0,710
BICC,2024,2025-05-23,48,2025-07-10,16275.0,210
BICC,2024,2025-05-23,49,2025-07-11,16500.0,1747
BICC,2024,2025-05-23,50,2025-07-12,,
BICC,2024,2025-05-23,51,2025-07-13,,
BICC,2024,2025-05-23,52,2025-07-14,16500.0,164
BICC,2024,2025-05-23,53,2025-07-15,16500.0,39
BICC,2024,2025-05-23,54,2025-07-16,17440.0,47
BICC,2024,2025-05-23,55,2025-07-17,16850.0,12
BICC,2024,2025-05-23,56,2025-07-18,16845.0,1
BICC,2024,2025-05-23,57,2025-07-19,,
BICC,2024,2025-05-23,58,2025-07-20,,
BICC,2024,2025-05-23,59,2025-07-21,16845.0,582
BICC,2024,2025-05-23,60,2025-07-22,16700.0,86
BICC,2025,2026-07-06,-60,2026-05-07,24995.0,445
BICC,2025,2026-07-06,-59,2026-05-08,25200.0,383
BICC,2025,2026-07-06,-58,2026-05-09,26000.0,1041
BICC,2025,2026-07-06,-57,2026-05-10,26000.0,1041
BICC,2025,2026-07-06,-56,2026-05-11,26000.0,1041
BICC,2025,2026-07-06,-55,2026-05-12,26200.0,562
BICC,2025,2026-07-06,-54,2026-05-13,26300.0,561
BICC,2025,2026-07-06,-53,2026-05-14,26400.0,1209
BICC,2025,2026-07-06,-52,2026-05-15,26400.0,1209
BICC,2025,2026-07-06,-51,2026-05-16,26450.0,922
BICC,2025,2026-07-06,-50,2026-05-17,26450.0,922
BICC,2025,2026-07-06,-49,2026-05-18,26450.0,0
BICC,2025,2026-07-06,-48,2026-05-19,26450.0,953
BICC,2025,2026-07-06,-47,2026-05-20,27000.0,197
BICC,2025,2026-07-06,-46,2026-05-21,27000.0,241
BICC,2025,2026-07-06,-45,2026-05-22,27000.0,291
BICC,2025,2026-07-06,-44,2026-05-23,27000.0,594
BICC,2025,2026-07-06,-43,2026-05-24,27000.0,594
BICC,2025,2026-07-06,-42,2026-05-25,27000.0,594
BICC,2025,2026-07-06,-41,2026-05-26,27500.0,117
BICC,2025,2026-07-06,-40,2026-05-27,27500.0,117
BICC,2025,2026-07-06,-39,2026-05-28,27500.0,0
BICC,2025,2026-07-06,-38,2026-05-29,27895.0,0
BICC,2025,2026-07-06,-37,2026-05-30,28250.0,288
BICC,2025,2026-07-06,-36,2026-05-31,28250.0,288
BICC,2025,2026-07-06,-35,2026-06-01,29000.0,416
BICC,2025,2026-07-06,-34,2026-06-02,28300.0,0
BICC,2025,2026-07-06,-33,2026-06-03,,
BICC,2025,2026-07-06,-32,2026-06-04,28970.0,626
BICC,2025,2026-07-06,-31,2026-06-05,28970.0,626
BICC,2025,2026-07-06,-30,2026-06-06,28970.0,717
BICC,2025,2026-07-06,-29,2026-06-07,28970.0,717
BICC,2025,2026-07-06,-28,2026-06-08,28960.0,49
BICC,2025,2026-07-06,-27,2026-06-09,28965.0,448
BICC,2025,2026-07-06,-26,2026-06-10,28900.0,0
BICC,2025,2026-07-06,-25,2026-06-11,28500.0,0
BICC,2025,2026-07-06,-24,2026-06-12,28450.0,0
BICC,2025,2026-07-06,-23,2026-06-13,28495.0,170
BICC,2025,2026-07-06,-22,2026-06-14,28495.0,170
BICC,2025,2026-07-06,-21,2026-06-15,28450.0,97
BICC,2025,2026-07-06,-20,2026-06-16,28400.0,269
BICC,2025,2026-07-06,-19,2026-06-17,27800.0,75
BICC,2025,2026-07-06,-18,2026-06-18,28250.0,46
BICC,2025,2026-07-06,-17,2026-06-19,28400.0,103
BICC,2025,2026-07-06,-16,2026-06-20,28420.0,386
BICC,2025,2026-07-06,-15,2026-06-21,28420.0,386
BICC,2025,2026-07-06,-14,2026-06-22,28450.0,113
BICC,2025,2026-07-06,-13,2026-06-23,28500.0,309
BICC,2025,2026-07-06,-12,2026-06-24,28460.0,356
BICC,2025,2026-07-06,-11,2026-06-25,27760.0,833
BICC,2025,2026-07-06,-10,2026-06-26,28900.0,456
BICC,2025,2026-07-06,-9,2026-06-27,29000.0,368
BICC,2025,2026-07-06,-8,2026-06-28,29000.0,368
BICC,2025,2026-07-06,-7,2026-06-29,28900.0,121
BICC,2025,2026-07-06,-6,2026-06-30,29000.0,1529
BICC,2025,2026-07-06,-5,2026-07-01,29000.0,344
BICC,2025,2026-07-06,-4,2026-07-02,29490.0,363
BICC,2025,2026-07-06,-3,2026-07-03,29250.0,1255
BICC,2025,2026-07-06,-2,2026-07-04,29380.0,312
BICC,2025,2026-07-06,-1,2026-07-05,29380.0,312
BICC,2025,2026-07-06,0,2026-07-06,29380.0,0
BICC,2025,2026-07-06,1,2026-07-07,28110.0,0
BICC,2025,2026-07-06,2,2026-07-08,28200.0,374
BICC,2025,2026-07-06,3,2026-07-09,28350.0,255
BICC,2025,2026-07-06,4,2026-07-10,28350.0,255
BICC,2025,2026-07-06,5,2026-07-11,28800.0,960
BICC,2025,2026-07-06,6,2026-07-12,28800.0,960
BICC,2025,2026-07-06,7,2026-07-13,28800.0,960
BICC,2025,2026-07-06,8,2026-07-14,28650.0,112
BICC,2025,2026-07-06,9,2026-07-15,28600.0,996
BICC,2025,2026-07-06,10,2026-07-16,27800.0,645
BICC,2025,2026-07-06,11,2026-07-17,27705.0,629
BICC,2025,2026-07-06,12,2026-07-18,28100.0,1162
BICC,2025,2026-07-06,13,2026-07-19,,
BICC,2025,2026-07-06,14,2026-07-20,,
BICC,2025,2026-07-06,15,2026-07-21,,
BICC,2025,2026-07-06,16,2026-07-22,,
BICC,2025,2026-07-06,17,2026-07-23,,
BICC,2025,2026-07-06,18,2026-07-24,,
BICC,2025,2026-07-06,19,2026-07-25,,
BICC,2025,2026-07-06,20,2026-07-26,,
BICC,2025,2026-07-06,21,2026-07-27,,
BICC,2025,2026-07-06,22,2026-07-28,,
BICC,2025,2026-07-06,23,2026-07-29,,
BICC,2025,2026-07-06,24,2026-07-30,,
BICC,2025,2026-07-06,25,2026-07-31,,
BICC,2025,2026-07-06,26,2026-08-01,,
BICC,2025,2026-07-06,27,2026-08-02,,
BICC,2025,2026-07-06,28,2026-08-03,,
BICC,2025,2026-07-06,29,2026-08-04,,
BICC,2025,2026-07-06,30,2026-08-05,,
BICC,2025,2026-07-06,31,2026-08-06,,
BICC,2025,2026-07-06,32,2026-08-07,,
BICC,2025,2026-07-06,33,2026-08-08,,
BICC,2025,2026-07-06,34,2026-08-09,,
BICC,2025,2026-07-06,35,2026-08-10,,
BICC,2025,2026-07-06,36,2026-08-11,,
BICC,2025,2026-07-06,37,2026-08-12,,
BICC,2025,2026-07-06,38,2026-08-13,,
BICC,2025,2026-07-06,39,2026-08-14,,
BICC,2025,2026-07-06,40,2026-08-15,,
BICC,2025,2026-07-06,41,2026-08-16,,
BICC,2025,2026-07-06,42,2026-08-17,,
BICC,2025,2026-07-06,43,2026-08-18,,
BICC,2025,2026-07-06,44,2026-08-19,,
BICC,2025,2026-07-06,45,2026-08-20,,
BICC,2025,2026-07-06,46,2026-08-21,,
BICC,2025,2026-07-06,47,2026-08-22,,
BICC,2025,2026-07-06,48,2026-08-23,,
BICC,2025,2026-07-06,49,2026-08-24,,
BICC,2025,2026-07-06,50,2026-08-25,,
BICC,2025,2026-07-06,51,2026-08-26,,
BICC,2025,2026-07-06,52,2026-08-27,,
BICC,2025,2026-07-06,53,2026-08-28,,
BICC,2025,2026-07-06,54,2026-08-29,,
BICC,2025,2026-07-06,55,2026-08-30,,
BICC,2025,2026-07-06,56,2026-08-31,,
BICC,2025,2026-07-06,57,2026-09-01,,
BICC,2025,2026-07-06,58,2026-09-02,,
BICC,2025,2026-07-06,59,2026-09-03,,
BICC,2025,2026-07-06,60,2026-09-04,,
BNBC,2022,2023-07-24,-60,2023-05-25,1950.0,2
BNBC,2022,2023-07-24,-59,2023-05-26,1950.0,0
BNBC,2022,2023-07-24,-58,2023-05-27,,
BNBC,2022,2023-07-24,-57,2023-05-28,,
BNBC,2022,2023-07-24,-56,2023-05-29,,
BNBC,2022,2023-07-24,-55,2023-05-30,1940.0,51
BNBC,2022,2023-07-24,-54,2023-05-31,1940.0,30
BNBC,2022,2023-07-24,-53,2023-06-01,1940.0,0
BNBC,2022,2023-07-24,-52,2023-06-02,1940.0,0
BNBC,2022,2023-07-24,-51,2023-06-03,,
BNBC,2022,2023-07-24,-50,2023-06-04,,
BNBC,2022,2023-07-24,-49,2023-06-05,1805.0,225
BNBC,2022,2023-07-24,-48,2023-06-06,1810.0,44
BNBC,2022,2023-07-24,-47,2023-06-07,1800.0,477
BNBC,2022,2023-07-24,-46,2023-06-08,1800.0,2738
BNBC,2022,2023-07-24,-45,2023-06-09,1800.0,264
BNBC,2022,2023-07-24,-44,2023-06-10,,
BNBC,2022,2023-07-24,-43,2023-06-11,,
BNBC,2022,2023-07-24,-42,2023-06-12,1815.0,1071
BNBC,2022,2023-07-24,-41,2023-06-13,1815.0,700
BNBC,2022,2023-07-24,-40,2023-06-14,1900.0,2030
BNBC,2022,2023-07-24,-39,2023-06-15,1950.0,352
BNBC,2022,2023-07-24,-38,2023-06-16,1950.0,204
BNBC,2022,2023-07-24,-37,2023-06-17,,
BNBC,2022,2023-07-24,-36,2023-06-18,,
BNBC,2022,2023-07-24,-35,2023-06-19,1955.0,70
BNBC,2022,2023-07-24,-34,2023-06-20,1955.0,20
BNBC,2022,2023-07-24,-33,2023-06-21,2045.0,312
BNBC,2022,2023-07-24,-32,2023-06-22,2000.0,60
BNBC,2022,2023-07-24,-31,2023-06-23,2000.0,2
BNBC,2022,2023-07-24,-30,2023-06-24,,
BNBC,2022,2023-07-24,-29,2023-06-25,,
BNBC,2022,2023-07-24,-28,2023-06-26,1990.0,240
BNBC,2022,2023-07-24,-27,2023-06-27,1990.0,25
BNBC,2022,2023-07-24,-26,2023-06-28,,
BNBC,2022,2023-07-24,-25,2023-06-29,1990.0,75
BNBC,2022,2023-07-24,-24,2023-06-30,1990.0,0
BNBC,2022,2023-07-24,-23,2023-07-01,,
BNBC,2022,2023-07-24,-22,2023-07-02,,
BNBC,2022,2023-07-24,-21,2023-07-03,2095.0,3821
BNBC,2022,2023-07-24,-20,2023-07-04,2130.0,667
BNBC,2022,2023-07-24,-19,2023-07-05,2130.0,284
BNBC,2022,2023-07-24,-18,2023-07-06,2125.0,113
BNBC,2022,2023-07-24,-17,2023-07-07,2125.0,0
BNBC,2022,2023-07-24,-16,2023-07-08,,
BNBC,2022,2023-07-24,-15,2023-07-09,,
BNBC,2022,2023-07-24,-14,2023-07-10,2125.0,0
BNBC,2022,2023-07-24,-13,2023-07-11,2120.0,102
BNBC,2022,2023-07-24,-12,2023-07-12,2120.0,0
BNBC,2022,2023-07-24,-11,2023-07-13,2100.0,87
BNBC,2022,2023-07-24,-10,2023-07-14,2095.0,2060
BNBC,2022,2023-07-24,-9,2023-07-15,,
BNBC,2022,2023-07-24,-8,2023-07-16,,
BNBC,2022,2023-07-24,-7,2023-07-17,2095.0,137
BNBC,2022,2023-07-24,-6,2023-07-18,2095.0,1210
BNBC,2022,2023-07-24,-5,2023-07-19,2190.0,15
BNBC,2022,2023-07-24,-4,2023-07-20,2190.0,3
BNBC,2022,2023-07-24,-3,2023-07-21,2095.0,23
BNBC,2022,2023-07-24,-2,2023-07-22,,
BNBC,2022,2023-07-24,-1,2023-07-23,,
BNBC,2022,2023-07-24,0,2023-07-24,2080.0,189
BNBC,2022,2023-07-24,1,2023-07-25,2080.0,445
BNBC,2022,2023-07-24,2,2023-07-26,2065.0,40
BNBC,2022,2023-07-24,3,2023-07-27,2090.0,73
BNBC,2022,2023-07-24,4,2023-07-28,2160.0,674
BNBC,2022,2023-07-24,5,2023-07-29,,
BNBC,2022,2023-07-24,6,2023-07-30,,
BNBC,2022,2023-07-24,7,2023-07-31,2150.0,111
BNBC,2022,2023-07-24,8,2023-08-01,2190.0,962
BNBC,2022,2023-07-24,9,2023-08-02,2190.0,2745
BNBC,2022,2023-07-24,10,2023-08-03,2100.0,600
BNBC,2022,2023-07-24,11,2023-08-04,2080.0,11785
BNBC,2022,2023-07-24,12,2023-08-05,,
BNBC,2022,2023-07-24,13,2023-08-06,,
BNBC,2022,2023-07-24,14,2023-08-07,,
BNBC,2022,2023-07-24,15,2023-08-08,2080.0,0
BNBC,2022,2023-07-24,16,2023-08-09,2000.0,15
BNBC,2022,2023-07-24,17,2023-08-10,2000.0,0
BNBC,2022,2023-07-24,18,2023-08-11,1850.0,74
BNBC,2022,2023-07-24,19,2023-08-12,,
BNBC,2022,2023-07-24,20,2023-08-13,,
BNBC,2022,2023-07-24,21,2023-08-14,1750.0,247
BNBC,2022,2023-07-24,22,2023-08-15,,
BNBC,2022,2023-07-24,23,2023-08-16,1750.0,972
BNBC,2022,2023-07-24,24,2023-08-17,1840.0,1819
BNBC,2022,2023-07-24,25,2023-08-18,1920.0,2
BNBC,2022,2023-07-24,26,2023-08-19,,
BNBC,2022,2023-07-24,27,2023-08-20,,
BNBC,2022,2023-07-24,28,2023-08-21,1910.0,38
BNBC,2022,2023-07-24,29,2023-08-22,1900.0,2005
BNBC,2022,2023-07-24,30,2023-08-23,1900.0,2
BNBC,2022,2023-07-24,31,2023-08-24,1900.0,10
BNBC,2022,2023-07-24,32,2023-08-25,1895.0,24
BNBC,2022,2023-07-24,33,2023-08-26,,
BNBC,2022,2023-07-24,34,2023-08-27,,
BNBC,2022,2023-07-24,35,2023-08-28,1900.0,96
BNBC,2022,2023-07-24,36,2023-08-29,1950.0,163
BNBC,2022,2023-07-24,37,2023-08-30,1950.0,196
BNBC,2022,2023-07-24,38,2023-08-31,1920.0,147
BNBC,2022,2023-07-24,39,2023-09-01,1860.0,676
BNBC,2022,2023-07-24,40,2023-09-02,,
BNBC,2022,2023-07-24,41,2023-09-03,,
BNBC,2022,2023-07-24,42,2023-09-04,1900.0,301
BNBC,2022,2023-07-24,43,2023-09-05,1930.0,4
BNBC,2022,2023-07-24,44,2023-09-06,1850.0,30
BNBC,2022,2023-07-24,45,2023-09-07,1780.0,488
BNBC,2022,2023-07-24,46,2023-09-08,1910.0,2
BNBC,2022,2023-07-24,47,2023-09-09,,
BNBC,2022,2023-07-24,48,2023-09-10,,
BNBC,2022,2023-07-24,49,2023-09-11,1910.0,39
BNBC,2022,2023-07-24,50,2023-09-12,1910.0,0
BNBC,2022,2023-07-24,51,2023-09-13,1900.0,2
BNBC,2022,2023-07-24,52,2023-09-14,1910.0,942
BNBC,2022,2023-07-24,53,2023-09-15,1950.0,372
BNBC,2022,2023-07-24,54,2023-09-16,,
BNBC,2022,2023-07-24,55,2023-09-17,,
BNBC,2022,2023-07-24,56,2023-09-18,1950.0,0
BNBC,2022,2023-07-24,57,2023-09-19,1950.0,0
BNBC,2022,2023-07-24,58,2023-09-20,1910.0,164
BNBC,2022,2023-07-24,59,2023-09-21,1905.0,50
BNBC,2022,2023-07-24,60,2023-09-22,1910.0,95
BOAB,2021,2022-05-25,-60,2022-03-26,,
BOAB,2021,2022-05-25,-59,2022-03-27,,
BOAB,2021,2022-05-25,-58,2022-03-28,3325.0,249
BOAB,2021,2022-05-25,-57,2022-03-29,3350.0,444
BOAB,2021,2022-05-25,-56,2022-03-30,3367.5,2823
BOAB,2021,2022-05-25,-55,2022-03-31,3307.5,3521
BOAB,2021,2022-05-25,-54,2022-04-01,3307.5,186
BOAB,2021,2022-05-25,-53,2022-04-02,,
BOAB,2021,2022-05-25,-52,2022-04-03,,
BOAB,2021,2022-05-25,-51,2022-04-04,3350.0,231
BOAB,2021,2022-05-25,-50,2022-04-05,3315.0,420
BOAB,2021,2022-05-25,-49,2022-04-06,3347.5,309
BOAB,2021,2022-05-25,-48,2022-04-07,3307.5,935
BOAB,2021,2022-05-25,-47,2022-04-08,3305.0,312
BOAB,2021,2022-05-25,-46,2022-04-09,,
BOAB,2021,2022-05-25,-45,2022-04-10,,
BOAB,2021,2022-05-25,-44,2022-04-11,3310.0,488
BOAB,2021,2022-05-25,-43,2022-04-12,3310.0,436
BOAB,2021,2022-05-25,-42,2022-04-13,3305.0,396
BOAB,2021,2022-05-25,-41,2022-04-14,3300.0,4560
BOAB,2021,2022-05-25,-40,2022-04-15,3300.0,2280
BOAB,2021,2022-05-25,-39,2022-04-16,,
BOAB,2021,2022-05-25,-38,2022-04-17,,
BOAB,2021,2022-05-25,-37,2022-04-18,,
BOAB,2021,2022-05-25,-36,2022-04-19,3300.0,569
BOAB,2021,2022-05-25,-35,2022-04-20,3295.0,809
BOAB,2021,2022-05-25,-34,2022-04-21,3290.0,79
BOAB,2021,2022-05-25,-33,2022-04-22,3290.0,2049
BOAB,2021,2022-05-25,-32,2022-04-23,,
BOAB,2021,2022-05-25,-31,2022-04-24,,
BOAB,2021,2022-05-25,-30,2022-04-25,3250.0,314
BOAB,2021,2022-05-25,-29,2022-04-26,3235.0,16
BOAB,2021,2022-05-25,-28,2022-04-27,3237.5,2791
BOAB,2021,2022-05-25,-27,2022-04-28,,
BOAB,2021,2022-05-25,-26,2022-04-29,3200.0,533
BOAB,2021,2022-05-25,-25,2022-04-30,,
BOAB,2021,2022-05-25,-24,2022-05-01,,
BOAB,2021,2022-05-25,-23,2022-05-02,,
BOAB,2021,2022-05-25,-22,2022-05-03,3200.0,620
BOAB,2021,2022-05-25,-21,2022-05-04,3197.5,181
BOAB,2021,2022-05-25,-20,2022-05-05,3150.0,2793
BOAB,2021,2022-05-25,-19,2022-05-06,3200.0,1643
BOAB,2021,2022-05-25,-18,2022-05-07,,
BOAB,2021,2022-05-25,-17,2022-05-08,,
BOAB,2021,2022-05-25,-16,2022-05-09,3197.5,404
BOAB,2021,2022-05-25,-15,2022-05-10,3180.0,522
BOAB,2021,2022-05-25,-14,2022-05-11,3225.0,4227
BOAB,2021,2022-05-25,-13,2022-05-12,3225.0,2061
BOAB,2021,2022-05-25,-12,2022-05-13,3250.0,330
BOAB,2021,2022-05-25,-11,2022-05-14,,
BOAB,2021,2022-05-25,-10,2022-05-15,,
BOAB,2021,2022-05-25,-9,2022-05-16,3250.0,3475
BOAB,2021,2022-05-25,-8,2022-05-17,3202.5,3237
BOAB,2021,2022-05-25,-7,2022-05-18,3225.0,5319
BOAB,2021,2022-05-25,-6,2022-05-19,3250.0,1047
BOAB,2021,2022-05-25,-5,2022-05-20,3300.0,6051
BOAB,2021,2022-05-25,-4,2022-05-21,,
BOAB,2021,2022-05-25,-3,2022-05-22,,
BOAB,2021,2022-05-25,-2,2022-05-23,3190.0,369
BOAB,2021,2022-05-25,-1,2022-05-24,3000.0,538
BOAB,2021,2022-05-25,0,2022-05-25,2950.0,26
BOAB,2021,2022-05-25,1,2022-05-26,,
BOAB,2021,2022-05-25,2,2022-05-27,2850.0,1165
BOAB,2021,2022-05-25,3,2022-05-28,,
BOAB,2021,2022-05-25,4,2022-05-29,,
BOAB,2021,2022-05-25,5,2022-05-30,2900.0,3812
BOAB,2021,2022-05-25,6,2022-05-31,2997.5,412
BOAB,2021,2022-05-25,7,2022-06-01,2900.0,385
BOAB,2021,2022-05-25,8,2022-06-02,2997.5,14699
BOAB,2021,2022-05-25,9,2022-06-03,2990.0,181
BOAB,2021,2022-05-25,10,2022-06-04,,
BOAB,2021,2022-05-25,11,2022-06-05,,
BOAB,2021,2022-05-25,12,2022-06-06,,
BOAB,2021,2022-05-25,13,2022-06-07,2985.0,44
BOAB,2021,2022-05-25,14,2022-06-08,3045.0,1022
BOAB,2021,2022-05-25,15,2022-06-09,3050.0,1758
BOAB,2021,2022-05-25,16,2022-06-10,3000.0,10173
BOAB,2021,2022-05-25,17,2022-06-11,,
BOAB,2021,2022-05-25,18,2022-06-12,,
BOAB,2021,2022-05-25,19,2022-06-13,3000.0,171
BOAB,2021,2022-05-25,20,2022-06-14,3000.0,82
BOAB,2021,2022-05-25,21,2022-06-15,3000.0,3099
BOAB,2021,2022-05-25,22,2022-06-16,3050.0,658
BOAB,2021,2022-05-25,23,2022-06-17,3050.0,161
BOAB,2021,2022-05-25,24,2022-06-18,,
BOAB,2021,2022-05-25,25,2022-06-19,,
BOAB,2021,2022-05-25,26,2022-06-20,3050.0,569
BOAB,2021,2022-05-25,27,2022-06-21,3050.0,296
BOAB,2021,2022-05-25,28,2022-06-22,3050.0,61
BOAB,2021,2022-05-25,29,2022-06-23,3050.0,1632
BOAB,2021,2022-05-25,30,2022-06-24,3050.0,57
BOAB,2021,2022-05-25,31,2022-06-25,,
BOAB,2021,2022-05-25,32,2022-06-26,,
BOAB,2021,2022-05-25,33,2022-06-27,3050.0,1068
BOAB,2021,2022-05-25,34,2022-06-28,3050.0,150
BOAB,2021,2022-05-25,35,2022-06-29,3100.0,112
BOAB,2021,2022-05-25,36,2022-06-30,3050.0,1485
BOAB,2021,2022-05-25,37,2022-07-01,3100.0,2
BOAB,2021,2022-05-25,38,2022-07-02,,
BOAB,2021,2022-05-25,39,2022-07-03,,
BOAB,2021,2022-05-25,40,2022-07-04,3097.5,93
BOAB,2021,2022-05-25,41,2022-07-05,3100.0,1391
BOAB,2021,2022-05-25,42,2022-07-06,3100.0,2603
BOAB,2021,2022-05-25,43,2022-07-07,3100.0,195
BOAB,2021,2022-05-25,44,2022-07-08,3100.0,890
BOAB,2021,2022-05-25,45,2022-07-09,,
BOAB,2021,2022-05-25,46,2022-07-10,,
BOAB,2021,2022-05-25,47,2022-07-11,3097.5,228
BOAB,2021,2022-05-25,48,2022-07-12,3097.5,1241
BOAB,2021,2022-05-25,49,2022-07-13,3065.0,388
BOAB,2021,2022-05-25,50,2022-07-14,3067.5,176
BOAB,2021,2022-05-25,51,2022-07-15,3067.5,50
BOAB,2021,2022-05-25,52,2022-07-16,,
BOAB,2021,2022-05-25,53,2022-07-17,,
BOAB,2021,2022-05-25,54,2022-07-18,3067.5,81
BOAB,2021,2022-05-25,55,2022-07-19,3070.0,185
BOAB,2021,2022-05-25,56,2022-07-20,3050.0,1915
BOAB,2021,2022-05-25,57,2022-07-21,3050.0,162
BOAB,2021,2022-05-25,58,2022-07-22,3097.5,591
BOAB,2021,2022-05-25,59,2022-07-23,,
BOAB,2021,2022-05-25,60,2022-07-24,,
BOAB,2022,2023-05-25,-60,2023-03-26,,
BOAB,2022,2023-05-25,-59,2023-03-27,3125.0,221
BOAB,2022,2023-05-25,-58,2023-03-28,3125.0,665
BOAB,2022,2023-05-25,-57,2023-03-29,3125.0,558
BOAB,2022,2023-05-25,-56,2023-03-30,3100.0,1114
BOAB,2022,2023-05-25,-55,2023-03-31,3090.0,46
BOAB,2022,2023-05-25,-54,2023-04-01,,
BOAB,2022,2023-05-25,-53,2023-04-02,,
BOAB,2022,2023-05-25,-52,2023-04-03,3100.0,249
BOAB,2022,2023-05-25,-51,2023-04-04,3100.0,255
BOAB,2022,2023-05-25,-50,2023-04-05,3075.0,83
BOAB,2022,2023-05-25,-49,2023-04-06,3090.0,226
BOAB,2022,2023-05-25,-48,2023-04-07,3100.0,109
BOAB,2022,2023-05-25,-47,2023-04-08,,
BOAB,2022,2023-05-25,-46,2023-04-09,,
BOAB,2022,2023-05-25,-45,2023-04-10,,
BOAB,2022,2023-05-25,-44,2023-04-11,3097.5,493
BOAB,2022,2023-05-25,-43,2023-04-12,3097.5,269
BOAB,2022,2023-05-25,-42,2023-04-13,3100.0,93
BOAB,2022,2023-05-25,-41,2023-04-14,3097.5,438
BOAB,2022,2023-05-25,-40,2023-04-15,,
BOAB,2022,2023-05-25,-39,2023-04-16,,
BOAB,2022,2023-05-25,-38,2023-04-17,3097.5,149
BOAB,2022,2023-05-25,-37,2023-04-18,,
BOAB,2022,2023-05-25,-36,2023-04-19,3097.5,452
BOAB,2022,2023-05-25,-35,2023-04-20,3092.5,286
BOAB,2022,2023-05-25,-34,2023-04-21,,
BOAB,2022,2023-05-25,-33,2023-04-22,,
BOAB,2022,2023-05-25,-32,2023-04-23,,
BOAB,2022,2023-05-25,-31,2023-04-24,3097.5,640
BOAB,2022,2023-05-25,-30,2023-04-25,3125.0,4578
BOAB,2022,2023-05-25,-29,2023-04-26,3125.0,333
BOAB,2022,2023-05-25,-28,2023-04-27,3097.5,189
BOAB,2022,2023-05-25,-27,2023-04-28,3115.0,3325
BOAB,2022,2023-05-25,-26,2023-04-29,,
BOAB,2022,2023-05-25,-25,2023-04-30,,
BOAB,2022,2023-05-25,-24,2023-05-01,,
BOAB,2022,2023-05-25,-23,2023-05-02,3150.0,1853
BOAB,2022,2023-05-25,-22,2023-05-03,3100.0,444
BOAB,2022,2023-05-25,-21,2023-05-04,3100.0,1334
BOAB,2022,2023-05-25,-20,2023-05-05,3097.5,349
BOAB,2022,2023-05-25,-19,2023-05-06,,
BOAB,2022,2023-05-25,-18,2023-05-07,,
BOAB,2022,2023-05-25,-17,2023-05-08,3100.0,1196
BOAB,2022,2023-05-25,-16,2023-05-09,3100.0,1734
BOAB,2022,2023-05-25,-15,2023-05-10,3097.5,1500
BOAB,2022,2023-05-25,-14,2023-05-11,3100.0,558
BOAB,2022,2023-05-25,-13,2023-05-12,3100.0,2995
BOAB,2022,2023-05-25,-12,2023-05-13,,
BOAB,2022,2023-05-25,-11,2023-05-14,,
BOAB,2022,2023-05-25,-10,2023-05-15,3125.0,3330
BOAB,2022,2023-05-25,-9,2023-05-16,3125.0,4388
BOAB,2022,2023-05-25,-8,2023-05-17,3147.5,1741
BOAB,2022,2023-05-25,-7,2023-05-18,,
BOAB,2022,2023-05-25,-6,2023-05-19,3147.5,751
BOAB,2022,2023-05-25,-5,2023-05-20,,
BOAB,2022,2023-05-25,-4,2023-05-21,,
BOAB,2022,2023-05-25,-3,2023-05-22,3175.0,2471
BOAB,2022,2023-05-25,-2,2023-05-23,2907.5,2760
BOAB,2022,2023-05-25,-1,2023-05-24,2872.5,1392
BOAB,2022,2023-05-25,0,2023-05-25,2900.0,900
BOAB,2022,2023-05-25,1,2023-05-26,2875.0,786
BOAB,2022,2023-05-25,2,2023-05-27,,
BOAB,2022,2023-05-25,3,2023-05-28,,
BOAB,2022,2023-05-25,4,2023-05-29,,
BOAB,2022,2023-05-25,5,2023-05-30,2875.0,1224
BOAB,2022,2023-05-25,6,2023-05-31,2855.0,208
BOAB,2022,2023-05-25,7,2023-06-01,2850.0,1584
BOAB,2022,2023-05-25,8,2023-06-02,2875.0,1759
BOAB,2022,2023-05-25,9,2023-06-03,,
BOAB,2022,2023-05-25,10,2023-06-04,,
BOAB,2022,2023-05-25,11,2023-06-05,2845.0,692
BOAB,2022,2023-05-25,12,2023-06-06,2845.0,1472
BOAB,2022,2023-05-25,13,2023-06-07,2800.0,7928
BOAB,2022,2023-05-25,14,2023-06-08,2800.0,2051
BOAB,2022,2023-05-25,15,2023-06-09,2800.0,11466
BOAB,2022,2023-05-25,16,2023-06-10,,
BOAB,2022,2023-05-25,17,2023-06-11,,
BOAB,2022,2023-05-25,18,2023-06-12,2805.0,16009
BOAB,2022,2023-05-25,19,2023-06-13,2825.0,25481
BOAB,2022,2023-05-25,20,2023-06-14,2805.0,5243
BOAB,2022,2023-05-25,21,2023-06-15,2810.0,3844
BOAB,2022,2023-05-25,22,2023-06-16,2822.5,6906
BOAB,2022,2023-05-25,23,2023-06-17,,
BOAB,2022,2023-05-25,24,2023-06-18,,
BOAB,2022,2023-05-25,25,2023-06-19,2897.5,2386
BOAB,2022,2023-05-25,26,2023-06-20,2830.0,3744
BOAB,2022,2023-05-25,27,2023-06-21,2897.5,3304
BOAB,2022,2023-05-25,28,2023-06-22,2997.5,3039
BOAB,2022,2023-05-25,29,2023-06-23,2975.0,487
BOAB,2022,2023-05-25,30,2023-06-24,,
BOAB,2022,2023-05-25,31,2023-06-25,,
BOAB,2022,2023-05-25,32,2023-06-26,2897.5,3887
BOAB,2022,2023-05-25,33,2023-06-27,2970.0,834
BOAB,2022,2023-05-25,34,2023-06-28,,
BOAB,2022,2023-05-25,35,2023-06-29,2900.0,2396
BOAB,2022,2023-05-25,36,2023-06-30,2890.0,2171
BOAB,2022,2023-05-25,37,2023-07-01,,
BOAB,2022,2023-05-25,38,2023-07-02,,
BOAB,2022,2023-05-25,39,2023-07-03,2900.0,746
BOAB,2022,2023-05-25,40,2023-07-04,2890.0,1376
BOAB,2022,2023-05-25,41,2023-07-05,2925.0,1171
BOAB,2022,2023-05-25,42,2023-07-06,2925.0,487
BOAB,2022,2023-05-25,43,2023-07-07,2927.5,6953
BOAB,2022,2023-05-25,44,2023-07-08,,
BOAB,2022,2023-05-25,45,2023-07-09,,
BOAB,2022,2023-05-25,46,2023-07-10,2935.0,1483
BOAB,2022,2023-05-25,47,2023-07-11,2950.0,3513
BOAB,2022,2023-05-25,48,2023-07-12,2950.0,848
BOAB,2022,2023-05-25,49,2023-07-13,2972.5,8302
BOAB,2022,2023-05-25,50,2023-07-14,3000.0,1132
BOAB,2022,2023-05-25,51,2023-07-15,,
BOAB,2022,2023-05-25,52,2023-07-16,,
BOAB,2022,2023-05-25,53,2023-07-17,3002.5,334
BOAB,2022,2023-05-25,54,2023-07-18,3007.5,981
BOAB,2022,2023-05-25,55,2023-07-19,3050.0,325
BOAB,2022,2023-05-25,56,2023-07-20,3040.0,3981
BOAB,2022,2023-05-25,57,2023-07-21,3050.0,4257
BOAB,2022,2023-05-25,58,2023-07-22,,
BOAB,2022,2023-05-25,59,2023-07-23,,
BOAB,2022,2023-05-25,60,2023-07-24,3047.5,939
BOAB,2023,2024-05-27,-60,2024-03-28,3445.0,4675
BOAB,2023,2024-05-27,-59,2024-03-29,3470.0,2762
BOAB,2023,2024-05-27,-58,2024-03-30,,
BOAB,2023,2024-05-27,-57,2024-03-31,,
BOAB,2023,2024-05-27,-56,2024-04-01,,
BOAB,2023,2024-05-27,-55,2024-04-02,3450.0,1687
BOAB,2023,2024-05-27,-54,2024-04-03,3487.5,1991
BOAB,2023,2024-05-27,-53,2024-04-04,3495.0,1802
BOAB,2023,2024-05-27,-52,2024-04-05,3492.5,2615
BOAB,2023,2024-05-27,-51,2024-04-06,,
BOAB,2023,2024-05-27,-50,2024-04-07,,
BOAB,2023,2024-05-27,-49,2024-04-08,3490.0,2025
BOAB,2023,2024-05-27,-48,2024-04-09,3490.0,3843
BOAB,2023,2024-05-27,-47,2024-04-10,,
BOAB,2023,2024-05-27,-46,2024-04-11,3490.0,2819
BOAB,2023,2024-05-27,-45,2024-04-12,3490.0,1445
BOAB,2023,2024-05-27,-44,2024-04-13,,
BOAB,2023,2024-05-27,-43,2024-04-14,,
BOAB,2023,2024-05-27,-42,2024-04-15,3500.0,1965
BOAB,2023,2024-05-27,-41,2024-04-16,3550.0,2033
BOAB,2023,2024-05-27,-40,2024-04-17,3625.0,4273
BOAB,2023,2024-05-27,-39,2024-04-18,3620.0,1333
BOAB,2023,2024-05-27,-38,2024-04-19,3620.0,1319
BOAB,2023,2024-05-27,-37,2024-04-20,,
BOAB,2023,2024-05-27,-36,2024-04-21,,
BOAB,2023,2024-05-27,-35,2024-04-22,3600.0,1633
BOAB,2023,2024-05-27,-34,2024-04-23,3650.0,2003
BOAB,2023,2024-05-27,-33,2024-04-24,3672.5,5765
BOAB,2023,2024-05-27,-32,2024-04-25,3672.5,1333
BOAB,2023,2024-05-27,-31,2024-04-26,3670.0,1767
BOAB,2023,2024-05-27,-30,2024-04-27,,
BOAB,2023,2024-05-27,-29,2024-04-28,,
BOAB,2023,2024-05-27,-28,2024-04-29,3670.0,1660
BOAB,2023,2024-05-27,-27,2024-04-30,3650.0,968
BOAB,2023,2024-05-27,-26,2024-05-01,,
BOAB,2023,2024-05-27,-25,2024-05-02,3667.5,1832
BOAB,2023,2024-05-27,-24,2024-05-03,3655.0,1262
BOAB,2023,2024-05-27,-23,2024-05-04,,
BOAB,2023,2024-05-27,-22,2024-05-05,,
BOAB,2023,2024-05-27,-21,2024-05-06,3650.0,915
BOAB,2023,2024-05-27,-20,2024-05-07,3655.0,1277
BOAB,2023,2024-05-27,-19,2024-05-08,3655.0,765
BOAB,2023,2024-05-27,-18,2024-05-09,,
BOAB,2023,2024-05-27,-17,2024-05-10,3647.5,1653
BOAB,2023,2024-05-27,-16,2024-05-11,,
BOAB,2023,2024-05-27,-15,2024-05-12,,
BOAB,2023,2024-05-27,-14,2024-05-13,3650.0,5134
BOAB,2023,2024-05-27,-13,2024-05-14,3655.0,6134
BOAB,2023,2024-05-27,-12,2024-05-15,3657.5,2213
BOAB,2023,2024-05-27,-11,2024-05-16,3652.5,2292
BOAB,2023,2024-05-27,-10,2024-05-17,3670.0,3438
BOAB,2023,2024-05-27,-9,2024-05-18,,
BOAB,2023,2024-05-27,-8,2024-05-19,,
BOAB,2023,2024-05-27,-7,2024-05-20,,
BOAB,2023,2024-05-27,-6,2024-05-21,3652.5,7412
BOAB,2023,2024-05-27,-5,2024-05-22,3645.0,6433
BOAB,2023,2024-05-27,-4,2024-05-23,3497.5,4341
BOAB,2023,2024-05-27,-3,2024-05-24,3495.0,6276
BOAB,2023,2024-05-27,-2,2024-05-25,,
BOAB,2023,2024-05-27,-1,2024-05-26,,
BOAB,2023,2024-05-27,0,2024-05-27,3525.0,8759
BOAB,2023,2024-05-27,1,2024-05-28,3495.0,1507
BOAB,2023,2024-05-27,2,2024-05-29,3475.0,3244
BOAB,2023,2024-05-27,3,2024-05-30,3475.0,1351
BOAB,2023,2024-05-27,4,2024-05-31,3447.5,1313
BOAB,2023,2024-05-27,5,2024-06-01,,
BOAB,2023,2024-05-27,6,2024-06-02,,
BOAB,2023,2024-05-27,7,2024-06-03,3415.0,1349
BOAB,2023,2024-05-27,8,2024-06-04,3417.5,2257
BOAB,2023,2024-05-27,9,2024-06-05,3417.5,1052
BOAB,2023,2024-05-27,10,2024-06-06,3395.0,934
BOAB,2023,2024-05-27,11,2024-06-07,3375.0,968
BOAB,2023,2024-05-27,12,2024-06-08,,
BOAB,2023,2024-05-27,13,2024-06-09,,
BOAB,2023,2024-05-27,14,2024-06-10,3370.0,1270
BOAB,2023,2024-05-27,15,2024-06-11,3370.0,6486
BOAB,2023,2024-05-27,16,2024-06-12,3372.5,2421
BOAB,2023,2024-05-27,17,2024-06-13,3150.0,6178
BOAB,2023,2024-05-27,18,2024-06-14,3150.0,3394
BOAB,2023,2024-05-27,19,2024-06-15,,
BOAB,2023,2024-05-27,20,2024-06-16,,
BOAB,2023,2024-05-27,21,2024-06-17,,
BOAB,2023,2024-05-27,22,2024-06-18,3175.0,4483
BOAB,2023,2024-05-27,23,2024-06-19,3195.0,4040
BOAB,2023,2024-05-27,24,2024-06-20,3200.0,3398
BOAB,2023,2024-05-27,25,2024-06-21,3287.5,1000
BOAB,2023,2024-05-27,26,2024-06-22,,
BOAB,2023,2024-05-27,27,2024-06-23,,
BOAB,2023,2024-05-27,28,2024-06-24,3285.0,3919
BOAB,2023,2024-05-27,29,2024-06-25,3300.0,5867
BOAB,2023,2024-05-27,30,2024-06-26,3387.5,1072
BOAB,2023,2024-05-27,31,2024-06-27,3350.0,695
BOAB,2023,2024-05-27,32,2024-06-28,3375.0,259
BOAB,2023,2024-05-27,33,2024-06-29,,
BOAB,2023,2024-05-27,34,2024-06-30,,
BOAB,2023,2024-05-27,35,2024-07-01,3375.0,1506
BOAB,2023,2024-05-27,36,2024-07-02,3375.0,1034
BOAB,2023,2024-05-27,37,2024-07-03,3370.0,1174
BOAB,2023,2024-05-27,38,2024-07-04,3375.0,958
BOAB,2023,2024-05-27,39,2024-07-05,3332.5,625
BOAB,2023,2024-05-27,40,2024-07-06,,
BOAB,2023,2024-05-27,41,2024-07-07,,
BOAB,2023,2024-05-27,42,2024-07-08,3375.0,1923
BOAB,2023,2024-05-27,43,2024-07-09,3362.5,1102
BOAB,2023,2024-05-27,44,2024-07-10,3335.0,7623
BOAB,2023,2024-05-27,45,2024-07-11,3375.0,2063
BOAB,2023,2024-05-27,46,2024-07-12,3370.0,485
BOAB,2023,2024-05-27,47,2024-07-13,,
BOAB,2023,2024-05-27,48,2024-07-14,,
BOAB,2023,2024-05-27,49,2024-07-15,3375.0,261
BOAB,2023,2024-05-27,50,2024-07-16,3375.0,1439
BOAB,2023,2024-05-27,51,2024-07-17,3377.5,2113
BOAB,2023,2024-05-27,52,2024-07-18,3375.0,672
BOAB,2023,2024-05-27,53,2024-07-19,3400.0,663
BOAB,2023,2024-05-27,54,2024-07-20,,
BOAB,2023,2024-05-27,55,2024-07-21,,
BOAB,2023,2024-05-27,56,2024-07-22,3400.0,596
BOAB,2023,2024-05-27,57,2024-07-23,3400.0,1677
BOAB,2023,2024-05-27,58,2024-07-24,3400.0,240
BOAB,2023,2024-05-27,59,2024-07-25,3400.0,761
BOAB,2023,2024-05-27,60,2024-07-26,3375.0,3076
BOAB,2024,2025-06-03,-60,2025-04-04,4655.0,2274
BOAB,2024,2025-06-03,-59,2025-04-05,,
BOAB,2024,2025-06-03,-58,2025-04-06,,
BOAB,2024,2025-06-03,-57,2025-04-07,4705.0,4252
BOAB,2024,2025-06-03,-56,2025-04-08,4700.0,3300
BOAB,2024,2025-06-03,-55,2025-04-09,4720.0,6385
BOAB,2024,2025-06-03,-54,2025-04-10,4700.0,1495
BOAB,2024,2025-06-03,-53,2025-04-11,4695.0,2836
BOAB,2024,2025-06-03,-52,2025-04-12,,
BOAB,2024,2025-06-03,-51,2025-04-13,,
BOAB,2024,2025-06-03,-50,2025-04-14,4695.0,4363
BOAB,2024,2025-06-03,-49,2025-04-15,4690.0,1610
BOAB,2024,2025-06-03,-48,2025-04-16,4660.0,3555
BOAB,2024,2025-06-03,-47,2025-04-17,4690.0,6516
BOAB,2024,2025-06-03,-46,2025-04-18,4690.0,921
BOAB,2024,2025-06-03,-45,2025-04-19,,
BOAB,2024,2025-06-03,-44,2025-04-20,,
BOAB,2024,2025-06-03,-43,2025-04-21,,
BOAB,2024,2025-06-03,-42,2025-04-22,4725.0,12962
BOAB,2024,2025-06-03,-41,2025-04-23,4715.0,2549
BOAB,2024,2025-06-03,-40,2025-04-24,4720.0,4772
BOAB,2024,2025-06-03,-39,2025-04-25,4715.0,4198
BOAB,2024,2025-06-03,-38,2025-04-26,,
BOAB,2024,2025-06-03,-37,2025-04-27,,
BOAB,2024,2025-06-03,-36,2025-04-28,4720.0,6391
BOAB,2024,2025-06-03,-35,2025-04-29,4730.0,5219
BOAB,2024,2025-06-03,-34,2025-04-30,4730.0,2975
BOAB,2024,2025-06-03,-33,2025-05-01,,
BOAB,2024,2025-06-03,-32,2025-05-02,4750.0,5176
BOAB,2024,2025-06-03,-31,2025-05-03,,
BOAB,2024,2025-06-03,-30,2025-05-04,,
BOAB,2024,2025-06-03,-29,2025-05-05,4740.0,5330
BOAB,2024,2025-06-03,-28,2025-05-06,4750.0,11167
BOAB,2024,2025-06-03,-27,2025-05-07,4775.0,5751
BOAB,2024,2025-06-03,-26,2025-05-08,4760.0,4291
BOAB,2024,2025-06-03,-25,2025-05-09,4750.0,5436
BOAB,2024,2025-06-03,-24,2025-05-10,,
BOAB,2024,2025-06-03,-23,2025-05-11,,
BOAB,2024,2025-06-03,-22,2025-05-12,4720.0,4299
BOAB,2024,2025-06-03,-21,2025-05-13,4725.0,4830
BOAB,2024,2025-06-03,-20,2025-05-14,4675.0,3029
BOAB,2024,2025-06-03,-19,2025-05-15,4665.0,144390
BOAB,2024,2025-06-03,-18,2025-05-16,4745.0,3679
BOAB,2024,2025-06-03,-17,2025-05-17,,
BOAB,2024,2025-06-03,-16,2025-05-18,,
BOAB,2024,2025-06-03,-15,2025-05-19,4655.0,5678
BOAB,2024,2025-06-03,-14,2025-05-20,4795.0,6232
BOAB,2024,2025-06-03,-13,2025-05-21,4800.0,5709
BOAB,2024,2025-06-03,-12,2025-05-22,4790.0,2316
BOAB,2024,2025-06-03,-11,2025-05-23,4845.0,1923
BOAB,2024,2025-06-03,-10,2025-05-24,,
BOAB,2024,2025-06-03,-9,2025-05-25,,
BOAB,2024,2025-06-03,-8,2025-05-26,4810.0,8863
BOAB,2024,2025-06-03,-7,2025-05-27,4850.0,12540
BOAB,2024,2025-06-03,-6,2025-05-28,4895.0,13214
BOAB,2024,2025-06-03,-5,2025-05-29,,
BOAB,2024,2025-06-03,-4,2025-05-30,4600.0,1697
BOAB,2024,2025-06-03,-3,2025-05-31,,
BOAB,2024,2025-06-03,-2,2025-06-01,,
BOAB,2024,2025-06-03,-1,2025-06-02,4270.0,3405
BOAB,2024,2025-06-03,0,2025-06-03,4300.0,6317
BOAB,2024,2025-06-03,1,2025-06-04,4495.0,3850
BOAB,2024,2025-06-03,2,2025-06-05,4480.0,792
BOAB,2024,2025-06-03,3,2025-06-06,,
BOAB,2024,2025-06-03,4,2025-06-07,,
BOAB,2024,2025-06-03,5,2025-06-08,,
BOAB,2024,2025-06-03,6,2025-06-09,,
BOAB,2024,2025-06-03,7,2025-06-10,4510.0,10069
BOAB,2024,2025-06-03,8,2025-06-11,4570.0,12097
BOAB,2024,2025-06-03,9,2025-06-12,4570.0,4020
BOAB,2024,2025-06-03,10,2025-06-13,4560.0,4584
BOAB,2024,2025-06-03,11,2025-06-14,,
BOAB,2024,2025-06-03,12,2025-06-15,,
BOAB,2024,2025-06-03,13,2025-06-16,4530.0,1315
BOAB,2024,2025-06-03,14,2025-06-17,4560.0,16323
BOAB,2024,2025-06-03,15,2025-06-18,4570.0,8334
BOAB,2024,2025-06-03,16,2025-06-19,4565.0,1531
BOAB,2024,2025-06-03,17,2025-06-20,4550.0,395
BOAB,2024,2025-06-03,18,2025-06-21,,
BOAB,2024,2025-06-03,19,2025-06-22,,
BOAB,2024,2025-06-03,20,2025-06-23,4450.0,19511
BOAB,2024,2025-06-03,21,2025-06-24,4575.0,16823
BOAB,2024,2025-06-03,22,2025-06-25,4600.0,8545
BOAB,2024,2025-06-03,23,2025-06-26,4645.0,6286
BOAB,2024,2025-06-03,24,2025-06-27,4685.0,5210
BOAB,2024,2025-06-03,25,2025-06-28,,
BOAB,2024,2025-06-03,26,2025-06-29,,
BOAB,2024,2025-06-03,27,2025-06-30,4500.0,888
BOAB,2024,2025-06-03,28,2025-07-01,4500.0,1151
BOAB,2024,2025-06-03,29,2025-07-02,4505.0,6710
BOAB,2024,2025-06-03,30,2025-07-03,4500.0,748
BOAB,2024,2025-06-03,31,2025-07-04,4410.0,1034
BOAB,2024,2025-06-03,32,2025-07-05,,
BOAB,2024,2025-06-03,33,2025-07-06,,
BOAB,2024,2025-06-03,34,2025-07-07,4410.0,6585
BOAB,2024,2025-06-03,35,2025-07-08,4300.0,3270
BOAB,2024,2025-06-03,36,2025-07-09,4205.0,8441
BOAB,2024,2025-06-03,37,2025-07-10,4210.0,784
BOAB,2024,2025-06-03,38,2025-07-11,4340.0,1029
BOAB,2024,2025-06-03,39,2025-07-12,,
BOAB,2024,2025-06-03,40,2025-07-13,,
BOAB,2024,2025-06-03,41,2025-07-14,4340.0,8232
BOAB,2024,2025-06-03,42,2025-07-15,4295.0,5430
BOAB,2024,2025-06-03,43,2025-07-16,4300.0,2762
BOAB,2024,2025-06-03,44,2025-07-17,4300.0,993
BOAB,2024,2025-06-03,45,2025-07-18,4300.0,890
BOAB,2024,2025-06-03,46,2025-07-19,,
BOAB,2024,2025-06-03,47,2025-07-20,,
BOAB,2024,2025-06-03,48,2025-07-21,4390.0,20352
BOAB,2024,2025-06-03,49,2025-07-22,4350.0,14767
BOAB,2024,2025-06-03,50,2025-07-23,4345.0,3297
BOAB,2024,2025-06-03,51,2025-07-24,4195.0,4551
BOAB,2024,2025-06-03,52,2025-07-25,4295.0,13819
BOAB,2024,2025-06-03,53,2025-07-26,,
BOAB,2024,2025-06-03,54,2025-07-27,,
BOAB,2024,2025-06-03,55,2025-07-28,4190.0,5702
BOAB,2024,2025-06-03,56,2025-07-29,4245.0,959244
BOAB,2024,2025-06-03,57,2025-07-30,4200.0,5650
BOAB,2024,2025-06-03,58,2025-07-31,4320.0,20523
BOAB,2024,2025-06-03,59,2025-08-01,4315.0,15378
BOAB,2024,2025-06-03,60,2025-08-02,,
BOAB,2025,2026-05-15,-60,2026-03-16,,
BOAB,2025,2026-05-15,-59,2026-03-17,7685.0,6168
BOAB,2025,2026-05-15,-58,2026-03-18,7845.0,4067
BOAB,2025,2026-05-15,-57,2026-03-19,7850.0,4309
BOAB,2025,2026-05-15,-56,2026-03-20,,
BOAB,2025,2026-05-15,-55,2026-03-21,,
BOAB,2025,2026-05-15,-54,2026-03-22,,
BOAB,2025,2026-05-15,-53,2026-03-23,,
BOAB,2025,2026-05-15,-52,2026-03-24,7650.0,3089
BOAB,2025,2026-05-15,-51,2026-03-25,7275.0,1977
BOAB,2025,2026-05-15,-50,2026-03-26,7295.0,731
BOAB,2025,2026-05-15,-49,2026-03-27,7295.0,731
BOAB,2025,2026-05-15,-48,2026-03-28,7350.0,4466
BOAB,2025,2026-05-15,-47,2026-03-29,7350.0,4466
BOAB,2025,2026-05-15,-46,2026-03-30,7350.0,4466
BOAB,2025,2026-05-15,-45,2026-03-31,7400.0,1594
BOAB,2025,2026-05-15,-44,2026-04-01,7500.0,5301
BOAB,2025,2026-05-15,-43,2026-04-02,7500.0,8771
BOAB,2025,2026-05-15,-42,2026-04-03,7500.0,8771
BOAB,2025,2026-05-15,-41,2026-04-04,7600.0,2169
BOAB,2025,2026-05-15,-40,2026-04-05,7600.0,2169
BOAB,2025,2026-05-15,-39,2026-04-06,7600.0,2169
BOAB,2025,2026-05-15,-38,2026-04-07,7600.0,3048
BOAB,2025,2026-05-15,-37,2026-04-08,7600.0,3048
BOAB,2025,2026-05-15,-36,2026-04-09,7595.0,1522
BOAB,2025,2026-05-15,-35,2026-04-10,7540.0,3193
BOAB,2025,2026-05-15,-34,2026-04-11,7500.0,6460
BOAB,2025,2026-05-15,-33,2026-04-12,7500.0,6460
BOAB,2025,2026-05-15,-32,2026-04-13,7450.0,2264
BOAB,2025,2026-05-15,-31,2026-04-14,7450.0,2264
BOAB,2025,2026-05-15,-30,2026-04-15,7400.0,3663
BOAB,2025,2026-05-15,-29,2026-04-16,7650.0,13974
BOAB,2025,2026-05-15,-28,2026-04-17,7985.0,25844
BOAB,2025,2026-05-15,-27,2026-04-18,7985.0,2834
BOAB,2025,2026-05-15,-26,2026-04-19,7985.0,2834
BOAB,2025,2026-05-15,-25,2026-04-20,7985.0,2834
BOAB,2025,2026-05-15,-24,2026-04-21,8000.0,6227
BOAB,2025,2026-05-15,-23,2026-04-22,8000.0,3921
BOAB,2025,2026-05-15,-22,2026-04-23,8200.0,17454
BOAB,2025,2026-05-15,-21,2026-04-24,8130.0,6935
BOAB,2025,2026-05-15,-20,2026-04-25,8210.0,1677
BOAB,2025,2026-05-15,-19,2026-04-26,8210.0,1677
BOAB,2025,2026-05-15,-18,2026-04-27,8210.0,1677
BOAB,2025,2026-05-15,-17,2026-04-28,8500.0,10665
BOAB,2025,2026-05-15,-16,2026-04-29,8600.0,1975
BOAB,2025,2026-05-15,-15,2026-04-30,8905.0,4169
BOAB,2025,2026-05-15,-14,2026-05-01,8850.0,2258
BOAB,2025,2026-05-15,-13,2026-05-02,8850.0,2258
BOAB,2025,2026-05-15,-12,2026-05-03,8850.0,2258
BOAB,2025,2026-05-15,-11,2026-05-04,8850.0,2258
BOAB,2025,2026-05-15,-10,2026-05-05,9250.0,7317
BOAB,2025,2026-05-15,-9,2026-05-06,9200.0,2593
BOAB,2025,2026-05-15,-8,2026-05-07,9340.0,6096
BOAB,2025,2026-05-15,-7,2026-05-08,9300.0,12617
BOAB,2025,2026-05-15,-6,2026-05-09,9400.0,7963
BOAB,2025,2026-05-15,-5,2026-05-10,9400.0,7963
BOAB,2025,2026-05-15,-4,2026-05-11,9400.0,7963
BOAB,2025,2026-05-15,-3,2026-05-12,9405.0,17215
BOAB,2025,2026-05-15,-2,2026-05-13,9420.0,11117
BOAB,2025,2026-05-15,-1,2026-05-14,9410.0,2844
BOAB,2025,2026-05-15,0,2026-05-15,9410.0,2844
BOAB,2025,2026-05-15,1,2026-05-16,9400.0,2830
BOAB,2025,2026-05-15,2,2026-05-17,9400.0,2830
BOAB,2025,2026-05-15,3,2026-05-18,9400.0,0
BOAB,2025,2026-05-15,4,2026-05-19,9400.0,4370
BOAB,2025,2026-05-15,5,2026-05-20,9410.0,2279
BOAB,2025,2026-05-15,6,2026-05-21,9405.0,2386
BOAB,2025,2026-05-15,7,2026-05-22,9420.0,5259
BOAB,2025,2026-05-15,8,2026-05-23,8950.0,2638
BOAB,2025,2026-05-15,9,2026-05-24,8950.0,2638
BOAB,2025,2026-05-15,10,2026-05-25,8950.0,2638
BOAB,2025,2026-05-15,11,2026-05-26,8900.0,4659
BOAB,2025,2026-05-15,12,2026-05-27,8900.0,4659
BOAB,2025,2026-05-15,13,2026-05-28,8900.0,0
BOAB,2025,2026-05-15,14,2026-05-29,8930.0,0
BOAB,2025,2026-05-15,15,2026-05-30,8900.0,2975
BOAB,2025,2026-05-15,16,2026-05-31,8900.0,2975
BOAB,2025,2026-05-15,17,2026-06-01,8900.0,648
BOAB,2025,2026-05-15,18,2026-06-02,8800.0,53
BOAB,2025,2026-05-15,19,2026-06-03,,
BOAB,2025,2026-05-15,20,2026-06-04,8795.0,1902
BOAB,2025,2026-05-15,21,2026-06-05,8795.0,1902
BOAB,2025,2026-05-15,22,2026-06-06,8780.0,1054
BOAB,2025,2026-05-15,23,2026-06-07,8780.0,1054
BOAB,2025,2026-05-15,24,2026-06-08,8795.0,795
BOAB,2025,2026-05-15,25,2026-06-09,8700.0,4279
BOAB,2025,2026-05-15,26,2026-06-10,8745.0,0
BOAB,2025,2026-05-15,27,2026-06-11,8600.0,0
BOAB,2025,2026-05-15,28,2026-06-12,8750.0,0
BOAB,2025,2026-05-15,29,2026-06-13,8780.0,7122
BOAB,2025,2026-05-15,30,2026-06-14,8780.0,7122
BOAB,2025,2026-05-15,31,2026-06-15,8790.0,185
BOAB,2025,2026-05-15,32,2026-06-16,8725.0,4618
BOAB,2025,2026-05-15,33,2026-06-17,8700.0,749
BOAB,2025,2026-05-15,34,2026-06-18,8900.0,392
BOAB,2025,2026-05-15,35,2026-06-19,8940.0,102
BOAB,2025,2026-05-15,36,2026-06-20,8850.0,5974
BOAB,2025,2026-05-15,37,2026-06-21,8850.0,5974
BOAB,2025,2026-05-15,38,2026-06-22,8900.0,547
BOAB,2025,2026-05-15,39,2026-06-23,8950.0,3452
BOAB,2025,2026-05-15,40,2026-06-24,8920.0,6583
BOAB,2025,2026-05-15,41,2026-06-25,8950.0,5231
BOAB,2025,2026-05-15,42,2026-06-26,8950.0,3870
BOAB,2025,2026-05-15,43,2026-06-27,9025.0,9221
BOAB,2025,2026-05-15,44,2026-06-28,9025.0,9221
BOAB,2025,2026-05-15,45,2026-06-29,9025.0,127
BOAB,2025,2026-05-15,46,2026-06-30,9100.0,1085
BOAB,2025,2026-05-15,47,2026-07-01,9025.0,2801
BOAB,2025,2026-05-15,48,2026-07-02,9025.0,19914
BOAB,2025,2026-05-15,49,2026-07-03,9200.0,2837
BOAB,2025,2026-05-15,50,2026-07-04,9100.0,8139
BOAB,2025,2026-05-15,51,2026-07-05,9100.0,8139
BOAB,2025,2026-05-15,52,2026-07-06,9100.0,0
BOAB,2025,2026-05-15,53,2026-07-07,9100.0,0
BOAB,2025,2026-05-15,54,2026-07-08,9050.0,4544
BOAB,2025,2026-05-15,55,2026-07-09,8800.0,11158
BOAB,2025,2026-05-15,56,2026-07-10,8800.0,11158
BOAB,2025,2026-05-15,57,2026-07-11,8750.0,5416
BOAB,2025,2026-05-15,58,2026-07-12,8750.0,5416
BOAB,2025,2026-05-15,59,2026-07-13,8750.0,5416
BOAB,2025,2026-05-15,60,2026-07-14,8800.0,1932
BOABF,2021,2022-05-04,-60,2022-03-05,,
BOABF,2021,2022-05-04,-59,2022-03-06,,
BOABF,2021,2022-05-04,-58,2022-03-07,3090.0,117
BOABF,2021,2022-05-04,-57,2022-03-08,3100.0,37
BOABF,2021,2022-05-04,-56,2022-03-09,3090.0,528
BOABF,2021,2022-05-04,-55,2022-03-10,3075.0,20
BOABF,2021,2022-05-04,-54,2022-03-11,3297.5,210
BOABF,2021,2022-05-04,-53,2022-03-12,,
BOABF,2021,2022-05-04,-52,2022-03-13,,
BOABF,2021,2022-05-04,-51,2022-03-14,3105.0,202
BOABF,2021,2022-05-04,-50,2022-03-15,3242.5,517
BOABF,2021,2022-05-04,-49,2022-03-16,3177.5,258
BOABF,2021,2022-05-04,-48,2022-03-17,3200.0,121
BOABF,2021,2022-05-04,-47,2022-03-18,3100.0,573
BOABF,2021,2022-05-04,-46,2022-03-19,,
BOABF,2021,2022-05-04,-45,2022-03-20,,
BOABF,2021,2022-05-04,-44,2022-03-21,3097.5,254
BOABF,2021,2022-05-04,-43,2022-03-22,3097.5,697
BOABF,2021,2022-05-04,-42,2022-03-23,3097.5,172
BOABF,2021,2022-05-04,-41,2022-03-24,3100.0,107
BOABF,2021,2022-05-04,-40,2022-03-25,3100.0,409
BOABF,2021,2022-05-04,-39,2022-03-26,,
BOABF,2021,2022-05-04,-38,2022-03-27,,
BOABF,2021,2022-05-04,-37,2022-03-28,3042.5,171
BOABF,2021,2022-05-04,-36,2022-03-29,3050.0,233
BOABF,2021,2022-05-04,-35,2022-03-30,3050.0,2198
BOABF,2021,2022-05-04,-34,2022-03-31,2950.0,976
BOABF,2021,2022-05-04,-33,2022-04-01,3000.0,592
BOABF,2021,2022-05-04,-32,2022-04-02,,
BOABF,2021,2022-05-04,-31,2022-04-03,,
BOABF,2021,2022-05-04,-30,2022-04-04,3000.0,1015
BOABF,2021,2022-05-04,-29,2022-04-05,3000.0,3556
BOABF,2021,2022-05-04,-28,2022-04-06,3000.0,1993
BOABF,2021,2022-05-04,-27,2022-04-07,2950.0,932
BOABF,2021,2022-05-04,-26,2022-04-08,2947.5,323
BOABF,2021,2022-05-04,-25,2022-04-09,,
BOABF,2021,2022-05-04,-24,2022-04-10,,
BOABF,2021,2022-05-04,-23,2022-04-11,2950.0,655
BOABF,2021,2022-05-04,-22,2022-04-12,2950.0,294
BOABF,2021,2022-05-04,-21,2022-04-13,2950.0,973
BOABF,2021,2022-05-04,-20,2022-04-14,3000.0,1232
BOABF,2021,2022-05-04,-19,2022-04-15,3150.0,5
BOABF,2021,2022-05-04,-18,2022-04-16,,
BOABF,2021,2022-05-04,-17,2022-04-17,,
BOABF,2021,2022-05-04,-16,2022-04-18,,
BOABF,2021,2022-05-04,-15,2022-04-19,3115.0,380
BOABF,2021,2022-05-04,-14,2022-04-20,3050.0,522
BOABF,2021,2022-05-04,-13,2022-04-21,3050.0,1
BOABF,2021,2022-05-04,-12,2022-04-22,3125.0,203
BOABF,2021,2022-05-04,-11,2022-04-23,,
BOABF,2021,2022-05-04,-10,2022-04-24,,
BOABF,2021,2022-05-04,-9,2022-04-25,3122.5,112
BOABF,2021,2022-05-04,-8,2022-04-26,3000.0,660
BOABF,2021,2022-05-04,-7,2022-04-27,3000.0,2506
BOABF,2021,2022-05-04,-6,2022-04-28,,
BOABF,2021,2022-05-04,-5,2022-04-29,2950.0,5654
BOABF,2021,2022-05-04,-4,2022-04-30,,
BOABF,2021,2022-05-04,-3,2022-05-01,,
BOABF,2021,2022-05-04,-2,2022-05-02,,
BOABF,2021,2022-05-04,-1,2022-05-03,2950.0,25006
BOABF,2021,2022-05-04,0,2022-05-04,2925.0,266
BOABF,2021,2022-05-04,1,2022-05-05,2800.0,105
BOABF,2021,2022-05-04,2,2022-05-06,2800.0,910
BOABF,2021,2022-05-04,3,2022-05-07,,
BOABF,2021,2022-05-04,4,2022-05-08,,
BOABF,2021,2022-05-04,5,2022-05-09,2800.0,496
BOABF,2021,2022-05-04,6,2022-05-10,2750.0,209
BOABF,2021,2022-05-04,7,2022-05-11,2797.5,35
BOABF,2021,2022-05-04,8,2022-05-12,2797.5,13
BOABF,2021,2022-05-04,9,2022-05-13,2795.0,16
BOABF,2021,2022-05-04,10,2022-05-14,,
BOABF,2021,2022-05-04,11,2022-05-15,,
BOABF,2021,2022-05-04,12,2022-05-16,2750.0,377
BOABF,2021,2022-05-04,13,2022-05-17,2750.0,79
BOABF,2021,2022-05-04,14,2022-05-18,2790.0,40
BOABF,2021,2022-05-04,15,2022-05-19,2750.0,289
BOABF,2021,2022-05-04,16,2022-05-20,2730.0,62
BOABF,2021,2022-05-04,17,2022-05-21,,
BOABF,2021,2022-05-04,18,2022-05-22,,
BOABF,2021,2022-05-04,19,2022-05-23,2730.0,50
BOABF,2021,2022-05-04,20,2022-05-24,2602.5,672
BOABF,2021,2022-05-04,21,2022-05-25,2575.0,8115
BOABF,2021,2022-05-04,22,2022-05-26,,
BOABF,2021,2022-05-04,23,2022-05-27,2600.0,540
BOABF,2021,2022-05-04,24,2022-05-28,,
BOABF,2021,2022-05-04,25,2022-05-29,,
BOABF,2021,2022-05-04,26,2022-05-30,2600.0,897
BOABF,2021,2022-05-04,27,2022-05-31,2652.5,65
BOABF,2021,2022-05-04,28,2022-06-01,2750.0,1999
BOABF,2021,2022-05-04,29,2022-06-02,2750.0,155
BOABF,2021,2022-05-04,30,2022-06-03,2745.0,403
BOABF,2021,2022-05-04,31,2022-06-04,,
BOABF,2021,2022-05-04,32,2022-06-05,,
BOABF,2021,2022-05-04,33,2022-06-06,,
BOABF,2021,2022-05-04,34,2022-06-07,2725.0,328
BOABF,2021,2022-05-04,35,2022-06-08,2725.0,161
BOABF,2021,2022-05-04,36,2022-06-09,2722.5,3924
BOABF,2021,2022-05-04,37,2022-06-10,2725.0,258
BOABF,2021,2022-05-04,38,2022-06-11,,
BOABF,2021,2022-05-04,39,2022-06-12,,
BOABF,2021,2022-05-04,40,2022-06-13,2700.0,335
BOABF,2021,2022-05-04,41,2022-06-14,2650.0,818
BOABF,2021,2022-05-04,42,2022-06-15,2650.0,783
BOABF,2021,2022-05-04,43,2022-06-16,2650.0,497
BOABF,2021,2022-05-04,44,2022-06-17,2650.0,2584
BOABF,2021,2022-05-04,45,2022-06-18,,
BOABF,2021,2022-05-04,46,2022-06-19,,
BOABF,2021,2022-05-04,47,2022-06-20,2712.5,1943
BOABF,2021,2022-05-04,48,2022-06-21,2712.5,4709
BOABF,2021,2022-05-04,49,2022-06-22,2712.5,40
BOABF,2021,2022-05-04,50,2022-06-23,2650.0,48
BOABF,2021,2022-05-04,51,2022-06-24,2700.0,312
BOABF,2021,2022-05-04,52,2022-06-25,,
BOABF,2021,2022-05-04,53,2022-06-26,,
BOABF,2021,2022-05-04,54,2022-06-27,2700.0,3276
BOABF,2021,2022-05-04,55,2022-06-28,2700.0,8020
BOABF,2021,2022-05-04,56,2022-06-29,2650.0,10
BOABF,2021,2022-05-04,57,2022-06-30,2652.5,103
BOABF,2021,2022-05-04,58,2022-07-01,2800.0,314
BOABF,2021,2022-05-04,59,2022-07-02,,
BOABF,2021,2022-05-04,60,2022-07-03,,
BOABF,2022,2023-05-05,-60,2023-03-06,2825.0,2029
BOABF,2022,2023-05-05,-59,2023-03-07,2815.0,2287
BOABF,2022,2023-05-05,-58,2023-03-08,2815.0,93
BOABF,2022,2023-05-05,-57,2023-03-09,2992.5,30972
BOABF,2022,2023-05-05,-56,2023-03-10,2997.5,481
BOABF,2022,2023-05-05,-55,2023-03-11,,
BOABF,2022,2023-05-05,-54,2023-03-12,,
BOABF,2022,2023-05-05,-53,2023-03-13,2995.0,121
BOABF,2022,2023-05-05,-52,2023-03-14,2927.5,2049
BOABF,2022,2023-05-05,-51,2023-03-15,2922.5,3275
BOABF,2022,2023-05-05,-50,2023-03-16,2920.0,258
BOABF,2022,2023-05-05,-49,2023-03-17,2862.5,905
BOABF,2022,2023-05-05,-48,2023-03-18,,
BOABF,2022,2023-05-05,-47,2023-03-19,,
BOABF,2022,2023-05-05,-46,2023-03-20,2860.0,929
BOABF,2022,2023-05-05,-45,2023-03-21,2850.0,542
BOABF,2022,2023-05-05,-44,2023-03-22,2800.0,995
BOABF,2022,2023-05-05,-43,2023-03-23,2850.0,1689
BOABF,2022,2023-05-05,-42,2023-03-24,2850.0,13
BOABF,2022,2023-05-05,-41,2023-03-25,,
BOABF,2022,2023-05-05,-40,2023-03-26,,
BOABF,2022,2023-05-05,-39,2023-03-27,2850.0,80
BOABF,2022,2023-05-05,-38,2023-03-28,2805.0,619
BOABF,2022,2023-05-05,-37,2023-03-29,2805.0,979
BOABF,2022,2023-05-05,-36,2023-03-30,2842.5,3016
BOABF,2022,2023-05-05,-35,2023-03-31,2847.5,191
BOABF,2022,2023-05-05,-34,2023-04-01,,
BOABF,2022,2023-05-05,-33,2023-04-02,,
BOABF,2022,2023-05-05,-32,2023-04-03,2842.5,174
BOABF,2022,2023-05-05,-31,2023-04-04,2800.0,299
BOABF,2022,2023-05-05,-30,2023-04-05,2800.0,127
BOABF,2022,2023-05-05,-29,2023-04-06,2800.0,251
BOABF,2022,2023-05-05,-28,2023-04-07,2750.0,322
BOABF,2022,2023-05-05,-27,2023-04-08,,
BOABF,2022,2023-05-05,-26,2023-04-09,,
BOABF,2022,2023-05-05,-25,2023-04-10,,
BOABF,2022,2023-05-05,-24,2023-04-11,2842.5,349
BOABF,2022,2023-05-05,-23,2023-04-12,2800.0,496
BOABF,2022,2023-05-05,-22,2023-04-13,2762.5,240
BOABF,2022,2023-05-05,-21,2023-04-14,2800.0,41
BOABF,2022,2023-05-05,-20,2023-04-15,,
BOABF,2022,2023-05-05,-19,2023-04-16,,
BOABF,2022,2023-05-05,-18,2023-04-17,2847.5,143
BOABF,2022,2023-05-05,-17,2023-04-18,,
BOABF,2022,2023-05-05,-16,2023-04-19,2850.0,1035
BOABF,2022,2023-05-05,-15,2023-04-20,2900.0,7
BOABF,2022,2023-05-05,-14,2023-04-21,,
BOABF,2022,2023-05-05,-13,2023-04-22,,
BOABF,2022,2023-05-05,-12,2023-04-23,,
BOABF,2022,2023-05-05,-11,2023-04-24,2850.0,1277
BOABF,2022,2023-05-05,-10,2023-04-25,2850.0,1762
BOABF,2022,2023-05-05,-9,2023-04-26,2850.0,537
BOABF,2022,2023-05-05,-8,2023-04-27,2850.0,2932
BOABF,2022,2023-05-05,-7,2023-04-28,2900.0,2199
BOABF,2022,2023-05-05,-6,2023-04-29,,
BOABF,2022,2023-05-05,-5,2023-04-30,,
BOABF,2022,2023-05-05,-4,2023-05-01,,
BOABF,2022,2023-05-05,-3,2023-05-02,2900.0,3580
BOABF,2022,2023-05-05,-2,2023-05-03,2800.0,313
BOABF,2022,2023-05-05,-1,2023-05-04,2800.0,674
BOABF,2022,2023-05-05,0,2023-05-05,2800.0,1212
BOABF,2022,2023-05-05,1,2023-05-06,,
BOABF,2022,2023-05-05,2,2023-05-07,,
BOABF,2022,2023-05-05,3,2023-05-08,2800.0,7198
BOABF,2022,2023-05-05,4,2023-05-09,2787.5,1097
BOABF,2022,2023-05-05,5,2023-05-10,2647.5,269
BOABF,2022,2023-05-05,6,2023-05-11,2650.0,3485
BOABF,2022,2023-05-05,7,2023-05-12,2675.0,8265
BOABF,2022,2023-05-05,8,2023-05-13,,
BOABF,2022,2023-05-05,9,2023-05-14,,
BOABF,2022,2023-05-05,10,2023-05-15,2675.0,6070
BOABF,2022,2023-05-05,11,2023-05-16,2660.0,7957
BOABF,2022,2023-05-05,12,2023-05-17,2660.0,6011
BOABF,2022,2023-05-05,13,2023-05-18,,
BOABF,2022,2023-05-05,14,2023-05-19,2660.0,357
BOABF,2022,2023-05-05,15,2023-05-20,,
BOABF,2022,2023-05-05,16,2023-05-21,,
BOABF,2022,2023-05-05,17,2023-05-22,2650.0,1119
BOABF,2022,2023-05-05,18,2023-05-23,2650.0,947
BOABF,2022,2023-05-05,19,2023-05-24,2650.0,650
BOABF,2022,2023-05-05,20,2023-05-25,2675.0,2455
BOABF,2022,2023-05-05,21,2023-05-26,2750.0,130
BOABF,2022,2023-05-05,22,2023-05-27,,
BOABF,2022,2023-05-05,23,2023-05-28,,
BOABF,2022,2023-05-05,24,2023-05-29,,
BOABF,2022,2023-05-05,25,2023-05-30,2747.5,78
BOABF,2022,2023-05-05,26,2023-05-31,2747.5,20
BOABF,2022,2023-05-05,27,2023-06-01,2747.5,1897
BOABF,2022,2023-05-05,28,2023-06-02,2790.0,2095
BOABF,2022,2023-05-05,29,2023-06-03,,
BOABF,2022,2023-05-05,30,2023-06-04,,
BOABF,2022,2023-05-05,31,2023-06-05,2775.0,152
BOABF,2022,2023-05-05,32,2023-06-06,2822.5,1958
BOABF,2022,2023-05-05,33,2023-06-07,2825.0,983
BOABF,2022,2023-05-05,34,2023-06-08,2800.0,889
BOABF,2022,2023-05-05,35,2023-06-09,2850.0,1937
BOABF,2022,2023-05-05,36,2023-06-10,,
BOABF,2022,2023-05-05,37,2023-06-11,,
BOABF,2022,2023-05-05,38,2023-06-12,2840.0,154
BOABF,2022,2023-05-05,39,2023-06-13,2845.0,3571
BOABF,2022,2023-05-05,40,2023-06-14,2965.0,2449
BOABF,2022,2023-05-05,41,2023-06-15,2950.0,288
BOABF,2022,2023-05-05,42,2023-06-16,2940.0,706
BOABF,2022,2023-05-05,43,2023-06-17,,
BOABF,2022,2023-05-05,44,2023-06-18,,
BOABF,2022,2023-05-05,45,2023-06-19,2940.0,1584
BOABF,2022,2023-05-05,46,2023-06-20,2940.0,1754
BOABF,2022,2023-05-05,47,2023-06-21,2940.0,694
BOABF,2022,2023-05-05,48,2023-06-22,3087.5,3380
BOABF,2022,2023-05-05,49,2023-06-23,3000.0,2992
BOABF,2022,2023-05-05,50,2023-06-24,,
BOABF,2022,2023-05-05,51,2023-06-25,,
BOABF,2022,2023-05-05,52,2023-06-26,3000.0,2498
BOABF,2022,2023-05-05,53,2023-06-27,3002.5,1357
BOABF,2022,2023-05-05,54,2023-06-28,,
BOABF,2022,2023-05-05,55,2023-06-29,3085.0,737
BOABF,2022,2023-05-05,56,2023-06-30,3000.0,1837
BOABF,2022,2023-05-05,57,2023-07-01,,
BOABF,2022,2023-05-05,58,2023-07-02,,
BOABF,2022,2023-05-05,59,2023-07-03,3005.0,238
BOABF,2022,2023-05-05,60,2023-07-04,3050.0,52
BOABF,2023,2024-05-06,-60,2024-03-07,3500.0,1766
BOABF,2023,2024-05-06,-59,2024-03-08,3597.5,980
BOABF,2023,2024-05-06,-58,2024-03-09,,
BOABF,2023,2024-05-06,-57,2024-03-10,,
BOABF,2023,2024-05-06,-56,2024-03-11,3525.0,618
BOABF,2023,2024-05-06,-55,2024-03-12,3595.0,1199
BOABF,2023,2024-05-06,-54,2024-03-13,3600.0,3184
BOABF,2023,2024-05-06,-53,2024-03-14,3650.0,2702
BOABF,2023,2024-05-06,-52,2024-03-15,3600.0,767
BOABF,2023,2024-05-06,-51,2024-03-16,,
BOABF,2023,2024-05-06,-50,2024-03-17,,
BOABF,2023,2024-05-06,-49,2024-03-18,3650.0,1708
BOABF,2023,2024-05-06,-48,2024-03-19,3650.0,5591
BOABF,2023,2024-05-06,-47,2024-03-20,3647.5,678
BOABF,2023,2024-05-06,-46,2024-03-21,3645.0,514
BOABF,2023,2024-05-06,-45,2024-03-22,3645.0,2672
BOABF,2023,2024-05-06,-44,2024-03-23,,
BOABF,2023,2024-05-06,-43,2024-03-24,,
BOABF,2023,2024-05-06,-42,2024-03-25,3575.0,1172
BOABF,2023,2024-05-06,-41,2024-03-26,3575.0,774
BOABF,2023,2024-05-06,-40,2024-03-27,3575.0,465
BOABF,2023,2024-05-06,-39,2024-03-28,3575.0,312
BOABF,2023,2024-05-06,-38,2024-03-29,3550.0,856
BOABF,2023,2024-05-06,-37,2024-03-30,,
BOABF,2023,2024-05-06,-36,2024-03-31,,
BOABF,2023,2024-05-06,-35,2024-04-01,,
BOABF,2023,2024-05-06,-34,2024-04-02,3550.0,507
BOABF,2023,2024-05-06,-33,2024-04-03,3522.5,710
BOABF,2023,2024-05-06,-32,2024-04-04,3522.5,93
BOABF,2023,2024-05-06,-31,2024-04-05,3520.0,58
BOABF,2023,2024-05-06,-30,2024-04-06,,
BOABF,2023,2024-05-06,-29,2024-04-07,,
BOABF,2023,2024-05-06,-28,2024-04-08,3520.0,283
BOABF,2023,2024-05-06,-27,2024-04-09,3522.5,613
BOABF,2023,2024-05-06,-26,2024-04-10,,
BOABF,2023,2024-05-06,-25,2024-04-11,3547.5,710
BOABF,2023,2024-05-06,-24,2024-04-12,3547.5,484
BOABF,2023,2024-05-06,-23,2024-04-13,,
BOABF,2023,2024-05-06,-22,2024-04-14,,
BOABF,2023,2024-05-06,-21,2024-04-15,3550.0,4817
BOABF,2023,2024-05-06,-20,2024-04-16,3550.0,375
BOABF,2023,2024-05-06,-19,2024-04-17,3555.0,1005
BOABF,2023,2024-05-06,-18,2024-04-18,3645.0,1005
BOABF,2023,2024-05-06,-17,2024-04-19,3600.0,79
BOABF,2023,2024-05-06,-16,2024-04-20,,
BOABF,2023,2024-05-06,-15,2024-04-21,,
BOABF,2023,2024-05-06,-14,2024-04-22,3600.0,1313
BOABF,2023,2024-05-06,-13,2024-04-23,3547.5,1716
BOABF,2023,2024-05-06,-12,2024-04-24,3552.5,1425
BOABF,2023,2024-05-06,-11,2024-04-25,3650.0,1611
BOABF,2023,2024-05-06,-10,2024-04-26,3650.0,1061
BOABF,2023,2024-05-06,-9,2024-04-27,,
BOABF,2023,2024-05-06,-8,2024-04-28,,
BOABF,2023,2024-05-06,-7,2024-04-29,3647.5,307
BOABF,2023,2024-05-06,-6,2024-04-30,3650.0,1845
BOABF,2023,2024-05-06,-5,2024-05-01,,
BOABF,2023,2024-05-06,-4,2024-05-02,3250.0,650
BOABF,2023,2024-05-06,-3,2024-05-03,3325.0,345
BOABF,2023,2024-05-06,-2,2024-05-04,,
BOABF,2023,2024-05-06,-1,2024-05-05,,
BOABF,2023,2024-05-06,0,2024-05-06,3297.5,757
BOABF,2023,2024-05-06,1,2024-05-07,3295.0,507
BOABF,2023,2024-05-06,2,2024-05-08,3275.0,582
BOABF,2023,2024-05-06,3,2024-05-09,,
BOABF,2023,2024-05-06,4,2024-05-10,3250.0,1199
BOABF,2023,2024-05-06,5,2024-05-11,,
BOABF,2023,2024-05-06,6,2024-05-12,,
BOABF,2023,2024-05-06,7,2024-05-13,3237.5,1917
BOABF,2023,2024-05-06,8,2024-05-14,3200.0,1089
BOABF,2023,2024-05-06,9,2024-05-15,3115.0,735
BOABF,2023,2024-05-06,10,2024-05-16,3172.5,531
BOABF,2023,2024-05-06,11,2024-05-17,3187.5,793
BOABF,2023,2024-05-06,12,2024-05-18,,
BOABF,2023,2024-05-06,13,2024-05-19,,
BOABF,2023,2024-05-06,14,2024-05-20,,
BOABF,2023,2024-05-06,15,2024-05-21,3222.5,181
BOABF,2023,2024-05-06,16,2024-05-22,3222.5,293
BOABF,2023,2024-05-06,17,2024-05-23,3177.5,2653
BOABF,2023,2024-05-06,18,2024-05-24,3180.0,377
BOABF,2023,2024-05-06,19,2024-05-25,,
BOABF,2023,2024-05-06,20,2024-05-26,,
BOABF,2023,2024-05-06,21,2024-05-27,3250.0,2358
BOABF,2023,2024-05-06,22,2024-05-28,3250.0,816
BOABF,2023,2024-05-06,23,2024-05-29,3247.5,224
BOABF,2023,2024-05-06,24,2024-05-30,3252.5,2195
BOABF,2023,2024-05-06,25,2024-05-31,3255.0,3488
BOABF,2023,2024-05-06,26,2024-06-01,,
BOABF,2023,2024-05-06,27,2024-06-02,,
BOABF,2023,2024-05-06,28,2024-06-03,3277.5,1512
BOABF,2023,2024-05-06,29,2024-06-04,3277.5,1123
BOABF,2023,2024-05-06,30,2024-06-05,3277.5,1057
BOABF,2023,2024-05-06,31,2024-06-06,3277.5,482
BOABF,2023,2024-05-06,32,2024-06-07,3277.5,6044
BOABF,2023,2024-05-06,33,2024-06-08,,
BOABF,2023,2024-05-06,34,2024-06-09,,
BOABF,2023,2024-05-06,35,2024-06-10,3277.5,1592
BOABF,2023,2024-05-06,36,2024-06-11,3247.5,455
BOABF,2023,2024-05-06,37,2024-06-12,3247.5,544
BOABF,2023,2024-05-06,38,2024-06-13,3247.5,12170
BOABF,2023,2024-05-06,39,2024-06-14,3250.0,448
BOABF,2023,2024-05-06,40,2024-06-15,,
BOABF,2023,2024-05-06,41,2024-06-16,,
BOABF,2023,2024-05-06,42,2024-06-17,,
BOABF,2023,2024-05-06,43,2024-06-18,3240.0,1012
BOABF,2023,2024-05-06,44,2024-06-19,3250.0,21135
BOABF,2023,2024-05-06,45,2024-06-20,3280.0,922
BOABF,2023,2024-05-06,46,2024-06-21,3200.0,520
BOABF,2023,2024-05-06,47,2024-06-22,,
BOABF,2023,2024-05-06,48,2024-06-23,,
BOABF,2023,2024-05-06,49,2024-06-24,3250.0,434
BOABF,2023,2024-05-06,50,2024-06-25,3250.0,1576
BOABF,2023,2024-05-06,51,2024-06-26,3410.0,1380
BOABF,2023,2024-05-06,52,2024-06-27,3400.0,85
BOABF,2023,2024-05-06,53,2024-06-28,3350.0,1046
BOABF,2023,2024-05-06,54,2024-06-29,,
BOABF,2023,2024-05-06,55,2024-06-30,,
BOABF,2023,2024-05-06,56,2024-07-01,3400.0,157
BOABF,2023,2024-05-06,57,2024-07-02,3350.0,153
BOABF,2023,2024-05-06,58,2024-07-03,3372.5,260
BOABF,2023,2024-05-06,59,2024-07-04,3412.5,574
BOABF,2023,2024-05-06,60,2024-07-05,3310.0,2644
BOABF,2024,2025-04-22,-60,2025-02-21,3495.0,2757
BOABF,2024,2025-04-22,-59,2025-02-22,,
BOABF,2024,2025-04-22,-58,2025-02-23,,
BOABF,2024,2025-04-22,-57,2025-02-24,3525.0,5339
BOABF,2024,2025-04-22,-56,2025-02-25,3445.0,12658
BOABF,2024,2025-04-22,-55,2025-02-26,3455.0,559
BOABF,2024,2025-04-22,-54,2025-02-27,3430.0,765
BOABF,2024,2025-04-22,-53,2025-02-28,3450.0,490
BOABF,2024,2025-04-22,-52,2025-03-01,,
BOABF,2024,2025-04-22,-51,2025-03-02,,
BOABF,2024,2025-04-22,-50,2025-03-03,3520.0,15679
BOABF,2024,2025-04-22,-49,2025-03-04,3780.0,6971
BOABF,2024,2025-04-22,-48,2025-03-05,4060.0,10725
BOABF,2024,2025-04-22,-47,2025-03-06,4200.0,41933
BOABF,2024,2025-04-22,-46,2025-03-07,4210.0,4393
BOABF,2024,2025-04-22,-45,2025-03-08,,
BOABF,2024,2025-04-22,-44,2025-03-09,,
BOABF,2024,2025-04-22,-43,2025-03-10,4250.0,6889
BOABF,2024,2025-04-22,-42,2025-03-11,4315.0,15668
BOABF,2024,2025-04-22,-41,2025-03-12,4315.0,2874
BOABF,2024,2025-04-22,-40,2025-03-13,4310.0,5425
BOABF,2024,2025-04-22,-39,2025-03-14,4350.0,19409
BOABF,2024,2025-04-22,-38,2025-03-15,,
BOABF,2024,2025-04-22,-37,2025-03-16,,
BOABF,2024,2025-04-22,-36,2025-03-17,4310.0,4380
BOABF,2024,2025-04-22,-35,2025-03-18,4325.0,1931
BOABF,2024,2025-04-22,-34,2025-03-19,4300.0,5781
BOABF,2024,2025-04-22,-33,2025-03-20,4320.0,7686
BOABF,2024,2025-04-22,-32,2025-03-21,4300.0,3797
BOABF,2024,2025-04-22,-31,2025-03-22,,
BOABF,2024,2025-04-22,-30,2025-03-23,,
BOABF,2024,2025-04-22,-29,2025-03-24,4290.0,4938
BOABF,2024,2025-04-22,-28,2025-03-25,4250.0,12303
BOABF,2024,2025-04-22,-27,2025-03-26,4250.0,8040
BOABF,2024,2025-04-22,-26,2025-03-27,,
BOABF,2024,2025-04-22,-25,2025-03-28,4245.0,24422
BOABF,2024,2025-04-22,-24,2025-03-29,,
BOABF,2024,2025-04-22,-23,2025-03-30,,
BOABF,2024,2025-04-22,-22,2025-03-31,,
BOABF,2024,2025-04-22,-21,2025-04-01,4200.0,11285
BOABF,2024,2025-04-22,-20,2025-04-02,4235.0,2447
BOABF,2024,2025-04-22,-19,2025-04-03,4200.0,2557
BOABF,2024,2025-04-22,-18,2025-04-04,4190.0,8503
BOABF,2024,2025-04-22,-17,2025-04-05,,
BOABF,2024,2025-04-22,-16,2025-04-06,,
BOABF,2024,2025-04-22,-15,2025-04-07,4205.0,11160
BOABF,2024,2025-04-22,-14,2025-04-08,4295.0,2710
BOABF,2024,2025-04-22,-13,2025-04-09,4310.0,22878
BOABF,2024,2025-04-22,-12,2025-04-10,4310.0,34487
BOABF,2024,2025-04-22,-11,2025-04-11,4300.0,1509
BOABF,2024,2025-04-22,-10,2025-04-12,,
BOABF,2024,2025-04-22,-9,2025-04-13,,
BOABF,2024,2025-04-22,-8,2025-04-14,4295.0,6812
BOABF,2024,2025-04-22,-7,2025-04-15,4285.0,5295
BOABF,2024,2025-04-22,-6,2025-04-16,4310.0,16666
BOABF,2024,2025-04-22,-5,2025-04-17,4020.0,1369
BOABF,2024,2025-04-22,-4,2025-04-18,3995.0,439
BOABF,2024,2025-04-22,-3,2025-04-19,,
BOABF,2024,2025-04-22,-2,2025-04-20,,
BOABF,2024,2025-04-22,-1,2025-04-21,,
BOABF,2024,2025-04-22,0,2025-04-22,3895.0,862
BOABF,2024,2025-04-22,1,2025-04-23,3825.0,1366
BOABF,2024,2025-04-22,2,2025-04-24,3700.0,3334
BOABF,2024,2025-04-22,3,2025-04-25,3640.0,2460
BOABF,2024,2025-04-22,4,2025-04-26,,
BOABF,2024,2025-04-22,5,2025-04-27,,
BOABF,2024,2025-04-22,6,2025-04-28,3600.0,2196
BOABF,2024,2025-04-22,7,2025-04-29,3505.0,3935
BOABF,2024,2025-04-22,8,2025-04-30,3250.0,7037
BOABF,2024,2025-04-22,9,2025-05-01,,
BOABF,2024,2025-04-22,10,2025-05-02,3210.0,7142
BOABF,2024,2025-04-22,11,2025-05-03,,
BOABF,2024,2025-04-22,12,2025-05-04,,
BOABF,2024,2025-04-22,13,2025-05-05,3250.0,12803
BOABF,2024,2025-04-22,14,2025-05-06,3375.0,3156
BOABF,2024,2025-04-22,15,2025-05-07,3250.0,3301
BOABF,2024,2025-04-22,16,2025-05-08,3225.0,5902
BOABF,2024,2025-04-22,17,2025-05-09,3230.0,5421
BOABF,2024,2025-04-22,18,2025-05-10,,
BOABF,2024,2025-04-22,19,2025-05-11,,
BOABF,2024,2025-04-22,20,2025-05-12,3365.0,4601
BOABF,2024,2025-04-22,21,2025-05-13,3495.0,11230
BOABF,2024,2025-04-22,22,2025-05-14,3380.0,5783
BOABF,2024,2025-04-22,23,2025-05-15,3490.0,1602
BOABF,2024,2025-04-22,24,2025-05-16,3490.0,685
BOABF,2024,2025-04-22,25,2025-05-17,,
BOABF,2024,2025-04-22,26,2025-05-18,,
BOABF,2024,2025-04-22,27,2025-05-19,3590.0,6272
BOABF,2024,2025-04-22,28,2025-05-20,3600.0,1174
BOABF,2024,2025-04-22,29,2025-05-21,3595.0,1746
BOABF,2024,2025-04-22,30,2025-05-22,3645.0,1687
BOABF,2024,2025-04-22,31,2025-05-23,3605.0,555
BOABF,2024,2025-04-22,32,2025-05-24,,
BOABF,2024,2025-04-22,33,2025-05-25,,
BOABF,2024,2025-04-22,34,2025-05-26,3500.0,3516
BOABF,2024,2025-04-22,35,2025-05-27,3545.0,3340
BOABF,2024,2025-04-22,36,2025-05-28,3600.0,2804
BOABF,2024,2025-04-22,37,2025-05-29,,
BOABF,2024,2025-04-22,38,2025-05-30,3620.0,1258
BOABF,2024,2025-04-22,39,2025-05-31,,
BOABF,2024,2025-04-22,40,2025-06-01,,
BOABF,2024,2025-04-22,41,2025-06-02,3550.0,2958
BOABF,2024,2025-04-22,42,2025-06-03,3630.0,850
BOABF,2024,2025-04-22,43,2025-06-04,3735.0,6213
BOABF,2024,2025-04-22,44,2025-06-05,3735.0,297
BOABF,2024,2025-04-22,45,2025-06-06,,
BOABF,2024,2025-04-22,46,2025-06-07,,
BOABF,2024,2025-04-22,47,2025-06-08,,
BOABF,2024,2025-04-22,48,2025-06-09,,
BOABF,2024,2025-04-22,49,2025-06-10,3800.0,6982
BOABF,2024,2025-04-22,50,2025-06-11,3790.0,2613
BOABF,2024,2025-04-22,51,2025-06-12,3800.0,1735
BOABF,2024,2025-04-22,52,2025-06-13,3640.0,12822
BOABF,2024,2025-04-22,53,2025-06-14,,
BOABF,2024,2025-04-22,54,2025-06-15,,
BOABF,2024,2025-04-22,55,2025-06-16,3790.0,5613
BOABF,2024,2025-04-22,56,2025-06-17,3650.0,1460
BOABF,2024,2025-04-22,57,2025-06-18,3650.0,1033
BOABF,2024,2025-04-22,58,2025-06-19,3650.0,4283
BOABF,2024,2025-04-22,59,2025-06-20,3650.0,856
BOABF,2024,2025-04-22,60,2025-06-21,,
BOABF,2025,2026-04-23,-60,2026-02-22,,
BOABF,2025,2026-04-23,-59,2026-02-23,4625.0,2967
BOABF,2025,2026-04-23,-58,2026-02-24,4660.0,1513
BOABF,2025,2026-04-23,-57,2026-02-25,4700.0,5825
BOABF,2025,2026-04-23,-56,2026-02-26,4790.0,5822
BOABF,2025,2026-04-23,-55,2026-02-27,4785.0,1327
BOABF,2025,2026-04-23,-54,2026-02-28,,
BOABF,2025,2026-04-23,-53,2026-03-01,,
BOABF,2025,2026-04-23,-52,2026-03-02,4700.0,6866
BOABF,2025,2026-04-23,-51,2026-03-03,4725.0,3382
BOABF,2025,2026-04-23,-50,2026-03-04,4700.0,5512
BOABF,2025,2026-04-23,-49,2026-03-05,4655.0,5547
BOABF,2025,2026-04-23,-48,2026-03-06,4720.0,5043
BOABF,2025,2026-04-23,-47,2026-03-07,,
BOABF,2025,2026-04-23,-46,2026-03-08,,
BOABF,2025,2026-04-23,-45,2026-03-09,5070.0,9899
BOABF,2025,2026-04-23,-44,2026-03-10,5200.0,27033
BOABF,2025,2026-04-23,-43,2026-03-11,5005.0,17348
BOABF,2025,2026-04-23,-42,2026-03-12,5200.0,13311
BOABF,2025,2026-04-23,-41,2026-03-13,5290.0,5474
BOABF,2025,2026-04-23,-40,2026-03-14,,
BOABF,2025,2026-04-23,-39,2026-03-15,,
BOABF,2025,2026-04-23,-38,2026-03-16,,
BOABF,2025,2026-04-23,-37,2026-03-17,5300.0,11293
BOABF,2025,2026-04-23,-36,2026-03-18,5420.0,3233
BOABF,2025,2026-04-23,-35,2026-03-19,5395.0,3377
BOABF,2025,2026-04-23,-34,2026-03-20,,
BOABF,2025,2026-04-23,-33,2026-03-21,,
BOABF,2025,2026-04-23,-32,2026-03-22,,
BOABF,2025,2026-04-23,-31,2026-03-23,,
BOABF,2025,2026-04-23,-30,2026-03-24,5415.0,3122
BOABF,2025,2026-04-23,-29,2026-03-25,5445.0,7171
BOABF,2025,2026-04-23,-28,2026-03-26,5445.0,2246
BOABF,2025,2026-04-23,-27,2026-03-27,5445.0,2246
BOABF,2025,2026-04-23,-26,2026-03-28,5510.0,11273
BOABF,2025,2026-04-23,-25,2026-03-29,5510.0,11273
BOABF,2025,2026-04-23,-24,2026-03-30,5510.0,11273
BOABF,2025,2026-04-23,-23,2026-03-31,5550.0,3199
BOABF,2025,2026-04-23,-22,2026-04-01,5540.0,5524
BOABF,2025,2026-04-23,-21,2026-04-02,5600.0,3100
BOABF,2025,2026-04-23,-20,2026-04-03,5600.0,3100
BOABF,2025,2026-04-23,-19,2026-04-04,5590.0,1145
BOABF,2025,2026-04-23,-18,2026-04-05,5590.0,1145
BOABF,2025,2026-04-23,-17,2026-04-06,5590.0,1145
BOABF,2025,2026-04-23,-16,2026-04-07,5650.0,6018
BOABF,2025,2026-04-23,-15,2026-04-08,5650.0,6018
BOABF,2025,2026-04-23,-14,2026-04-09,5675.0,4833
BOABF,2025,2026-04-23,-13,2026-04-10,5685.0,2807
BOABF,2025,2026-04-23,-12,2026-04-11,5680.0,2812
BOABF,2025,2026-04-23,-11,2026-04-12,5680.0,2812
BOABF,2025,2026-04-23,-10,2026-04-13,5680.0,4150
BOABF,2025,2026-04-23,-9,2026-04-14,5680.0,4150
BOABF,2025,2026-04-23,-8,2026-04-15,5645.0,3266
BOABF,2025,2026-04-23,-7,2026-04-16,5630.0,2763
BOABF,2025,2026-04-23,-6,2026-04-17,5630.0,8558
BOABF,2025,2026-04-23,-5,2026-04-18,5630.0,3817
BOABF,2025,2026-04-23,-4,2026-04-19,5630.0,3817
BOABF,2025,2026-04-23,-3,2026-04-20,5630.0,3817
BOABF,2025,2026-04-23,-2,2026-04-21,5645.0,8009
BOABF,2025,2026-04-23,-1,2026-04-22,5630.0,8642
BOABF,2025,2026-04-23,0,2026-04-23,5420.0,16869
BOABF,2025,2026-04-23,1,2026-04-24,5400.0,12474
BOABF,2025,2026-04-23,2,2026-04-25,5400.0,5585
BOABF,2025,2026-04-23,3,2026-04-26,5400.0,5585
BOABF,2025,2026-04-23,4,2026-04-27,5400.0,5585
BOABF,2025,2026-04-23,5,2026-04-28,5450.0,20173
BOABF,2025,2026-04-23,6,2026-04-29,5450.0,6825
BOABF,2025,2026-04-23,7,2026-04-30,5500.0,9804
BOABF,2025,2026-04-23,8,2026-05-01,5650.0,1822
BOABF,2025,2026-04-23,9,2026-05-02,5650.0,1822
BOABF,2025,2026-04-23,10,2026-05-03,5650.0,1822
BOABF,2025,2026-04-23,11,2026-05-04,5650.0,1822
BOABF,2025,2026-04-23,12,2026-05-05,5410.0,3505
BOABF,2025,2026-04-23,13,2026-05-06,5405.0,3217
BOABF,2025,2026-04-23,14,2026-05-07,5405.0,4911
BOABF,2025,2026-04-23,15,2026-05-08,5400.0,4613
BOABF,2025,2026-04-23,16,2026-05-09,5400.0,1414
BOABF,2025,2026-04-23,17,2026-05-10,5400.0,1414
BOABF,2025,2026-04-23,18,2026-05-11,5400.0,1414
BOABF,2025,2026-04-23,19,2026-05-12,5410.0,3605
BOABF,2025,2026-04-23,20,2026-05-13,5410.0,5219
BOABF,2025,2026-04-23,21,2026-05-14,5405.0,2437
BOABF,2025,2026-04-23,22,2026-05-15,5405.0,2437
BOABF,2025,2026-04-23,23,2026-05-16,5400.0,1708
BOABF,2025,2026-04-23,24,2026-05-17,5400.0,1708
BOABF,2025,2026-04-23,25,2026-05-18,5400.0,0
BOABF,2025,2026-04-23,26,2026-05-19,5400.0,1662
BOABF,2025,2026-04-23,27,2026-05-20,5405.0,2001
BOABF,2025,2026-04-23,28,2026-05-21,5415.0,2248
BOABF,2025,2026-04-23,29,2026-05-22,5415.0,4997
BOABF,2025,2026-04-23,30,2026-05-23,5440.0,11708
BOABF,2025,2026-04-23,31,2026-05-24,5440.0,11708
BOABF,2025,2026-04-23,32,2026-05-25,5440.0,11708
BOABF,2025,2026-04-23,33,2026-05-26,5500.0,1460
BOABF,2025,2026-04-23,34,2026-05-27,5500.0,1460
BOABF,2025,2026-04-23,35,2026-05-28,5500.0,0
BOABF,2025,2026-04-23,36,2026-05-29,5600.0,0
BOABF,2025,2026-04-23,37,2026-05-30,5600.0,1147
BOABF,2025,2026-04-23,38,2026-05-31,5600.0,1147
BOABF,2025,2026-04-23,39,2026-06-01,5590.0,700
BOABF,2025,2026-04-23,40,2026-06-02,5600.0,979
BOABF,2025,2026-04-23,41,2026-06-03,,
BOABF,2025,2026-04-23,42,2026-06-04,5590.0,1350
BOABF,2025,2026-04-23,43,2026-06-05,5590.0,1350
BOABF,2025,2026-04-23,44,2026-06-06,5590.0,3452
BOABF,2025,2026-04-23,45,2026-06-07,5590.0,3452
BOABF,2025,2026-04-23,46,2026-06-08,5585.0,297
BOABF,2025,2026-04-23,47,2026-06-09,5550.0,3124
BOABF,2025,2026-04-23,48,2026-06-10,5595.0,0
BOABF,2025,2026-04-23,49,2026-06-11,5550.0,0
BOABF,2025,2026-04-23,50,2026-06-12,5550.0,0
BOABF,2025,2026-04-23,51,2026-06-13,5585.0,8937
BOABF,2025,2026-04-23,52,2026-06-14,5585.0,8937
BOABF,2025,2026-04-23,53,2026-06-15,5585.0,859
BOABF,2025,2026-04-23,54,2026-06-16,5450.0,333
BOABF,2025,2026-04-23,55,2026-06-17,5255.0,1848
BOABF,2025,2026-04-23,56,2026-06-18,5380.0,248
BOABF,2025,2026-04-23,57,2026-06-19,5450.0,840
BOABF,2025,2026-04-23,58,2026-06-20,5555.0,6348
BOABF,2025,2026-04-23,59,2026-06-21,5555.0,6348
BOABF,2025,2026-04-23,60,2026-06-22,5595.0,1562
BOAC,2021,2022-04-28,-60,2022-02-27,,
BOAC,2021,2022-04-28,-59,2022-02-28,2732.5,14355
BOAC,2021,2022-04-28,-58,2022-03-01,2737.5,1285
BOAC,2021,2022-04-28,-57,2022-03-02,2750.0,451
BOAC,2021,2022-04-28,-56,2022-03-03,2850.0,4136
BOAC,2021,2022-04-28,-55,2022-03-04,2777.5,314
BOAC,2021,2022-04-28,-54,2022-03-05,,
BOAC,2021,2022-04-28,-53,2022-03-06,,
BOAC,2021,2022-04-28,-52,2022-03-07,2800.0,436
BOAC,2021,2022-04-28,-51,2022-03-08,2845.0,359
BOAC,2021,2022-04-28,-50,2022-03-09,2775.0,4400
BOAC,2021,2022-04-28,-49,2022-03-10,2740.0,1822
BOAC,2021,2022-04-28,-48,2022-03-11,2897.5,5672
BOAC,2021,2022-04-28,-47,2022-03-12,,
BOAC,2021,2022-04-28,-46,2022-03-13,,
BOAC,2021,2022-04-28,-45,2022-03-14,2875.0,2572
BOAC,2021,2022-04-28,-44,2022-03-15,2695.0,28965
BOAC,2021,2022-04-28,-43,2022-03-16,2695.0,1335
BOAC,2021,2022-04-28,-42,2022-03-17,2750.0,516
BOAC,2021,2022-04-28,-41,2022-03-18,2700.0,1571
BOAC,2021,2022-04-28,-40,2022-03-19,,
BOAC,2021,2022-04-28,-39,2022-03-20,,
BOAC,2021,2022-04-28,-38,2022-03-21,2725.0,187
BOAC,2021,2022-04-28,-37,2022-03-22,2800.0,1592
BOAC,2021,2022-04-28,-36,2022-03-23,2725.0,1397
BOAC,2021,2022-04-28,-35,2022-03-24,2747.5,513
BOAC,2021,2022-04-28,-34,2022-03-25,2730.0,1245
BOAC,2021,2022-04-28,-33,2022-03-26,,
BOAC,2021,2022-04-28,-32,2022-03-27,,
BOAC,2021,2022-04-28,-31,2022-03-28,2747.5,3368
BOAC,2021,2022-04-28,-30,2022-03-29,2740.0,88
BOAC,2021,2022-04-28,-29,2022-03-30,2900.0,9399
BOAC,2021,2022-04-28,-28,2022-03-31,2697.5,7258
BOAC,2021,2022-04-28,-27,2022-04-01,2800.0,86
BOAC,2021,2022-04-28,-26,2022-04-02,,
BOAC,2021,2022-04-28,-25,2022-04-03,,
BOAC,2021,2022-04-28,-24,2022-04-04,2800.0,616
BOAC,2021,2022-04-28,-23,2022-04-05,2850.0,800
BOAC,2021,2022-04-28,-22,2022-04-06,2800.0,15
BOAC,2021,2022-04-28,-21,2022-04-07,2800.0,139
BOAC,2021,2022-04-28,-20,2022-04-08,2797.5,197
BOAC,2021,2022-04-28,-19,2022-04-09,,
BOAC,2021,2022-04-28,-18,2022-04-10,,
BOAC,2021,2022-04-28,-17,2022-04-11,2750.0,5754
BOAC,2021,2022-04-28,-16,2022-04-12,2750.0,346
BOAC,2021,2022-04-28,-15,2022-04-13,2730.0,675
BOAC,2021,2022-04-28,-14,2022-04-14,2740.0,1021
BOAC,2021,2022-04-28,-13,2022-04-15,2740.0,210
BOAC,2021,2022-04-28,-12,2022-04-16,,
BOAC,2021,2022-04-28,-11,2022-04-17,,
BOAC,2021,2022-04-28,-10,2022-04-18,,
BOAC,2021,2022-04-28,-9,2022-04-19,2740.0,100
BOAC,2021,2022-04-28,-8,2022-04-20,2700.0,904
BOAC,2021,2022-04-28,-7,2022-04-21,2695.0,690
BOAC,2021,2022-04-28,-6,2022-04-22,2695.0,236
BOAC,2021,2022-04-28,-5,2022-04-23,,
BOAC,2021,2022-04-28,-4,2022-04-24,,
BOAC,2021,2022-04-28,-3,2022-04-25,2725.0,516
BOAC,2021,2022-04-28,-2,2022-04-26,2687.5,489
BOAC,2021,2022-04-28,-1,2022-04-27,2647.5,3596
BOAC,2021,2022-04-28,0,2022-04-28,,
BOAC,2021,2022-04-28,1,2022-04-29,2645.0,131
BOAC,2021,2022-04-28,2,2022-04-30,,
BOAC,2021,2022-04-28,3,2022-05-01,,
BOAC,2021,2022-04-28,4,2022-05-02,,
BOAC,2021,2022-04-28,5,2022-05-03,2607.5,563
BOAC,2021,2022-04-28,6,2022-05-04,2600.0,218
BOAC,2021,2022-04-28,7,2022-05-05,2525.0,346
BOAC,2021,2022-04-28,8,2022-05-06,2587.5,164
BOAC,2021,2022-04-28,9,2022-05-07,,
BOAC,2021,2022-04-28,10,2022-05-08,,
BOAC,2021,2022-04-28,11,2022-05-09,2587.5,40
BOAC,2021,2022-04-28,12,2022-05-10,2500.0,119
BOAC,2021,2022-04-28,13,2022-05-11,2475.0,226
BOAC,2021,2022-04-28,14,2022-05-12,2497.5,1141
BOAC,2021,2022-04-28,15,2022-05-13,2597.5,314
BOAC,2021,2022-04-28,16,2022-05-14,,
BOAC,2021,2022-04-28,17,2022-05-15,,
BOAC,2021,2022-04-28,18,2022-05-16,2500.0,590
BOAC,2021,2022-04-28,19,2022-05-17,2475.0,223
BOAC,2021,2022-04-28,20,2022-05-18,2472.5,877
BOAC,2021,2022-04-28,21,2022-05-19,2472.5,106
BOAC,2021,2022-04-28,22,2022-05-20,2462.5,31
BOAC,2021,2022-04-28,23,2022-05-21,,
BOAC,2021,2022-04-28,24,2022-05-22,,
BOAC,2021,2022-04-28,25,2022-05-23,2470.0,402
BOAC,2021,2022-04-28,26,2022-05-24,2340.0,221
BOAC,2021,2022-04-28,27,2022-05-25,2340.0,279
BOAC,2021,2022-04-28,28,2022-05-26,,
BOAC,2021,2022-04-28,29,2022-05-27,2472.5,2300
BOAC,2021,2022-04-28,30,2022-05-28,,
BOAC,2021,2022-04-28,31,2022-05-29,,
BOAC,2021,2022-04-28,32,2022-05-30,2600.0,2445
BOAC,2021,2022-04-28,33,2022-05-31,2525.0,433
BOAC,2021,2022-04-28,34,2022-06-01,2600.0,7837
BOAC,2021,2022-04-28,35,2022-06-02,2600.0,1308
BOAC,2021,2022-04-28,36,2022-06-03,2550.0,210
BOAC,2021,2022-04-28,37,2022-06-04,,
BOAC,2021,2022-04-28,38,2022-06-05,,
BOAC,2021,2022-04-28,39,2022-06-06,,
BOAC,2021,2022-04-28,40,2022-06-07,2600.0,282
BOAC,2021,2022-04-28,41,2022-06-08,2525.0,203
BOAC,2021,2022-04-28,42,2022-06-09,2525.0,121
BOAC,2021,2022-04-28,43,2022-06-10,2525.0,285
BOAC,2021,2022-04-28,44,2022-06-11,,
BOAC,2021,2022-04-28,45,2022-06-12,,
BOAC,2021,2022-04-28,46,2022-06-13,2600.0,200
BOAC,2021,2022-04-28,47,2022-06-14,2600.0,144
BOAC,2021,2022-04-28,48,2022-06-15,2600.0,324
BOAC,2021,2022-04-28,49,2022-06-16,2600.0,580
BOAC,2021,2022-04-28,50,2022-06-17,2600.0,53
BOAC,2021,2022-04-28,51,2022-06-18,,
BOAC,2021,2022-04-28,52,2022-06-19,,
BOAC,2021,2022-04-28,53,2022-06-20,2600.0,638
BOAC,2021,2022-04-28,54,2022-06-21,2600.0,234
BOAC,2021,2022-04-28,55,2022-06-22,2600.0,62
BOAC,2021,2022-04-28,56,2022-06-23,2445.0,18
BOAC,2021,2022-04-28,57,2022-06-24,2600.0,231
BOAC,2021,2022-04-28,58,2022-06-25,,
BOAC,2021,2022-04-28,59,2022-06-26,,
BOAC,2021,2022-04-28,60,2022-06-27,2550.0,607
BOAC,2022,2023-04-28,-60,2023-02-27,2132.5,1027
BOAC,2022,2023-04-28,-59,2023-02-28,2125.0,3323
BOAC,2022,2023-04-28,-58,2023-03-01,2125.0,184
BOAC,2022,2023-04-28,-57,2023-03-02,2125.0,222
BOAC,2022,2023-04-28,-56,2023-03-03,2125.0,1213
BOAC,2022,2023-04-28,-55,2023-03-04,,
BOAC,2022,2023-04-28,-54,2023-03-05,,
BOAC,2022,2023-04-28,-53,2023-03-06,2120.0,2072
BOAC,2022,2023-04-28,-52,2023-03-07,2277.5,3203
BOAC,2022,2023-04-28,-51,2023-03-08,2270.0,2958
BOAC,2022,2023-04-28,-50,2023-03-09,2300.0,978
BOAC,2022,2023-04-28,-49,2023-03-10,2472.5,5745
BOAC,2022,2023-04-28,-48,2023-03-11,,
BOAC,2022,2023-04-28,-47,2023-03-12,,
BOAC,2022,2023-04-28,-46,2023-03-13,2600.0,14593
BOAC,2022,2023-04-28,-45,2023-03-14,2542.5,11502
BOAC,2022,2023-04-28,-44,2023-03-15,2557.5,4375
BOAC,2022,2023-04-28,-43,2023-03-16,2547.5,4901
BOAC,2022,2023-04-28,-42,2023-03-17,2557.5,8742
BOAC,2022,2023-04-28,-41,2023-03-18,,
BOAC,2022,2023-04-28,-40,2023-03-19,,
BOAC,2022,2023-04-28,-39,2023-03-20,2542.5,13677
BOAC,2022,2023-04-28,-38,2023-03-21,2547.5,5538
BOAC,2022,2023-04-28,-37,2023-03-22,2500.0,5111
BOAC,2022,2023-04-28,-36,2023-03-23,2525.0,2330
BOAC,2022,2023-04-28,-35,2023-03-24,2600.0,5887
BOAC,2022,2023-04-28,-34,2023-03-25,,
BOAC,2022,2023-04-28,-33,2023-03-26,,
BOAC,2022,2023-04-28,-32,2023-03-27,2600.0,554
BOAC,2022,2023-04-28,-31,2023-03-28,2550.0,749
BOAC,2022,2023-04-28,-30,2023-03-29,2552.5,1301
BOAC,2022,2023-04-28,-29,2023-03-30,2545.0,2789
BOAC,2022,2023-04-28,-28,2023-03-31,2575.0,830
BOAC,2022,2023-04-28,-27,2023-04-01,,
BOAC,2022,2023-04-28,-26,2023-04-02,,
BOAC,2022,2023-04-28,-25,2023-04-03,2550.0,1516
BOAC,2022,2023-04-28,-24,2023-04-04,2595.0,3798
BOAC,2022,2023-04-28,-23,2023-04-05,2595.0,1360
BOAC,2022,2023-04-28,-22,2023-04-06,2600.0,1891
BOAC,2022,2023-04-28,-21,2023-04-07,2600.0,1165
BOAC,2022,2023-04-28,-20,2023-04-08,,
BOAC,2022,2023-04-28,-19,2023-04-09,,
BOAC,2022,2023-04-28,-18,2023-04-10,,
BOAC,2022,2023-04-28,-17,2023-04-11,2600.0,1204
BOAC,2022,2023-04-28,-16,2023-04-12,2575.0,14166
BOAC,2022,2023-04-28,-15,2023-04-13,2575.0,13044
BOAC,2022,2023-04-28,-14,2023-04-14,2575.0,7678
BOAC,2022,2023-04-28,-13,2023-04-15,,
BOAC,2022,2023-04-28,-12,2023-04-16,,
BOAC,2022,2023-04-28,-11,2023-04-17,2600.0,10375
BOAC,2022,2023-04-28,-10,2023-04-18,,
BOAC,2022,2023-04-28,-9,2023-04-19,2612.5,21042
BOAC,2022,2023-04-28,-8,2023-04-20,2575.0,3750
BOAC,2022,2023-04-28,-7,2023-04-21,,
BOAC,2022,2023-04-28,-6,2023-04-22,,
BOAC,2022,2023-04-28,-5,2023-04-23,,
BOAC,2022,2023-04-28,-4,2023-04-24,2575.0,3174
BOAC,2022,2023-04-28,-3,2023-04-25,2547.5,6010
BOAC,2022,2023-04-28,-2,2023-04-26,2295.0,5990
BOAC,2022,2023-04-28,-1,2023-04-27,2425.0,14089
BOAC,2022,2023-04-28,0,2023-04-28,2500.0,2193
BOAC,2022,2023-04-28,1,2023-04-29,,
BOAC,2022,2023-04-28,2,2023-04-30,,
BOAC,2022,2023-04-28,3,2023-05-01,,
BOAC,2022,2023-04-28,4,2023-05-02,2420.0,3845
BOAC,2022,2023-04-28,5,2023-05-03,2417.5,4179
BOAC,2022,2023-04-28,6,2023-05-04,2400.0,24958
BOAC,2022,2023-04-28,7,2023-05-05,2397.5,10412
BOAC,2022,2023-04-28,8,2023-05-06,,
BOAC,2022,2023-04-28,9,2023-05-07,,
BOAC,2022,2023-04-28,10,2023-05-08,2400.0,11103
BOAC,2022,2023-04-28,11,2023-05-09,2397.5,18896
BOAC,2022,2023-04-28,12,2023-05-10,2395.0,8317
BOAC,2022,2023-04-28,13,2023-05-11,2422.5,3962
BOAC,2022,2023-04-28,14,2023-05-12,2412.5,12270
BOAC,2022,2023-04-28,15,2023-05-13,,
BOAC,2022,2023-04-28,16,2023-05-14,,
BOAC,2022,2023-04-28,17,2023-05-15,2422.5,4716
BOAC,2022,2023-04-28,18,2023-05-16,2472.5,9532
BOAC,2022,2023-04-28,19,2023-05-17,2450.0,6334
BOAC,2022,2023-04-28,20,2023-05-18,,
BOAC,2022,2023-04-28,21,2023-05-19,2450.0,2254
BOAC,2022,2023-04-28,22,2023-05-20,,
BOAC,2022,2023-04-28,23,2023-05-21,,
BOAC,2022,2023-04-28,24,2023-05-22,2450.0,9242
BOAC,2022,2023-04-28,25,2023-05-23,2475.0,6329
BOAC,2022,2023-04-28,26,2023-05-24,2497.5,4460
BOAC,2022,2023-04-28,27,2023-05-25,2447.5,2611
BOAC,2022,2023-04-28,28,2023-05-26,2400.0,2442
BOAC,2022,2023-04-28,29,2023-05-27,,
BOAC,2022,2023-04-28,30,2023-05-28,,
BOAC,2022,2023-04-28,31,2023-05-29,,
BOAC,2022,2023-04-28,32,2023-05-30,2470.0,5459
BOAC,2022,2023-04-28,33,2023-05-31,2497.5,756
BOAC,2022,2023-04-28,34,2023-06-01,2497.5,2971
BOAC,2022,2023-04-28,35,2023-06-02,2522.5,937
BOAC,2022,2023-04-28,36,2023-06-03,,
BOAC,2022,2023-04-28,37,2023-06-04,,
BOAC,2022,2023-04-28,38,2023-06-05,2522.5,3371
BOAC,2022,2023-04-28,39,2023-06-06,2520.0,3667
BOAC,2022,2023-04-28,40,2023-06-07,2525.0,1759
BOAC,2022,2023-04-28,41,2023-06-08,2550.0,4656
BOAC,2022,2023-04-28,42,2023-06-09,2575.0,3805
BOAC,2022,2023-04-28,43,2023-06-10,,
BOAC,2022,2023-04-28,44,2023-06-11,,
BOAC,2022,2023-04-28,45,2023-06-12,2600.0,7413
BOAC,2022,2023-04-28,46,2023-06-13,2600.0,16744
BOAC,2022,2023-04-28,47,2023-06-14,2657.5,2516
BOAC,2022,2023-04-28,48,2023-06-15,2657.5,100757
BOAC,2022,2023-04-28,49,2023-06-16,2700.0,3132
BOAC,2022,2023-04-28,50,2023-06-17,,
BOAC,2022,2023-04-28,51,2023-06-18,,
BOAC,2022,2023-04-28,52,2023-06-19,2697.5,1089
BOAC,2022,2023-04-28,53,2023-06-20,2675.0,5169
BOAC,2022,2023-04-28,54,2023-06-21,2725.0,2499
BOAC,2022,2023-04-28,55,2023-06-22,2750.0,2499
BOAC,2022,2023-04-28,56,2023-06-23,2750.0,2303
BOAC,2022,2023-04-28,57,2023-06-24,,
BOAC,2022,2023-04-28,58,2023-06-25,,
BOAC,2022,2023-04-28,59,2023-06-26,2725.0,3640
BOAC,2022,2023-04-28,60,2023-06-27,2775.0,948
BOAC,2023,2024-04-29,-60,2024-02-29,3600.0,1292
BOAC,2023,2024-04-29,-59,2024-03-01,3570.0,912
BOAC,2023,2024-04-29,-58,2024-03-02,,
BOAC,2023,2024-04-29,-57,2024-03-03,,
BOAC,2023,2024-04-29,-56,2024-03-04,3565.0,3536
BOAC,2023,2024-04-29,-55,2024-03-05,3595.0,1647
BOAC,2023,2024-04-29,-54,2024-03-06,3595.0,1209
BOAC,2023,2024-04-29,-53,2024-03-07,3622.5,2977
BOAC,2023,2024-04-29,-52,2024-03-08,3625.0,2074
BOAC,2023,2024-04-29,-51,2024-03-09,,
BOAC,2023,2024-04-29,-50,2024-03-10,,
BOAC,2023,2024-04-29,-49,2024-03-11,3622.5,2033
BOAC,2023,2024-04-29,-48,2024-03-12,3625.0,854
BOAC,2023,2024-04-29,-47,2024-03-13,3650.0,859
BOAC,2023,2024-04-29,-46,2024-03-14,3640.0,20
BOAC,2023,2024-04-29,-45,2024-03-15,3625.0,970
BOAC,2023,2024-04-29,-44,2024-03-16,,
BOAC,2023,2024-04-29,-43,2024-03-17,,
BOAC,2023,2024-04-29,-42,2024-03-18,3637.5,6396
BOAC,2023,2024-04-29,-41,2024-03-19,3645.0,3958
BOAC,2023,2024-04-29,-40,2024-03-20,3650.0,1501
BOAC,2023,2024-04-29,-39,2024-03-21,3590.0,1835
BOAC,2023,2024-04-29,-38,2024-03-22,3650.0,3737
BOAC,2023,2024-04-29,-37,2024-03-23,,
BOAC,2023,2024-04-29,-36,2024-03-24,,
BOAC,2023,2024-04-29,-35,2024-03-25,3640.0,4462
BOAC,2023,2024-04-29,-34,2024-03-26,3635.0,882
BOAC,2023,2024-04-29,-33,2024-03-27,3625.0,1597
BOAC,2023,2024-04-29,-32,2024-03-28,3635.0,839
BOAC,2023,2024-04-29,-31,2024-03-29,3637.5,1064
BOAC,2023,2024-04-29,-30,2024-03-30,,
BOAC,2023,2024-04-29,-29,2024-03-31,,
BOAC,2023,2024-04-29,-28,2024-04-01,,
BOAC,2023,2024-04-29,-27,2024-04-02,3625.0,1925
BOAC,2023,2024-04-29,-26,2024-04-03,3630.0,1524
BOAC,2023,2024-04-29,-25,2024-04-04,3640.0,1375
BOAC,2023,2024-04-29,-24,2024-04-05,3625.0,1989
BOAC,2023,2024-04-29,-23,2024-04-06,,
BOAC,2023,2024-04-29,-22,2024-04-07,,
BOAC,2023,2024-04-29,-21,2024-04-08,3552.5,2095
BOAC,2023,2024-04-29,-20,2024-04-09,3622.5,3706
BOAC,2023,2024-04-29,-19,2024-04-10,,
BOAC,2023,2024-04-29,-18,2024-04-11,3600.0,17118
BOAC,2023,2024-04-29,-17,2024-04-12,3637.5,2263
BOAC,2023,2024-04-29,-16,2024-04-13,,
BOAC,2023,2024-04-29,-15,2024-04-14,,
BOAC,2023,2024-04-29,-14,2024-04-15,3625.0,2175
BOAC,2023,2024-04-29,-13,2024-04-16,3622.5,4785
BOAC,2023,2024-04-29,-12,2024-04-17,3600.0,4708
BOAC,2023,2024-04-29,-11,2024-04-18,3600.0,18050
BOAC,2023,2024-04-29,-10,2024-04-19,3600.0,15424
BOAC,2023,2024-04-29,-9,2024-04-20,,
BOAC,2023,2024-04-29,-8,2024-04-21,,
BOAC,2023,2024-04-29,-7,2024-04-22,3647.5,2327
BOAC,2023,2024-04-29,-6,2024-04-23,3700.0,4922
BOAC,2023,2024-04-29,-5,2024-04-24,3625.0,5824
BOAC,2023,2024-04-29,-4,2024-04-25,3497.5,3888
BOAC,2023,2024-04-29,-3,2024-04-26,3490.0,4636
BOAC,2023,2024-04-29,-2,2024-04-27,,
BOAC,2023,2024-04-29,-1,2024-04-28,,
BOAC,2023,2024-04-29,0,2024-04-29,3420.0,2684
BOAC,2023,2024-04-29,1,2024-04-30,3420.0,13029
BOAC,2023,2024-04-29,2,2024-05-01,,
BOAC,2023,2024-04-29,3,2024-05-02,3375.0,1927
BOAC,2023,2024-04-29,4,2024-05-03,3375.0,2155
BOAC,2023,2024-04-29,5,2024-05-04,,
BOAC,2023,2024-04-29,6,2024-05-05,,
BOAC,2023,2024-04-29,7,2024-05-06,3362.5,1660
BOAC,2023,2024-04-29,8,2024-05-07,3357.5,2502
BOAC,2023,2024-04-29,9,2024-05-08,3300.0,4907
BOAC,2023,2024-04-29,10,2024-05-09,,
BOAC,2023,2024-04-29,11,2024-05-10,3342.5,6568
BOAC,2023,2024-04-29,12,2024-05-11,,
BOAC,2023,2024-04-29,13,2024-05-12,,
BOAC,2023,2024-04-29,14,2024-05-13,3325.0,3790
BOAC,2023,2024-04-29,15,2024-05-14,3435.0,1638
BOAC,2023,2024-04-29,16,2024-05-15,3550.0,15450
BOAC,2023,2024-04-29,17,2024-05-16,3525.0,5272
BOAC,2023,2024-04-29,18,2024-05-17,3497.5,734
BOAC,2023,2024-04-29,19,2024-05-18,,
BOAC,2023,2024-04-29,20,2024-05-19,,
BOAC,2023,2024-04-29,21,2024-05-20,,
BOAC,2023,2024-04-29,22,2024-05-21,3452.5,738
BOAC,2023,2024-04-29,23,2024-05-22,3490.0,2798
BOAC,2023,2024-04-29,24,2024-05-23,3487.5,1116
BOAC,2023,2024-04-29,25,2024-05-24,3500.0,6583
BOAC,2023,2024-04-29,26,2024-05-25,,
BOAC,2023,2024-04-29,27,2024-05-26,,
BOAC,2023,2024-04-29,28,2024-05-27,3525.0,2588
BOAC,2023,2024-04-29,29,2024-05-28,3490.0,1810
BOAC,2023,2024-04-29,30,2024-05-29,3490.0,1619
BOAC,2023,2024-04-29,31,2024-05-30,3545.0,1663
BOAC,2023,2024-04-29,32,2024-05-31,3535.0,1349
BOAC,2023,2024-04-29,33,2024-06-01,,
BOAC,2023,2024-04-29,34,2024-06-02,,
BOAC,2023,2024-04-29,35,2024-06-03,3497.5,1504
BOAC,2023,2024-04-29,36,2024-06-04,3535.0,2004
BOAC,2023,2024-04-29,37,2024-06-05,3502.5,2065
BOAC,2023,2024-04-29,38,2024-06-06,3505.0,2042
BOAC,2023,2024-04-29,39,2024-06-07,3535.0,1026
BOAC,2023,2024-04-29,40,2024-06-08,,
BOAC,2023,2024-04-29,41,2024-06-09,,
BOAC,2023,2024-04-29,42,2024-06-10,3535.0,1650
BOAC,2023,2024-04-29,43,2024-06-11,3525.0,320
BOAC,2023,2024-04-29,44,2024-06-12,3535.0,1212
BOAC,2023,2024-04-29,45,2024-06-13,3700.0,2250
BOAC,2023,2024-04-29,46,2024-06-14,3750.0,4362
BOAC,2023,2024-04-29,47,2024-06-15,,
BOAC,2023,2024-04-29,48,2024-06-16,,
BOAC,2023,2024-04-29,49,2024-06-17,,
BOAC,2023,2024-04-29,50,2024-06-18,3737.5,2158
BOAC,2023,2024-04-29,51,2024-06-19,3700.0,586
BOAC,2023,2024-04-29,52,2024-06-20,3672.5,672
BOAC,2023,2024-04-29,53,2024-06-21,3647.5,496
BOAC,2023,2024-04-29,54,2024-06-22,,
BOAC,2023,2024-04-29,55,2024-06-23,,
BOAC,2023,2024-04-29,56,2024-06-24,3647.5,1166
BOAC,2023,2024-04-29,57,2024-06-25,3650.0,1552
BOAC,2023,2024-04-29,58,2024-06-26,3697.5,1472
BOAC,2023,2024-04-29,59,2024-06-27,3655.0,522
BOAC,2023,2024-04-29,60,2024-06-28,3720.0,627
BOAC,2024,2025-05-20,-60,2025-03-21,6125.0,4955
BOAC,2024,2025-05-20,-59,2025-03-22,,
BOAC,2024,2025-05-20,-58,2025-03-23,,
BOAC,2024,2025-05-20,-57,2025-03-24,6100.0,6645
BOAC,2024,2025-05-20,-56,2025-03-25,6100.0,5843
BOAC,2024,2025-05-20,-55,2025-03-26,6110.0,1297
BOAC,2024,2025-05-20,-54,2025-03-27,,
BOAC,2024,2025-05-20,-53,2025-03-28,6110.0,15374
BOAC,2024,2025-05-20,-52,2025-03-29,,
BOAC,2024,2025-05-20,-51,2025-03-30,,
BOAC,2024,2025-05-20,-50,2025-03-31,,
BOAC,2024,2025-05-20,-49,2025-04-01,6010.0,2879
BOAC,2024,2025-05-20,-48,2025-04-02,6090.0,5276
BOAC,2024,2025-05-20,-47,2025-04-03,6090.0,8694
BOAC,2024,2025-05-20,-46,2025-04-04,6000.0,6077
BOAC,2024,2025-05-20,-45,2025-04-05,,
BOAC,2024,2025-05-20,-44,2025-04-06,,
BOAC,2024,2025-05-20,-43,2025-04-07,6000.0,12654
BOAC,2024,2025-05-20,-42,2025-04-08,5985.0,2838
BOAC,2024,2025-05-20,-41,2025-04-09,5605.0,2644
BOAC,2024,2025-05-20,-40,2025-04-10,5800.0,2032
BOAC,2024,2025-05-20,-39,2025-04-11,5950.0,2758
BOAC,2024,2025-05-20,-38,2025-04-12,,
BOAC,2024,2025-05-20,-37,2025-04-13,,
BOAC,2024,2025-05-20,-36,2025-04-14,6000.0,1347
BOAC,2024,2025-05-20,-35,2025-04-15,5995.0,1172
BOAC,2024,2025-05-20,-34,2025-04-16,6000.0,3290
BOAC,2024,2025-05-20,-33,2025-04-17,5995.0,1974
BOAC,2024,2025-05-20,-32,2025-04-18,5990.0,917
BOAC,2024,2025-05-20,-31,2025-04-19,,
BOAC,2024,2025-05-20,-30,2025-04-20,,
BOAC,2024,2025-05-20,-29,2025-04-21,,
BOAC,2024,2025-05-20,-28,2025-04-22,6000.0,2903
BOAC,2024,2025-05-20,-27,2025-04-23,6100.0,25685
BOAC,2024,2025-05-20,-26,2025-04-24,6100.0,4305
BOAC,2024,2025-05-20,-25,2025-04-25,6095.0,4187
BOAC,2024,2025-05-20,-24,2025-04-26,,
BOAC,2024,2025-05-20,-23,2025-04-27,,
BOAC,2024,2025-05-20,-22,2025-04-28,6060.0,10131
BOAC,2024,2025-05-20,-21,2025-04-29,6090.0,7681
BOAC,2024,2025-05-20,-20,2025-04-30,6100.0,2632
BOAC,2024,2025-05-20,-19,2025-05-01,,
BOAC,2024,2025-05-20,-18,2025-05-02,6100.0,5229
BOAC,2024,2025-05-20,-17,2025-05-03,,
BOAC,2024,2025-05-20,-16,2025-05-04,,
BOAC,2024,2025-05-20,-15,2025-05-05,6050.0,1654
BOAC,2024,2025-05-20,-14,2025-05-06,6050.0,4294
BOAC,2024,2025-05-20,-13,2025-05-07,6095.0,3633
BOAC,2024,2025-05-20,-12,2025-05-08,6200.0,2736
BOAC,2024,2025-05-20,-11,2025-05-09,6245.0,4349
BOAC,2024,2025-05-20,-10,2025-05-10,,
BOAC,2024,2025-05-20,-9,2025-05-11,,
BOAC,2024,2025-05-20,-8,2025-05-12,6255.0,23070
BOAC,2024,2025-05-20,-7,2025-05-13,6250.0,3789
BOAC,2024,2025-05-20,-6,2025-05-14,6200.0,4005
BOAC,2024,2025-05-20,-5,2025-05-15,6125.0,3235
BOAC,2024,2025-05-20,-4,2025-05-16,5990.0,2107
BOAC,2024,2025-05-20,-3,2025-05-17,,
BOAC,2024,2025-05-20,-2,2025-05-18,,
BOAC,2024,2025-05-20,-1,2025-05-19,6105.0,10647
BOAC,2024,2025-05-20,0,2025-05-20,5990.0,2893
BOAC,2024,2025-05-20,1,2025-05-21,5900.0,4160
BOAC,2024,2025-05-20,2,2025-05-22,5800.0,10999
BOAC,2024,2025-05-20,3,2025-05-23,5950.0,2012
BOAC,2024,2025-05-20,4,2025-05-24,,
BOAC,2024,2025-05-20,5,2025-05-25,,
BOAC,2024,2025-05-20,6,2025-05-26,5950.0,9511
BOAC,2024,2025-05-20,7,2025-05-27,5990.0,2447
BOAC,2024,2025-05-20,8,2025-05-28,5940.0,4094
BOAC,2024,2025-05-20,9,2025-05-29,,
BOAC,2024,2025-05-20,10,2025-05-30,5950.0,7996
BOAC,2024,2025-05-20,11,2025-05-31,,
BOAC,2024,2025-05-20,12,2025-06-01,,
BOAC,2024,2025-05-20,13,2025-06-02,5950.0,2852
BOAC,2024,2025-05-20,14,2025-06-03,5750.0,7968
BOAC,2024,2025-05-20,15,2025-06-04,5805.0,4114
BOAC,2024,2025-05-20,16,2025-06-05,5800.0,2980
BOAC,2024,2025-05-20,17,2025-06-06,,
BOAC,2024,2025-05-20,18,2025-06-07,,
BOAC,2024,2025-05-20,19,2025-06-08,,
BOAC,2024,2025-05-20,20,2025-06-09,,
BOAC,2024,2025-05-20,21,2025-06-10,6000.0,26087
BOAC,2024,2025-05-20,22,2025-06-11,6105.0,1610
BOAC,2024,2025-05-20,23,2025-06-12,6190.0,4344
BOAC,2024,2025-05-20,24,2025-06-13,6005.0,14141
BOAC,2024,2025-05-20,25,2025-06-14,,
BOAC,2024,2025-05-20,26,2025-06-15,,
BOAC,2024,2025-05-20,27,2025-06-16,6010.0,8886
BOAC,2024,2025-05-20,28,2025-06-17,6100.0,19680
BOAC,2024,2025-05-20,29,2025-06-18,6295.0,4695
BOAC,2024,2025-05-20,30,2025-06-19,6120.0,3120
BOAC,2024,2025-05-20,31,2025-06-20,6300.0,1652
BOAC,2024,2025-05-20,32,2025-06-21,,
BOAC,2024,2025-05-20,33,2025-06-22,,
BOAC,2024,2025-05-20,34,2025-06-23,6295.0,1397
BOAC,2024,2025-05-20,35,2025-06-24,6150.0,4387
BOAC,2024,2025-05-20,36,2025-06-25,6120.0,33170
BOAC,2024,2025-05-20,37,2025-06-26,6150.0,6597
BOAC,2024,2025-05-20,38,2025-06-27,6140.0,4460
BOAC,2024,2025-05-20,39,2025-06-28,,
BOAC,2024,2025-05-20,40,2025-06-29,,
BOAC,2024,2025-05-20,41,2025-06-30,6120.0,1974
BOAC,2024,2025-05-20,42,2025-07-01,6100.0,953
BOAC,2024,2025-05-20,43,2025-07-02,6120.0,22794
BOAC,2024,2025-05-20,44,2025-07-03,5920.0,1688
BOAC,2024,2025-05-20,45,2025-07-04,6000.0,2151
BOAC,2024,2025-05-20,46,2025-07-05,,
BOAC,2024,2025-05-20,47,2025-07-06,,
BOAC,2024,2025-05-20,48,2025-07-07,6000.0,7096
BOAC,2024,2025-05-20,49,2025-07-08,5960.0,1715
BOAC,2024,2025-05-20,50,2025-07-09,5990.0,3226
BOAC,2024,2025-05-20,51,2025-07-10,5995.0,2726
BOAC,2024,2025-05-20,52,2025-07-11,5995.0,9429
BOAC,2024,2025-05-20,53,2025-07-12,,
BOAC,2024,2025-05-20,54,2025-07-13,,
BOAC,2024,2025-05-20,55,2025-07-14,6000.0,9257
BOAC,2024,2025-05-20,56,2025-07-15,6000.0,3355
BOAC,2024,2025-05-20,57,2025-07-16,5990.0,1838
BOAC,2024,2025-05-20,58,2025-07-17,6000.0,10263
BOAC,2024,2025-05-20,59,2025-07-18,6000.0,1566
BOAC,2024,2025-05-20,60,2025-07-19,,
BOAC,2025,2026-05-06,-60,2026-03-07,,
BOAC,2025,2026-05-06,-59,2026-03-08,,
BOAC,2025,2026-05-06,-58,2026-03-09,8600.0,24692
BOAC,2025,2026-05-06,-57,2026-03-10,8700.0,7038
BOAC,2025,2026-05-06,-56,2026-03-11,8895.0,10661
BOAC,2025,2026-05-06,-55,2026-03-12,9000.0,18556
BOAC,2025,2026-05-06,-54,2026-03-13,8995.0,3000
BOAC,2025,2026-05-06,-53,2026-03-14,,
BOAC,2025,2026-05-06,-52,2026-03-15,,
BOAC,2025,2026-05-06,-51,2026-03-16,,
BOAC,2025,2026-05-06,-50,2026-03-17,8900.0,4261
BOAC,2025,2026-05-06,-49,2026-03-18,8940.0,3767
BOAC,2025,2026-05-06,-48,2026-03-19,8700.0,6713
BOAC,2025,2026-05-06,-47,2026-03-20,,
BOAC,2025,2026-05-06,-46,2026-03-21,,
BOAC,2025,2026-05-06,-45,2026-03-22,,
BOAC,2025,2026-05-06,-44,2026-03-23,,
BOAC,2025,2026-05-06,-43,2026-03-24,8700.0,7514
BOAC,2025,2026-05-06,-42,2026-03-25,8750.0,4590
BOAC,2025,2026-05-06,-41,2026-03-26,8500.0,22706
BOAC,2025,2026-05-06,-40,2026-03-27,8500.0,22706
BOAC,2025,2026-05-06,-39,2026-03-28,8700.0,12345
BOAC,2025,2026-05-06,-38,2026-03-29,8700.0,12345
BOAC,2025,2026-05-06,-37,2026-03-30,8700.0,12345
BOAC,2025,2026-05-06,-36,2026-03-31,8100.0,90930
BOAC,2025,2026-05-06,-35,2026-04-01,8395.0,91494
BOAC,2025,2026-05-06,-34,2026-04-02,8500.0,6891
BOAC,2025,2026-05-06,-33,2026-04-03,8500.0,6891
BOAC,2025,2026-05-06,-32,2026-04-04,8495.0,5103
BOAC,2025,2026-05-06,-31,2026-04-05,8495.0,5103
BOAC,2025,2026-05-06,-30,2026-04-06,8495.0,5103
BOAC,2025,2026-05-06,-29,2026-04-07,8395.0,85824
BOAC,2025,2026-05-06,-28,2026-04-08,8395.0,85824
BOAC,2025,2026-05-06,-27,2026-04-09,8380.0,26580
BOAC,2025,2026-05-06,-26,2026-04-10,8480.0,6213
BOAC,2025,2026-05-06,-25,2026-04-11,8485.0,7493
BOAC,2025,2026-05-06,-24,2026-04-12,8485.0,7493
BOAC,2025,2026-05-06,-23,2026-04-13,8500.0,13208
BOAC,2025,2026-05-06,-22,2026-04-14,8500.0,13208
BOAC,2025,2026-05-06,-21,2026-04-15,8500.0,31865
BOAC,2025,2026-05-06,-20,2026-04-16,8400.0,10078
BOAC,2025,2026-05-06,-19,2026-04-17,8400.0,28381
BOAC,2025,2026-05-06,-18,2026-04-18,8600.0,11645
BOAC,2025,2026-05-06,-17,2026-04-19,8600.0,11645
BOAC,2025,2026-05-06,-16,2026-04-20,8600.0,11645
BOAC,2025,2026-05-06,-15,2026-04-21,8695.0,58194
BOAC,2025,2026-05-06,-14,2026-04-22,8495.0,24306
BOAC,2025,2026-05-06,-13,2026-04-23,8500.0,22152
BOAC,2025,2026-05-06,-12,2026-04-24,8500.0,13975
BOAC,2025,2026-05-06,-11,2026-04-25,8600.0,2418
BOAC,2025,2026-05-06,-10,2026-04-26,8600.0,2418
BOAC,2025,2026-05-06,-9,2026-04-27,8600.0,2418
BOAC,2025,2026-05-06,-8,2026-04-28,8750.0,7906
BOAC,2025,2026-05-06,-7,2026-04-29,8965.0,7090
BOAC,2025,2026-05-06,-6,2026-04-30,9195.0,12549
BOAC,2025,2026-05-06,-5,2026-05-01,9190.0,7759
BOAC,2025,2026-05-06,-4,2026-05-02,9190.0,7759
BOAC,2025,2026-05-06,-3,2026-05-03,9190.0,7759
BOAC,2025,2026-05-06,-2,2026-05-04,9190.0,7759
BOAC,2025,2026-05-06,-1,2026-05-05,8850.0,23204
BOAC,2025,2026-05-06,0,2026-05-06,8590.0,11095
BOAC,2025,2026-05-06,1,2026-05-07,8785.0,12058
BOAC,2025,2026-05-06,2,2026-05-08,8650.0,7105
BOAC,2025,2026-05-06,3,2026-05-09,8705.0,8623
BOAC,2025,2026-05-06,4,2026-05-10,8705.0,8623
BOAC,2025,2026-05-06,5,2026-05-11,8705.0,8623
BOAC,2025,2026-05-06,6,2026-05-12,8650.0,9311
BOAC,2025,2026-05-06,7,2026-05-13,8585.0,7396
BOAC,2025,2026-05-06,8,2026-05-14,8600.0,11731
BOAC,2025,2026-05-06,9,2026-05-15,8600.0,11731
BOAC,2025,2026-05-06,10,2026-05-16,8630.0,14244
BOAC,2025,2026-05-06,11,2026-05-17,8630.0,14244
BOAC,2025,2026-05-06,12,2026-05-18,8630.0,0
BOAC,2025,2026-05-06,13,2026-05-19,8655.0,11322
BOAC,2025,2026-05-06,14,2026-05-20,9000.0,7247
BOAC,2025,2026-05-06,15,2026-05-21,8800.0,8942
BOAC,2025,2026-05-06,16,2026-05-22,8880.0,5467
BOAC,2025,2026-05-06,17,2026-05-23,8870.0,4515
BOAC,2025,2026-05-06,18,2026-05-24,8870.0,4515
BOAC,2025,2026-05-06,19,2026-05-25,8870.0,4515
BOAC,2025,2026-05-06,20,2026-05-26,8825.0,4991
BOAC,2025,2026-05-06,21,2026-05-27,8825.0,4991
BOAC,2025,2026-05-06,22,2026-05-28,8825.0,0
BOAC,2025,2026-05-06,23,2026-05-29,8845.0,0
BOAC,2025,2026-05-06,24,2026-05-30,8845.0,19047
BOAC,2025,2026-05-06,25,2026-05-31,8845.0,19047
BOAC,2025,2026-05-06,26,2026-06-01,8900.0,1769
BOAC,2025,2026-05-06,27,2026-06-02,8845.0,1709
BOAC,2025,2026-05-06,28,2026-06-03,,
BOAC,2025,2026-05-06,29,2026-06-04,8840.0,9814
BOAC,2025,2026-05-06,30,2026-06-05,8840.0,9814
BOAC,2025,2026-05-06,31,2026-06-06,8880.0,9964
BOAC,2025,2026-05-06,32,2026-06-07,8880.0,9964
BOAC,2025,2026-05-06,33,2026-06-08,8895.0,1029
BOAC,2025,2026-05-06,34,2026-06-09,8900.0,7247
BOAC,2025,2026-05-06,35,2026-06-10,8890.0,0
BOAC,2025,2026-05-06,36,2026-06-11,8805.0,0
BOAC,2025,2026-05-06,37,2026-06-12,8900.0,0
BOAC,2025,2026-05-06,38,2026-06-13,8950.0,10358
BOAC,2025,2026-05-06,39,2026-06-14,8950.0,10358
BOAC,2025,2026-05-06,40,2026-06-15,8970.0,1627
BOAC,2025,2026-05-06,41,2026-06-16,8990.0,1807
BOAC,2025,2026-05-06,42,2026-06-17,8975.0,1002
BOAC,2025,2026-05-06,43,2026-06-18,9090.0,495
BOAC,2025,2026-05-06,44,2026-06-19,9490.0,1403
BOAC,2025,2026-05-06,45,2026-06-20,9350.0,5157
BOAC,2025,2026-05-06,46,2026-06-21,9350.0,5157
BOAC,2025,2026-05-06,47,2026-06-22,9100.0,30636
BOAC,2025,2026-05-06,48,2026-06-23,9200.0,41181
BOAC,2025,2026-05-06,49,2026-06-24,9250.0,15167
BOAC,2025,2026-05-06,50,2026-06-25,9100.0,4823
BOAC,2025,2026-05-06,51,2026-06-26,9100.0,16671
BOAC,2025,2026-05-06,52,2026-06-27,9100.0,22017
BOAC,2025,2026-05-06,53,2026-06-28,9100.0,22017
BOAC,2025,2026-05-06,54,2026-06-29,9055.0,444
BOAC,2025,2026-05-06,55,2026-06-30,9395.0,37061
BOAC,2025,2026-05-06,56,2026-07-01,9450.0,19595
BOAC,2025,2026-05-06,57,2026-07-02,9395.0,22017
BOAC,2025,2026-05-06,58,2026-07-03,9300.0,25493
BOAC,2025,2026-05-06,59,2026-07-04,9200.0,6435
BOAC,2025,2026-05-06,60,2026-07-05,9200.0,6435
BOAM,2023,2024-05-21,-60,2024-03-22,1070.0,4752
BOAM,2023,2024-05-21,-59,2024-03-23,,
BOAM,2023,2024-05-21,-58,2024-03-24,,
BOAM,2023,2024-05-21,-57,2024-03-25,1143.33,2531
BOAM,2023,2024-05-21,-56,2024-03-26,1133.33,1610
BOAM,2023,2024-05-21,-55,2024-03-27,1123.33,582
BOAM,2023,2024-05-21,-54,2024-03-28,1123.33,423
BOAM,2023,2024-05-21,-53,2024-03-29,1120.0,377
BOAM,2023,2024-05-21,-52,2024-03-30,,
BOAM,2023,2024-05-21,-51,2024-03-31,,
BOAM,2023,2024-05-21,-50,2024-04-01,,
BOAM,2023,2024-05-21,-49,2024-04-02,1063.33,1091
BOAM,2023,2024-05-21,-48,2024-04-03,1060.0,1870
BOAM,2023,2024-05-21,-47,2024-04-04,1066.67,1232
BOAM,2023,2024-05-21,-46,2024-04-05,1063.33,1197
BOAM,2023,2024-05-21,-45,2024-04-06,,
BOAM,2023,2024-05-21,-44,2024-04-07,,
BOAM,2023,2024-05-21,-43,2024-04-08,1066.67,1117
BOAM,2023,2024-05-21,-42,2024-04-09,1070.0,504
BOAM,2023,2024-05-21,-41,2024-04-10,,
BOAM,2023,2024-05-21,-40,2024-04-11,1073.33,430
BOAM,2023,2024-05-21,-39,2024-04-12,1080.0,785
BOAM,2023,2024-05-21,-38,2024-04-13,,
BOAM,2023,2024-05-21,-37,2024-04-14,,
BOAM,2023,2024-05-21,-36,2024-04-15,1080.0,775
BOAM,2023,2024-05-21,-35,2024-04-16,1076.67,515
BOAM,2023,2024-05-21,-34,2024-04-17,1076.67,1016
BOAM,2023,2024-05-21,-33,2024-04-18,1066.67,896
BOAM,2023,2024-05-21,-32,2024-04-19,1070.0,91
BOAM,2023,2024-05-21,-31,2024-04-20,,
BOAM,2023,2024-05-21,-30,2024-04-21,,
BOAM,2023,2024-05-21,-29,2024-04-22,1076.67,605
BOAM,2023,2024-05-21,-28,2024-04-23,1076.67,603
BOAM,2023,2024-05-21,-27,2024-04-24,1066.67,9530
BOAM,2023,2024-05-21,-26,2024-04-25,1076.67,60
BOAM,2023,2024-05-21,-25,2024-04-26,1080.0,522
BOAM,2023,2024-05-21,-24,2024-04-27,,
BOAM,2023,2024-05-21,-23,2024-04-28,,
BOAM,2023,2024-05-21,-22,2024-04-29,1146.67,7948
BOAM,2023,2024-05-21,-21,2024-04-30,1146.67,366
BOAM,2023,2024-05-21,-20,2024-05-01,,
BOAM,2023,2024-05-21,-19,2024-05-02,1133.33,1282
BOAM,2023,2024-05-21,-18,2024-05-03,1140.0,1299
BOAM,2023,2024-05-21,-17,2024-05-04,,
BOAM,2023,2024-05-21,-16,2024-05-05,,
BOAM,2023,2024-05-21,-15,2024-05-06,1133.33,1033
BOAM,2023,2024-05-21,-14,2024-05-07,1140.0,1748
BOAM,2023,2024-05-21,-13,2024-05-08,1140.0,1107
BOAM,2023,2024-05-21,-12,2024-05-09,,
BOAM,2023,2024-05-21,-11,2024-05-10,1133.33,1233
BOAM,2023,2024-05-21,-10,2024-05-11,,
BOAM,2023,2024-05-21,-9,2024-05-12,,
BOAM,2023,2024-05-21,-8,2024-05-13,1140.0,516
BOAM,2023,2024-05-21,-7,2024-05-14,1133.33,591
BOAM,2023,2024-05-21,-6,2024-05-15,1133.33,5731
BOAM,2023,2024-05-21,-5,2024-05-16,1050.0,1728
BOAM,2023,2024-05-21,-4,2024-05-17,1066.67,216
BOAM,2023,2024-05-21,-3,2024-05-18,,
BOAM,2023,2024-05-21,-2,2024-05-19,,
BOAM,2023,2024-05-21,-1,2024-05-20,,
BOAM,2023,2024-05-21,0,2024-05-21,1050.0,828
BOAM,2023,2024-05-21,1,2024-05-22,1113.33,2401
BOAM,2023,2024-05-21,2,2024-05-23,1086.67,987
BOAM,2023,2024-05-21,3,2024-05-24,1086.67,966
BOAM,2023,2024-05-21,4,2024-05-25,,
BOAM,2023,2024-05-21,5,2024-05-26,,
BOAM,2023,2024-05-21,6,2024-05-27,1096.67,1184
BOAM,2023,2024-05-21,7,2024-05-28,1093.33,950
BOAM,2023,2024-05-21,8,2024-05-29,1086.67,376
BOAM,2023,2024-05-21,9,2024-05-30,1096.67,125
BOAM,2023,2024-05-21,10,2024-05-31,1086.67,661
BOAM,2023,2024-05-21,11,2024-06-01,,
BOAM,2023,2024-05-21,12,2024-06-02,,
BOAM,2023,2024-05-21,13,2024-06-03,1073.33,666
BOAM,2023,2024-05-21,14,2024-06-04,1076.67,224
BOAM,2023,2024-05-21,15,2024-06-05,1073.33,990
BOAM,2023,2024-05-21,16,2024-06-06,1080.0,446
BOAM,2023,2024-05-21,17,2024-06-07,1070.0,2135
BOAM,2023,2024-05-21,18,2024-06-08,,
BOAM,2023,2024-05-21,19,2024-06-09,,
BOAM,2023,2024-05-21,20,2024-06-10,1073.33,561
BOAM,2023,2024-05-21,21,2024-06-11,1053.33,1215
BOAM,2023,2024-05-21,22,2024-06-12,1053.33,326
BOAM,2023,2024-05-21,23,2024-06-13,1056.67,1096
BOAM,2023,2024-05-21,24,2024-06-14,1033.33,553
BOAM,2023,2024-05-21,25,2024-06-15,,
BOAM,2023,2024-05-21,26,2024-06-16,,
BOAM,2023,2024-05-21,27,2024-06-17,,
BOAM,2023,2024-05-21,28,2024-06-18,1033.33,637
BOAM,2023,2024-05-21,29,2024-06-19,1033.33,375
BOAM,2023,2024-05-21,30,2024-06-20,1033.33,309
BOAM,2023,2024-05-21,31,2024-06-21,1020.0,849
BOAM,2023,2024-05-21,32,2024-06-22,,
BOAM,2023,2024-05-21,33,2024-06-23,,
BOAM,2023,2024-05-21,34,2024-06-24,1033.33,449
BOAM,2023,2024-05-21,35,2024-06-25,1033.33,7482
BOAM,2023,2024-05-21,36,2024-06-26,1043.33,1542
BOAM,2023,2024-05-21,37,2024-06-27,1046.67,622
BOAM,2023,2024-05-21,38,2024-06-28,1056.67,382
BOAM,2023,2024-05-21,39,2024-06-29,,
BOAM,2023,2024-05-21,40,2024-06-30,,
BOAM,2023,2024-05-21,41,2024-07-01,1066.67,1386
BOAM,2023,2024-05-21,42,2024-07-02,1046.67,4080
BOAM,2023,2024-05-21,43,2024-07-03,1033.33,867
BOAM,2023,2024-05-21,44,2024-07-04,1066.67,572
BOAM,2023,2024-05-21,45,2024-07-05,1066.67,1103
BOAM,2023,2024-05-21,46,2024-07-06,,
BOAM,2023,2024-05-21,47,2024-07-07,,
BOAM,2023,2024-05-21,48,2024-07-08,1086.67,460
BOAM,2023,2024-05-21,49,2024-07-09,1066.67,223
BOAM,2023,2024-05-21,50,2024-07-10,1086.67,56
BOAM,2023,2024-05-21,51,2024-07-11,1066.67,430
BOAM,2023,2024-05-21,52,2024-07-12,1086.67,1051
BOAM,2023,2024-05-21,53,2024-07-13,,
BOAM,2023,2024-05-21,54,2024-07-14,,
BOAM,2023,2024-05-21,55,2024-07-15,1086.67,798
BOAM,2023,2024-05-21,56,2024-07-16,1086.67,368
BOAM,2023,2024-05-21,57,2024-07-17,1086.67,672
BOAM,2023,2024-05-21,58,2024-07-18,1066.67,175
BOAM,2023,2024-05-21,59,2024-07-19,1066.67,1070
BOAM,2023,2024-05-21,60,2024-07-20,,
BOAM,2024,2025-06-03,-60,2025-04-04,2400.0,12591
BOAM,2024,2025-06-03,-59,2025-04-05,,
BOAM,2024,2025-06-03,-58,2025-04-06,,
BOAM,2024,2025-06-03,-57,2025-04-07,2500.0,4476
BOAM,2024,2025-06-03,-56,2025-04-08,2550.0,6912
BOAM,2024,2025-06-03,-55,2025-04-09,2540.0,4891
BOAM,2024,2025-06-03,-54,2025-04-10,2500.0,2627
BOAM,2024,2025-06-03,-53,2025-04-11,2595.0,19790
BOAM,2024,2025-06-03,-52,2025-04-12,,
BOAM,2024,2025-06-03,-51,2025-04-13,,
BOAM,2024,2025-06-03,-50,2025-04-14,2600.0,1811
BOAM,2024,2025-06-03,-49,2025-04-15,2685.0,1092
BOAM,2024,2025-06-03,-48,2025-04-16,2685.0,3529
BOAM,2024,2025-06-03,-47,2025-04-17,2750.0,6138
BOAM,2024,2025-06-03,-46,2025-04-18,2685.0,1609
BOAM,2024,2025-06-03,-45,2025-04-19,,
BOAM,2024,2025-06-03,-44,2025-04-20,,
BOAM,2024,2025-06-03,-43,2025-04-21,,
BOAM,2024,2025-06-03,-42,2025-04-22,2640.0,2216
BOAM,2024,2025-06-03,-41,2025-04-23,2640.0,2662
BOAM,2024,2025-06-03,-40,2025-04-24,2660.0,6538
BOAM,2024,2025-06-03,-39,2025-04-25,2645.0,2788
BOAM,2024,2025-06-03,-38,2025-04-26,,
BOAM,2024,2025-06-03,-37,2025-04-27,,
BOAM,2024,2025-06-03,-36,2025-04-28,2650.0,9598
BOAM,2024,2025-06-03,-35,2025-04-29,2660.0,1606
BOAM,2024,2025-06-03,-34,2025-04-30,2500.0,6077
BOAM,2024,2025-06-03,-33,2025-05-01,,
BOAM,2024,2025-06-03,-32,2025-05-02,2580.0,903
BOAM,2024,2025-06-03,-31,2025-05-03,,
BOAM,2024,2025-06-03,-30,2025-05-04,,
BOAM,2024,2025-06-03,-29,2025-05-05,2600.0,2376
BOAM,2024,2025-06-03,-28,2025-05-06,2600.0,4139
BOAM,2024,2025-06-03,-27,2025-05-07,2550.0,4649
BOAM,2024,2025-06-03,-26,2025-05-08,2595.0,7243
BOAM,2024,2025-06-03,-25,2025-05-09,2565.0,1150
BOAM,2024,2025-06-03,-24,2025-05-10,,
BOAM,2024,2025-06-03,-23,2025-05-11,,
BOAM,2024,2025-06-03,-22,2025-05-12,2575.0,1054
BOAM,2024,2025-06-03,-21,2025-05-13,2625.0,6778
BOAM,2024,2025-06-03,-20,2025-05-14,2675.0,1043
BOAM,2024,2025-06-03,-19,2025-05-15,2650.0,1784
BOAM,2024,2025-06-03,-18,2025-05-16,2760.0,12680
BOAM,2024,2025-06-03,-17,2025-05-17,,
BOAM,2024,2025-06-03,-16,2025-05-18,,
BOAM,2024,2025-06-03,-15,2025-05-19,2780.0,3049
BOAM,2024,2025-06-03,-14,2025-05-20,2800.0,8445
BOAM,2024,2025-06-03,-13,2025-05-21,2800.0,6990
BOAM,2024,2025-06-03,-12,2025-05-22,2825.0,6412
BOAM,2024,2025-06-03,-11,2025-05-23,2825.0,8907
BOAM,2024,2025-06-03,-10,2025-05-24,,
BOAM,2024,2025-06-03,-9,2025-05-25,,
BOAM,2024,2025-06-03,-8,2025-05-26,2800.0,6880
BOAM,2024,2025-06-03,-7,2025-05-27,2900.0,11263
BOAM,2024,2025-06-03,-6,2025-05-28,2895.0,8843
BOAM,2024,2025-06-03,-5,2025-05-29,,
BOAM,2024,2025-06-03,-4,2025-05-30,2635.0,20791
BOAM,2024,2025-06-03,-3,2025-05-31,,
BOAM,2024,2025-06-03,-2,2025-06-01,,
BOAM,2024,2025-06-03,-1,2025-06-02,2550.0,5786
BOAM,2024,2025-06-03,0,2025-06-03,2600.0,4119
BOAM,2024,2025-06-03,1,2025-06-04,2795.0,18793
BOAM,2024,2025-06-03,2,2025-06-05,3000.0,15232
BOAM,2024,2025-06-03,3,2025-06-06,,
BOAM,2024,2025-06-03,4,2025-06-07,,
BOAM,2024,2025-06-03,5,2025-06-08,,
BOAM,2024,2025-06-03,6,2025-06-09,,
BOAM,2024,2025-06-03,7,2025-06-10,3150.0,15201
BOAM,2024,2025-06-03,8,2025-06-11,3130.0,14623
BOAM,2024,2025-06-03,9,2025-06-12,3065.0,13138
BOAM,2024,2025-06-03,10,2025-06-13,3000.0,33200
BOAM,2024,2025-06-03,11,2025-06-14,,
BOAM,2024,2025-06-03,12,2025-06-15,,
BOAM,2024,2025-06-03,13,2025-06-16,3085.0,8406
BOAM,2024,2025-06-03,14,2025-06-17,3095.0,14455
BOAM,2024,2025-06-03,15,2025-06-18,3090.0,9032
BOAM,2024,2025-06-03,16,2025-06-19,3070.0,12939
BOAM,2024,2025-06-03,17,2025-06-20,3070.0,7612
BOAM,2024,2025-06-03,18,2025-06-21,,
BOAM,2024,2025-06-03,19,2025-06-22,,
BOAM,2024,2025-06-03,20,2025-06-23,3060.0,5712
BOAM,2024,2025-06-03,21,2025-06-24,3000.0,13055
BOAM,2024,2025-06-03,22,2025-06-25,2995.0,6830
BOAM,2024,2025-06-03,23,2025-06-26,2900.0,13174
BOAM,2024,2025-06-03,24,2025-06-27,2815.0,11006
BOAM,2024,2025-06-03,25,2025-06-28,,
BOAM,2024,2025-06-03,26,2025-06-29,,
BOAM,2024,2025-06-03,27,2025-06-30,2990.0,10665
BOAM,2024,2025-06-03,28,2025-07-01,3000.0,5410
BOAM,2024,2025-06-03,29,2025-07-02,3040.0,4944
BOAM,2024,2025-06-03,30,2025-07-03,3040.0,4935
BOAM,2024,2025-06-03,31,2025-07-04,3070.0,4614
BOAM,2024,2025-06-03,32,2025-07-05,,
BOAM,2024,2025-06-03,33,2025-07-06,,
BOAM,2024,2025-06-03,34,2025-07-07,3095.0,4829
BOAM,2024,2025-06-03,35,2025-07-08,3305.0,7950
BOAM,2024,2025-06-03,36,2025-07-09,3470.0,6109
BOAM,2024,2025-06-03,37,2025-07-10,3470.0,4600
BOAM,2024,2025-06-03,38,2025-07-11,3460.0,3888
BOAM,2024,2025-06-03,39,2025-07-12,,
BOAM,2024,2025-06-03,40,2025-07-13,,
BOAM,2024,2025-06-03,41,2025-07-14,3450.0,4929
BOAM,2024,2025-06-03,42,2025-07-15,3450.0,4258
BOAM,2024,2025-06-03,43,2025-07-16,3420.0,1384
BOAM,2024,2025-06-03,44,2025-07-17,3420.0,1429
BOAM,2024,2025-06-03,45,2025-07-18,3400.0,9815
BOAM,2024,2025-06-03,46,2025-07-19,,
BOAM,2024,2025-06-03,47,2025-07-20,,
BOAM,2024,2025-06-03,48,2025-07-21,3335.0,2028
BOAM,2024,2025-06-03,49,2025-07-22,3335.0,16928
BOAM,2024,2025-06-03,50,2025-07-23,3300.0,3139
BOAM,2024,2025-06-03,51,2025-07-24,3350.0,4449
BOAM,2024,2025-06-03,52,2025-07-25,3340.0,6377
BOAM,2024,2025-06-03,53,2025-07-26,,
BOAM,2024,2025-06-03,54,2025-07-27,,
BOAM,2024,2025-06-03,55,2025-07-28,3335.0,7456
BOAM,2024,2025-06-03,56,2025-07-29,3310.0,5101
BOAM,2024,2025-06-03,57,2025-07-30,3300.0,2613
BOAM,2024,2025-06-03,58,2025-07-31,3375.0,8848
BOAM,2024,2025-06-03,59,2025-08-01,3390.0,1935
BOAM,2024,2025-06-03,60,2025-08-02,,
BOAM,2025,2026-06-03,-60,2026-04-04,4685.0,418
BOAM,2025,2026-06-03,-59,2026-04-05,4685.0,418
BOAM,2025,2026-06-03,-58,2026-04-06,4685.0,418
BOAM,2025,2026-06-03,-57,2026-04-07,4595.0,5991
BOAM,2025,2026-06-03,-56,2026-04-08,4595.0,5991
BOAM,2025,2026-06-03,-55,2026-04-09,4650.0,4432
BOAM,2025,2026-06-03,-54,2026-04-10,4645.0,1392
BOAM,2025,2026-06-03,-53,2026-04-11,4630.0,1144
BOAM,2025,2026-06-03,-52,2026-04-12,4630.0,1144
BOAM,2025,2026-06-03,-51,2026-04-13,4580.0,4235
BOAM,2025,2026-06-03,-50,2026-04-14,4580.0,4235
BOAM,2025,2026-06-03,-49,2026-04-15,4590.0,7197
BOAM,2025,2026-06-03,-48,2026-04-16,4590.0,4106
BOAM,2025,2026-06-03,-47,2026-04-17,4650.0,9730
BOAM,2025,2026-06-03,-46,2026-04-18,4700.0,3562
BOAM,2025,2026-06-03,-45,2026-04-19,4700.0,3562
BOAM,2025,2026-06-03,-44,2026-04-20,4700.0,3562
BOAM,2025,2026-06-03,-43,2026-04-21,4700.0,4060
BOAM,2025,2026-06-03,-42,2026-04-22,4695.0,6853
BOAM,2025,2026-06-03,-41,2026-04-23,4675.0,2892
BOAM,2025,2026-06-03,-40,2026-04-24,4685.0,2774
BOAM,2025,2026-06-03,-39,2026-04-25,4670.0,9068
BOAM,2025,2026-06-03,-38,2026-04-26,4670.0,9068
BOAM,2025,2026-06-03,-37,2026-04-27,4670.0,9068
BOAM,2025,2026-06-03,-36,2026-04-28,4670.0,10322
BOAM,2025,2026-06-03,-35,2026-04-29,4670.0,8964
BOAM,2025,2026-06-03,-34,2026-04-30,4670.0,2671
BOAM,2025,2026-06-03,-33,2026-05-01,4670.0,3114
BOAM,2025,2026-06-03,-32,2026-05-02,4670.0,3114
BOAM,2025,2026-06-03,-31,2026-05-03,4670.0,3114
BOAM,2025,2026-06-03,-30,2026-05-04,4670.0,3114
BOAM,2025,2026-06-03,-29,2026-05-05,4700.0,4930
BOAM,2025,2026-06-03,-28,2026-05-06,4690.0,3563
BOAM,2025,2026-06-03,-27,2026-05-07,4680.0,4529
BOAM,2025,2026-06-03,-26,2026-05-08,4690.0,1139
BOAM,2025,2026-06-03,-25,2026-05-09,4700.0,3183
BOAM,2025,2026-06-03,-24,2026-05-10,4700.0,3183
BOAM,2025,2026-06-03,-23,2026-05-11,4700.0,3183
BOAM,2025,2026-06-03,-22,2026-05-12,4685.0,4465
BOAM,2025,2026-06-03,-21,2026-05-13,4680.0,4155
BOAM,2025,2026-06-03,-20,2026-05-14,4675.0,3021
BOAM,2025,2026-06-03,-19,2026-05-15,4675.0,3021
BOAM,2025,2026-06-03,-18,2026-05-16,4690.0,9992
BOAM,2025,2026-06-03,-17,2026-05-17,4690.0,9992
BOAM,2025,2026-06-03,-16,2026-05-18,4690.0,0
BOAM,2025,2026-06-03,-15,2026-05-19,4690.0,7503
BOAM,2025,2026-06-03,-14,2026-05-20,4900.0,4483
BOAM,2025,2026-06-03,-13,2026-05-21,4900.0,5088
BOAM,2025,2026-06-03,-12,2026-05-22,4940.0,2209
BOAM,2025,2026-06-03,-11,2026-05-23,4990.0,3684
BOAM,2025,2026-06-03,-10,2026-05-24,4990.0,3684
BOAM,2025,2026-06-03,-9,2026-05-25,4990.0,3684
BOAM,2025,2026-06-03,-8,2026-05-26,5000.0,7441
BOAM,2025,2026-06-03,-7,2026-05-27,5000.0,7441
BOAM,2025,2026-06-03,-6,2026-05-28,5000.0,0
BOAM,2025,2026-06-03,-5,2026-05-29,5090.0,0
BOAM,2025,2026-06-03,-4,2026-05-30,5200.0,7833
BOAM,2025,2026-06-03,-3,2026-05-31,5200.0,7833
BOAM,2025,2026-06-03,-2,2026-06-01,5250.0,2722
BOAM,2025,2026-06-03,-1,2026-06-02,5000.0,1125
BOAM,2025,2026-06-03,0,2026-06-03,,
BOAM,2025,2026-06-03,1,2026-06-04,4690.0,8068
BOAM,2025,2026-06-03,2,2026-06-05,4690.0,8068
BOAM,2025,2026-06-03,3,2026-06-06,4675.0,5664
BOAM,2025,2026-06-03,4,2026-06-07,4675.0,5664
BOAM,2025,2026-06-03,5,2026-06-08,4660.0,1430
BOAM,2025,2026-06-03,6,2026-06-09,4665.0,6058
BOAM,2025,2026-06-03,7,2026-06-10,4630.0,0
BOAM,2025,2026-06-03,8,2026-06-11,4635.0,0
BOAM,2025,2026-06-03,9,2026-06-12,4630.0,0
BOAM,2025,2026-06-03,10,2026-06-13,4630.0,4744
BOAM,2025,2026-06-03,11,2026-06-14,4630.0,4744
BOAM,2025,2026-06-03,12,2026-06-15,4500.0,4771
BOAM,2025,2026-06-03,13,2026-06-16,4435.0,4337
BOAM,2025,2026-06-03,14,2026-06-17,4440.0,5153
BOAM,2025,2026-06-03,15,2026-06-18,4445.0,638
BOAM,2025,2026-06-03,16,2026-06-19,4505.0,1136
BOAM,2025,2026-06-03,17,2026-06-20,4555.0,3310
BOAM,2025,2026-06-03,18,2026-06-21,4555.0,3310
BOAM,2025,2026-06-03,19,2026-06-22,4470.0,4515
BOAM,2025,2026-06-03,20,2026-06-23,4450.0,8879
BOAM,2025,2026-06-03,21,2026-06-24,4425.0,4247
BOAM,2025,2026-06-03,22,2026-06-25,4755.0,8164
BOAM,2025,2026-06-03,23,2026-06-26,5110.0,10230
BOAM,2025,2026-06-03,24,2026-06-27,4855.0,21107
BOAM,2025,2026-06-03,25,2026-06-28,4855.0,21107
BOAM,2025,2026-06-03,26,2026-06-29,5085.0,1296
BOAM,2025,2026-06-03,27,2026-06-30,5000.0,8047
BOAM,2025,2026-06-03,28,2026-07-01,4980.0,15079
BOAM,2025,2026-06-03,29,2026-07-02,4970.0,4022
BOAM,2025,2026-06-03,30,2026-07-03,4965.0,4008
BOAM,2025,2026-06-03,31,2026-07-04,4970.0,3413
BOAM,2025,2026-06-03,32,2026-07-05,4970.0,3413
BOAM,2025,2026-06-03,33,2026-07-06,4970.0,0
BOAM,2025,2026-06-03,34,2026-07-07,4930.0,0
BOAM,2025,2026-06-03,35,2026-07-08,5100.0,26476
BOAM,2025,2026-06-03,36,2026-07-09,5425.0,9120
BOAM,2025,2026-06-03,37,2026-07-10,5425.0,9120
BOAM,2025,2026-06-03,38,2026-07-11,5450.0,6237
BOAM,2025,2026-06-03,39,2026-07-12,5450.0,6237
BOAM,2025,2026-06-03,40,2026-07-13,5450.0,6237
BOAM,2025,2026-06-03,41,2026-07-14,5595.0,4423
BOAM,2025,2026-06-03,42,2026-07-15,5685.0,2961
BOAM,2025,2026-06-03,43,2026-07-16,5680.0,4872
BOAM,2025,2026-06-03,44,2026-07-17,5770.0,4848
BOAM,2025,2026-06-03,45,2026-07-18,5755.0,4932
BOAM,2025,2026-06-03,46,2026-07-19,,
BOAM,2025,2026-06-03,47,2026-07-20,,
BOAM,2025,2026-06-03,48,2026-07-21,,
BOAM,2025,2026-06-03,49,2026-07-22,,
BOAM,2025,2026-06-03,50,2026-07-23,,
BOAM,2025,2026-06-03,51,2026-07-24,,
BOAM,2025,2026-06-03,52,2026-07-25,,
BOAM,2025,2026-06-03,53,2026-07-26,,
BOAM,2025,2026-06-03,54,2026-07-27,,
BOAM,2025,2026-06-03,55,2026-07-28,,
BOAM,2025,2026-06-03,56,2026-07-29,,
BOAM,2025,2026-06-03,57,2026-07-30,,
BOAM,2025,2026-06-03,58,2026-07-31,,
BOAM,2025,2026-06-03,59,2026-08-01,,
BOAM,2025,2026-06-03,60,2026-08-02,,
BOAN,2021,2022-05-12,-60,2022-03-13,,
BOAN,2021,2022-05-12,-59,2022-03-14,3978.12,271
BOAN,2021,2022-05-12,-58,2022-03-15,3965.62,1164
BOAN,2021,2022-05-12,-57,2022-03-16,3965.62,631
BOAN,2021,2022-05-12,-56,2022-03-17,3965.62,678
BOAN,2021,2022-05-12,-55,2022-03-18,4043.75,6753
BOAN,2021,2022-05-12,-54,2022-03-19,,
BOAN,2021,2022-05-12,-53,2022-03-20,,
BOAN,2021,2022-05-12,-52,2022-03-21,3953.12,625
BOAN,2021,2022-05-12,-51,2022-03-22,3962.5,1152
BOAN,2021,2022-05-12,-50,2022-03-23,4000.0,973
BOAN,2021,2022-05-12,-49,2022-03-24,4025.0,287
BOAN,2021,2022-05-12,-48,2022-03-25,4034.38,934
BOAN,2021,2022-05-12,-47,2022-03-26,,
BOAN,2021,2022-05-12,-46,2022-03-27,,
BOAN,2021,2022-05-12,-45,2022-03-28,4062.5,3050
BOAN,2021,2022-05-12,-44,2022-03-29,4118.75,343
BOAN,2021,2022-05-12,-43,2022-03-30,4121.88,930
BOAN,2021,2022-05-12,-42,2022-03-31,4121.88,1967
BOAN,2021,2022-05-12,-41,2022-04-01,4118.75,892
BOAN,2021,2022-05-12,-40,2022-04-02,,
BOAN,2021,2022-05-12,-39,2022-04-03,,
BOAN,2021,2022-05-12,-38,2022-04-04,4121.88,2239
BOAN,2021,2022-05-12,-37,2022-04-05,4156.25,2164
BOAN,2021,2022-05-12,-36,2022-04-06,4187.5,540
BOAN,2021,2022-05-12,-35,2022-04-07,4309.38,2207
BOAN,2021,2022-05-12,-34,2022-04-08,4218.75,2696
BOAN,2021,2022-05-12,-33,2022-04-09,,
BOAN,2021,2022-05-12,-32,2022-04-10,,
BOAN,2021,2022-05-12,-31,2022-04-11,4218.75,2000
BOAN,2021,2022-05-12,-30,2022-04-12,4218.75,283
BOAN,2021,2022-05-12,-29,2022-04-13,4250.0,1772
BOAN,2021,2022-05-12,-28,2022-04-14,4500.0,2087
BOAN,2021,2022-05-12,-27,2022-04-15,4500.0,413
BOAN,2021,2022-05-12,-26,2022-04-16,,
BOAN,2021,2022-05-12,-25,2022-04-17,,
BOAN,2021,2022-05-12,-24,2022-04-18,,
BOAN,2021,2022-05-12,-23,2022-04-19,4406.25,57
BOAN,2021,2022-05-12,-22,2022-04-20,4375.0,2449
BOAN,2021,2022-05-12,-21,2022-04-21,4312.5,38
BOAN,2021,2022-05-12,-20,2022-04-22,4371.88,1340
BOAN,2021,2022-05-12,-19,2022-04-23,,
BOAN,2021,2022-05-12,-18,2022-04-24,,
BOAN,2021,2022-05-12,-17,2022-04-25,4359.38,162
BOAN,2021,2022-05-12,-16,2022-04-26,4375.0,558
BOAN,2021,2022-05-12,-15,2022-04-27,4371.88,66
BOAN,2021,2022-05-12,-14,2022-04-28,,
BOAN,2021,2022-05-12,-13,2022-04-29,4359.38,261
BOAN,2021,2022-05-12,-12,2022-04-30,,
BOAN,2021,2022-05-12,-11,2022-05-01,,
BOAN,2021,2022-05-12,-10,2022-05-02,,
BOAN,2021,2022-05-12,-9,2022-05-03,4359.38,282
BOAN,2021,2022-05-12,-8,2022-05-04,4359.38,199
BOAN,2021,2022-05-12,-7,2022-05-05,4356.25,123
BOAN,2021,2022-05-12,-6,2022-05-06,4359.38,4295
BOAN,2021,2022-05-12,-5,2022-05-07,,
BOAN,2021,2022-05-12,-4,2022-05-08,,
BOAN,2021,2022-05-12,-3,2022-05-09,4359.38,689
BOAN,2021,2022-05-12,-2,2022-05-10,4300.0,82
BOAN,2021,2022-05-12,-1,2022-05-11,4359.38,6752
BOAN,2021,2022-05-12,0,2022-05-12,4350.0,2
BOAN,2021,2022-05-12,1,2022-05-13,4343.75,6012
BOAN,2021,2022-05-12,2,2022-05-14,,
BOAN,2021,2022-05-12,3,2022-05-15,,
BOAN,2021,2022-05-12,4,2022-05-16,4312.5,30741
BOAN,2021,2022-05-12,5,2022-05-17,4000.0,4935
BOAN,2021,2022-05-12,6,2022-05-18,3937.5,922
BOAN,2021,2022-05-12,7,2022-05-19,3875.0,3337
BOAN,2021,2022-05-12,8,2022-05-20,3809.38,489
BOAN,2021,2022-05-12,9,2022-05-21,,
BOAN,2021,2022-05-12,10,2022-05-22,,
BOAN,2021,2022-05-12,11,2022-05-23,3812.5,1616
BOAN,2021,2022-05-12,12,2022-05-24,3656.25,951
BOAN,2021,2022-05-12,13,2022-05-25,3650.0,1381
BOAN,2021,2022-05-12,14,2022-05-26,,
BOAN,2021,2022-05-12,15,2022-05-27,3593.75,1421
BOAN,2021,2022-05-12,16,2022-05-28,,
BOAN,2021,2022-05-12,17,2022-05-29,,
BOAN,2021,2022-05-12,18,2022-05-30,3862.5,4447
BOAN,2021,2022-05-12,19,2022-05-31,4121.88,1756
BOAN,2021,2022-05-12,20,2022-06-01,4118.75,115
BOAN,2021,2022-05-12,21,2022-06-02,4062.5,9674
BOAN,2021,2022-05-12,22,2022-06-03,4062.5,123
BOAN,2021,2022-05-12,23,2022-06-04,,
BOAN,2021,2022-05-12,24,2022-06-05,,
BOAN,2021,2022-05-12,25,2022-06-06,,
BOAN,2021,2022-05-12,26,2022-06-07,3812.5,1855
BOAN,2021,2022-05-12,27,2022-06-08,3887.5,378
BOAN,2021,2022-05-12,28,2022-06-09,4062.5,1120
BOAN,2021,2022-05-12,29,2022-06-10,3815.62,5297
BOAN,2021,2022-05-12,30,2022-06-11,,
BOAN,2021,2022-05-12,31,2022-06-12,,
BOAN,2021,2022-05-12,32,2022-06-13,4062.5,315
BOAN,2021,2022-05-12,33,2022-06-14,4062.5,7
BOAN,2021,2022-05-12,34,2022-06-15,4062.5,77
BOAN,2021,2022-05-12,35,2022-06-16,4062.5,901
BOAN,2021,2022-05-12,36,2022-06-17,4062.5,9421
BOAN,2021,2022-05-12,37,2022-06-18,,
BOAN,2021,2022-05-12,38,2022-06-19,,
BOAN,2021,2022-05-12,39,2022-06-20,4062.5,16
BOAN,2021,2022-05-12,40,2022-06-21,4062.5,50
BOAN,2021,2022-05-12,41,2022-06-22,4090.62,7426
BOAN,2021,2022-05-12,42,2022-06-23,4003.12,1538
BOAN,2021,2022-05-12,43,2022-06-24,4062.5,20
BOAN,2021,2022-05-12,44,2022-06-25,,
BOAN,2021,2022-05-12,45,2022-06-26,,
BOAN,2021,2022-05-12,46,2022-06-27,4062.5,233
BOAN,2021,2022-05-12,47,2022-06-28,4000.0,128
BOAN,2021,2022-05-12,48,2022-06-29,3968.75,400
BOAN,2021,2022-05-12,49,2022-06-30,3968.75,115
BOAN,2021,2022-05-12,50,2022-07-01,4062.5,6900
BOAN,2021,2022-05-12,51,2022-07-02,,
BOAN,2021,2022-05-12,52,2022-07-03,,
BOAN,2021,2022-05-12,53,2022-07-04,4062.5,436
BOAN,2021,2022-05-12,54,2022-07-05,4031.25,2751
BOAN,2021,2022-05-12,55,2022-07-06,4062.5,3768
BOAN,2021,2022-05-12,56,2022-07-07,4062.5,1324
BOAN,2021,2022-05-12,57,2022-07-08,4000.0,102
BOAN,2021,2022-05-12,58,2022-07-09,,
BOAN,2021,2022-05-12,59,2022-07-10,,
BOAN,2021,2022-05-12,60,2022-07-11,4000.0,771
BOAN,2022,2023-05-25,-60,2023-03-26,,
BOAN,2022,2023-05-25,-59,2023-03-27,3856.25,490
BOAN,2022,2023-05-25,-58,2023-03-28,3859.38,4306
BOAN,2022,2023-05-25,-57,2023-03-29,3812.5,675
BOAN,2022,2023-05-25,-56,2023-03-30,3812.5,410
BOAN,2022,2023-05-25,-55,2023-03-31,3809.38,794
BOAN,2022,2023-05-25,-54,2023-04-01,,
BOAN,2022,2023-05-25,-53,2023-04-02,,
BOAN,2022,2023-05-25,-52,2023-04-03,3809.38,340
BOAN,2022,2023-05-25,-51,2023-04-04,3809.38,284
BOAN,2022,2023-05-25,-50,2023-04-05,3812.5,3917
BOAN,2022,2023-05-25,-49,2023-04-06,3806.25,318
BOAN,2022,2023-05-25,-48,2023-04-07,3812.5,107
BOAN,2022,2023-05-25,-47,2023-04-08,,
BOAN,2022,2023-05-25,-46,2023-04-09,,
BOAN,2022,2023-05-25,-45,2023-04-10,,
BOAN,2022,2023-05-25,-44,2023-04-11,3809.38,162
BOAN,2022,2023-05-25,-43,2023-04-12,3812.5,418
BOAN,2022,2023-05-25,-42,2023-04-13,3800.0,1736
BOAN,2022,2023-05-25,-41,2023-04-14,3796.88,1569
BOAN,2022,2023-05-25,-40,2023-04-15,,
BOAN,2022,2023-05-25,-39,2023-04-16,,
BOAN,2022,2023-05-25,-38,2023-04-17,3790.62,9179
BOAN,2022,2023-05-25,-37,2023-04-18,,
BOAN,2022,2023-05-25,-36,2023-04-19,3787.5,278
BOAN,2022,2023-05-25,-35,2023-04-20,3781.25,230
BOAN,2022,2023-05-25,-34,2023-04-21,,
BOAN,2022,2023-05-25,-33,2023-04-22,,
BOAN,2022,2023-05-25,-32,2023-04-23,,
BOAN,2022,2023-05-25,-31,2023-04-24,3781.25,223
BOAN,2022,2023-05-25,-30,2023-04-25,3781.25,305
BOAN,2022,2023-05-25,-29,2023-04-26,3775.0,1108
BOAN,2022,2023-05-25,-28,2023-04-27,3731.25,9751
BOAN,2022,2023-05-25,-27,2023-04-28,3781.25,340
BOAN,2022,2023-05-25,-26,2023-04-29,,
BOAN,2022,2023-05-25,-25,2023-04-30,,
BOAN,2022,2023-05-25,-24,2023-05-01,,
BOAN,2022,2023-05-25,-23,2023-05-02,3781.25,597
BOAN,2022,2023-05-25,-22,2023-05-03,3687.5,1823
BOAN,2022,2023-05-25,-21,2023-05-04,3750.0,40701
BOAN,2022,2023-05-25,-20,2023-05-05,3750.0,4942
BOAN,2022,2023-05-25,-19,2023-05-06,,
BOAN,2022,2023-05-25,-18,2023-05-07,,
BOAN,2022,2023-05-25,-17,2023-05-08,3765.62,951
BOAN,2022,2023-05-25,-16,2023-05-09,3750.0,1179
BOAN,2022,2023-05-25,-15,2023-05-10,3765.62,1986
BOAN,2022,2023-05-25,-14,2023-05-11,3812.5,6146
BOAN,2022,2023-05-25,-13,2023-05-12,3812.5,4530
BOAN,2022,2023-05-25,-12,2023-05-13,,
BOAN,2022,2023-05-25,-11,2023-05-14,,
BOAN,2022,2023-05-25,-10,2023-05-15,3843.75,3385
BOAN,2022,2023-05-25,-9,2023-05-16,3812.5,1130
BOAN,2022,2023-05-25,-8,2023-05-17,3812.5,7406
BOAN,2022,2023-05-25,-7,2023-05-18,,
BOAN,2022,2023-05-25,-6,2023-05-19,3781.25,3043
BOAN,2022,2023-05-25,-5,2023-05-20,,
BOAN,2022,2023-05-25,-4,2023-05-21,,
BOAN,2022,2023-05-25,-3,2023-05-22,3781.25,2104
BOAN,2022,2023-05-25,-2,2023-05-23,3496.88,2279
BOAN,2022,2023-05-25,-1,2023-05-24,3496.88,566
BOAN,2022,2023-05-25,0,2023-05-25,3496.88,620
BOAN,2022,2023-05-25,1,2023-05-26,3625.0,1200
BOAN,2022,2023-05-25,2,2023-05-27,,
BOAN,2022,2023-05-25,3,2023-05-28,,
BOAN,2022,2023-05-25,4,2023-05-29,,
BOAN,2022,2023-05-25,5,2023-05-30,3675.0,23460
BOAN,2022,2023-05-25,6,2023-05-31,3668.75,623
BOAN,2022,2023-05-25,7,2023-06-01,3625.0,22
BOAN,2022,2023-05-25,8,2023-06-02,3615.62,290
BOAN,2022,2023-05-25,9,2023-06-03,,
BOAN,2022,2023-05-25,10,2023-06-04,,
BOAN,2022,2023-05-25,11,2023-06-05,3621.88,438
BOAN,2022,2023-05-25,12,2023-06-06,3562.5,456
BOAN,2022,2023-05-25,13,2023-06-07,3621.88,224
BOAN,2022,2023-05-25,14,2023-06-08,3562.5,1514
BOAN,2022,2023-05-25,15,2023-06-09,3615.62,74
BOAN,2022,2023-05-25,16,2023-06-10,,
BOAN,2022,2023-05-25,17,2023-06-11,,
BOAN,2022,2023-05-25,18,2023-06-12,3562.5,306
BOAN,2022,2023-05-25,19,2023-06-13,3593.75,5422
BOAN,2022,2023-05-25,20,2023-06-14,3590.62,158
BOAN,2022,2023-05-25,21,2023-06-15,3665.62,326
BOAN,2022,2023-05-25,22,2023-06-16,3671.88,500
BOAN,2022,2023-05-25,23,2023-06-17,,
BOAN,2022,2023-05-25,24,2023-06-18,,
BOAN,2022,2023-05-25,25,2023-06-19,3665.62,348
BOAN,2022,2023-05-25,26,2023-06-20,3665.62,157
BOAN,2022,2023-05-25,27,2023-06-21,3671.88,4091
BOAN,2022,2023-05-25,28,2023-06-22,3665.62,198
BOAN,2022,2023-05-25,29,2023-06-23,3671.88,121
BOAN,2022,2023-05-25,30,2023-06-24,,
BOAN,2022,2023-05-25,31,2023-06-25,,
BOAN,2022,2023-05-25,32,2023-06-26,3665.62,771
BOAN,2022,2023-05-25,33,2023-06-27,3665.62,827
BOAN,2022,2023-05-25,34,2023-06-28,,
BOAN,2022,2023-05-25,35,2023-06-29,3671.88,472
BOAN,2022,2023-05-25,36,2023-06-30,3671.88,116
BOAN,2022,2023-05-25,37,2023-07-01,,
BOAN,2022,2023-05-25,38,2023-07-02,,
BOAN,2022,2023-05-25,39,2023-07-03,3668.75,232
BOAN,2022,2023-05-25,40,2023-07-04,3671.88,1245
BOAN,2022,2023-05-25,41,2023-07-05,3668.75,610
BOAN,2022,2023-05-25,42,2023-07-06,3668.75,159
BOAN,2022,2023-05-25,43,2023-07-07,3668.75,206
BOAN,2022,2023-05-25,44,2023-07-08,,
BOAN,2022,2023-05-25,45,2023-07-09,,
BOAN,2022,2023-05-25,46,2023-07-10,3668.75,430
BOAN,2022,2023-05-25,47,2023-07-11,3671.88,259
BOAN,2022,2023-05-25,48,2023-07-12,3668.75,344
BOAN,2022,2023-05-25,49,2023-07-13,3625.0,1582
BOAN,2022,2023-05-25,50,2023-07-14,3675.0,20008
BOAN,2022,2023-05-25,51,2023-07-15,,
BOAN,2022,2023-05-25,52,2023-07-16,,
BOAN,2022,2023-05-25,53,2023-07-17,3687.5,1396
BOAN,2022,2023-05-25,54,2023-07-18,3750.0,2735
BOAN,2022,2023-05-25,55,2023-07-19,3687.5,361
BOAN,2022,2023-05-25,56,2023-07-20,3693.75,883
BOAN,2022,2023-05-25,57,2023-07-21,3703.12,3581
BOAN,2022,2023-05-25,58,2023-07-22,,
BOAN,2022,2023-05-25,59,2023-07-23,,
BOAN,2022,2023-05-25,60,2023-07-24,3693.75,217
BOAN,2023,2024-05-31,-60,2024-04-01,,
BOAN,2023,2024-05-31,-59,2024-04-02,3806.25,911
BOAN,2023,2024-05-31,-58,2024-04-03,3746.88,4323
BOAN,2023,2024-05-31,-57,2024-04-04,3750.0,2088
BOAN,2023,2024-05-31,-56,2024-04-05,3778.12,3878
BOAN,2023,2024-05-31,-55,2024-04-06,,
BOAN,2023,2024-05-31,-54,2024-04-07,,
BOAN,2023,2024-05-31,-53,2024-04-08,3809.38,1297
BOAN,2023,2024-05-31,-52,2024-04-09,3793.75,923
BOAN,2023,2024-05-31,-51,2024-04-10,,
BOAN,2023,2024-05-31,-50,2024-04-11,3793.75,1611
BOAN,2023,2024-05-31,-49,2024-04-12,3793.75,1563
BOAN,2023,2024-05-31,-48,2024-04-13,,
BOAN,2023,2024-05-31,-47,2024-04-14,,
BOAN,2023,2024-05-31,-46,2024-04-15,3750.0,10238
BOAN,2023,2024-05-31,-45,2024-04-16,3750.0,3806
BOAN,2023,2024-05-31,-44,2024-04-17,3787.5,5200
BOAN,2023,2024-05-31,-43,2024-04-18,3784.38,1476
BOAN,2023,2024-05-31,-42,2024-04-19,3784.38,1050
BOAN,2023,2024-05-31,-41,2024-04-20,,
BOAN,2023,2024-05-31,-40,2024-04-21,,
BOAN,2023,2024-05-31,-39,2024-04-22,3750.0,3702
BOAN,2023,2024-05-31,-38,2024-04-23,3778.12,3086
BOAN,2023,2024-05-31,-37,2024-04-24,3756.25,1859
BOAN,2023,2024-05-31,-36,2024-04-25,3762.5,3211
BOAN,2023,2024-05-31,-35,2024-04-26,3762.5,873
BOAN,2023,2024-05-31,-34,2024-04-27,,
BOAN,2023,2024-05-31,-33,2024-04-28,,
BOAN,2023,2024-05-31,-32,2024-04-29,3750.0,5428
BOAN,2023,2024-05-31,-31,2024-04-30,3743.75,829
BOAN,2023,2024-05-31,-30,2024-05-01,,
BOAN,2023,2024-05-31,-29,2024-05-02,3746.88,2114
BOAN,2023,2024-05-31,-28,2024-05-03,3743.75,4370
BOAN,2023,2024-05-31,-27,2024-05-04,,
BOAN,2023,2024-05-31,-26,2024-05-05,,
BOAN,2023,2024-05-31,-25,2024-05-06,3687.5,1244
BOAN,2023,2024-05-31,-24,2024-05-07,3734.38,719
BOAN,2023,2024-05-31,-23,2024-05-08,3687.5,1507
BOAN,2023,2024-05-31,-22,2024-05-09,,
BOAN,2023,2024-05-31,-21,2024-05-10,3687.5,550
BOAN,2023,2024-05-31,-20,2024-05-11,,
BOAN,2023,2024-05-31,-19,2024-05-12,,
BOAN,2023,2024-05-31,-18,2024-05-13,3687.5,4928
BOAN,2023,2024-05-31,-17,2024-05-14,3687.5,199
BOAN,2023,2024-05-31,-16,2024-05-15,3687.5,3716
BOAN,2023,2024-05-31,-15,2024-05-16,3600.0,5452
BOAN,2023,2024-05-31,-14,2024-05-17,3600.0,1190
BOAN,2023,2024-05-31,-13,2024-05-18,,
BOAN,2023,2024-05-31,-12,2024-05-19,,
BOAN,2023,2024-05-31,-11,2024-05-20,,
BOAN,2023,2024-05-31,-10,2024-05-21,3575.0,3235
BOAN,2023,2024-05-31,-9,2024-05-22,3653.12,3452
BOAN,2023,2024-05-31,-8,2024-05-23,3596.88,4693
BOAN,2023,2024-05-31,-7,2024-05-24,3684.38,4417
BOAN,2023,2024-05-31,-6,2024-05-25,,
BOAN,2023,2024-05-31,-5,2024-05-26,,
BOAN,2023,2024-05-31,-4,2024-05-27,3609.38,2331
BOAN,2023,2024-05-31,-3,2024-05-28,3687.5,4831
BOAN,2023,2024-05-31,-2,2024-05-29,3434.38,1546
BOAN,2023,2024-05-31,-1,2024-05-30,3431.25,1260
BOAN,2023,2024-05-31,0,2024-05-31,3406.25,3133
BOAN,2023,2024-05-31,1,2024-06-01,,
BOAN,2023,2024-05-31,2,2024-06-02,,
BOAN,2023,2024-05-31,3,2024-06-03,3393.75,1647
BOAN,2023,2024-05-31,4,2024-06-04,3393.75,5688
BOAN,2023,2024-05-31,5,2024-06-05,3400.0,2093
BOAN,2023,2024-05-31,6,2024-06-06,3375.0,2552
BOAN,2023,2024-05-31,7,2024-06-07,3368.75,1790
BOAN,2023,2024-05-31,8,2024-06-08,,
BOAN,2023,2024-05-31,9,2024-06-09,,
BOAN,2023,2024-05-31,10,2024-06-10,3362.5,13021
BOAN,2023,2024-05-31,11,2024-06-11,3362.5,2207
BOAN,2023,2024-05-31,12,2024-06-12,3359.38,1537
BOAN,2023,2024-05-31,13,2024-06-13,3328.12,2983
BOAN,2023,2024-05-31,14,2024-06-14,3343.75,1121
BOAN,2023,2024-05-31,15,2024-06-15,,
BOAN,2023,2024-05-31,16,2024-06-16,,
BOAN,2023,2024-05-31,17,2024-06-17,,
BOAN,2023,2024-05-31,18,2024-06-18,3340.62,1467
BOAN,2023,2024-05-31,19,2024-06-19,3312.5,3597
BOAN,2023,2024-05-31,20,2024-06-20,3281.25,3868
BOAN,2023,2024-05-31,21,2024-06-21,3281.25,154
BOAN,2023,2024-05-31,22,2024-06-22,,
BOAN,2023,2024-05-31,23,2024-06-23,,
BOAN,2023,2024-05-31,24,2024-06-24,3281.25,1563
BOAN,2023,2024-05-31,25,2024-06-25,3312.5,4022
BOAN,2023,2024-05-31,26,2024-06-26,3312.5,1498
BOAN,2023,2024-05-31,27,2024-06-27,3312.5,3890
BOAN,2023,2024-05-31,28,2024-06-28,3318.75,10024
BOAN,2023,2024-05-31,29,2024-06-29,,
BOAN,2023,2024-05-31,30,2024-06-30,,
BOAN,2023,2024-05-31,31,2024-07-01,3309.38,533
BOAN,2023,2024-05-31,32,2024-07-02,3309.38,221
BOAN,2023,2024-05-31,33,2024-07-03,3306.25,910
BOAN,2023,2024-05-31,34,2024-07-04,3306.25,340
BOAN,2023,2024-05-31,35,2024-07-05,3306.25,474
BOAN,2023,2024-05-31,36,2024-07-06,,
BOAN,2023,2024-05-31,37,2024-07-07,,
BOAN,2023,2024-05-31,38,2024-07-08,3287.5,2109
BOAN,2023,2024-05-31,39,2024-07-09,3293.75,284
BOAN,2023,2024-05-31,40,2024-07-10,3287.5,785
BOAN,2023,2024-05-31,41,2024-07-11,3281.25,789
BOAN,2023,2024-05-31,42,2024-07-12,3281.25,495
BOAN,2023,2024-05-31,43,2024-07-13,,
BOAN,2023,2024-05-31,44,2024-07-14,,
BOAN,2023,2024-05-31,45,2024-07-15,3278.12,548
BOAN,2023,2024-05-31,46,2024-07-16,3250.0,687
BOAN,2023,2024-05-31,47,2024-07-17,3240.62,638
BOAN,2023,2024-05-31,48,2024-07-18,3243.75,258
BOAN,2023,2024-05-31,49,2024-07-19,3243.75,422
BOAN,2023,2024-05-31,50,2024-07-20,,
BOAN,2023,2024-05-31,51,2024-07-21,,
BOAN,2023,2024-05-31,52,2024-07-22,3243.75,405
BOAN,2023,2024-05-31,53,2024-07-23,3231.25,286
BOAN,2023,2024-05-31,54,2024-07-24,3243.75,106
BOAN,2023,2024-05-31,55,2024-07-25,3231.25,1777
BOAN,2023,2024-05-31,56,2024-07-26,3287.5,1905
BOAN,2023,2024-05-31,57,2024-07-27,,
BOAN,2023,2024-05-31,58,2024-07-28,,
BOAN,2023,2024-05-31,59,2024-07-29,3287.5,863
BOAN,2023,2024-05-31,60,2024-07-30,3284.38,2775
BOAN,2024,2025-06-03,-60,2025-04-04,2710.0,591
BOAN,2024,2025-06-03,-59,2025-04-05,,
BOAN,2024,2025-06-03,-58,2025-04-06,,
BOAN,2024,2025-06-03,-57,2025-04-07,2780.0,963
BOAN,2024,2025-06-03,-56,2025-04-08,2780.0,439
BOAN,2024,2025-06-03,-55,2025-04-09,2760.0,806
BOAN,2024,2025-06-03,-54,2025-04-10,2765.0,42236
BOAN,2024,2025-06-03,-53,2025-04-11,2790.0,2453
BOAN,2024,2025-06-03,-52,2025-04-12,,
BOAN,2024,2025-06-03,-51,2025-04-13,,
BOAN,2024,2025-06-03,-50,2025-04-14,2785.0,121
BOAN,2024,2025-06-03,-49,2025-04-15,2790.0,1897
BOAN,2024,2025-06-03,-48,2025-04-16,2790.0,1879
BOAN,2024,2025-06-03,-47,2025-04-17,2790.0,309
BOAN,2024,2025-06-03,-46,2025-04-18,2775.0,343
BOAN,2024,2025-06-03,-45,2025-04-19,,
BOAN,2024,2025-06-03,-44,2025-04-20,,
BOAN,2024,2025-06-03,-43,2025-04-21,,
BOAN,2024,2025-06-03,-42,2025-04-22,2775.0,304
BOAN,2024,2025-06-03,-41,2025-04-23,2775.0,5053
BOAN,2024,2025-06-03,-40,2025-04-24,2775.0,429
BOAN,2024,2025-06-03,-39,2025-04-25,2790.0,1522
BOAN,2024,2025-06-03,-38,2025-04-26,,
BOAN,2024,2025-06-03,-37,2025-04-27,,
BOAN,2024,2025-06-03,-36,2025-04-28,2775.0,328
BOAN,2024,2025-06-03,-35,2025-04-29,2795.0,1769
BOAN,2024,2025-06-03,-34,2025-04-30,2590.0,9036
BOAN,2024,2025-06-03,-33,2025-05-01,,
BOAN,2024,2025-06-03,-32,2025-05-02,2550.0,7465
BOAN,2024,2025-06-03,-31,2025-05-03,,
BOAN,2024,2025-06-03,-30,2025-05-04,,
BOAN,2024,2025-06-03,-29,2025-05-05,2650.0,853
BOAN,2024,2025-06-03,-28,2025-05-06,2600.0,2575
BOAN,2024,2025-06-03,-27,2025-05-07,2575.0,1473
BOAN,2024,2025-06-03,-26,2025-05-08,2575.0,282
BOAN,2024,2025-06-03,-25,2025-05-09,2575.0,5132
BOAN,2024,2025-06-03,-24,2025-05-10,,
BOAN,2024,2025-06-03,-23,2025-05-11,,
BOAN,2024,2025-06-03,-22,2025-05-12,2595.0,244
BOAN,2024,2025-06-03,-21,2025-05-13,2595.0,9151
BOAN,2024,2025-06-03,-20,2025-05-14,2680.0,3242
BOAN,2024,2025-06-03,-19,2025-05-15,2600.0,685
BOAN,2024,2025-06-03,-18,2025-05-16,2640.0,12
BOAN,2024,2025-06-03,-17,2025-05-17,,
BOAN,2024,2025-06-03,-16,2025-05-18,,
BOAN,2024,2025-06-03,-15,2025-05-19,2750.0,5870
BOAN,2024,2025-06-03,-14,2025-05-20,2795.0,295
BOAN,2024,2025-06-03,-13,2025-05-21,2820.0,486
BOAN,2024,2025-06-03,-12,2025-05-22,2800.0,611
BOAN,2024,2025-06-03,-11,2025-05-23,2705.0,752
BOAN,2024,2025-06-03,-10,2025-05-24,,
BOAN,2024,2025-06-03,-9,2025-05-25,,
BOAN,2024,2025-06-03,-8,2025-05-26,2800.0,10320
BOAN,2024,2025-06-03,-7,2025-05-27,2800.0,805
BOAN,2024,2025-06-03,-6,2025-05-28,2850.0,8889
BOAN,2024,2025-06-03,-5,2025-05-29,,
BOAN,2024,2025-06-03,-4,2025-05-30,2600.0,1329
BOAN,2024,2025-06-03,-3,2025-05-31,,
BOAN,2024,2025-06-03,-2,2025-06-01,,
BOAN,2024,2025-06-03,-1,2025-06-02,2600.0,239
BOAN,2024,2025-06-03,0,2025-06-03,2590.0,2622
BOAN,2024,2025-06-03,1,2025-06-04,2595.0,648
BOAN,2024,2025-06-03,2,2025-06-05,2595.0,1381
BOAN,2024,2025-06-03,3,2025-06-06,,
BOAN,2024,2025-06-03,4,2025-06-07,,
BOAN,2024,2025-06-03,5,2025-06-08,,
BOAN,2024,2025-06-03,6,2025-06-09,,
BOAN,2024,2025-06-03,7,2025-06-10,2600.0,8602
BOAN,2024,2025-06-03,8,2025-06-11,2585.0,950
BOAN,2024,2025-06-03,9,2025-06-12,2630.0,6044
BOAN,2024,2025-06-03,10,2025-06-13,2690.0,2031
BOAN,2024,2025-06-03,11,2025-06-14,,
BOAN,2024,2025-06-03,12,2025-06-15,,
BOAN,2024,2025-06-03,13,2025-06-16,2710.0,1939
BOAN,2024,2025-06-03,14,2025-06-17,2700.0,3512
BOAN,2024,2025-06-03,15,2025-06-18,2700.0,280
BOAN,2024,2025-06-03,16,2025-06-19,2700.0,705
BOAN,2024,2025-06-03,17,2025-06-20,2695.0,2368
BOAN,2024,2025-06-03,18,2025-06-21,,
BOAN,2024,2025-06-03,19,2025-06-22,,
BOAN,2024,2025-06-03,20,2025-06-23,2685.0,38031
BOAN,2024,2025-06-03,21,2025-06-24,2745.0,34278
BOAN,2024,2025-06-03,22,2025-06-25,2695.0,298
BOAN,2024,2025-06-03,23,2025-06-26,2500.0,4556
BOAN,2024,2025-06-03,24,2025-06-27,2650.0,5308
BOAN,2024,2025-06-03,25,2025-06-28,,
BOAN,2024,2025-06-03,26,2025-06-29,,
BOAN,2024,2025-06-03,27,2025-06-30,2630.0,7169
BOAN,2024,2025-06-03,28,2025-07-01,2455.0,5990
BOAN,2024,2025-06-03,29,2025-07-02,2405.0,4333
BOAN,2024,2025-06-03,30,2025-07-03,2375.0,6761
BOAN,2024,2025-06-03,31,2025-07-04,2400.0,17783
BOAN,2024,2025-06-03,32,2025-07-05,,
BOAN,2024,2025-06-03,33,2025-07-06,,
BOAN,2024,2025-06-03,34,2025-07-07,2540.0,8092
BOAN,2024,2025-06-03,35,2025-07-08,2490.0,2679
BOAN,2024,2025-06-03,36,2025-07-09,2500.0,9825
BOAN,2024,2025-06-03,37,2025-07-10,2585.0,440
BOAN,2024,2025-06-03,38,2025-07-11,2580.0,327
BOAN,2024,2025-06-03,39,2025-07-12,,
BOAN,2024,2025-06-03,40,2025-07-13,,
BOAN,2024,2025-06-03,41,2025-07-14,2580.0,438
BOAN,2024,2025-06-03,42,2025-07-15,2545.0,1237
BOAN,2024,2025-06-03,43,2025-07-16,2550.0,289
BOAN,2024,2025-06-03,44,2025-07-17,2545.0,952
BOAN,2024,2025-06-03,45,2025-07-18,2530.0,1833
BOAN,2024,2025-06-03,46,2025-07-19,,
BOAN,2024,2025-06-03,47,2025-07-20,,
BOAN,2024,2025-06-03,48,2025-07-21,2450.0,2897
BOAN,2024,2025-06-03,49,2025-07-22,2575.0,5539
BOAN,2024,2025-06-03,50,2025-07-23,2590.0,34315
BOAN,2024,2025-06-03,51,2025-07-24,2575.0,2663
BOAN,2024,2025-06-03,52,2025-07-25,2575.0,21473
BOAN,2024,2025-06-03,53,2025-07-26,,
BOAN,2024,2025-06-03,54,2025-07-27,,
BOAN,2024,2025-06-03,55,2025-07-28,2445.0,6063
BOAN,2024,2025-06-03,56,2025-07-29,2500.0,3107
BOAN,2024,2025-06-03,57,2025-07-30,2450.0,10937
BOAN,2024,2025-06-03,58,2025-07-31,2510.0,25501
BOAN,2024,2025-06-03,59,2025-08-01,2455.0,33282
BOAN,2024,2025-06-03,60,2025-08-02,,
BOAS,2021,2022-06-01,-60,2022-04-02,,
BOAS,2021,2022-06-01,-59,2022-04-03,,
BOAS,2021,2022-06-01,-58,2022-04-04,1666.67,4114
BOAS,2021,2022-06-01,-57,2022-04-05,1713.33,1572
BOAS,2021,2022-06-01,-56,2022-04-06,1713.33,3641
BOAS,2021,2022-06-01,-55,2022-04-07,1670.0,3707
BOAS,2021,2022-06-01,-54,2022-04-08,1673.33,950
BOAS,2021,2022-06-01,-53,2022-04-09,,
BOAS,2021,2022-06-01,-52,2022-04-10,,
BOAS,2021,2022-06-01,-51,2022-04-11,1673.33,701
BOAS,2021,2022-06-01,-50,2022-04-12,1666.67,4981
BOAS,2021,2022-06-01,-49,2022-04-13,1633.33,292
BOAS,2021,2022-06-01,-48,2022-04-14,1633.33,1225
BOAS,2021,2022-06-01,-47,2022-04-15,1633.33,783
BOAS,2021,2022-06-01,-46,2022-04-16,,
BOAS,2021,2022-06-01,-45,2022-04-17,,
BOAS,2021,2022-06-01,-44,2022-04-18,,
BOAS,2021,2022-06-01,-43,2022-04-19,1633.33,4933
BOAS,2021,2022-06-01,-42,2022-04-20,1616.67,516
BOAS,2021,2022-06-01,-41,2022-04-21,1633.33,5683
BOAS,2021,2022-06-01,-40,2022-04-22,1630.0,315
BOAS,2021,2022-06-01,-39,2022-04-23,,
BOAS,2021,2022-06-01,-38,2022-04-24,,
BOAS,2021,2022-06-01,-37,2022-04-25,1596.67,650
BOAS,2021,2022-06-01,-36,2022-04-26,1600.0,137
BOAS,2021,2022-06-01,-35,2022-04-27,1533.33,5102
BOAS,2021,2022-06-01,-34,2022-04-28,,
BOAS,2021,2022-06-01,-33,2022-04-29,1533.33,1047
BOAS,2021,2022-06-01,-32,2022-04-30,,
BOAS,2021,2022-06-01,-31,2022-05-01,,
BOAS,2021,2022-06-01,-30,2022-05-02,,
BOAS,2021,2022-06-01,-29,2022-05-03,1516.67,10
BOAS,2021,2022-06-01,-28,2022-05-04,1466.67,2203
BOAS,2021,2022-06-01,-27,2022-05-05,1466.67,1269
BOAS,2021,2022-06-01,-26,2022-05-06,1466.67,1324
BOAS,2021,2022-06-01,-25,2022-05-07,,
BOAS,2021,2022-06-01,-24,2022-05-08,,
BOAS,2021,2022-06-01,-23,2022-05-09,1563.33,2134
BOAS,2021,2022-06-01,-22,2022-05-10,1533.33,1957
BOAS,2021,2022-06-01,-21,2022-05-11,1533.33,5090
BOAS,2021,2022-06-01,-20,2022-05-12,1566.67,80
BOAS,2021,2022-06-01,-19,2022-05-13,1566.67,2275
BOAS,2021,2022-06-01,-18,2022-05-14,,
BOAS,2021,2022-06-01,-17,2022-05-15,,
BOAS,2021,2022-06-01,-16,2022-05-16,1543.33,5054
BOAS,2021,2022-06-01,-15,2022-05-17,1566.67,12829
BOAS,2021,2022-06-01,-14,2022-05-18,1633.33,155
BOAS,2021,2022-06-01,-13,2022-05-19,1656.67,127
BOAS,2021,2022-06-01,-12,2022-05-20,1656.67,120
BOAS,2021,2022-06-01,-11,2022-05-21,,
BOAS,2021,2022-06-01,-10,2022-05-22,,
BOAS,2021,2022-06-01,-9,2022-05-23,1656.67,1220
BOAS,2021,2022-06-01,-8,2022-05-24,1656.67,2053
BOAS,2021,2022-06-01,-7,2022-05-25,1656.67,140
BOAS,2021,2022-06-01,-6,2022-05-26,,
BOAS,2021,2022-06-01,-5,2022-05-27,1653.33,63
BOAS,2021,2022-06-01,-4,2022-05-28,,
BOAS,2021,2022-06-01,-3,2022-05-29,,
BOAS,2021,2022-06-01,-2,2022-05-30,1533.33,281
BOAS,2021,2022-06-01,-1,2022-05-31,1566.67,8473
BOAS,2021,2022-06-01,0,2022-06-01,1646.67,443
BOAS,2021,2022-06-01,1,2022-06-02,1646.67,11309
BOAS,2021,2022-06-01,2,2022-06-03,1596.67,1618
BOAS,2021,2022-06-01,3,2022-06-04,,
BOAS,2021,2022-06-01,4,2022-06-05,,
BOAS,2021,2022-06-01,5,2022-06-06,,
BOAS,2021,2022-06-01,6,2022-06-07,1566.67,2971
BOAS,2021,2022-06-01,7,2022-06-08,1566.67,2748
BOAS,2021,2022-06-01,8,2022-06-09,1540.0,86
BOAS,2021,2022-06-01,9,2022-06-10,1600.0,1029
BOAS,2021,2022-06-01,10,2022-06-11,,
BOAS,2021,2022-06-01,11,2022-06-12,,
BOAS,2021,2022-06-01,12,2022-06-13,1543.33,995
BOAS,2021,2022-06-01,13,2022-06-14,1583.33,47
BOAS,2021,2022-06-01,14,2022-06-15,1580.0,804
BOAS,2021,2022-06-01,15,2022-06-16,1580.0,4291
BOAS,2021,2022-06-01,16,2022-06-17,1600.0,916
BOAS,2021,2022-06-01,17,2022-06-18,,
BOAS,2021,2022-06-01,18,2022-06-19,,
BOAS,2021,2022-06-01,19,2022-06-20,1600.0,145
BOAS,2021,2022-06-01,20,2022-06-21,1600.0,1114
BOAS,2021,2022-06-01,21,2022-06-22,1600.0,135
BOAS,2021,2022-06-01,22,2022-06-23,1600.0,974
BOAS,2021,2022-06-01,23,2022-06-24,1580.0,535
BOAS,2021,2022-06-01,24,2022-06-25,,
BOAS,2021,2022-06-01,25,2022-06-26,,
BOAS,2021,2022-06-01,26,2022-06-27,1593.33,630
BOAS,2021,2022-06-01,27,2022-06-28,1593.33,0
BOAS,2021,2022-06-01,28,2022-06-29,1600.0,480
BOAS,2021,2022-06-01,29,2022-06-30,1580.0,117
BOAS,2021,2022-06-01,30,2022-07-01,1580.0,352
BOAS,2021,2022-06-01,31,2022-07-02,,
BOAS,2021,2022-06-01,32,2022-07-03,,
BOAS,2021,2022-06-01,33,2022-07-04,1580.0,8506
BOAS,2021,2022-06-01,34,2022-07-05,1666.67,1773
BOAS,2021,2022-06-01,35,2022-07-06,1613.33,11
BOAS,2021,2022-06-01,36,2022-07-07,1603.33,638
BOAS,2021,2022-06-01,37,2022-07-08,1666.67,1904
BOAS,2021,2022-06-01,38,2022-07-09,,
BOAS,2021,2022-06-01,39,2022-07-10,,
BOAS,2021,2022-06-01,40,2022-07-11,1666.67,110
BOAS,2021,2022-06-01,41,2022-07-12,1600.0,100
BOAS,2021,2022-06-01,42,2022-07-13,1633.33,42368
BOAS,2021,2022-06-01,43,2022-07-14,1600.0,908
BOAS,2021,2022-06-01,44,2022-07-15,1600.0,306
BOAS,2021,2022-06-01,45,2022-07-16,,
BOAS,2021,2022-06-01,46,2022-07-17,,
BOAS,2021,2022-06-01,47,2022-07-18,1663.33,516
BOAS,2021,2022-06-01,48,2022-07-19,1663.33,312
BOAS,2021,2022-06-01,49,2022-07-20,1663.33,1615
BOAS,2021,2022-06-01,50,2022-07-21,1663.33,65
BOAS,2021,2022-06-01,51,2022-07-22,1660.0,2947
BOAS,2021,2022-06-01,52,2022-07-23,,
BOAS,2021,2022-06-01,53,2022-07-24,,
BOAS,2021,2022-06-01,54,2022-07-25,1633.33,136
BOAS,2021,2022-06-01,55,2022-07-26,1633.33,745
BOAS,2021,2022-06-01,56,2022-07-27,1623.33,1774
BOAS,2021,2022-06-01,57,2022-07-28,1623.33,134
BOAS,2021,2022-06-01,58,2022-07-29,1600.0,449
BOAS,2021,2022-06-01,59,2022-07-30,,
BOAS,2021,2022-06-01,60,2022-07-31,,
BOAS,2022,2023-06-01,-60,2023-04-02,,
BOAS,2022,2023-06-01,-59,2023-04-03,1466.67,5455
BOAS,2022,2023-06-01,-58,2023-04-04,1510.0,148
BOAS,2022,2023-06-01,-57,2023-04-05,1450.0,547
BOAS,2022,2023-06-01,-56,2023-04-06,1510.0,113
BOAS,2022,2023-06-01,-55,2023-04-07,1506.67,17
BOAS,2022,2023-06-01,-54,2023-04-08,,
BOAS,2022,2023-06-01,-53,2023-04-09,,
BOAS,2022,2023-06-01,-52,2023-04-10,,
BOAS,2022,2023-06-01,-51,2023-04-11,1506.67,429
BOAS,2022,2023-06-01,-50,2023-04-12,1533.33,11667
BOAS,2022,2023-06-01,-49,2023-04-13,1566.67,3914
BOAS,2022,2023-06-01,-48,2023-04-14,1600.0,4166
BOAS,2022,2023-06-01,-47,2023-04-15,,
BOAS,2022,2023-06-01,-46,2023-04-16,,
BOAS,2022,2023-06-01,-45,2023-04-17,1626.67,1395
BOAS,2022,2023-06-01,-44,2023-04-18,,
BOAS,2022,2023-06-01,-43,2023-04-19,1596.67,3610
BOAS,2022,2023-06-01,-42,2023-04-20,1596.67,27
BOAS,2022,2023-06-01,-41,2023-04-21,,
BOAS,2022,2023-06-01,-40,2023-04-22,,
BOAS,2022,2023-06-01,-39,2023-04-23,,
BOAS,2022,2023-06-01,-38,2023-04-24,1593.33,597
BOAS,2022,2023-06-01,-37,2023-04-25,1593.33,10043
BOAS,2022,2023-06-01,-36,2023-04-26,1593.33,1225
BOAS,2022,2023-06-01,-35,2023-04-27,1623.33,1020
BOAS,2022,2023-06-01,-34,2023-04-28,1620.0,849
BOAS,2022,2023-06-01,-33,2023-04-29,,
BOAS,2022,2023-06-01,-32,2023-04-30,,
BOAS,2022,2023-06-01,-31,2023-05-01,,
BOAS,2022,2023-06-01,-30,2023-05-02,1666.67,1272
BOAS,2022,2023-06-01,-29,2023-05-03,1663.33,31
BOAS,2022,2023-06-01,-28,2023-05-04,1663.33,1201
BOAS,2022,2023-06-01,-27,2023-05-05,1666.67,2563
BOAS,2022,2023-06-01,-26,2023-05-06,,
BOAS,2022,2023-06-01,-25,2023-05-07,,
BOAS,2022,2023-06-01,-24,2023-05-08,1666.67,5011
BOAS,2022,2023-06-01,-23,2023-05-09,1666.67,1732
BOAS,2022,2023-06-01,-22,2023-05-10,1633.33,220
BOAS,2022,2023-06-01,-21,2023-05-11,1666.67,8690
BOAS,2022,2023-06-01,-20,2023-05-12,1666.67,3185
BOAS,2022,2023-06-01,-19,2023-05-13,,
BOAS,2022,2023-06-01,-18,2023-05-14,,
BOAS,2022,2023-06-01,-17,2023-05-15,1733.33,2803
BOAS,2022,2023-06-01,-16,2023-05-16,1750.0,449
BOAS,2022,2023-06-01,-15,2023-05-17,1750.0,449
BOAS,2022,2023-06-01,-14,2023-05-18,,
BOAS,2022,2023-06-01,-13,2023-05-19,1766.67,1914
BOAS,2022,2023-06-01,-12,2023-05-20,,
BOAS,2022,2023-06-01,-11,2023-05-21,,
BOAS,2022,2023-06-01,-10,2023-05-22,1770.0,754
BOAS,2022,2023-06-01,-9,2023-05-23,1796.67,7761
BOAS,2022,2023-06-01,-8,2023-05-24,1796.67,3817
BOAS,2022,2023-06-01,-7,2023-05-25,1796.67,4639
BOAS,2022,2023-06-01,-6,2023-05-26,1793.33,6049
BOAS,2022,2023-06-01,-5,2023-05-27,,
BOAS,2022,2023-06-01,-4,2023-05-28,,
BOAS,2022,2023-06-01,-3,2023-05-29,,
BOAS,2022,2023-06-01,-2,2023-05-30,1670.0,800
BOAS,2022,2023-06-01,-1,2023-05-31,1716.67,136
BOAS,2022,2023-06-01,0,2023-06-01,1716.67,139
BOAS,2022,2023-06-01,1,2023-06-02,1703.33,6328
BOAS,2022,2023-06-01,2,2023-06-03,,
BOAS,2022,2023-06-01,3,2023-06-04,,
BOAS,2022,2023-06-01,4,2023-06-05,1730.0,8917
BOAS,2022,2023-06-01,5,2023-06-06,1726.67,8856
BOAS,2022,2023-06-01,6,2023-06-07,1700.0,2228
BOAS,2022,2023-06-01,7,2023-06-08,1700.0,34232
BOAS,2022,2023-06-01,8,2023-06-09,1730.0,1861
BOAS,2022,2023-06-01,9,2023-06-10,,
BOAS,2022,2023-06-01,10,2023-06-11,,
BOAS,2022,2023-06-01,11,2023-06-12,1733.33,1290
BOAS,2022,2023-06-01,12,2023-06-13,1800.0,7900
BOAS,2022,2023-06-01,13,2023-06-14,1800.0,444
BOAS,2022,2023-06-01,14,2023-06-15,1783.33,1310
BOAS,2022,2023-06-01,15,2023-06-16,1800.0,180
BOAS,2022,2023-06-01,16,2023-06-17,,
BOAS,2022,2023-06-01,17,2023-06-18,,
BOAS,2022,2023-06-01,18,2023-06-19,1800.0,1676
BOAS,2022,2023-06-01,19,2023-06-20,1803.33,668
BOAS,2022,2023-06-01,20,2023-06-21,1833.33,3683
BOAS,2022,2023-06-01,21,2023-06-22,1860.0,594
BOAS,2022,2023-06-01,22,2023-06-23,1860.0,1386
BOAS,2022,2023-06-01,23,2023-06-24,,
BOAS,2022,2023-06-01,24,2023-06-25,,
BOAS,2022,2023-06-01,25,2023-06-26,1860.0,1665
BOAS,2022,2023-06-01,26,2023-06-27,1900.0,662
BOAS,2022,2023-06-01,27,2023-06-28,,
BOAS,2022,2023-06-01,28,2023-06-29,1923.33,1633
BOAS,2022,2023-06-01,29,2023-06-30,1866.67,1045
BOAS,2022,2023-06-01,30,2023-07-01,,
BOAS,2022,2023-06-01,31,2023-07-02,,
BOAS,2022,2023-06-01,32,2023-07-03,1860.0,2699
BOAS,2022,2023-06-01,33,2023-07-04,1900.0,969
BOAS,2022,2023-06-01,34,2023-07-05,1923.33,996
BOAS,2022,2023-06-01,35,2023-07-06,1893.33,989
BOAS,2022,2023-06-01,36,2023-07-07,1893.33,254
BOAS,2022,2023-06-01,37,2023-07-08,,
BOAS,2022,2023-06-01,38,2023-07-09,,
BOAS,2022,2023-06-01,39,2023-07-10,1883.33,1223
BOAS,2022,2023-06-01,40,2023-07-11,1880.0,1706
BOAS,2022,2023-06-01,41,2023-07-12,1866.67,3159
BOAS,2022,2023-06-01,42,2023-07-13,1866.67,2256
BOAS,2022,2023-06-01,43,2023-07-14,1866.67,872
BOAS,2022,2023-06-01,44,2023-07-15,,
BOAS,2022,2023-06-01,45,2023-07-16,,
BOAS,2022,2023-06-01,46,2023-07-17,1866.67,1255
BOAS,2022,2023-06-01,47,2023-07-18,1866.67,2337
BOAS,2022,2023-06-01,48,2023-07-19,1866.67,806
BOAS,2022,2023-06-01,49,2023-07-20,1866.67,1025
BOAS,2022,2023-06-01,50,2023-07-21,1866.67,6132
BOAS,2022,2023-06-01,51,2023-07-22,,
BOAS,2022,2023-06-01,52,2023-07-23,,
BOAS,2022,2023-06-01,53,2023-07-24,1866.67,510
BOAS,2022,2023-06-01,54,2023-07-25,1866.67,547
BOAS,2022,2023-06-01,55,2023-07-26,1866.67,571
BOAS,2022,2023-06-01,56,2023-07-27,1866.67,3994
BOAS,2022,2023-06-01,57,2023-07-28,1923.33,1398
BOAS,2022,2023-06-01,58,2023-07-29,,
BOAS,2022,2023-06-01,59,2023-07-30,,
BOAS,2022,2023-06-01,60,2023-07-31,1923.33,1020
BOAS,2023,2024-06-27,-60,2024-04-28,,
BOAS,2023,2024-06-27,-59,2024-04-29,2390.0,1416
BOAS,2023,2024-06-27,-58,2024-04-30,2400.0,2158
BOAS,2023,2024-06-27,-57,2024-05-01,,
BOAS,2023,2024-06-27,-56,2024-05-02,2433.33,1471
BOAS,2023,2024-06-27,-55,2024-05-03,2433.33,2298
BOAS,2023,2024-06-27,-54,2024-05-04,,
BOAS,2023,2024-06-27,-53,2024-05-05,,
BOAS,2023,2024-06-27,-52,2024-05-06,2500.0,781
BOAS,2023,2024-06-27,-51,2024-05-07,2566.67,1363
BOAS,2023,2024-06-27,-50,2024-05-08,2600.0,416
BOAS,2023,2024-06-27,-49,2024-05-09,,
BOAS,2023,2024-06-27,-48,2024-05-10,2666.67,316
BOAS,2023,2024-06-27,-47,2024-05-11,,
BOAS,2023,2024-06-27,-46,2024-05-12,,
BOAS,2023,2024-06-27,-45,2024-05-13,2533.33,5552
BOAS,2023,2024-06-27,-44,2024-05-14,2566.67,531
BOAS,2023,2024-06-27,-43,2024-05-15,2566.67,321
BOAS,2023,2024-06-27,-42,2024-05-16,2533.33,1251
BOAS,2023,2024-06-27,-41,2024-05-17,2566.67,3509
BOAS,2023,2024-06-27,-40,2024-05-18,,
BOAS,2023,2024-06-27,-39,2024-05-19,,
BOAS,2023,2024-06-27,-38,2024-05-20,,
BOAS,2023,2024-06-27,-37,2024-05-21,2570.0,303
BOAS,2023,2024-06-27,-36,2024-05-22,2600.0,481
BOAS,2023,2024-06-27,-35,2024-05-23,2573.33,258
BOAS,2023,2024-06-27,-34,2024-05-24,2616.67,925
BOAS,2023,2024-06-27,-33,2024-05-25,,
BOAS,2023,2024-06-27,-32,2024-05-26,,
BOAS,2023,2024-06-27,-31,2024-05-27,2630.0,567
BOAS,2023,2024-06-27,-30,2024-05-28,2570.0,375
BOAS,2023,2024-06-27,-29,2024-05-29,2616.67,509
BOAS,2023,2024-06-27,-28,2024-05-30,2633.33,6402
BOAS,2023,2024-06-27,-27,2024-05-31,2600.0,1388
BOAS,2023,2024-06-27,-26,2024-06-01,,
BOAS,2023,2024-06-27,-25,2024-06-02,,
BOAS,2023,2024-06-27,-24,2024-06-03,2660.0,1458
BOAS,2023,2024-06-27,-23,2024-06-04,2636.67,1722
BOAS,2023,2024-06-27,-22,2024-06-05,2640.0,1149
BOAS,2023,2024-06-27,-21,2024-06-06,2653.33,885
BOAS,2023,2024-06-27,-20,2024-06-07,2653.33,505
BOAS,2023,2024-06-27,-19,2024-06-08,,
BOAS,2023,2024-06-27,-18,2024-06-09,,
BOAS,2023,2024-06-27,-17,2024-06-10,2653.33,5176
BOAS,2023,2024-06-27,-16,2024-06-11,2666.67,1221
BOAS,2023,2024-06-27,-15,2024-06-12,2666.67,221
BOAS,2023,2024-06-27,-14,2024-06-13,2653.33,6622
BOAS,2023,2024-06-27,-13,2024-06-14,2700.0,68
BOAS,2023,2024-06-27,-12,2024-06-15,,
BOAS,2023,2024-06-27,-11,2024-06-16,,
BOAS,2023,2024-06-27,-10,2024-06-17,,
BOAS,2023,2024-06-27,-9,2024-06-18,2800.0,6298
BOAS,2023,2024-06-27,-8,2024-06-19,2673.33,2142
BOAS,2023,2024-06-27,-7,2024-06-20,2850.0,3014
BOAS,2023,2024-06-27,-6,2024-06-21,2800.0,573
BOAS,2023,2024-06-27,-5,2024-06-22,,
BOAS,2023,2024-06-27,-4,2024-06-23,,
BOAS,2023,2024-06-27,-3,2024-06-24,2733.33,283
BOAS,2023,2024-06-27,-2,2024-06-25,2540.0,917
BOAS,2023,2024-06-27,-1,2024-06-26,2546.67,1540
BOAS,2023,2024-06-27,0,2024-06-27,2566.67,296
BOAS,2023,2024-06-27,1,2024-06-28,2583.33,917
BOAS,2023,2024-06-27,2,2024-06-29,,
BOAS,2023,2024-06-27,3,2024-06-30,,
BOAS,2023,2024-06-27,4,2024-07-01,2593.33,427
BOAS,2023,2024-06-27,5,2024-07-02,2566.67,1714
BOAS,2023,2024-06-27,6,2024-07-03,2566.67,528
BOAS,2023,2024-06-27,7,2024-07-04,2566.67,1485
BOAS,2023,2024-06-27,8,2024-07-05,2566.67,436
BOAS,2023,2024-06-27,9,2024-07-06,,
BOAS,2023,2024-06-27,10,2024-07-07,,
BOAS,2023,2024-06-27,11,2024-07-08,2566.67,7409
BOAS,2023,2024-06-27,12,2024-07-09,2566.67,1618
BOAS,2023,2024-06-27,13,2024-07-10,2663.33,2476
BOAS,2023,2024-06-27,14,2024-07-11,2666.67,691
BOAS,2023,2024-06-27,15,2024-07-12,2670.0,1229
BOAS,2023,2024-06-27,16,2024-07-13,,
BOAS,2023,2024-06-27,17,2024-07-14,,
BOAS,2023,2024-06-27,18,2024-07-15,2670.0,2354
BOAS,2023,2024-06-27,19,2024-07-16,2670.0,135
BOAS,2023,2024-06-27,20,2024-07-17,2670.0,1130
BOAS,2023,2024-06-27,21,2024-07-18,2733.33,144
BOAS,2023,2024-06-27,22,2024-07-19,2673.33,1658
BOAS,2023,2024-06-27,23,2024-07-20,,
BOAS,2023,2024-06-27,24,2024-07-21,,
BOAS,2023,2024-06-27,25,2024-07-22,2686.67,496
BOAS,2023,2024-06-27,26,2024-07-23,2743.33,8356
BOAS,2023,2024-06-27,27,2024-07-24,2733.33,1216
BOAS,2023,2024-06-27,28,2024-07-25,2733.33,803
BOAS,2023,2024-06-27,29,2024-07-26,2740.0,6111
BOAS,2023,2024-06-27,30,2024-07-27,,
BOAS,2023,2024-06-27,31,2024-07-28,,
BOAS,2023,2024-06-27,32,2024-07-29,2930.0,3280
BOAS,2023,2024-06-27,33,2024-07-30,3133.33,3169
BOAS,2023,2024-06-27,34,2024-07-31,3233.33,11515
BOAS,2023,2024-06-27,35,2024-08-01,3226.67,2516
BOAS,2023,2024-06-27,36,2024-08-02,3226.67,2711
BOAS,2023,2024-06-27,37,2024-08-03,,
BOAS,2023,2024-06-27,38,2024-08-04,,
BOAS,2023,2024-06-27,39,2024-08-05,3166.67,886
BOAS,2023,2024-06-27,40,2024-08-06,3173.33,544
BOAS,2023,2024-06-27,41,2024-08-07,,
BOAS,2023,2024-06-27,42,2024-08-08,3200.0,4383
BOAS,2023,2024-06-27,43,2024-08-09,3266.67,649
BOAS,2023,2024-06-27,44,2024-08-10,,
BOAS,2023,2024-06-27,45,2024-08-11,,
BOAS,2023,2024-06-27,46,2024-08-12,3266.67,2050
BOAS,2023,2024-06-27,47,2024-08-13,3366.67,4406
BOAS,2023,2024-06-27,48,2024-08-14,3616.67,3434
BOAS,2023,2024-06-27,49,2024-08-15,,
BOAS,2023,2024-06-27,50,2024-08-16,3660.0,6805
BOAS,2023,2024-06-27,51,2024-08-17,,
BOAS,2023,2024-06-27,52,2024-08-18,,
BOAS,2023,2024-06-27,53,2024-08-19,3476.67,555
BOAS,2023,2024-06-27,54,2024-08-20,3283.33,2012
BOAS,2023,2024-06-27,55,2024-08-21,3266.67,3265
BOAS,2023,2024-06-27,56,2024-08-22,3266.67,1124
BOAS,2023,2024-06-27,57,2024-08-23,3263.33,867
BOAS,2023,2024-06-27,58,2024-08-24,,
BOAS,2023,2024-06-27,59,2024-08-25,,
BOAS,2023,2024-06-27,60,2024-08-26,3200.0,839
BOAS,2024,2025-06-02,-60,2025-04-03,3950.0,1069
BOAS,2024,2025-06-02,-59,2025-04-04,4105.0,9618
BOAS,2024,2025-06-02,-58,2025-04-05,,
BOAS,2024,2025-06-02,-57,2025-04-06,,
BOAS,2024,2025-06-02,-56,2025-04-07,4245.0,7605
BOAS,2024,2025-06-02,-55,2025-04-08,4280.0,4725
BOAS,2024,2025-06-02,-54,2025-04-09,4280.0,2989
BOAS,2024,2025-06-02,-53,2025-04-10,4270.0,5431
BOAS,2024,2025-06-02,-52,2025-04-11,4100.0,7275
BOAS,2024,2025-06-02,-51,2025-04-12,,
BOAS,2024,2025-06-02,-50,2025-04-13,,
BOAS,2024,2025-06-02,-49,2025-04-14,4100.0,5109
BOAS,2024,2025-06-02,-48,2025-04-15,4200.0,12012
BOAS,2024,2025-06-02,-47,2025-04-16,4255.0,3474
BOAS,2024,2025-06-02,-46,2025-04-17,4265.0,2911
BOAS,2024,2025-06-02,-45,2025-04-18,4210.0,5225
BOAS,2024,2025-06-02,-44,2025-04-19,,
BOAS,2024,2025-06-02,-43,2025-04-20,,
BOAS,2024,2025-06-02,-42,2025-04-21,,
BOAS,2024,2025-06-02,-41,2025-04-22,4265.0,157976
BOAS,2024,2025-06-02,-40,2025-04-23,4300.0,13482
BOAS,2024,2025-06-02,-39,2025-04-24,4250.0,3271
BOAS,2024,2025-06-02,-38,2025-04-25,4260.0,2840
BOAS,2024,2025-06-02,-37,2025-04-26,,
BOAS,2024,2025-06-02,-36,2025-04-27,,
BOAS,2024,2025-06-02,-35,2025-04-28,4200.0,21956
BOAS,2024,2025-06-02,-34,2025-04-29,4150.0,5147
BOAS,2024,2025-06-02,-33,2025-04-30,4150.0,1543
BOAS,2024,2025-06-02,-32,2025-05-01,,
BOAS,2024,2025-06-02,-31,2025-05-02,4200.0,21513
BOAS,2024,2025-06-02,-30,2025-05-03,,
BOAS,2024,2025-06-02,-29,2025-05-04,,
BOAS,2024,2025-06-02,-28,2025-05-05,4200.0,6052
BOAS,2024,2025-06-02,-27,2025-05-06,4170.0,3257
BOAS,2024,2025-06-02,-26,2025-05-07,4200.0,2237
BOAS,2024,2025-06-02,-25,2025-05-08,4195.0,9400
BOAS,2024,2025-06-02,-24,2025-05-09,4200.0,12764
BOAS,2024,2025-06-02,-23,2025-05-10,,
BOAS,2024,2025-06-02,-22,2025-05-11,,
BOAS,2024,2025-06-02,-21,2025-05-12,4210.0,6991
BOAS,2024,2025-06-02,-20,2025-05-13,4200.0,10508
BOAS,2024,2025-06-02,-19,2025-05-14,4200.0,2999
BOAS,2024,2025-06-02,-18,2025-05-15,4200.0,16524
BOAS,2024,2025-06-02,-17,2025-05-16,4245.0,5248
BOAS,2024,2025-06-02,-16,2025-05-17,,
BOAS,2024,2025-06-02,-15,2025-05-18,,
BOAS,2024,2025-06-02,-14,2025-05-19,4200.0,24704
BOAS,2024,2025-06-02,-13,2025-05-20,4200.0,16577
BOAS,2024,2025-06-02,-12,2025-05-21,4200.0,4195
BOAS,2024,2025-06-02,-11,2025-05-22,4200.0,14484
BOAS,2024,2025-06-02,-10,2025-05-23,4250.0,6813
BOAS,2024,2025-06-02,-9,2025-05-24,,
BOAS,2024,2025-06-02,-8,2025-05-25,,
BOAS,2024,2025-06-02,-7,2025-05-26,4200.0,4412
BOAS,2024,2025-06-02,-6,2025-05-27,4200.0,10702
BOAS,2024,2025-06-02,-5,2025-05-28,4090.0,11971
BOAS,2024,2025-06-02,-4,2025-05-29,,
BOAS,2024,2025-06-02,-3,2025-05-30,3950.0,4917
BOAS,2024,2025-06-02,-2,2025-05-31,,
BOAS,2024,2025-06-02,-1,2025-06-01,,
BOAS,2024,2025-06-02,0,2025-06-02,3990.0,3009
BOAS,2024,2025-06-02,1,2025-06-03,4020.0,3584
BOAS,2024,2025-06-02,2,2025-06-04,4050.0,3084
BOAS,2024,2025-06-02,3,2025-06-05,4045.0,1474
BOAS,2024,2025-06-02,4,2025-06-06,,
BOAS,2024,2025-06-02,5,2025-06-07,,
BOAS,2024,2025-06-02,6,2025-06-08,,
BOAS,2024,2025-06-02,7,2025-06-09,,
BOAS,2024,2025-06-02,8,2025-06-10,4195.0,8672
BOAS,2024,2025-06-02,9,2025-06-11,4145.0,12803
BOAS,2024,2025-06-02,10,2025-06-12,4100.0,11494
BOAS,2024,2025-06-02,11,2025-06-13,4100.0,7204
BOAS,2024,2025-06-02,12,2025-06-14,,
BOAS,2024,2025-06-02,13,2025-06-15,,
BOAS,2024,2025-06-02,14,2025-06-16,4150.0,3714
BOAS,2024,2025-06-02,15,2025-06-17,4145.0,2998
BOAS,2024,2025-06-02,16,2025-06-18,4155.0,16938
BOAS,2024,2025-06-02,17,2025-06-19,4150.0,7671
BOAS,2024,2025-06-02,18,2025-06-20,4150.0,5957
BOAS,2024,2025-06-02,19,2025-06-21,,
BOAS,2024,2025-06-02,20,2025-06-22,,
BOAS,2024,2025-06-02,21,2025-06-23,4140.0,10578
BOAS,2024,2025-06-02,22,2025-06-24,4100.0,57980
BOAS,2024,2025-06-02,23,2025-06-25,4140.0,20064
BOAS,2024,2025-06-02,24,2025-06-26,4100.0,17020
BOAS,2024,2025-06-02,25,2025-06-27,4100.0,11454
BOAS,2024,2025-06-02,26,2025-06-28,,
BOAS,2024,2025-06-02,27,2025-06-29,,
BOAS,2024,2025-06-02,28,2025-06-30,4140.0,11206
BOAS,2024,2025-06-02,29,2025-07-01,4280.0,14247
BOAS,2024,2025-06-02,30,2025-07-02,4250.0,6970
BOAS,2024,2025-06-02,31,2025-07-03,4200.0,12686
BOAS,2024,2025-06-02,32,2025-07-04,4200.0,12200
BOAS,2024,2025-06-02,33,2025-07-05,,
BOAS,2024,2025-06-02,34,2025-07-06,,
BOAS,2024,2025-06-02,35,2025-07-07,4200.0,13809
BOAS,2024,2025-06-02,36,2025-07-08,4200.0,11133
BOAS,2024,2025-06-02,37,2025-07-09,4145.0,11374
BOAS,2024,2025-06-02,38,2025-07-10,4150.0,5532
BOAS,2024,2025-06-02,39,2025-07-11,4010.0,25218
BOAS,2024,2025-06-02,40,2025-07-12,,
BOAS,2024,2025-06-02,41,2025-07-13,,
BOAS,2024,2025-06-02,42,2025-07-14,4250.0,5345
BOAS,2024,2025-06-02,43,2025-07-15,4290.0,3915
BOAS,2024,2025-06-02,44,2025-07-16,4340.0,5106
BOAS,2024,2025-06-02,45,2025-07-17,4440.0,3306
BOAS,2024,2025-06-02,46,2025-07-18,4470.0,7218
BOAS,2024,2025-06-02,47,2025-07-19,,
BOAS,2024,2025-06-02,48,2025-07-20,,
BOAS,2024,2025-06-02,49,2025-07-21,4465.0,6639
BOAS,2024,2025-06-02,50,2025-07-22,4400.0,10236
BOAS,2024,2025-06-02,51,2025-07-23,4400.0,6999
BOAS,2024,2025-06-02,52,2025-07-24,4350.0,6190
BOAS,2024,2025-06-02,53,2025-07-25,4290.0,8110
BOAS,2024,2025-06-02,54,2025-07-26,,
BOAS,2024,2025-06-02,55,2025-07-27,,
BOAS,2024,2025-06-02,56,2025-07-28,4300.0,15504
BOAS,2024,2025-06-02,57,2025-07-29,4500.0,11780
BOAS,2024,2025-06-02,58,2025-07-30,4400.0,2451
BOAS,2024,2025-06-02,59,2025-07-31,4400.0,3046
BOAS,2024,2025-06-02,60,2025-08-01,4445.0,9752
BOAS,2025,2026-06-01,-60,2026-04-02,6850.0,2300
BOAS,2025,2026-06-01,-59,2026-04-03,6850.0,2300
BOAS,2025,2026-06-01,-58,2026-04-04,6800.0,1853
BOAS,2025,2026-06-01,-57,2026-04-05,6800.0,1853
BOAS,2025,2026-06-01,-56,2026-04-06,6800.0,1853
BOAS,2025,2026-06-01,-55,2026-04-07,6800.0,6053
BOAS,2025,2026-06-01,-54,2026-04-08,6800.0,6053
BOAS,2025,2026-06-01,-53,2026-04-09,6685.0,5126
BOAS,2025,2026-06-01,-52,2026-04-10,6700.0,2658
BOAS,2025,2026-06-01,-51,2026-04-11,6690.0,3243
BOAS,2025,2026-06-01,-50,2026-04-12,6690.0,3243
BOAS,2025,2026-06-01,-49,2026-04-13,6730.0,1902
BOAS,2025,2026-06-01,-48,2026-04-14,6730.0,1902
BOAS,2025,2026-06-01,-47,2026-04-15,6750.0,4732
BOAS,2025,2026-06-01,-46,2026-04-16,6750.0,9884
BOAS,2025,2026-06-01,-45,2026-04-17,6750.0,7225
BOAS,2025,2026-06-01,-44,2026-04-18,6795.0,5682
BOAS,2025,2026-06-01,-43,2026-04-19,6795.0,5682
BOAS,2025,2026-06-01,-42,2026-04-20,6795.0,5682
BOAS,2025,2026-06-01,-41,2026-04-21,6750.0,7563
BOAS,2025,2026-06-01,-40,2026-04-22,6790.0,2017
BOAS,2025,2026-06-01,-39,2026-04-23,6735.0,9256
BOAS,2025,2026-06-01,-38,2026-04-24,6800.0,3346
BOAS,2025,2026-06-01,-37,2026-04-25,6900.0,2852
BOAS,2025,2026-06-01,-36,2026-04-26,6900.0,2852
BOAS,2025,2026-06-01,-35,2026-04-27,6900.0,2852
BOAS,2025,2026-06-01,-34,2026-04-28,6950.0,4311
BOAS,2025,2026-06-01,-33,2026-04-29,6940.0,1475
BOAS,2025,2026-06-01,-32,2026-04-30,7000.0,17603
BOAS,2025,2026-06-01,-31,2026-05-01,7045.0,6792
BOAS,2025,2026-06-01,-30,2026-05-02,7045.0,6792
BOAS,2025,2026-06-01,-29,2026-05-03,7045.0,6792
BOAS,2025,2026-06-01,-28,2026-05-04,7045.0,6792
BOAS,2025,2026-06-01,-27,2026-05-05,7225.0,12057
BOAS,2025,2026-06-01,-26,2026-05-06,7240.0,1738
BOAS,2025,2026-06-01,-25,2026-05-07,7225.0,3508
BOAS,2025,2026-06-01,-24,2026-05-08,7265.0,4142
BOAS,2025,2026-06-01,-23,2026-05-09,7390.0,4296
BOAS,2025,2026-06-01,-22,2026-05-10,7390.0,4296
BOAS,2025,2026-06-01,-21,2026-05-11,7390.0,4296
BOAS,2025,2026-06-01,-20,2026-05-12,7450.0,9390
BOAS,2025,2026-06-01,-19,2026-05-13,7500.0,8857
BOAS,2025,2026-06-01,-18,2026-05-14,7555.0,11661
BOAS,2025,2026-06-01,-17,2026-05-15,7555.0,11661
BOAS,2025,2026-06-01,-16,2026-05-16,7595.0,10007
BOAS,2025,2026-06-01,-15,2026-05-17,7595.0,10007
BOAS,2025,2026-06-01,-14,2026-05-18,7595.0,0
BOAS,2025,2026-06-01,-13,2026-05-19,7700.0,17111
BOAS,2025,2026-06-01,-12,2026-05-20,8000.0,2560
BOAS,2025,2026-06-01,-11,2026-05-21,8050.0,3024
BOAS,2025,2026-06-01,-10,2026-05-22,8000.0,3977
BOAS,2025,2026-06-01,-9,2026-05-23,7990.0,4065
BOAS,2025,2026-06-01,-8,2026-05-24,7990.0,4065
BOAS,2025,2026-06-01,-7,2026-05-25,7990.0,4065
BOAS,2025,2026-06-01,-6,2026-05-26,7745.0,25990
BOAS,2025,2026-06-01,-5,2026-05-27,7745.0,25990
BOAS,2025,2026-06-01,-4,2026-05-28,7745.0,0
BOAS,2025,2026-06-01,-3,2026-05-29,7700.0,0
BOAS,2025,2026-06-01,-2,2026-05-30,7545.0,6128
BOAS,2025,2026-06-01,-1,2026-05-31,7545.0,6128
BOAS,2025,2026-06-01,0,2026-06-01,7600.0,3686
BOAS,2025,2026-06-01,1,2026-06-02,7500.0,11075
BOAS,2025,2026-06-01,2,2026-06-03,,
BOAS,2025,2026-06-01,3,2026-06-04,7450.0,4331
BOAS,2025,2026-06-01,4,2026-06-05,7450.0,4331
BOAS,2025,2026-06-01,5,2026-06-06,7420.0,4398
BOAS,2025,2026-06-01,6,2026-06-07,7420.0,4398
BOAS,2025,2026-06-01,7,2026-06-08,7495.0,1568
BOAS,2025,2026-06-01,8,2026-06-09,7450.0,6181
BOAS,2025,2026-06-01,9,2026-06-10,7400.0,0
BOAS,2025,2026-06-01,10,2026-06-11,7350.0,0
BOAS,2025,2026-06-01,11,2026-06-12,7340.0,0
BOAS,2025,2026-06-01,12,2026-06-13,7325.0,19592
BOAS,2025,2026-06-01,13,2026-06-14,7325.0,19592
BOAS,2025,2026-06-01,14,2026-06-15,7300.0,2603
BOAS,2025,2026-06-01,15,2026-06-16,7300.0,1509
BOAS,2025,2026-06-01,16,2026-06-17,7300.0,3666
BOAS,2025,2026-06-01,17,2026-06-18,7400.0,6524
BOAS,2025,2026-06-01,18,2026-06-19,7445.0,183
BOAS,2025,2026-06-01,19,2026-06-20,7445.0,8517
BOAS,2025,2026-06-01,20,2026-06-21,7445.0,8517
BOAS,2025,2026-06-01,21,2026-06-22,7375.0,2312
BOAS,2025,2026-06-01,22,2026-06-23,7395.0,5871
BOAS,2025,2026-06-01,23,2026-06-24,7305.0,11842
BOAS,2025,2026-06-01,24,2026-06-25,7300.0,11789
BOAS,2025,2026-06-01,25,2026-06-26,7345.0,7347
BOAS,2025,2026-06-01,26,2026-06-27,7295.0,5419
BOAS,2025,2026-06-01,27,2026-06-28,7295.0,5419
BOAS,2025,2026-06-01,28,2026-06-29,7300.0,2302
BOAS,2025,2026-06-01,29,2026-06-30,7350.0,6224
BOAS,2025,2026-06-01,30,2026-07-01,7440.0,2766
BOAS,2025,2026-06-01,31,2026-07-02,7440.0,5262
BOAS,2025,2026-06-01,32,2026-07-03,7305.0,7563
BOAS,2025,2026-06-01,33,2026-07-04,7350.0,10809
BOAS,2025,2026-06-01,34,2026-07-05,7350.0,10809
BOAS,2025,2026-06-01,35,2026-07-06,7350.0,0
BOAS,2025,2026-06-01,36,2026-07-07,7300.0,0
BOAS,2025,2026-06-01,37,2026-07-08,7260.0,7095
BOAS,2025,2026-06-01,38,2026-07-09,7300.0,13097
BOAS,2025,2026-06-01,39,2026-07-10,7300.0,13097
BOAS,2025,2026-06-01,40,2026-07-11,7300.0,18585
BOAS,2025,2026-06-01,41,2026-07-12,7300.0,18585
BOAS,2025,2026-06-01,42,2026-07-13,7300.0,18585
BOAS,2025,2026-06-01,43,2026-07-14,7300.0,49637
BOAS,2025,2026-06-01,44,2026-07-15,7315.0,15479
BOAS,2025,2026-06-01,45,2026-07-16,7320.0,18796
BOAS,2025,2026-06-01,46,2026-07-17,7400.0,19109
BOAS,2025,2026-06-01,47,2026-07-18,7700.0,4057
BOAS,2025,2026-06-01,48,2026-07-19,,
BOAS,2025,2026-06-01,49,2026-07-20,,
BOAS,2025,2026-06-01,50,2026-07-21,,
BOAS,2025,2026-06-01,51,2026-07-22,,
BOAS,2025,2026-06-01,52,2026-07-23,,
BOAS,2025,2026-06-01,53,2026-07-24,,
BOAS,2025,2026-06-01,54,2026-07-25,,
BOAS,2025,2026-06-01,55,2026-07-26,,
BOAS,2025,2026-06-01,56,2026-07-27,,
BOAS,2025,2026-06-01,57,2026-07-28,,
BOAS,2025,2026-06-01,58,2026-07-29,,
BOAS,2025,2026-06-01,59,2026-07-30,,
BOAS,2025,2026-06-01,60,2026-07-31,,
CABC,2021,2022-08-02,-60,2022-06-03,1020.0,50
CABC,2021,2022-08-02,-59,2022-06-04,,
CABC,2021,2022-08-02,-58,2022-06-05,,
CABC,2021,2022-08-02,-57,2022-06-06,,
CABC,2021,2022-08-02,-56,2022-06-07,1015.0,6334
CABC,2021,2022-08-02,-55,2022-06-08,1045.0,597
CABC,2021,2022-08-02,-54,2022-06-09,1030.0,242
CABC,2021,2022-08-02,-53,2022-06-10,1030.0,1590
CABC,2021,2022-08-02,-52,2022-06-11,,
CABC,2021,2022-08-02,-51,2022-06-12,,
CABC,2021,2022-08-02,-50,2022-06-13,1020.0,252
CABC,2021,2022-08-02,-49,2022-06-14,1020.0,0
CABC,2021,2022-08-02,-48,2022-06-15,1030.0,20
CABC,2021,2022-08-02,-47,2022-06-16,1080.0,1146
CABC,2021,2022-08-02,-46,2022-06-17,1080.0,51
CABC,2021,2022-08-02,-45,2022-06-18,,
CABC,2021,2022-08-02,-44,2022-06-19,,
CABC,2021,2022-08-02,-43,2022-06-20,1100.0,680
CABC,2021,2022-08-02,-42,2022-06-21,1150.0,10
CABC,2021,2022-08-02,-41,2022-06-22,1150.0,31
CABC,2021,2022-08-02,-40,2022-06-23,1150.0,10
CABC,2021,2022-08-02,-39,2022-06-24,1100.0,293
CABC,2021,2022-08-02,-38,2022-06-25,,
CABC,2021,2022-08-02,-37,2022-06-26,,
CABC,2021,2022-08-02,-36,2022-06-27,1100.0,0
CABC,2021,2022-08-02,-35,2022-06-28,1160.0,337
CABC,2021,2022-08-02,-34,2022-06-29,1120.0,35
CABC,2021,2022-08-02,-33,2022-06-30,1120.0,0
CABC,2021,2022-08-02,-32,2022-07-01,1160.0,134
CABC,2021,2022-08-02,-31,2022-07-02,,
CABC,2021,2022-08-02,-30,2022-07-03,,
CABC,2021,2022-08-02,-29,2022-07-04,1100.0,297
CABC,2021,2022-08-02,-28,2022-07-05,1100.0,358
CABC,2021,2022-08-02,-27,2022-07-06,1100.0,67
CABC,2021,2022-08-02,-26,2022-07-07,1160.0,4
CABC,2021,2022-08-02,-25,2022-07-08,1160.0,121
CABC,2021,2022-08-02,-24,2022-07-09,,
CABC,2021,2022-08-02,-23,2022-07-10,,
CABC,2021,2022-08-02,-22,2022-07-11,1150.0,12048
CABC,2021,2022-08-02,-21,2022-07-12,1160.0,4
CABC,2021,2022-08-02,-20,2022-07-13,1160.0,3701
CABC,2021,2022-08-02,-19,2022-07-14,1105.0,2304
CABC,2021,2022-08-02,-18,2022-07-15,1105.0,630
CABC,2021,2022-08-02,-17,2022-07-16,,
CABC,2021,2022-08-02,-16,2022-07-17,,
CABC,2021,2022-08-02,-15,2022-07-18,1105.0,8311
CABC,2021,2022-08-02,-14,2022-07-19,1105.0,0
CABC,2021,2022-08-02,-13,2022-07-20,1110.0,142
CABC,2021,2022-08-02,-12,2022-07-21,1115.0,71
CABC,2021,2022-08-02,-11,2022-07-22,1160.0,5
CABC,2021,2022-08-02,-10,2022-07-23,,
CABC,2021,2022-08-02,-9,2022-07-24,,
CABC,2021,2022-08-02,-8,2022-07-25,1155.0,561
CABC,2021,2022-08-02,-7,2022-07-26,1165.0,774
CABC,2021,2022-08-02,-6,2022-07-27,1120.0,1574
CABC,2021,2022-08-02,-5,2022-07-28,1195.0,1240
CABC,2021,2022-08-02,-4,2022-07-29,1150.0,152
CABC,2021,2022-08-02,-3,2022-07-30,,
CABC,2021,2022-08-02,-2,2022-07-31,,
CABC,2021,2022-08-02,-1,2022-08-01,1070.0,298
CABC,2021,2022-08-02,0,2022-08-02,1100.0,190
CABC,2021,2022-08-02,1,2022-08-03,1085.0,40
CABC,2021,2022-08-02,2,2022-08-04,1085.0,73
CABC,2021,2022-08-02,3,2022-08-05,1085.0,10
CABC,2021,2022-08-02,4,2022-08-06,,
CABC,2021,2022-08-02,5,2022-08-07,,
CABC,2021,2022-08-02,6,2022-08-08,,
CABC,2021,2022-08-02,7,2022-08-09,1085.0,501
CABC,2021,2022-08-02,8,2022-08-10,1085.0,528
CABC,2021,2022-08-02,9,2022-08-11,1100.0,105
CABC,2021,2022-08-02,10,2022-08-12,1100.0,3
CABC,2021,2022-08-02,11,2022-08-13,,
CABC,2021,2022-08-02,12,2022-08-14,,
CABC,2021,2022-08-02,13,2022-08-15,,
CABC,2021,2022-08-02,14,2022-08-16,1070.0,632
CABC,2021,2022-08-02,15,2022-08-17,1145.0,160
CABC,2021,2022-08-02,16,2022-08-18,1070.0,457
CABC,2021,2022-08-02,17,2022-08-19,1080.0,1076
CABC,2021,2022-08-02,18,2022-08-20,,
CABC,2021,2022-08-02,19,2022-08-21,,
CABC,2021,2022-08-02,20,2022-08-22,1080.0,210
CABC,2021,2022-08-02,21,2022-08-23,1070.0,7856
CABC,2021,2022-08-02,22,2022-08-24,1070.0,3060
CABC,2021,2022-08-02,23,2022-08-25,1070.0,969
CABC,2021,2022-08-02,24,2022-08-26,1065.0,42
CABC,2021,2022-08-02,25,2022-08-27,,
CABC,2021,2022-08-02,26,2022-08-28,,
CABC,2021,2022-08-02,27,2022-08-29,1075.0,886
CABC,2021,2022-08-02,28,2022-08-30,1100.0,728
CABC,2021,2022-08-02,29,2022-08-31,1100.0,445
CABC,2021,2022-08-02,30,2022-09-01,1050.0,558
CABC,2021,2022-08-02,31,2022-09-02,1075.0,392
CABC,2021,2022-08-02,32,2022-09-03,,
CABC,2021,2022-08-02,33,2022-09-04,,
CABC,2021,2022-08-02,34,2022-09-05,1120.0,273
CABC,2021,2022-08-02,35,2022-09-06,1200.0,98
CABC,2021,2022-08-02,36,2022-09-07,1290.0,154
CABC,2021,2022-08-02,37,2022-09-08,1200.0,1548
CABC,2021,2022-08-02,38,2022-09-09,1150.0,676
CABC,2021,2022-08-02,39,2022-09-10,,
CABC,2021,2022-08-02,40,2022-09-11,,
CABC,2021,2022-08-02,41,2022-09-12,1150.0,124
CABC,2021,2022-08-02,42,2022-09-13,1150.0,1102
CABC,2021,2022-08-02,43,2022-09-14,1080.0,187
CABC,2021,2022-08-02,44,2022-09-15,1100.0,410
CABC,2021,2022-08-02,45,2022-09-16,1100.0,8000
CABC,2021,2022-08-02,46,2022-09-17,,
CABC,2021,2022-08-02,47,2022-09-18,,
CABC,2021,2022-08-02,48,2022-09-19,1100.0,4134
CABC,2021,2022-08-02,49,2022-09-20,1145.0,1055
CABC,2021,2022-08-02,50,2022-09-21,1100.0,3957
CABC,2021,2022-08-02,51,2022-09-22,1100.0,3059
CABC,2021,2022-08-02,52,2022-09-23,1100.0,80
CABC,2021,2022-08-02,53,2022-09-24,,
CABC,2021,2022-08-02,54,2022-09-25,,
CABC,2021,2022-08-02,55,2022-09-26,1100.0,1500
CABC,2021,2022-08-02,56,2022-09-27,1100.0,27
CABC,2021,2022-08-02,57,2022-09-28,1100.0,210
CABC,2021,2022-08-02,58,2022-09-29,1085.0,230
CABC,2021,2022-08-02,59,2022-09-30,1085.0,628
CABC,2021,2022-08-02,60,2022-10-01,,
CABC,2022,2023-08-02,-60,2023-06-03,,
CABC,2022,2023-08-02,-59,2023-06-04,,
CABC,2022,2023-08-02,-58,2023-06-05,1005.0,0
CABC,2022,2023-08-02,-57,2023-06-06,1060.0,100
CABC,2022,2023-08-02,-56,2023-06-07,1050.0,180
CABC,2022,2023-08-02,-55,2023-06-08,1050.0,97
CABC,2022,2023-08-02,-54,2023-06-09,1050.0,1239
CABC,2022,2023-08-02,-53,2023-06-10,,
CABC,2022,2023-08-02,-52,2023-06-11,,
CABC,2022,2023-08-02,-51,2023-06-12,1030.0,106
CABC,2022,2023-08-02,-50,2023-06-13,1005.0,2444
CABC,2022,2023-08-02,-49,2023-06-14,1005.0,0
CABC,2022,2023-08-02,-48,2023-06-15,1050.0,611
CABC,2022,2023-08-02,-47,2023-06-16,1080.0,262
CABC,2022,2023-08-02,-46,2023-06-17,,
CABC,2022,2023-08-02,-45,2023-06-18,,
CABC,2022,2023-08-02,-44,2023-06-19,1080.0,1182
CABC,2022,2023-08-02,-43,2023-06-20,1080.0,17
CABC,2022,2023-08-02,-42,2023-06-21,1095.0,1063
CABC,2022,2023-08-02,-41,2023-06-22,1050.0,776
CABC,2022,2023-08-02,-40,2023-06-23,1100.0,22
CABC,2022,2023-08-02,-39,2023-06-24,,
CABC,2022,2023-08-02,-38,2023-06-25,,
CABC,2022,2023-08-02,-37,2023-06-26,1100.0,184
CABC,2022,2023-08-02,-36,2023-06-27,1100.0,11
CABC,2022,2023-08-02,-35,2023-06-28,,
CABC,2022,2023-08-02,-34,2023-06-29,1020.0,136
CABC,2022,2023-08-02,-33,2023-06-30,1020.0,0
CABC,2022,2023-08-02,-32,2023-07-01,,
CABC,2022,2023-08-02,-31,2023-07-02,,
CABC,2022,2023-08-02,-30,2023-07-03,1020.0,150
CABC,2022,2023-08-02,-29,2023-07-04,1050.0,1000
CABC,2022,2023-08-02,-28,2023-07-05,1095.0,205
CABC,2022,2023-08-02,-27,2023-07-06,1090.0,80
CABC,2022,2023-08-02,-26,2023-07-07,1090.0,0
CABC,2022,2023-08-02,-25,2023-07-08,,
CABC,2022,2023-08-02,-24,2023-07-09,,
CABC,2022,2023-08-02,-23,2023-07-10,1085.0,9
CABC,2022,2023-08-02,-22,2023-07-11,1090.0,325
CABC,2022,2023-08-02,-21,2023-07-12,1095.0,1500
CABC,2022,2023-08-02,-20,2023-07-13,1095.0,341
CABC,2022,2023-08-02,-19,2023-07-14,1095.0,118
CABC,2022,2023-08-02,-18,2023-07-15,,
CABC,2022,2023-08-02,-17,2023-07-16,,
CABC,2022,2023-08-02,-16,2023-07-17,1020.0,3
CABC,2022,2023-08-02,-15,2023-07-18,1030.0,4
CABC,2022,2023-08-02,-14,2023-07-19,1030.0,0
CABC,2022,2023-08-02,-13,2023-07-20,1030.0,5167
CABC,2022,2023-08-02,-12,2023-07-21,1030.0,0
CABC,2022,2023-08-02,-11,2023-07-22,,
CABC,2022,2023-08-02,-10,2023-07-23,,
CABC,2022,2023-08-02,-9,2023-07-24,1105.0,100
CABC,2022,2023-08-02,-8,2023-07-25,1125.0,418
CABC,2022,2023-08-02,-7,2023-07-26,1125.0,140
CABC,2022,2023-08-02,-6,2023-07-27,1125.0,32
CABC,2022,2023-08-02,-5,2023-07-28,1155.0,45
CABC,2022,2023-08-02,-4,2023-07-29,,
CABC,2022,2023-08-02,-3,2023-07-30,,
CABC,2022,2023-08-02,-2,2023-07-31,1150.0,100
CABC,2022,2023-08-02,-1,2023-08-01,1150.0,3
CABC,2022,2023-08-02,0,2023-08-02,1235.0,1690
CABC,2022,2023-08-02,1,2023-08-03,1320.0,1443
CABC,2022,2023-08-02,2,2023-08-04,1255.0,1487
CABC,2022,2023-08-02,3,2023-08-05,,
CABC,2022,2023-08-02,4,2023-08-06,,
CABC,2022,2023-08-02,5,2023-08-07,,
CABC,2022,2023-08-02,6,2023-08-08,1240.0,17
CABC,2022,2023-08-02,7,2023-08-09,1150.0,145
CABC,2022,2023-08-02,8,2023-08-10,1150.0,9
CABC,2022,2023-08-02,9,2023-08-11,1235.0,308
CABC,2022,2023-08-02,10,2023-08-12,,
CABC,2022,2023-08-02,11,2023-08-13,,
CABC,2022,2023-08-02,12,2023-08-14,1220.0,9
CABC,2022,2023-08-02,13,2023-08-15,,
CABC,2022,2023-08-02,14,2023-08-16,1150.0,55
CABC,2022,2023-08-02,15,2023-08-17,1165.0,67
CABC,2022,2023-08-02,16,2023-08-18,1165.0,424
CABC,2022,2023-08-02,17,2023-08-19,,
CABC,2022,2023-08-02,18,2023-08-20,,
CABC,2022,2023-08-02,19,2023-08-21,1165.0,526
CABC,2022,2023-08-02,20,2023-08-22,1165.0,191
CABC,2022,2023-08-02,21,2023-08-23,1200.0,101
CABC,2022,2023-08-02,22,2023-08-24,1170.0,120
CABC,2022,2023-08-02,23,2023-08-25,1185.0,804
CABC,2022,2023-08-02,24,2023-08-26,,
CABC,2022,2023-08-02,25,2023-08-27,,
CABC,2022,2023-08-02,26,2023-08-28,1190.0,86
CABC,2022,2023-08-02,27,2023-08-29,1185.0,31
CABC,2022,2023-08-02,28,2023-08-30,1185.0,9
CABC,2022,2023-08-02,29,2023-08-31,1185.0,40
CABC,2022,2023-08-02,30,2023-09-01,1190.0,100
CABC,2022,2023-08-02,31,2023-09-02,,
CABC,2022,2023-08-02,32,2023-09-03,,
CABC,2022,2023-08-02,33,2023-09-04,1190.0,30
CABC,2022,2023-08-02,34,2023-09-05,1170.0,549
CABC,2022,2023-08-02,35,2023-09-06,1170.0,107
CABC,2022,2023-08-02,36,2023-09-07,1190.0,116
CABC,2022,2023-08-02,37,2023-09-08,1190.0,177
CABC,2022,2023-08-02,38,2023-09-09,,
CABC,2022,2023-08-02,39,2023-09-10,,
CABC,2022,2023-08-02,40,2023-09-11,1170.0,226
CABC,2022,2023-08-02,41,2023-09-12,1190.0,200
CABC,2022,2023-08-02,42,2023-09-13,1190.0,105
CABC,2022,2023-08-02,43,2023-09-14,1180.0,362
CABC,2022,2023-08-02,44,2023-09-15,1180.0,471
CABC,2022,2023-08-02,45,2023-09-16,,
CABC,2022,2023-08-02,46,2023-09-17,,
CABC,2022,2023-08-02,47,2023-09-18,1185.0,110
CABC,2022,2023-08-02,48,2023-09-19,1180.0,111
CABC,2022,2023-08-02,49,2023-09-20,1180.0,263
CABC,2022,2023-08-02,50,2023-09-21,1170.0,307
CABC,2022,2023-08-02,51,2023-09-22,1180.0,215
CABC,2022,2023-08-02,52,2023-09-23,,
CABC,2022,2023-08-02,53,2023-09-24,,
CABC,2022,2023-08-02,54,2023-09-25,1180.0,105
CABC,2022,2023-08-02,55,2023-09-26,1180.0,94
CABC,2022,2023-08-02,56,2023-09-27,,
CABC,2022,2023-08-02,57,2023-09-28,1165.0,101
CABC,2022,2023-08-02,58,2023-09-29,1165.0,0
CABC,2022,2023-08-02,59,2023-09-30,,
CABC,2022,2023-08-02,60,2023-10-01,,
CABC,2023,2024-05-31,-60,2024-04-01,,
CABC,2023,2024-05-31,-59,2024-04-02,,
CABC,2023,2024-05-31,-58,2024-04-03,,
CABC,2023,2024-05-31,-57,2024-04-04,,
CABC,2023,2024-05-31,-56,2024-04-05,,
CABC,2023,2024-05-31,-55,2024-04-06,,
CABC,2023,2024-05-31,-54,2024-04-07,,
CABC,2023,2024-05-31,-53,2024-04-08,,
CABC,2023,2024-05-31,-52,2024-04-09,,
CABC,2023,2024-05-31,-51,2024-04-10,,
CABC,2023,2024-05-31,-50,2024-04-11,,
CABC,2023,2024-05-31,-49,2024-04-12,,
CABC,2023,2024-05-31,-48,2024-04-13,,
CABC,2023,2024-05-31,-47,2024-04-14,,
CABC,2023,2024-05-31,-46,2024-04-15,,
CABC,2023,2024-05-31,-45,2024-04-16,,
CABC,2023,2024-05-31,-44,2024-04-17,,
CABC,2023,2024-05-31,-43,2024-04-18,,
CABC,2023,2024-05-31,-42,2024-04-19,,
CABC,2023,2024-05-31,-41,2024-04-20,,
CABC,2023,2024-05-31,-40,2024-04-21,,
CABC,2023,2024-05-31,-39,2024-04-22,,
CABC,2023,2024-05-31,-38,2024-04-23,,
CABC,2023,2024-05-31,-37,2024-04-24,,
CABC,2023,2024-05-31,-36,2024-04-25,,
CABC,2023,2024-05-31,-35,2024-04-26,,
CABC,2023,2024-05-31,-34,2024-04-27,,
CABC,2023,2024-05-31,-33,2024-04-28,,
CABC,2023,2024-05-31,-32,2024-04-29,,
CABC,2023,2024-05-31,-31,2024-04-30,,
CABC,2023,2024-05-31,-30,2024-05-01,,
CABC,2023,2024-05-31,-29,2024-05-02,,
CABC,2023,2024-05-31,-28,2024-05-03,,
CABC,2023,2024-05-31,-27,2024-05-04,,
CABC,2023,2024-05-31,-26,2024-05-05,,
CABC,2023,2024-05-31,-25,2024-05-06,,
CABC,2023,2024-05-31,-24,2024-05-07,,
CABC,2023,2024-05-31,-23,2024-05-08,,
CABC,2023,2024-05-31,-22,2024-05-09,,
CABC,2023,2024-05-31,-21,2024-05-10,,
CABC,2023,2024-05-31,-20,2024-05-11,,
CABC,2023,2024-05-31,-19,2024-05-12,,
CABC,2023,2024-05-31,-18,2024-05-13,,
CABC,2023,2024-05-31,-17,2024-05-14,,
CABC,2023,2024-05-31,-16,2024-05-15,,
CABC,2023,2024-05-31,-15,2024-05-16,,
CABC,2023,2024-05-31,-14,2024-05-17,,
CABC,2023,2024-05-31,-13,2024-05-18,,
CABC,2023,2024-05-31,-12,2024-05-19,,
CABC,2023,2024-05-31,-11,2024-05-20,,
CABC,2023,2024-05-31,-10,2024-05-21,,
CABC,2023,2024-05-31,-9,2024-05-22,,
CABC,2023,2024-05-31,-8,2024-05-23,,
CABC,2023,2024-05-31,-7,2024-05-24,,
CABC,2023,2024-05-31,-6,2024-05-25,,
CABC,2023,2024-05-31,-5,2024-05-26,,
CABC,2023,2024-05-31,-4,2024-05-27,,
CABC,2023,2024-05-31,-3,2024-05-28,,
CABC,2023,2024-05-31,-2,2024-05-29,,
CABC,2023,2024-05-31,-1,2024-05-30,,
CABC,2023,2024-05-31,0,2024-05-31,,
CABC,2023,2024-05-31,1,2024-06-01,,
CABC,2023,2024-05-31,2,2024-06-02,,
CABC,2023,2024-05-31,3,2024-06-03,,
CABC,2023,2024-05-31,4,2024-06-04,,
CABC,2023,2024-05-31,5,2024-06-05,,
CABC,2023,2024-05-31,6,2024-06-06,,
CABC,2023,2024-05-31,7,2024-06-07,,
CABC,2023,2024-05-31,8,2024-06-08,,
CABC,2023,2024-05-31,9,2024-06-09,,
CABC,2023,2024-05-31,10,2024-06-10,,
CABC,2023,2024-05-31,11,2024-06-11,,
CABC,2023,2024-05-31,12,2024-06-12,,
CABC,2023,2024-05-31,13,2024-06-13,,
CABC,2023,2024-05-31,14,2024-06-14,,
CABC,2023,2024-05-31,15,2024-06-15,,
CABC,2023,2024-05-31,16,2024-06-16,,
CABC,2023,2024-05-31,17,2024-06-17,,
CABC,2023,2024-05-31,18,2024-06-18,,
CABC,2023,2024-05-31,19,2024-06-19,,
CABC,2023,2024-05-31,20,2024-06-20,,
CABC,2023,2024-05-31,21,2024-06-21,,
CABC,2023,2024-05-31,22,2024-06-22,,
CABC,2023,2024-05-31,23,2024-06-23,,
CABC,2023,2024-05-31,24,2024-06-24,,
CABC,2023,2024-05-31,25,2024-06-25,,
CABC,2023,2024-05-31,26,2024-06-26,,
CABC,2023,2024-05-31,27,2024-06-27,,
CABC,2023,2024-05-31,28,2024-06-28,,
CABC,2023,2024-05-31,29,2024-06-29,,
CABC,2023,2024-05-31,30,2024-06-30,,
CABC,2023,2024-05-31,31,2024-07-01,,
CABC,2023,2024-05-31,32,2024-07-02,,
CABC,2023,2024-05-31,33,2024-07-03,,
CABC,2023,2024-05-31,34,2024-07-04,,
CABC,2023,2024-05-31,35,2024-07-05,,
CABC,2023,2024-05-31,36,2024-07-06,,
CABC,2023,2024-05-31,37,2024-07-07,,
CABC,2023,2024-05-31,38,2024-07-08,,
CABC,2023,2024-05-31,39,2024-07-09,,
CABC,2023,2024-05-31,40,2024-07-10,,
CABC,2023,2024-05-31,41,2024-07-11,,
CABC,2023,2024-05-31,42,2024-07-12,,
CABC,2023,2024-05-31,43,2024-07-13,,
CABC,2023,2024-05-31,44,2024-07-14,,
CABC,2023,2024-05-31,45,2024-07-15,,
CABC,2023,2024-05-31,46,2024-07-16,,
CABC,2023,2024-05-31,47,2024-07-17,,
CABC,2023,2024-05-31,48,2024-07-18,,
CABC,2023,2024-05-31,49,2024-07-19,,
CABC,2023,2024-05-31,50,2024-07-20,,
CABC,2023,2024-05-31,51,2024-07-21,,
CABC,2023,2024-05-31,52,2024-07-22,,
CABC,2023,2024-05-31,53,2024-07-23,,
CABC,2023,2024-05-31,54,2024-07-24,,
CABC,2023,2024-05-31,55,2024-07-25,,
CABC,2023,2024-05-31,56,2024-07-26,,
CABC,2023,2024-05-31,57,2024-07-27,,
CABC,2023,2024-05-31,58,2024-07-28,,
CABC,2023,2024-05-31,59,2024-07-29,,
CABC,2023,2024-05-31,60,2024-07-30,,
CABC,2024,2025-06-02,-60,2025-04-03,,
CABC,2024,2025-06-02,-59,2025-04-04,,
CABC,2024,2025-06-02,-58,2025-04-05,,
CABC,2024,2025-06-02,-57,2025-04-06,,
CABC,2024,2025-06-02,-56,2025-04-07,,
CABC,2024,2025-06-02,-55,2025-04-08,,
CABC,2024,2025-06-02,-54,2025-04-09,,
CABC,2024,2025-06-02,-53,2025-04-10,,
CABC,2024,2025-06-02,-52,2025-04-11,,
CABC,2024,2025-06-02,-51,2025-04-12,,
CABC,2024,2025-06-02,-50,2025-04-13,,
CABC,2024,2025-06-02,-49,2025-04-14,,
CABC,2024,2025-06-02,-48,2025-04-15,,
CABC,2024,2025-06-02,-47,2025-04-16,,
CABC,2024,2025-06-02,-46,2025-04-17,,
CABC,2024,2025-06-02,-45,2025-04-18,,
CABC,2024,2025-06-02,-44,2025-04-19,,
CABC,2024,2025-06-02,-43,2025-04-20,,
CABC,2024,2025-06-02,-42,2025-04-21,,
CABC,2024,2025-06-02,-41,2025-04-22,,
CABC,2024,2025-06-02,-40,2025-04-23,,
CABC,2024,2025-06-02,-39,2025-04-24,,
CABC,2024,2025-06-02,-38,2025-04-25,,
CABC,2024,2025-06-02,-37,2025-04-26,,
CABC,2024,2025-06-02,-36,2025-04-27,,
CABC,2024,2025-06-02,-35,2025-04-28,,
CABC,2024,2025-06-02,-34,2025-04-29,,
CABC,2024,2025-06-02,-33,2025-04-30,,
CABC,2024,2025-06-02,-32,2025-05-01,,
CABC,2024,2025-06-02,-31,2025-05-02,,
CABC,2024,2025-06-02,-30,2025-05-03,,
CABC,2024,2025-06-02,-29,2025-05-04,,
CABC,2024,2025-06-02,-28,2025-05-05,,
CABC,2024,2025-06-02,-27,2025-05-06,,
CABC,2024,2025-06-02,-26,2025-05-07,,
CABC,2024,2025-06-02,-25,2025-05-08,,
CABC,2024,2025-06-02,-24,2025-05-09,,
CABC,2024,2025-06-02,-23,2025-05-10,,
CABC,2024,2025-06-02,-22,2025-05-11,,
CABC,2024,2025-06-02,-21,2025-05-12,,
CABC,2024,2025-06-02,-20,2025-05-13,,
CABC,2024,2025-06-02,-19,2025-05-14,,
CABC,2024,2025-06-02,-18,2025-05-15,,
CABC,2024,2025-06-02,-17,2025-05-16,,
CABC,2024,2025-06-02,-16,2025-05-17,,
CABC,2024,2025-06-02,-15,2025-05-18,,
CABC,2024,2025-06-02,-14,2025-05-19,,
CABC,2024,2025-06-02,-13,2025-05-20,,
CABC,2024,2025-06-02,-12,2025-05-21,,
CABC,2024,2025-06-02,-11,2025-05-22,,
CABC,2024,2025-06-02,-10,2025-05-23,,
CABC,2024,2025-06-02,-9,2025-05-24,,
CABC,2024,2025-06-02,-8,2025-05-25,,
CABC,2024,2025-06-02,-7,2025-05-26,,
CABC,2024,2025-06-02,-6,2025-05-27,,
CABC,2024,2025-06-02,-5,2025-05-28,,
CABC,2024,2025-06-02,-4,2025-05-29,,
CABC,2024,2025-06-02,-3,2025-05-30,,
CABC,2024,2025-06-02,-2,2025-05-31,,
CABC,2024,2025-06-02,-1,2025-06-01,,
CABC,2024,2025-06-02,0,2025-06-02,,
CABC,2024,2025-06-02,1,2025-06-03,,
CABC,2024,2025-06-02,2,2025-06-04,,
CABC,2024,2025-06-02,3,2025-06-05,,
CABC,2024,2025-06-02,4,2025-06-06,,
CABC,2024,2025-06-02,5,2025-06-07,,
CABC,2024,2025-06-02,6,2025-06-08,,
CABC,2024,2025-06-02,7,2025-06-09,,
CABC,2024,2025-06-02,8,2025-06-10,,
CABC,2024,2025-06-02,9,2025-06-11,,
CABC,2024,2025-06-02,10,2025-06-12,,
CABC,2024,2025-06-02,11,2025-06-13,,
CABC,2024,2025-06-02,12,2025-06-14,,
CABC,2024,2025-06-02,13,2025-06-15,,
CABC,2024,2025-06-02,14,2025-06-16,,
CABC,2024,2025-06-02,15,2025-06-17,,
CABC,2024,2025-06-02,16,2025-06-18,,
CABC,2024,2025-06-02,17,2025-06-19,,
CABC,2024,2025-06-02,18,2025-06-20,,
CABC,2024,2025-06-02,19,2025-06-21,,
CABC,2024,2025-06-02,20,2025-06-22,,
CABC,2024,2025-06-02,21,2025-06-23,,
CABC,2024,2025-06-02,22,2025-06-24,,
CABC,2024,2025-06-02,23,2025-06-25,,
CABC,2024,2025-06-02,24,2025-06-26,,
CABC,2024,2025-06-02,25,2025-06-27,,
CABC,2024,2025-06-02,26,2025-06-28,,
CABC,2024,2025-06-02,27,2025-06-29,,
CABC,2024,2025-06-02,28,2025-06-30,,
CABC,2024,2025-06-02,29,2025-07-01,,
CABC,2024,2025-06-02,30,2025-07-02,,
CABC,2024,2025-06-02,31,2025-07-03,,
CABC,2024,2025-06-02,32,2025-07-04,,
CABC,2024,2025-06-02,33,2025-07-05,,
CABC,2024,2025-06-02,34,2025-07-06,,
CABC,2024,2025-06-02,35,2025-07-07,,
CABC,2024,2025-06-02,36,2025-07-08,,
CABC,2024,2025-06-02,37,2025-07-09,,
CABC,2024,2025-06-02,38,2025-07-10,,
CABC,2024,2025-06-02,39,2025-07-11,,
CABC,2024,2025-06-02,40,2025-07-12,,
CABC,2024,2025-06-02,41,2025-07-13,,
CABC,2024,2025-06-02,42,2025-07-14,,
CABC,2024,2025-06-02,43,2025-07-15,,
CABC,2024,2025-06-02,44,2025-07-16,,
CABC,2024,2025-06-02,45,2025-07-17,,
CABC,2024,2025-06-02,46,2025-07-18,,
CABC,2024,2025-06-02,47,2025-07-19,,
CABC,2024,2025-06-02,48,2025-07-20,,
CABC,2024,2025-06-02,49,2025-07-21,,
CABC,2024,2025-06-02,50,2025-07-22,,
CABC,2024,2025-06-02,51,2025-07-23,,
CABC,2024,2025-06-02,52,2025-07-24,,
CABC,2024,2025-06-02,53,2025-07-25,,
CABC,2024,2025-06-02,54,2025-07-26,,
CABC,2024,2025-06-02,55,2025-07-27,,
CABC,2024,2025-06-02,56,2025-07-28,,
CABC,2024,2025-06-02,57,2025-07-29,,
CABC,2024,2025-06-02,58,2025-07-30,,
CABC,2024,2025-06-02,59,2025-07-31,,
CABC,2024,2025-06-02,60,2025-08-01,,
CABC,2025,2026-06-01,-60,2026-04-02,3885.0,3788
CABC,2025,2026-06-01,-59,2026-04-03,3885.0,3788
CABC,2025,2026-06-01,-58,2026-04-04,3945.0,2234
CABC,2025,2026-06-01,-57,2026-04-05,3945.0,2234
CABC,2025,2026-06-01,-56,2026-04-06,3945.0,2234
CABC,2025,2026-06-01,-55,2026-04-07,4240.0,11783
CABC,2025,2026-06-01,-54,2026-04-08,4240.0,11783
CABC,2025,2026-06-01,-53,2026-04-09,4425.0,7481
CABC,2025,2026-06-01,-52,2026-04-10,4095.0,4524
CABC,2025,2026-06-01,-51,2026-04-11,4340.0,1834
CABC,2025,2026-06-01,-50,2026-04-12,4340.0,1834
CABC,2025,2026-06-01,-49,2026-04-13,4190.0,4324
CABC,2025,2026-06-01,-48,2026-04-14,4190.0,4324
CABC,2025,2026-06-01,-47,2026-04-15,3995.0,1334
CABC,2025,2026-06-01,-46,2026-04-16,3895.0,3588
CABC,2025,2026-06-01,-45,2026-04-17,3880.0,851
CABC,2025,2026-06-01,-44,2026-04-18,3805.0,1473
CABC,2025,2026-06-01,-43,2026-04-19,3805.0,1473
CABC,2025,2026-06-01,-42,2026-04-20,3805.0,1473
CABC,2025,2026-06-01,-41,2026-04-21,3800.0,928
CABC,2025,2026-06-01,-40,2026-04-22,3515.0,3945
CABC,2025,2026-06-01,-39,2026-04-23,3350.0,5021
CABC,2025,2026-06-01,-38,2026-04-24,3600.0,2071
CABC,2025,2026-06-01,-37,2026-04-25,3600.0,5037
CABC,2025,2026-06-01,-36,2026-04-26,3600.0,5037
CABC,2025,2026-06-01,-35,2026-04-27,3600.0,5037
CABC,2025,2026-06-01,-34,2026-04-28,3700.0,866
CABC,2025,2026-06-01,-33,2026-04-29,3700.0,1849
CABC,2025,2026-06-01,-32,2026-04-30,3750.0,336
CABC,2025,2026-06-01,-31,2026-05-01,3600.0,10
CABC,2025,2026-06-01,-30,2026-05-02,3600.0,10
CABC,2025,2026-06-01,-29,2026-05-03,3600.0,10
CABC,2025,2026-06-01,-28,2026-05-04,3600.0,10
CABC,2025,2026-06-01,-27,2026-05-05,3500.0,1684
CABC,2025,2026-06-01,-26,2026-05-06,3410.0,538
CABC,2025,2026-06-01,-25,2026-05-07,3410.0,1113
CABC,2025,2026-06-01,-24,2026-05-08,3400.0,387
CABC,2025,2026-06-01,-23,2026-05-09,3500.0,1096
CABC,2025,2026-06-01,-22,2026-05-10,3500.0,1096
CABC,2025,2026-06-01,-21,2026-05-11,3500.0,1096
CABC,2025,2026-06-01,-20,2026-05-12,3500.0,2467
CABC,2025,2026-06-01,-19,2026-05-13,3400.0,514
CABC,2025,2026-06-01,-18,2026-05-14,3500.0,2869
CABC,2025,2026-06-01,-17,2026-05-15,3500.0,2869
CABC,2025,2026-06-01,-16,2026-05-16,3495.0,695
CABC,2025,2026-06-01,-15,2026-05-17,3495.0,695
CABC,2025,2026-06-01,-14,2026-05-18,3495.0,0
CABC,2025,2026-06-01,-13,2026-05-19,3470.0,670
CABC,2025,2026-06-01,-12,2026-05-20,3500.0,839
CABC,2025,2026-06-01,-11,2026-05-21,3405.0,953
CABC,2025,2026-06-01,-10,2026-05-22,3500.0,218
CABC,2025,2026-06-01,-9,2026-05-23,3585.0,423
CABC,2025,2026-06-01,-8,2026-05-24,3585.0,423
CABC,2025,2026-06-01,-7,2026-05-25,3585.0,423
CABC,2025,2026-06-01,-6,2026-05-26,3700.0,210
CABC,2025,2026-06-01,-5,2026-05-27,3700.0,210
CABC,2025,2026-06-01,-4,2026-05-28,3700.0,0
CABC,2025,2026-06-01,-3,2026-05-29,3750.0,0
CABC,2025,2026-06-01,-2,2026-05-30,3500.0,3177
CABC,2025,2026-06-01,-1,2026-05-31,3500.0,3177
CABC,2025,2026-06-01,0,2026-06-01,3500.0,606
CABC,2025,2026-06-01,1,2026-06-02,3500.0,10
CABC,2025,2026-06-01,2,2026-06-03,,
CABC,2025,2026-06-01,3,2026-06-04,3700.0,1059
CABC,2025,2026-06-01,4,2026-06-05,3700.0,1059
CABC,2025,2026-06-01,5,2026-06-06,3975.0,3480
CABC,2025,2026-06-01,6,2026-06-07,3975.0,3480
CABC,2025,2026-06-01,7,2026-06-08,3980.0,350
CABC,2025,2026-06-01,8,2026-06-09,4100.0,1406
CABC,2025,2026-06-01,9,2026-06-10,4000.0,0
CABC,2025,2026-06-01,10,2026-06-11,3975.0,0
CABC,2025,2026-06-01,11,2026-06-12,4000.0,0
CABC,2025,2026-06-01,12,2026-06-13,4000.0,1078
CABC,2025,2026-06-01,13,2026-06-14,4000.0,1078
CABC,2025,2026-06-01,14,2026-06-15,4000.0,320
CABC,2025,2026-06-01,15,2026-06-16,4050.0,328
CABC,2025,2026-06-01,16,2026-06-17,4025.0,21
CABC,2025,2026-06-01,17,2026-06-18,4015.0,73
CABC,2025,2026-06-01,18,2026-06-19,3900.0,107
CABC,2025,2026-06-01,19,2026-06-20,4000.0,3060
CABC,2025,2026-06-01,20,2026-06-21,4000.0,3060
CABC,2025,2026-06-01,21,2026-06-22,4020.0,442
CABC,2025,2026-06-01,22,2026-06-23,4020.0,1354
CABC,2025,2026-06-01,23,2026-06-24,4015.0,522
CABC,2025,2026-06-01,24,2026-06-25,4000.0,1119
CABC,2025,2026-06-01,25,2026-06-26,3900.0,717
CABC,2025,2026-06-01,26,2026-06-27,3900.0,4443
CABC,2025,2026-06-01,27,2026-06-28,3900.0,4443
CABC,2025,2026-06-01,28,2026-06-29,3900.0,55
CABC,2025,2026-06-01,29,2026-06-30,4190.0,3626
CABC,2025,2026-06-01,30,2026-07-01,4500.0,1445
CABC,2025,2026-06-01,31,2026-07-02,4190.0,2155
CABC,2025,2026-06-01,32,2026-07-03,4500.0,733
CABC,2025,2026-06-01,33,2026-07-04,4495.0,879
CABC,2025,2026-06-01,34,2026-07-05,4495.0,879
CABC,2025,2026-06-01,35,2026-07-06,4495.0,0
CABC,2025,2026-06-01,36,2026-07-07,4490.0,0
CABC,2025,2026-06-01,37,2026-07-08,4155.0,3760
CABC,2025,2026-06-01,38,2026-07-09,4000.0,2647
CABC,2025,2026-06-01,39,2026-07-10,4000.0,2647
CABC,2025,2026-06-01,40,2026-07-11,3955.0,764
CABC,2025,2026-06-01,41,2026-07-12,3955.0,764
CABC,2025,2026-06-01,42,2026-07-13,3955.0,764
CABC,2025,2026-06-01,43,2026-07-14,3910.0,1676
CABC,2025,2026-06-01,44,2026-07-15,3800.0,9348
CABC,2025,2026-06-01,45,2026-07-16,3710.0,4152
CABC,2025,2026-06-01,46,2026-07-17,3625.0,3103
CABC,2025,2026-06-01,47,2026-07-18,3650.0,2482
CABC,2025,2026-06-01,48,2026-07-19,,
CABC,2025,2026-06-01,49,2026-07-20,,
CABC,2025,2026-06-01,50,2026-07-21,,
CABC,2025,2026-06-01,51,2026-07-22,,
CABC,2025,2026-06-01,52,2026-07-23,,
CABC,2025,2026-06-01,53,2026-07-24,,
CABC,2025,2026-06-01,54,2026-07-25,,
CABC,2025,2026-06-01,55,2026-07-26,,
CABC,2025,2026-06-01,56,2026-07-27,,
CABC,2025,2026-06-01,57,2026-07-28,,
CABC,2025,2026-06-01,58,2026-07-29,,
CABC,2025,2026-06-01,59,2026-07-30,,
CABC,2025,2026-06-01,60,2026-07-31,,
CBIBF,2021,2022-07-06,-60,2022-05-07,,
CBIBF,2021,2022-07-06,-59,2022-05-08,,
CBIBF,2021,2022-07-06,-58,2022-05-09,9600.0,0
CBIBF,2021,2022-07-06,-57,2022-05-10,9595.0,8
CBIBF,2021,2022-07-06,-56,2022-05-11,9500.0,3
CBIBF,2021,2022-07-06,-55,2022-05-12,9595.0,60
CBIBF,2021,2022-07-06,-54,2022-05-13,9300.0,144
CBIBF,2021,2022-07-06,-53,2022-05-14,,
CBIBF,2021,2022-07-06,-52,2022-05-15,,
CBIBF,2021,2022-07-06,-51,2022-05-16,9500.0,1962
CBIBF,2021,2022-07-06,-50,2022-05-17,9590.0,1056
CBIBF,2021,2022-07-06,-49,2022-05-18,9590.0,0
CBIBF,2021,2022-07-06,-48,2022-05-19,9200.0,5
CBIBF,2021,2022-07-06,-47,2022-05-20,9200.0,80
CBIBF,2021,2022-07-06,-46,2022-05-21,,
CBIBF,2021,2022-07-06,-45,2022-05-22,,
CBIBF,2021,2022-07-06,-44,2022-05-23,9500.0,245
CBIBF,2021,2022-07-06,-43,2022-05-24,9500.0,0
CBIBF,2021,2022-07-06,-42,2022-05-25,9200.0,45
CBIBF,2021,2022-07-06,-41,2022-05-26,,
CBIBF,2021,2022-07-06,-40,2022-05-27,9700.0,225
CBIBF,2021,2022-07-06,-39,2022-05-28,,
CBIBF,2021,2022-07-06,-38,2022-05-29,,
CBIBF,2021,2022-07-06,-37,2022-05-30,9700.0,0
CBIBF,2021,2022-07-06,-36,2022-05-31,9700.0,50
CBIBF,2021,2022-07-06,-35,2022-06-01,9700.0,1
CBIBF,2021,2022-07-06,-34,2022-06-02,9500.0,175
CBIBF,2021,2022-07-06,-33,2022-06-03,9500.0,3081
CBIBF,2021,2022-07-06,-32,2022-06-04,,
CBIBF,2021,2022-07-06,-31,2022-06-05,,
CBIBF,2021,2022-07-06,-30,2022-06-06,,
CBIBF,2021,2022-07-06,-29,2022-06-07,9695.0,1420
CBIBF,2021,2022-07-06,-28,2022-06-08,9695.0,0
CBIBF,2021,2022-07-06,-27,2022-06-09,9425.0,1120
CBIBF,2021,2022-07-06,-26,2022-06-10,9445.0,40
CBIBF,2021,2022-07-06,-25,2022-06-11,,
CBIBF,2021,2022-07-06,-24,2022-06-12,,
CBIBF,2021,2022-07-06,-23,2022-06-13,9175.0,1370
CBIBF,2021,2022-07-06,-22,2022-06-14,9175.0,195
CBIBF,2021,2022-07-06,-21,2022-06-15,9175.0,2263
CBIBF,2021,2022-07-06,-20,2022-06-16,9175.0,33
CBIBF,2021,2022-07-06,-19,2022-06-17,9175.0,63
CBIBF,2021,2022-07-06,-18,2022-06-18,,
CBIBF,2021,2022-07-06,-17,2022-06-19,,
CBIBF,2021,2022-07-06,-16,2022-06-20,9150.0,548
CBIBF,2021,2022-07-06,-15,2022-06-21,9200.0,528
CBIBF,2021,2022-07-06,-14,2022-06-22,9200.0,1330
CBIBF,2021,2022-07-06,-13,2022-06-23,9200.0,1362
CBIBF,2021,2022-07-06,-12,2022-06-24,9200.0,100
CBIBF,2021,2022-07-06,-11,2022-06-25,,
CBIBF,2021,2022-07-06,-10,2022-06-26,,
CBIBF,2021,2022-07-06,-9,2022-06-27,9100.0,305
CBIBF,2021,2022-07-06,-8,2022-06-28,9100.0,119
CBIBF,2021,2022-07-06,-7,2022-06-29,9100.0,399
CBIBF,2021,2022-07-06,-6,2022-06-30,8850.0,103
CBIBF,2021,2022-07-06,-5,2022-07-01,8850.0,250
CBIBF,2021,2022-07-06,-4,2022-07-02,,
CBIBF,2021,2022-07-06,-3,2022-07-03,,
CBIBF,2021,2022-07-06,-2,2022-07-04,8600.0,33
CBIBF,2021,2022-07-06,-1,2022-07-05,8900.0,313
CBIBF,2021,2022-07-06,0,2022-07-06,8895.0,188
CBIBF,2021,2022-07-06,1,2022-07-07,8895.0,203
CBIBF,2021,2022-07-06,2,2022-07-08,8750.0,22
CBIBF,2021,2022-07-06,3,2022-07-09,,
CBIBF,2021,2022-07-06,4,2022-07-10,,
CBIBF,2021,2022-07-06,5,2022-07-11,8750.0,1333
CBIBF,2021,2022-07-06,6,2022-07-12,8750.0,1071
CBIBF,2021,2022-07-06,7,2022-07-13,8900.0,468
CBIBF,2021,2022-07-06,8,2022-07-14,8850.0,1637
CBIBF,2021,2022-07-06,9,2022-07-15,8900.0,3
CBIBF,2021,2022-07-06,10,2022-07-16,,
CBIBF,2021,2022-07-06,11,2022-07-17,,
CBIBF,2021,2022-07-06,12,2022-07-18,8900.0,288
CBIBF,2021,2022-07-06,13,2022-07-19,9120.0,633
CBIBF,2021,2022-07-06,14,2022-07-20,9000.0,99
CBIBF,2021,2022-07-06,15,2022-07-21,9000.0,699
CBIBF,2021,2022-07-06,16,2022-07-22,8900.0,258
CBIBF,2021,2022-07-06,17,2022-07-23,,
CBIBF,2021,2022-07-06,18,2022-07-24,,
CBIBF,2021,2022-07-06,19,2022-07-25,9000.0,777
CBIBF,2021,2022-07-06,20,2022-07-26,9000.0,301
CBIBF,2021,2022-07-06,21,2022-07-27,8995.0,343
CBIBF,2021,2022-07-06,22,2022-07-28,8995.0,1401
CBIBF,2021,2022-07-06,23,2022-07-29,8800.0,359
CBIBF,2021,2022-07-06,24,2022-07-30,,
CBIBF,2021,2022-07-06,25,2022-07-31,,
CBIBF,2021,2022-07-06,26,2022-08-01,9000.0,109
CBIBF,2021,2022-07-06,27,2022-08-02,9000.0,601
CBIBF,2021,2022-07-06,28,2022-08-03,9000.0,5193
CBIBF,2021,2022-07-06,29,2022-08-04,9000.0,327
CBIBF,2021,2022-07-06,30,2022-08-05,9000.0,86
CBIBF,2021,2022-07-06,31,2022-08-06,,
CBIBF,2021,2022-07-06,32,2022-08-07,,
CBIBF,2021,2022-07-06,33,2022-08-08,,
CBIBF,2021,2022-07-06,34,2022-08-09,9000.0,252
CBIBF,2021,2022-07-06,35,2022-08-10,8900.0,409
CBIBF,2021,2022-07-06,36,2022-08-11,8895.0,160
CBIBF,2021,2022-07-06,37,2022-08-12,8895.0,634
CBIBF,2021,2022-07-06,38,2022-08-13,,
CBIBF,2021,2022-07-06,39,2022-08-14,,
CBIBF,2021,2022-07-06,40,2022-08-15,,
CBIBF,2021,2022-07-06,41,2022-08-16,8890.0,55
CBIBF,2021,2022-07-06,42,2022-08-17,8880.0,15
CBIBF,2021,2022-07-06,43,2022-08-18,8900.0,1173
CBIBF,2021,2022-07-06,44,2022-08-19,9000.0,176
CBIBF,2021,2022-07-06,45,2022-08-20,,
CBIBF,2021,2022-07-06,46,2022-08-21,,
CBIBF,2021,2022-07-06,47,2022-08-22,9000.0,315
CBIBF,2021,2022-07-06,48,2022-08-23,8870.0,326
CBIBF,2021,2022-07-06,49,2022-08-24,8865.0,981
CBIBF,2021,2022-07-06,50,2022-08-25,8860.0,403
CBIBF,2021,2022-07-06,51,2022-08-26,8700.0,3551
CBIBF,2021,2022-07-06,52,2022-08-27,,
CBIBF,2021,2022-07-06,53,2022-08-28,,
CBIBF,2021,2022-07-06,54,2022-08-29,8700.0,561
CBIBF,2021,2022-07-06,55,2022-08-30,8700.0,2892
CBIBF,2021,2022-07-06,56,2022-08-31,8700.0,871
CBIBF,2021,2022-07-06,57,2022-09-01,8700.0,695
CBIBF,2021,2022-07-06,58,2022-09-02,8690.0,130
CBIBF,2021,2022-07-06,59,2022-09-03,,
CBIBF,2021,2022-07-06,60,2022-09-04,,
CBIBF,2022,2023-07-06,-60,2023-05-07,,
CBIBF,2022,2023-07-06,-59,2023-05-08,8000.0,232
CBIBF,2022,2023-07-06,-58,2023-05-09,8000.0,49
CBIBF,2022,2023-07-06,-57,2023-05-10,7950.0,97
CBIBF,2022,2023-07-06,-56,2023-05-11,8000.0,452
CBIBF,2022,2023-07-06,-55,2023-05-12,8000.0,209
CBIBF,2022,2023-07-06,-54,2023-05-13,,
CBIBF,2022,2023-07-06,-53,2023-05-14,,
CBIBF,2022,2023-07-06,-52,2023-05-15,8000.0,162
CBIBF,2022,2023-07-06,-51,2023-05-16,8000.0,573
CBIBF,2022,2023-07-06,-50,2023-05-17,8000.0,109
CBIBF,2022,2023-07-06,-49,2023-05-18,,
CBIBF,2022,2023-07-06,-48,2023-05-19,7995.0,518
CBIBF,2022,2023-07-06,-47,2023-05-20,,
CBIBF,2022,2023-07-06,-46,2023-05-21,,
CBIBF,2022,2023-07-06,-45,2023-05-22,7995.0,1017
CBIBF,2022,2023-07-06,-44,2023-05-23,7995.0,326
CBIBF,2022,2023-07-06,-43,2023-05-24,7995.0,242
CBIBF,2022,2023-07-06,-42,2023-05-25,7995.0,150
CBIBF,2022,2023-07-06,-41,2023-05-26,7900.0,1455
CBIBF,2022,2023-07-06,-40,2023-05-27,,
CBIBF,2022,2023-07-06,-39,2023-05-28,,
CBIBF,2022,2023-07-06,-38,2023-05-29,,
CBIBF,2022,2023-07-06,-37,2023-05-30,7800.0,432
CBIBF,2022,2023-07-06,-36,2023-05-31,7805.0,6
CBIBF,2022,2023-07-06,-35,2023-06-01,7800.0,75
CBIBF,2022,2023-07-06,-34,2023-06-02,7805.0,52
CBIBF,2022,2023-07-06,-33,2023-06-03,,
CBIBF,2022,2023-07-06,-32,2023-06-04,,
CBIBF,2022,2023-07-06,-31,2023-06-05,7900.0,127
CBIBF,2022,2023-07-06,-30,2023-06-06,7900.0,452
CBIBF,2022,2023-07-06,-29,2023-06-07,7810.0,655
CBIBF,2022,2023-07-06,-28,2023-06-08,7900.0,298
CBIBF,2022,2023-07-06,-27,2023-06-09,7850.0,279
CBIBF,2022,2023-07-06,-26,2023-06-10,,
CBIBF,2022,2023-07-06,-25,2023-06-11,,
CBIBF,2022,2023-07-06,-24,2023-06-12,7850.0,275
CBIBF,2022,2023-07-06,-23,2023-06-13,8000.0,1787
CBIBF,2022,2023-07-06,-22,2023-06-14,8000.0,323
CBIBF,2022,2023-07-06,-21,2023-06-15,7905.0,151
CBIBF,2022,2023-07-06,-20,2023-06-16,7905.0,0
CBIBF,2022,2023-07-06,-19,2023-06-17,,
CBIBF,2022,2023-07-06,-18,2023-06-18,,
CBIBF,2022,2023-07-06,-17,2023-06-19,7900.0,178
CBIBF,2022,2023-07-06,-16,2023-06-20,7900.0,184
CBIBF,2022,2023-07-06,-15,2023-06-21,7890.0,132
CBIBF,2022,2023-07-06,-14,2023-06-22,7995.0,342
CBIBF,2022,2023-07-06,-13,2023-06-23,7995.0,1
CBIBF,2022,2023-07-06,-12,2023-06-24,,
CBIBF,2022,2023-07-06,-11,2023-06-25,,
CBIBF,2022,2023-07-06,-10,2023-06-26,7995.0,330
CBIBF,2022,2023-07-06,-9,2023-06-27,7995.0,74
CBIBF,2022,2023-07-06,-8,2023-06-28,,
CBIBF,2022,2023-07-06,-7,2023-06-29,8000.0,7283
CBIBF,2022,2023-07-06,-6,2023-06-30,8300.0,6224
CBIBF,2022,2023-07-06,-5,2023-07-01,,
CBIBF,2022,2023-07-06,-4,2023-07-02,,
CBIBF,2022,2023-07-06,-3,2023-07-03,8300.0,1067
CBIBF,2022,2023-07-06,-2,2023-07-04,8295.0,51
CBIBF,2022,2023-07-06,-1,2023-07-05,8280.0,144
CBIBF,2022,2023-07-06,0,2023-07-06,8280.0,104
CBIBF,2022,2023-07-06,1,2023-07-07,8280.0,2
CBIBF,2022,2023-07-06,2,2023-07-08,,
CBIBF,2022,2023-07-06,3,2023-07-09,,
CBIBF,2022,2023-07-06,4,2023-07-10,8200.0,691
CBIBF,2022,2023-07-06,5,2023-07-11,8150.0,90
CBIBF,2022,2023-07-06,6,2023-07-12,8195.0,282
CBIBF,2022,2023-07-06,7,2023-07-13,8195.0,115
CBIBF,2022,2023-07-06,8,2023-07-14,8190.0,75
CBIBF,2022,2023-07-06,9,2023-07-15,,
CBIBF,2022,2023-07-06,10,2023-07-16,,
CBIBF,2022,2023-07-06,11,2023-07-17,8175.0,100
CBIBF,2022,2023-07-06,12,2023-07-18,8195.0,328
CBIBF,2022,2023-07-06,13,2023-07-19,8010.0,23
CBIBF,2022,2023-07-06,14,2023-07-20,8195.0,262
CBIBF,2022,2023-07-06,15,2023-07-21,8200.0,579
CBIBF,2022,2023-07-06,16,2023-07-22,,
CBIBF,2022,2023-07-06,17,2023-07-23,,
CBIBF,2022,2023-07-06,18,2023-07-24,8195.0,729
CBIBF,2022,2023-07-06,19,2023-07-25,8245.0,4933
CBIBF,2022,2023-07-06,20,2023-07-26,8250.0,154
CBIBF,2022,2023-07-06,21,2023-07-27,8200.0,733
CBIBF,2022,2023-07-06,22,2023-07-28,8200.0,60
CBIBF,2022,2023-07-06,23,2023-07-29,,
CBIBF,2022,2023-07-06,24,2023-07-30,,
CBIBF,2022,2023-07-06,25,2023-07-31,8195.0,40
CBIBF,2022,2023-07-06,26,2023-08-01,8100.0,2
CBIBF,2022,2023-07-06,27,2023-08-02,8190.0,4
CBIBF,2022,2023-07-06,28,2023-08-03,8150.0,302
CBIBF,2022,2023-07-06,29,2023-08-04,8100.0,1555
CBIBF,2022,2023-07-06,30,2023-08-05,,
CBIBF,2022,2023-07-06,31,2023-08-06,,
CBIBF,2022,2023-07-06,32,2023-08-07,,
CBIBF,2022,2023-07-06,33,2023-08-08,8150.0,739
CBIBF,2022,2023-07-06,34,2023-08-09,8100.0,631
CBIBF,2022,2023-07-06,35,2023-08-10,8140.0,95
CBIBF,2022,2023-07-06,36,2023-08-11,8150.0,110
CBIBF,2022,2023-07-06,37,2023-08-12,,
CBIBF,2022,2023-07-06,38,2023-08-13,,
CBIBF,2022,2023-07-06,39,2023-08-14,8250.0,36
CBIBF,2022,2023-07-06,40,2023-08-15,,
CBIBF,2022,2023-07-06,41,2023-08-16,8250.0,30
CBIBF,2022,2023-07-06,42,2023-08-17,8190.0,285
CBIBF,2022,2023-07-06,43,2023-08-18,8200.0,11
CBIBF,2022,2023-07-06,44,2023-08-19,,
CBIBF,2022,2023-07-06,45,2023-08-20,,
CBIBF,2022,2023-07-06,46,2023-08-21,8200.0,850
CBIBF,2022,2023-07-06,47,2023-08-22,8200.0,130
CBIBF,2022,2023-07-06,48,2023-08-23,8165.0,98
CBIBF,2022,2023-07-06,49,2023-08-24,8200.0,168
CBIBF,2022,2023-07-06,50,2023-08-25,8400.0,589
CBIBF,2022,2023-07-06,51,2023-08-26,,
CBIBF,2022,2023-07-06,52,2023-08-27,,
CBIBF,2022,2023-07-06,53,2023-08-28,8395.0,2107
CBIBF,2022,2023-07-06,54,2023-08-29,8300.0,500
CBIBF,2022,2023-07-06,55,2023-08-30,8390.0,502
CBIBF,2022,2023-07-06,56,2023-08-31,8390.0,1600
CBIBF,2022,2023-07-06,57,2023-09-01,8390.0,0
CBIBF,2022,2023-07-06,58,2023-09-02,,
CBIBF,2022,2023-07-06,59,2023-09-03,,
CBIBF,2022,2023-07-06,60,2023-09-04,8350.0,130
CBIBF,2023,2024-07-05,-60,2024-05-06,9495.0,598
CBIBF,2023,2024-07-05,-59,2024-05-07,9495.0,367
CBIBF,2023,2024-07-05,-58,2024-05-08,9495.0,1308
CBIBF,2023,2024-07-05,-57,2024-05-09,,
CBIBF,2023,2024-07-05,-56,2024-05-10,9450.0,260
CBIBF,2023,2024-07-05,-55,2024-05-11,,
CBIBF,2023,2024-07-05,-54,2024-05-12,,
CBIBF,2023,2024-07-05,-53,2024-05-13,9300.0,131
CBIBF,2023,2024-07-05,-52,2024-05-14,9400.0,1344
CBIBF,2023,2024-07-05,-51,2024-05-15,9500.0,12588
CBIBF,2023,2024-07-05,-50,2024-05-16,9975.0,267
CBIBF,2023,2024-07-05,-49,2024-05-17,9900.0,439
CBIBF,2023,2024-07-05,-48,2024-05-18,,
CBIBF,2023,2024-07-05,-47,2024-05-19,,
CBIBF,2023,2024-07-05,-46,2024-05-20,,
CBIBF,2023,2024-07-05,-45,2024-05-21,9900.0,1202
CBIBF,2023,2024-07-05,-44,2024-05-22,9890.0,261
CBIBF,2023,2024-07-05,-43,2024-05-23,9900.0,27
CBIBF,2023,2024-07-05,-42,2024-05-24,10600.0,1139
CBIBF,2023,2024-07-05,-41,2024-05-25,,
CBIBF,2023,2024-07-05,-40,2024-05-26,,
CBIBF,2023,2024-07-05,-39,2024-05-27,10450.0,376
CBIBF,2023,2024-07-05,-38,2024-05-28,10450.0,991
CBIBF,2023,2024-07-05,-37,2024-05-29,10450.0,664
CBIBF,2023,2024-07-05,-36,2024-05-30,10425.0,1056
CBIBF,2023,2024-07-05,-35,2024-05-31,10400.0,71
CBIBF,2023,2024-07-05,-34,2024-06-01,,
CBIBF,2023,2024-07-05,-33,2024-06-02,,
CBIBF,2023,2024-07-05,-32,2024-06-03,10580.0,845
CBIBF,2023,2024-07-05,-31,2024-06-04,10000.0,5119
CBIBF,2023,2024-07-05,-30,2024-06-05,10000.0,488
CBIBF,2023,2024-07-05,-29,2024-06-06,10000.0,758
CBIBF,2023,2024-07-05,-28,2024-06-07,10000.0,354
CBIBF,2023,2024-07-05,-27,2024-06-08,,
CBIBF,2023,2024-07-05,-26,2024-06-09,,
CBIBF,2023,2024-07-05,-25,2024-06-10,10400.0,372
CBIBF,2023,2024-07-05,-24,2024-06-11,10580.0,695
CBIBF,2023,2024-07-05,-23,2024-06-12,10250.0,190
CBIBF,2023,2024-07-05,-22,2024-06-13,10000.0,205
CBIBF,2023,2024-07-05,-21,2024-06-14,10400.0,109
CBIBF,2023,2024-07-05,-20,2024-06-15,,
CBIBF,2023,2024-07-05,-19,2024-06-16,,
CBIBF,2023,2024-07-05,-18,2024-06-17,,
CBIBF,2023,2024-07-05,-17,2024-06-18,10400.0,338
CBIBF,2023,2024-07-05,-16,2024-06-19,10400.0,266
CBIBF,2023,2024-07-05,-15,2024-06-20,10400.0,507
CBIBF,2023,2024-07-05,-14,2024-06-21,10400.0,7
CBIBF,2023,2024-07-05,-13,2024-06-22,,
CBIBF,2023,2024-07-05,-12,2024-06-23,,
CBIBF,2023,2024-07-05,-11,2024-06-24,10400.0,622
CBIBF,2023,2024-07-05,-10,2024-06-25,10645.0,1669
CBIBF,2023,2024-07-05,-9,2024-06-26,10450.0,430
CBIBF,2023,2024-07-05,-8,2024-06-27,10600.0,948
CBIBF,2023,2024-07-05,-7,2024-06-28,10500.0,1314
CBIBF,2023,2024-07-05,-6,2024-06-29,,
CBIBF,2023,2024-07-05,-5,2024-06-30,,
CBIBF,2023,2024-07-05,-4,2024-07-01,10600.0,966
CBIBF,2023,2024-07-05,-3,2024-07-02,10600.0,324
CBIBF,2023,2024-07-05,-2,2024-07-03,10150.0,1096
CBIBF,2023,2024-07-05,-1,2024-07-04,10400.0,520
CBIBF,2023,2024-07-05,0,2024-07-05,10415.0,571
CBIBF,2023,2024-07-05,1,2024-07-06,,
CBIBF,2023,2024-07-05,2,2024-07-07,,
CBIBF,2023,2024-07-05,3,2024-07-08,10410.0,5101
CBIBF,2023,2024-07-05,4,2024-07-09,10400.0,15372
CBIBF,2023,2024-07-05,5,2024-07-10,10300.0,1879
CBIBF,2023,2024-07-05,6,2024-07-11,10400.0,55
CBIBF,2023,2024-07-05,7,2024-07-12,10290.0,351
CBIBF,2023,2024-07-05,8,2024-07-13,,
CBIBF,2023,2024-07-05,9,2024-07-14,,
CBIBF,2023,2024-07-05,10,2024-07-15,10350.0,572
CBIBF,2023,2024-07-05,11,2024-07-16,10355.0,369
CBIBF,2023,2024-07-05,12,2024-07-17,10300.0,993
CBIBF,2023,2024-07-05,13,2024-07-18,10300.0,104
CBIBF,2023,2024-07-05,14,2024-07-19,10305.0,1654
CBIBF,2023,2024-07-05,15,2024-07-20,,
CBIBF,2023,2024-07-05,16,2024-07-21,,
CBIBF,2023,2024-07-05,17,2024-07-22,10155.0,1222
CBIBF,2023,2024-07-05,18,2024-07-23,10155.0,370
CBIBF,2023,2024-07-05,19,2024-07-24,10155.0,251
CBIBF,2023,2024-07-05,20,2024-07-25,10155.0,330
CBIBF,2023,2024-07-05,21,2024-07-26,10120.0,122
CBIBF,2023,2024-07-05,22,2024-07-27,,
CBIBF,2023,2024-07-05,23,2024-07-28,,
CBIBF,2023,2024-07-05,24,2024-07-29,10100.0,985
CBIBF,2023,2024-07-05,25,2024-07-30,10095.0,320
CBIBF,2023,2024-07-05,26,2024-07-31,10000.0,1843
CBIBF,2023,2024-07-05,27,2024-08-01,10200.0,2937
CBIBF,2023,2024-07-05,28,2024-08-02,10150.0,1755
CBIBF,2023,2024-07-05,29,2024-08-03,,
CBIBF,2023,2024-07-05,30,2024-08-04,,
CBIBF,2023,2024-07-05,31,2024-08-05,10150.0,581
CBIBF,2023,2024-07-05,32,2024-08-06,10140.0,210
CBIBF,2023,2024-07-05,33,2024-08-07,,
CBIBF,2023,2024-07-05,34,2024-08-08,10200.0,469
CBIBF,2023,2024-07-05,35,2024-08-09,10295.0,467
CBIBF,2023,2024-07-05,36,2024-08-10,,
CBIBF,2023,2024-07-05,37,2024-08-11,,
CBIBF,2023,2024-07-05,38,2024-08-12,10195.0,432
CBIBF,2023,2024-07-05,39,2024-08-13,10195.0,559
CBIBF,2023,2024-07-05,40,2024-08-14,10200.0,294
CBIBF,2023,2024-07-05,41,2024-08-15,,
CBIBF,2023,2024-07-05,42,2024-08-16,10100.0,542
CBIBF,2023,2024-07-05,43,2024-08-17,,
CBIBF,2023,2024-07-05,44,2024-08-18,,
CBIBF,2023,2024-07-05,45,2024-08-19,10100.0,474
CBIBF,2023,2024-07-05,46,2024-08-20,10005.0,502
CBIBF,2023,2024-07-05,47,2024-08-21,10000.0,270
CBIBF,2023,2024-07-05,48,2024-08-22,10000.0,499
CBIBF,2023,2024-07-05,49,2024-08-23,10000.0,187
CBIBF,2023,2024-07-05,50,2024-08-24,,
CBIBF,2023,2024-07-05,51,2024-08-25,,
CBIBF,2023,2024-07-05,52,2024-08-26,9955.0,294
CBIBF,2023,2024-07-05,53,2024-08-27,10000.0,552
CBIBF,2023,2024-07-05,54,2024-08-28,10000.0,543
CBIBF,2023,2024-07-05,55,2024-08-29,10000.0,1920
CBIBF,2023,2024-07-05,56,2024-08-30,,
CBIBF,2023,2024-07-05,57,2024-08-31,,
CBIBF,2023,2024-07-05,58,2024-09-01,,
CBIBF,2023,2024-07-05,59,2024-09-02,9980.0,351
CBIBF,2023,2024-07-05,60,2024-09-03,10000.0,369
CBIBF,2024,2025-07-07,-60,2025-05-08,9800.0,287
CBIBF,2024,2025-07-07,-59,2025-05-09,9800.0,312
CBIBF,2024,2025-07-07,-58,2025-05-10,,
CBIBF,2024,2025-07-07,-57,2025-05-11,,
CBIBF,2024,2025-07-07,-56,2025-05-12,9595.0,217
CBIBF,2024,2025-07-07,-55,2025-05-13,9700.0,3126
CBIBF,2024,2025-07-07,-54,2025-05-14,9800.0,3479
CBIBF,2024,2025-07-07,-53,2025-05-15,9855.0,614
CBIBF,2024,2025-07-07,-52,2025-05-16,10570.0,1101
CBIBF,2024,2025-07-07,-51,2025-05-17,,
CBIBF,2024,2025-07-07,-50,2025-05-18,,
CBIBF,2024,2025-07-07,-49,2025-05-19,10000.0,116
CBIBF,2024,2025-07-07,-48,2025-05-20,10465.0,4089
CBIBF,2024,2025-07-07,-47,2025-05-21,10445.0,38
CBIBF,2024,2025-07-07,-46,2025-05-22,10420.0,1144
CBIBF,2024,2025-07-07,-45,2025-05-23,9800.0,1921
CBIBF,2024,2025-07-07,-44,2025-05-24,,
CBIBF,2024,2025-07-07,-43,2025-05-25,,
CBIBF,2024,2025-07-07,-42,2025-05-26,10185.0,306
CBIBF,2024,2025-07-07,-41,2025-05-27,10185.0,243
CBIBF,2024,2025-07-07,-40,2025-05-28,10000.0,734
CBIBF,2024,2025-07-07,-39,2025-05-29,,
CBIBF,2024,2025-07-07,-38,2025-05-30,10100.0,2050
CBIBF,2024,2025-07-07,-37,2025-05-31,,
CBIBF,2024,2025-07-07,-36,2025-06-01,,
CBIBF,2024,2025-07-07,-35,2025-06-02,10100.0,227
CBIBF,2024,2025-07-07,-34,2025-06-03,10495.0,1139
CBIBF,2024,2025-07-07,-33,2025-06-04,10445.0,1172
CBIBF,2024,2025-07-07,-32,2025-06-05,10000.0,213
CBIBF,2024,2025-07-07,-31,2025-06-06,,
CBIBF,2024,2025-07-07,-30,2025-06-07,,
CBIBF,2024,2025-07-07,-29,2025-06-08,,
CBIBF,2024,2025-07-07,-28,2025-06-09,,
CBIBF,2024,2025-07-07,-27,2025-06-10,10000.0,1444
CBIBF,2024,2025-07-07,-26,2025-06-11,10200.0,2670
CBIBF,2024,2025-07-07,-25,2025-06-12,10000.0,933
CBIBF,2024,2025-07-07,-24,2025-06-13,10005.0,1555
CBIBF,2024,2025-07-07,-23,2025-06-14,,
CBIBF,2024,2025-07-07,-22,2025-06-15,,
CBIBF,2024,2025-07-07,-21,2025-06-16,10250.0,136
CBIBF,2024,2025-07-07,-20,2025-06-17,10035.0,535
CBIBF,2024,2025-07-07,-19,2025-06-18,10300.0,2287
CBIBF,2024,2025-07-07,-18,2025-06-19,10400.0,2372
CBIBF,2024,2025-07-07,-17,2025-06-20,10290.0,111
CBIBF,2024,2025-07-07,-16,2025-06-21,,
CBIBF,2024,2025-07-07,-15,2025-06-22,,
CBIBF,2024,2025-07-07,-14,2025-06-23,10345.0,2321
CBIBF,2024,2025-07-07,-13,2025-06-24,10290.0,1670
CBIBF,2024,2025-07-07,-12,2025-06-25,10325.0,53
CBIBF,2024,2025-07-07,-11,2025-06-26,10325.0,77
CBIBF,2024,2025-07-07,-10,2025-06-27,10320.0,399
CBIBF,2024,2025-07-07,-9,2025-06-28,,
CBIBF,2024,2025-07-07,-8,2025-06-29,,
CBIBF,2024,2025-07-07,-7,2025-06-30,10300.0,15727
CBIBF,2024,2025-07-07,-6,2025-07-01,10245.0,285
CBIBF,2024,2025-07-07,-5,2025-07-02,10145.0,583
CBIBF,2024,2025-07-07,-4,2025-07-03,9750.0,1195
CBIBF,2024,2025-07-07,-3,2025-07-04,10450.0,2415
CBIBF,2024,2025-07-07,-2,2025-07-05,,
CBIBF,2024,2025-07-07,-1,2025-07-06,,
CBIBF,2024,2025-07-07,0,2025-07-07,9855.0,285
CBIBF,2024,2025-07-07,1,2025-07-08,9900.0,779
CBIBF,2024,2025-07-07,2,2025-07-09,9890.0,396
CBIBF,2024,2025-07-07,3,2025-07-10,10000.0,304
CBIBF,2024,2025-07-07,4,2025-07-11,10100.0,633
CBIBF,2024,2025-07-07,5,2025-07-12,,
CBIBF,2024,2025-07-07,6,2025-07-13,,
CBIBF,2024,2025-07-07,7,2025-07-14,10000.0,178
CBIBF,2024,2025-07-07,8,2025-07-15,9900.0,849
CBIBF,2024,2025-07-07,9,2025-07-16,9805.0,415
CBIBF,2024,2025-07-07,10,2025-07-17,9805.0,658
CBIBF,2024,2025-07-07,11,2025-07-18,9850.0,1226
CBIBF,2024,2025-07-07,12,2025-07-19,,
CBIBF,2024,2025-07-07,13,2025-07-20,,
CBIBF,2024,2025-07-07,14,2025-07-21,9850.0,234
CBIBF,2024,2025-07-07,15,2025-07-22,9800.0,969
CBIBF,2024,2025-07-07,16,2025-07-23,9800.0,149
CBIBF,2024,2025-07-07,17,2025-07-24,9800.0,238
CBIBF,2024,2025-07-07,18,2025-07-25,9785.0,209
CBIBF,2024,2025-07-07,19,2025-07-26,,
CBIBF,2024,2025-07-07,20,2025-07-27,,
CBIBF,2024,2025-07-07,21,2025-07-28,9700.0,630
CBIBF,2024,2025-07-07,22,2025-07-29,9800.0,2495
CBIBF,2024,2025-07-07,23,2025-07-30,9900.0,276
CBIBF,2024,2025-07-07,24,2025-07-31,9700.0,510
CBIBF,2024,2025-07-07,25,2025-08-01,9900.0,292
CBIBF,2024,2025-07-07,26,2025-08-02,,
CBIBF,2024,2025-07-07,27,2025-08-03,,
CBIBF,2024,2025-07-07,28,2025-08-04,9900.0,1087
CBIBF,2024,2025-07-07,29,2025-08-05,9895.0,66
CBIBF,2024,2025-07-07,30,2025-08-06,9895.0,38
CBIBF,2024,2025-07-07,31,2025-08-07,,
CBIBF,2024,2025-07-07,32,2025-08-08,9900.0,5012
CBIBF,2024,2025-07-07,33,2025-08-09,,
CBIBF,2024,2025-07-07,34,2025-08-10,,
CBIBF,2024,2025-07-07,35,2025-08-11,9800.0,3596
CBIBF,2024,2025-07-07,36,2025-08-12,9690.0,472
CBIBF,2024,2025-07-07,37,2025-08-13,9700.0,382
CBIBF,2024,2025-07-07,38,2025-08-14,9800.0,2467
CBIBF,2024,2025-07-07,39,2025-08-15,,
CBIBF,2024,2025-07-07,40,2025-08-16,,
CBIBF,2024,2025-07-07,41,2025-08-17,,
CBIBF,2024,2025-07-07,42,2025-08-18,9795.0,2769
CBIBF,2024,2025-07-07,43,2025-08-19,9800.0,993
CBIBF,2024,2025-07-07,44,2025-08-20,9790.0,269
CBIBF,2024,2025-07-07,45,2025-08-21,9750.0,369
CBIBF,2024,2025-07-07,46,2025-08-22,9750.0,611
CBIBF,2024,2025-07-07,47,2025-08-23,,
CBIBF,2024,2025-07-07,48,2025-08-24,,
CBIBF,2024,2025-07-07,49,2025-08-25,9710.0,200
CBIBF,2024,2025-07-07,50,2025-08-26,9750.0,1842
CBIBF,2024,2025-07-07,51,2025-08-27,9735.0,3933
CBIBF,2024,2025-07-07,52,2025-08-28,9750.0,1933
CBIBF,2024,2025-07-07,53,2025-08-29,9735.0,104
CBIBF,2024,2025-07-07,54,2025-08-30,,
CBIBF,2024,2025-07-07,55,2025-08-31,,
CBIBF,2024,2025-07-07,56,2025-09-01,9725.0,3117
CBIBF,2024,2025-07-07,57,2025-09-02,9705.0,241
CBIBF,2024,2025-07-07,58,2025-09-03,9705.0,897
CBIBF,2024,2025-07-07,59,2025-09-04,,
CBIBF,2024,2025-07-07,60,2025-09-05,9705.0,1162
CBIBF,2025,2026-06-19,-60,2026-04-20,16805.0,280
CBIBF,2025,2026-06-19,-59,2026-04-21,16800.0,708
CBIBF,2025,2026-06-19,-58,2026-04-22,16845.0,674
CBIBF,2025,2026-06-19,-57,2026-04-23,15680.0,892
CBIBF,2025,2026-06-19,-56,2026-04-24,16490.0,1037
CBIBF,2025,2026-06-19,-55,2026-04-25,16490.0,464
CBIBF,2025,2026-06-19,-54,2026-04-26,16490.0,464
CBIBF,2025,2026-06-19,-53,2026-04-27,16490.0,464
CBIBF,2025,2026-06-19,-52,2026-04-28,16200.0,220
CBIBF,2025,2026-06-19,-51,2026-04-29,15600.0,872
CBIBF,2025,2026-06-19,-50,2026-04-30,16000.0,3119
CBIBF,2025,2026-06-19,-49,2026-05-01,16100.0,166
CBIBF,2025,2026-06-19,-48,2026-05-02,16100.0,166
CBIBF,2025,2026-06-19,-47,2026-05-03,16100.0,166
CBIBF,2025,2026-06-19,-46,2026-05-04,16100.0,166
CBIBF,2025,2026-06-19,-45,2026-05-05,16550.0,1916
CBIBF,2025,2026-06-19,-44,2026-05-06,16700.0,439
CBIBF,2025,2026-06-19,-43,2026-05-07,16700.0,563
CBIBF,2025,2026-06-19,-42,2026-05-08,16600.0,960
CBIBF,2025,2026-06-19,-41,2026-05-09,16800.0,1024
CBIBF,2025,2026-06-19,-40,2026-05-10,16800.0,1024
CBIBF,2025,2026-06-19,-39,2026-05-11,16800.0,1024
CBIBF,2025,2026-06-19,-38,2026-05-12,16800.0,1765
CBIBF,2025,2026-06-19,-37,2026-05-13,17400.0,1535
CBIBF,2025,2026-06-19,-36,2026-05-14,18700.0,7809
CBIBF,2025,2026-06-19,-35,2026-05-15,18700.0,7809
CBIBF,2025,2026-06-19,-34,2026-05-16,19905.0,1991
CBIBF,2025,2026-06-19,-33,2026-05-17,19905.0,1991
CBIBF,2025,2026-06-19,-32,2026-05-18,19905.0,0
CBIBF,2025,2026-06-19,-31,2026-05-19,20500.0,761
CBIBF,2025,2026-06-19,-30,2026-05-20,20480.0,779
CBIBF,2025,2026-06-19,-29,2026-05-21,20500.0,851
CBIBF,2025,2026-06-19,-28,2026-05-22,20700.0,604
CBIBF,2025,2026-06-19,-27,2026-05-23,20700.0,736
CBIBF,2025,2026-06-19,-26,2026-05-24,20700.0,736
CBIBF,2025,2026-06-19,-25,2026-05-25,20700.0,736
CBIBF,2025,2026-06-19,-24,2026-05-26,21465.0,226
CBIBF,2025,2026-06-19,-23,2026-05-27,21465.0,226
CBIBF,2025,2026-06-19,-22,2026-05-28,21465.0,0
CBIBF,2025,2026-06-19,-21,2026-05-29,21495.0,0
CBIBF,2025,2026-06-19,-20,2026-05-30,21560.0,2553
CBIBF,2025,2026-06-19,-19,2026-05-31,21560.0,2553
CBIBF,2025,2026-06-19,-18,2026-06-01,21700.0,73
CBIBF,2025,2026-06-19,-17,2026-06-02,21560.0,115
CBIBF,2025,2026-06-19,-16,2026-06-03,,
CBIBF,2025,2026-06-19,-15,2026-06-04,21200.0,735
CBIBF,2025,2026-06-19,-14,2026-06-05,21200.0,735
CBIBF,2025,2026-06-19,-13,2026-06-06,22000.0,1451
CBIBF,2025,2026-06-19,-12,2026-06-07,22000.0,1451
CBIBF,2025,2026-06-19,-11,2026-06-08,22000.0,518
CBIBF,2025,2026-06-19,-10,2026-06-09,22000.0,1385
CBIBF,2025,2026-06-19,-9,2026-06-10,21500.0,0
CBIBF,2025,2026-06-19,-8,2026-06-11,21600.0,0
CBIBF,2025,2026-06-19,-7,2026-06-12,22075.0,0
CBIBF,2025,2026-06-19,-6,2026-06-13,21800.0,1528
CBIBF,2025,2026-06-19,-5,2026-06-14,21800.0,1528
CBIBF,2025,2026-06-19,-4,2026-06-15,22495.0,153
CBIBF,2025,2026-06-19,-3,2026-06-16,22100.0,649
CBIBF,2025,2026-06-19,-2,2026-06-17,22085.0,140
CBIBF,2025,2026-06-19,-1,2026-06-18,22400.0,0
CBIBF,2025,2026-06-19,0,2026-06-19,22400.0,120
CBIBF,2025,2026-06-19,1,2026-06-20,21500.0,337
CBIBF,2025,2026-06-19,2,2026-06-21,21500.0,337
CBIBF,2025,2026-06-19,3,2026-06-22,21525.0,391
CBIBF,2025,2026-06-19,4,2026-06-23,22000.0,1178
CBIBF,2025,2026-06-19,5,2026-06-24,21785.0,1106
CBIBF,2025,2026-06-19,6,2026-06-25,21785.0,1176
CBIBF,2025,2026-06-19,7,2026-06-26,21995.0,891
CBIBF,2025,2026-06-19,8,2026-06-27,22000.0,1382
CBIBF,2025,2026-06-19,9,2026-06-28,22000.0,1382
CBIBF,2025,2026-06-19,10,2026-06-29,22000.0,250
CBIBF,2025,2026-06-19,11,2026-06-30,22195.0,548
CBIBF,2025,2026-06-19,12,2026-07-01,23500.0,1983
CBIBF,2025,2026-06-19,13,2026-07-02,24000.0,1464
CBIBF,2025,2026-06-19,14,2026-07-03,24000.0,1490
CBIBF,2025,2026-06-19,15,2026-07-04,23910.0,1163
CBIBF,2025,2026-06-19,16,2026-07-05,23910.0,1163
CBIBF,2025,2026-06-19,17,2026-07-06,23910.0,0
CBIBF,2025,2026-06-19,18,2026-07-07,25000.0,0
CBIBF,2025,2026-06-19,19,2026-07-08,25700.0,588
CBIBF,2025,2026-06-19,20,2026-07-09,27545.0,1770
CBIBF,2025,2026-06-19,21,2026-07-10,27545.0,1770
CBIBF,2025,2026-06-19,22,2026-07-11,29610.0,1181
CBIBF,2025,2026-06-19,23,2026-07-12,29610.0,1181
CBIBF,2025,2026-06-19,24,2026-07-13,29610.0,1181
CBIBF,2025,2026-06-19,25,2026-07-14,30005.0,2355
CBIBF,2025,2026-06-19,26,2026-07-15,30000.0,2806
CBIBF,2025,2026-06-19,27,2026-07-16,30005.0,2256
CBIBF,2025,2026-06-19,28,2026-07-17,30000.0,2225
CBIBF,2025,2026-06-19,29,2026-07-18,28490.0,744
CBIBF,2025,2026-06-19,30,2026-07-19,,
CBIBF,2025,2026-06-19,31,2026-07-20,,
CBIBF,2025,2026-06-19,32,2026-07-21,,
CBIBF,2025,2026-06-19,33,2026-07-22,,
CBIBF,2025,2026-06-19,34,2026-07-23,,
CBIBF,2025,2026-06-19,35,2026-07-24,,
CBIBF,2025,2026-06-19,36,2026-07-25,,
CBIBF,2025,2026-06-19,37,2026-07-26,,
CBIBF,2025,2026-06-19,38,2026-07-27,,
CBIBF,2025,2026-06-19,39,2026-07-28,,
CBIBF,2025,2026-06-19,40,2026-07-29,,
CBIBF,2025,2026-06-19,41,2026-07-30,,
CBIBF,2025,2026-06-19,42,2026-07-31,,
CBIBF,2025,2026-06-19,43,2026-08-01,,
CBIBF,2025,2026-06-19,44,2026-08-02,,
CBIBF,2025,2026-06-19,45,2026-08-03,,
CBIBF,2025,2026-06-19,46,2026-08-04,,
CBIBF,2025,2026-06-19,47,2026-08-05,,
CBIBF,2025,2026-06-19,48,2026-08-06,,
CBIBF,2025,2026-06-19,49,2026-08-07,,
CBIBF,2025,2026-06-19,50,2026-08-08,,
CBIBF,2025,2026-06-19,51,2026-08-09,,
CBIBF,2025,2026-06-19,52,2026-08-10,,
CBIBF,2025,2026-06-19,53,2026-08-11,,
CBIBF,2025,2026-06-19,54,2026-08-12,,
CBIBF,2025,2026-06-19,55,2026-08-13,,
CBIBF,2025,2026-06-19,56,2026-08-14,,
CBIBF,2025,2026-06-19,57,2026-08-15,,
CBIBF,2025,2026-06-19,58,2026-08-16,,
CBIBF,2025,2026-06-19,59,2026-08-17,,
CBIBF,2025,2026-06-19,60,2026-08-18,,
CFAC,2021,2022-08-02,-60,2022-06-03,800.0,2999
CFAC,2021,2022-08-02,-59,2022-06-04,,
CFAC,2021,2022-08-02,-58,2022-06-05,,
CFAC,2021,2022-08-02,-57,2022-06-06,,
CFAC,2021,2022-08-02,-56,2022-06-07,790.0,2334
CFAC,2021,2022-08-02,-55,2022-06-08,800.0,53787
CFAC,2021,2022-08-02,-54,2022-06-09,850.0,2182
CFAC,2021,2022-08-02,-53,2022-06-10,910.0,5000
CFAC,2021,2022-08-02,-52,2022-06-11,,
CFAC,2021,2022-08-02,-51,2022-06-12,,
CFAC,2021,2022-08-02,-50,2022-06-13,965.0,677
CFAC,2021,2022-08-02,-49,2022-06-14,955.0,700
CFAC,2021,2022-08-02,-48,2022-06-15,950.0,1592
CFAC,2021,2022-08-02,-47,2022-06-16,910.0,1229
CFAC,2021,2022-08-02,-46,2022-06-17,910.0,704
CFAC,2021,2022-08-02,-45,2022-06-18,,
CFAC,2021,2022-08-02,-44,2022-06-19,,
CFAC,2021,2022-08-02,-43,2022-06-20,900.0,1680
CFAC,2021,2022-08-02,-42,2022-06-21,865.0,1360
CFAC,2021,2022-08-02,-41,2022-06-22,900.0,22
CFAC,2021,2022-08-02,-40,2022-06-23,885.0,1374
CFAC,2021,2022-08-02,-39,2022-06-24,875.0,3294
CFAC,2021,2022-08-02,-38,2022-06-25,,
CFAC,2021,2022-08-02,-37,2022-06-26,,
CFAC,2021,2022-08-02,-36,2022-06-27,890.0,1616
CFAC,2021,2022-08-02,-35,2022-06-28,880.0,3008
CFAC,2021,2022-08-02,-34,2022-06-29,870.0,4004
CFAC,2021,2022-08-02,-33,2022-06-30,880.0,1130
CFAC,2021,2022-08-02,-32,2022-07-01,865.0,2868
CFAC,2021,2022-08-02,-31,2022-07-02,,
CFAC,2021,2022-08-02,-30,2022-07-03,,
CFAC,2021,2022-08-02,-29,2022-07-04,850.0,323
CFAC,2021,2022-08-02,-28,2022-07-05,850.0,1120
CFAC,2021,2022-08-02,-27,2022-07-06,850.0,3187
CFAC,2021,2022-08-02,-26,2022-07-07,860.0,26881
CFAC,2021,2022-08-02,-25,2022-07-08,850.0,465
CFAC,2021,2022-08-02,-24,2022-07-09,,
CFAC,2021,2022-08-02,-23,2022-07-10,,
CFAC,2021,2022-08-02,-22,2022-07-11,850.0,342
CFAC,2021,2022-08-02,-21,2022-07-12,865.0,20
CFAC,2021,2022-08-02,-20,2022-07-13,850.0,869
CFAC,2021,2022-08-02,-19,2022-07-14,870.0,2967
CFAC,2021,2022-08-02,-18,2022-07-15,870.0,1665
CFAC,2021,2022-08-02,-17,2022-07-16,,
CFAC,2021,2022-08-02,-16,2022-07-17,,
CFAC,2021,2022-08-02,-15,2022-07-18,870.0,1293
CFAC,2021,2022-08-02,-14,2022-07-19,865.0,2574
CFAC,2021,2022-08-02,-13,2022-07-20,870.0,697
CFAC,2021,2022-08-02,-12,2022-07-21,870.0,723
CFAC,2021,2022-08-02,-11,2022-07-22,870.0,658
CFAC,2021,2022-08-02,-10,2022-07-23,,
CFAC,2021,2022-08-02,-9,2022-07-24,,
CFAC,2021,2022-08-02,-8,2022-07-25,870.0,7401
CFAC,2021,2022-08-02,-7,2022-07-26,870.0,4900
CFAC,2021,2022-08-02,-6,2022-07-27,855.0,957
CFAC,2021,2022-08-02,-5,2022-07-28,870.0,3164
CFAC,2021,2022-08-02,-4,2022-07-29,850.0,841
CFAC,2021,2022-08-02,-3,2022-07-30,,
CFAC,2021,2022-08-02,-2,2022-07-31,,
CFAC,2021,2022-08-02,-1,2022-08-01,850.0,852
CFAC,2021,2022-08-02,0,2022-08-02,835.0,324
CFAC,2021,2022-08-02,1,2022-08-03,830.0,410
CFAC,2021,2022-08-02,2,2022-08-04,850.0,734
CFAC,2021,2022-08-02,3,2022-08-05,830.0,1404
CFAC,2021,2022-08-02,4,2022-08-06,,
CFAC,2021,2022-08-02,5,2022-08-07,,
CFAC,2021,2022-08-02,6,2022-08-08,,
CFAC,2021,2022-08-02,7,2022-08-09,845.0,37395
CFAC,2021,2022-08-02,8,2022-08-10,840.0,1268
CFAC,2021,2022-08-02,9,2022-08-11,840.0,3647
CFAC,2021,2022-08-02,10,2022-08-12,850.0,54
CFAC,2021,2022-08-02,11,2022-08-13,,
CFAC,2021,2022-08-02,12,2022-08-14,,
CFAC,2021,2022-08-02,13,2022-08-15,,
CFAC,2021,2022-08-02,14,2022-08-16,845.0,1576
CFAC,2021,2022-08-02,15,2022-08-17,845.0,643
CFAC,2021,2022-08-02,16,2022-08-18,845.0,683
CFAC,2021,2022-08-02,17,2022-08-19,840.0,286
CFAC,2021,2022-08-02,18,2022-08-20,,
CFAC,2021,2022-08-02,19,2022-08-21,,
CFAC,2021,2022-08-02,20,2022-08-22,850.0,563
CFAC,2021,2022-08-02,21,2022-08-23,850.0,328
CFAC,2021,2022-08-02,22,2022-08-24,850.0,234
CFAC,2021,2022-08-02,23,2022-08-25,840.0,1774
CFAC,2021,2022-08-02,24,2022-08-26,845.0,205
CFAC,2021,2022-08-02,25,2022-08-27,,
CFAC,2021,2022-08-02,26,2022-08-28,,
CFAC,2021,2022-08-02,27,2022-08-29,840.0,300
CFAC,2021,2022-08-02,28,2022-08-30,850.0,1017
CFAC,2021,2022-08-02,29,2022-08-31,850.0,2249
CFAC,2021,2022-08-02,30,2022-09-01,845.0,320
CFAC,2021,2022-08-02,31,2022-09-02,850.0,2935
CFAC,2021,2022-08-02,32,2022-09-03,,
CFAC,2021,2022-08-02,33,2022-09-04,,
CFAC,2021,2022-08-02,34,2022-09-05,870.0,2200
CFAC,2021,2022-08-02,35,2022-09-06,870.0,261
CFAC,2021,2022-08-02,36,2022-09-07,900.0,622
CFAC,2021,2022-08-02,37,2022-09-08,860.0,77
CFAC,2021,2022-08-02,38,2022-09-09,895.0,24
CFAC,2021,2022-08-02,39,2022-09-10,,
CFAC,2021,2022-08-02,40,2022-09-11,,
CFAC,2021,2022-08-02,41,2022-09-12,895.0,461
CFAC,2021,2022-08-02,42,2022-09-13,895.0,720
CFAC,2021,2022-08-02,43,2022-09-14,870.0,500
CFAC,2021,2022-08-02,44,2022-09-15,900.0,1287
CFAC,2021,2022-08-02,45,2022-09-16,895.0,250
CFAC,2021,2022-08-02,46,2022-09-17,,
CFAC,2021,2022-08-02,47,2022-09-18,,
CFAC,2021,2022-08-02,48,2022-09-19,880.0,95
CFAC,2021,2022-08-02,49,2022-09-20,860.0,1178
CFAC,2021,2022-08-02,50,2022-09-21,860.0,602
CFAC,2021,2022-08-02,51,2022-09-22,895.0,189
CFAC,2021,2022-08-02,52,2022-09-23,830.0,1194
CFAC,2021,2022-08-02,53,2022-09-24,,
CFAC,2021,2022-08-02,54,2022-09-25,,
CFAC,2021,2022-08-02,55,2022-09-26,845.0,833
CFAC,2021,2022-08-02,56,2022-09-27,890.0,1443
CFAC,2021,2022-08-02,57,2022-09-28,850.0,85
CFAC,2021,2022-08-02,58,2022-09-29,850.0,952
CFAC,2021,2022-08-02,59,2022-09-30,850.0,68
CFAC,2021,2022-08-02,60,2022-10-01,,
CFAC,2022,2023-09-15,-60,2023-07-17,845.0,100
CFAC,2022,2023-09-15,-59,2023-07-18,860.0,309
CFAC,2022,2023-09-15,-58,2023-07-19,850.0,3965
CFAC,2022,2023-09-15,-57,2023-07-20,860.0,915
CFAC,2022,2023-09-15,-56,2023-07-21,860.0,65
CFAC,2022,2023-09-15,-55,2023-07-22,,
CFAC,2022,2023-09-15,-54,2023-07-23,,
CFAC,2022,2023-09-15,-53,2023-07-24,860.0,655
CFAC,2022,2023-09-15,-52,2023-07-25,860.0,1185
CFAC,2022,2023-09-15,-51,2023-07-26,850.0,401
CFAC,2022,2023-09-15,-50,2023-07-27,860.0,583
CFAC,2022,2023-09-15,-49,2023-07-28,860.0,963
CFAC,2022,2023-09-15,-48,2023-07-29,,
CFAC,2022,2023-09-15,-47,2023-07-30,,
CFAC,2022,2023-09-15,-46,2023-07-31,900.0,198
CFAC,2022,2023-09-15,-45,2023-08-01,870.0,1138
CFAC,2022,2023-09-15,-44,2023-08-02,930.0,224
CFAC,2022,2023-09-15,-43,2023-08-03,875.0,119
CFAC,2022,2023-09-15,-42,2023-08-04,930.0,632
CFAC,2022,2023-09-15,-41,2023-08-05,,
CFAC,2022,2023-09-15,-40,2023-08-06,,
CFAC,2022,2023-09-15,-39,2023-08-07,,
CFAC,2022,2023-09-15,-38,2023-08-08,930.0,904
CFAC,2022,2023-09-15,-37,2023-08-09,910.0,337
CFAC,2022,2023-09-15,-36,2023-08-10,900.0,444
CFAC,2022,2023-09-15,-35,2023-08-11,920.0,7
CFAC,2022,2023-09-15,-34,2023-08-12,,
CFAC,2022,2023-09-15,-33,2023-08-13,,
CFAC,2022,2023-09-15,-32,2023-08-14,930.0,472
CFAC,2022,2023-09-15,-31,2023-08-15,,
CFAC,2022,2023-09-15,-30,2023-08-16,930.0,72
CFAC,2022,2023-09-15,-29,2023-08-17,910.0,13527
CFAC,2022,2023-09-15,-28,2023-08-18,950.0,6301
CFAC,2022,2023-09-15,-27,2023-08-19,,
CFAC,2022,2023-09-15,-26,2023-08-20,,
CFAC,2022,2023-09-15,-25,2023-08-21,945.0,351
CFAC,2022,2023-09-15,-24,2023-08-22,950.0,933
CFAC,2022,2023-09-15,-23,2023-08-23,950.0,343
CFAC,2022,2023-09-15,-22,2023-08-24,940.0,639
CFAC,2022,2023-09-15,-21,2023-08-25,950.0,1041
CFAC,2022,2023-09-15,-20,2023-08-26,,
CFAC,2022,2023-09-15,-19,2023-08-27,,
CFAC,2022,2023-09-15,-18,2023-08-28,965.0,3437
CFAC,2022,2023-09-15,-17,2023-08-29,950.0,1100
CFAC,2022,2023-09-15,-16,2023-08-30,945.0,71
CFAC,2022,2023-09-15,-15,2023-08-31,920.0,193
CFAC,2022,2023-09-15,-14,2023-09-01,920.0,11769
CFAC,2022,2023-09-15,-13,2023-09-02,,
CFAC,2022,2023-09-15,-12,2023-09-03,,
CFAC,2022,2023-09-15,-11,2023-09-04,900.0,210
CFAC,2022,2023-09-15,-10,2023-09-05,910.0,100
CFAC,2022,2023-09-15,-9,2023-09-06,920.0,279
CFAC,2022,2023-09-15,-8,2023-09-07,950.0,575
CFAC,2022,2023-09-15,-7,2023-09-08,925.0,796
CFAC,2022,2023-09-15,-6,2023-09-09,,
CFAC,2022,2023-09-15,-5,2023-09-10,,
CFAC,2022,2023-09-15,-4,2023-09-11,920.0,163
CFAC,2022,2023-09-15,-3,2023-09-12,965.0,459
CFAC,2022,2023-09-15,-2,2023-09-13,940.0,24
CFAC,2022,2023-09-15,-1,2023-09-14,905.0,885
CFAC,2022,2023-09-15,0,2023-09-15,900.0,415
CFAC,2022,2023-09-15,1,2023-09-16,,
CFAC,2022,2023-09-15,2,2023-09-17,,
CFAC,2022,2023-09-15,3,2023-09-18,895.0,202
CFAC,2022,2023-09-15,4,2023-09-19,895.0,107
CFAC,2022,2023-09-15,5,2023-09-20,890.0,279
CFAC,2022,2023-09-15,6,2023-09-21,885.0,342
CFAC,2022,2023-09-15,7,2023-09-22,880.0,10
CFAC,2022,2023-09-15,8,2023-09-23,,
CFAC,2022,2023-09-15,9,2023-09-24,,
CFAC,2022,2023-09-15,10,2023-09-25,850.0,708
CFAC,2022,2023-09-15,11,2023-09-26,850.0,294
CFAC,2022,2023-09-15,12,2023-09-27,,
CFAC,2022,2023-09-15,13,2023-09-28,795.0,514
CFAC,2022,2023-09-15,14,2023-09-29,845.0,12
CFAC,2022,2023-09-15,15,2023-09-30,,
CFAC,2022,2023-09-15,16,2023-10-01,,
CFAC,2022,2023-09-15,17,2023-10-02,845.0,345
CFAC,2022,2023-09-15,18,2023-10-03,785.0,2190
CFAC,2022,2023-09-15,19,2023-10-04,765.0,1414
CFAC,2022,2023-09-15,20,2023-10-05,760.0,5733
CFAC,2022,2023-09-15,21,2023-10-06,760.0,489
CFAC,2022,2023-09-15,22,2023-10-07,,
CFAC,2022,2023-09-15,23,2023-10-08,,
CFAC,2022,2023-09-15,24,2023-10-09,770.0,118
CFAC,2022,2023-09-15,25,2023-10-10,775.0,20
CFAC,2022,2023-09-15,26,2023-10-11,760.0,47775
CFAC,2022,2023-09-15,27,2023-10-12,760.0,602
CFAC,2022,2023-09-15,28,2023-10-13,760.0,239
CFAC,2022,2023-09-15,29,2023-10-14,,
CFAC,2022,2023-09-15,30,2023-10-15,,
CFAC,2022,2023-09-15,31,2023-10-16,815.0,795
CFAC,2022,2023-09-15,32,2023-10-17,815.0,2697
CFAC,2022,2023-09-15,33,2023-10-18,820.0,604
CFAC,2022,2023-09-15,34,2023-10-19,820.0,68
CFAC,2022,2023-09-15,35,2023-10-20,820.0,1138
CFAC,2022,2023-09-15,36,2023-10-21,,
CFAC,2022,2023-09-15,37,2023-10-22,,
CFAC,2022,2023-09-15,38,2023-10-23,820.0,252
CFAC,2022,2023-09-15,39,2023-10-24,815.0,670
CFAC,2022,2023-09-15,40,2023-10-25,815.0,110
CFAC,2022,2023-09-15,41,2023-10-26,800.0,214
CFAC,2022,2023-09-15,42,2023-10-27,790.0,558
CFAC,2022,2023-09-15,43,2023-10-28,,
CFAC,2022,2023-09-15,44,2023-10-29,,
CFAC,2022,2023-09-15,45,2023-10-30,790.0,413
CFAC,2022,2023-09-15,46,2023-10-31,790.0,5
CFAC,2022,2023-09-15,47,2023-11-01,,
CFAC,2022,2023-09-15,48,2023-11-02,785.0,895
CFAC,2022,2023-09-15,49,2023-11-03,790.0,483
CFAC,2022,2023-09-15,50,2023-11-04,,
CFAC,2022,2023-09-15,51,2023-11-05,,
CFAC,2022,2023-09-15,52,2023-11-06,825.0,605
CFAC,2022,2023-09-15,53,2023-11-07,820.0,149
CFAC,2022,2023-09-15,54,2023-11-08,790.0,142
CFAC,2022,2023-09-15,55,2023-11-09,820.0,12
CFAC,2022,2023-09-15,56,2023-11-10,820.0,123
CFAC,2022,2023-09-15,57,2023-11-11,,
CFAC,2022,2023-09-15,58,2023-11-12,,
CFAC,2022,2023-09-15,59,2023-11-13,815.0,67
CFAC,2022,2023-09-15,60,2023-11-14,790.0,145
CFAC,2023,2024-08-30,-60,2024-07-01,685.0,902
CFAC,2023,2024-08-30,-59,2024-07-02,685.0,432
CFAC,2023,2024-08-30,-58,2024-07-03,685.0,678
CFAC,2023,2024-08-30,-57,2024-07-04,685.0,264
CFAC,2023,2024-08-30,-56,2024-07-05,685.0,1703
CFAC,2023,2024-08-30,-55,2024-07-06,,
CFAC,2023,2024-08-30,-54,2024-07-07,,
CFAC,2023,2024-08-30,-53,2024-07-08,685.0,239
CFAC,2023,2024-08-30,-52,2024-07-09,685.0,943
CFAC,2023,2024-08-30,-51,2024-07-10,685.0,262
CFAC,2023,2024-08-30,-50,2024-07-11,680.0,1317
CFAC,2023,2024-08-30,-49,2024-07-12,680.0,287
CFAC,2023,2024-08-30,-48,2024-07-13,,
CFAC,2023,2024-08-30,-47,2024-07-14,,
CFAC,2023,2024-08-30,-46,2024-07-15,680.0,406
CFAC,2023,2024-08-30,-45,2024-07-16,675.0,2234
CFAC,2023,2024-08-30,-44,2024-07-17,685.0,975
CFAC,2023,2024-08-30,-43,2024-07-18,695.0,2849
CFAC,2023,2024-08-30,-42,2024-07-19,700.0,1402
CFAC,2023,2024-08-30,-41,2024-07-20,,
CFAC,2023,2024-08-30,-40,2024-07-21,,
CFAC,2023,2024-08-30,-39,2024-07-22,685.0,503
CFAC,2023,2024-08-30,-38,2024-07-23,685.0,2119
CFAC,2023,2024-08-30,-37,2024-07-24,685.0,1757
CFAC,2023,2024-08-30,-36,2024-07-25,680.0,1100
CFAC,2023,2024-08-30,-35,2024-07-26,680.0,1197
CFAC,2023,2024-08-30,-34,2024-07-27,,
CFAC,2023,2024-08-30,-33,2024-07-28,,
CFAC,2023,2024-08-30,-32,2024-07-29,685.0,2075
CFAC,2023,2024-08-30,-31,2024-07-30,680.0,252
CFAC,2023,2024-08-30,-30,2024-07-31,680.0,173
CFAC,2023,2024-08-30,-29,2024-08-01,670.0,3220
CFAC,2023,2024-08-30,-28,2024-08-02,680.0,2270
CFAC,2023,2024-08-30,-27,2024-08-03,,
CFAC,2023,2024-08-30,-26,2024-08-04,,
CFAC,2023,2024-08-30,-25,2024-08-05,655.0,3407
CFAC,2023,2024-08-30,-24,2024-08-06,665.0,1254
CFAC,2023,2024-08-30,-23,2024-08-07,,
CFAC,2023,2024-08-30,-22,2024-08-08,665.0,1062
CFAC,2023,2024-08-30,-21,2024-08-09,670.0,201
CFAC,2023,2024-08-30,-20,2024-08-10,,
CFAC,2023,2024-08-30,-19,2024-08-11,,
CFAC,2023,2024-08-30,-18,2024-08-12,670.0,518
CFAC,2023,2024-08-30,-17,2024-08-13,670.0,810
CFAC,2023,2024-08-30,-16,2024-08-14,670.0,556
CFAC,2023,2024-08-30,-15,2024-08-15,,
CFAC,2023,2024-08-30,-14,2024-08-16,665.0,545
CFAC,2023,2024-08-30,-13,2024-08-17,,
CFAC,2023,2024-08-30,-12,2024-08-18,,
CFAC,2023,2024-08-30,-11,2024-08-19,660.0,453
CFAC,2023,2024-08-30,-10,2024-08-20,660.0,979
CFAC,2023,2024-08-30,-9,2024-08-21,635.0,2211
CFAC,2023,2024-08-30,-8,2024-08-22,660.0,780
CFAC,2023,2024-08-30,-7,2024-08-23,660.0,1029
CFAC,2023,2024-08-30,-6,2024-08-24,,
CFAC,2023,2024-08-30,-5,2024-08-25,,
CFAC,2023,2024-08-30,-4,2024-08-26,660.0,1488
CFAC,2023,2024-08-30,-3,2024-08-27,655.0,101
CFAC,2023,2024-08-30,-2,2024-08-28,680.0,1633
CFAC,2023,2024-08-30,-1,2024-08-29,685.0,2230
CFAC,2023,2024-08-30,0,2024-08-30,,
CFAC,2023,2024-08-30,1,2024-08-31,,
CFAC,2023,2024-08-30,2,2024-09-01,,
CFAC,2023,2024-08-30,3,2024-09-02,670.0,162
CFAC,2023,2024-08-30,4,2024-09-03,640.0,8365
CFAC,2023,2024-08-30,5,2024-09-04,680.0,1449
CFAC,2023,2024-08-30,6,2024-09-05,680.0,719
CFAC,2023,2024-08-30,7,2024-09-06,680.0,1591
CFAC,2023,2024-08-30,8,2024-09-07,,
CFAC,2023,2024-08-30,9,2024-09-08,,
CFAC,2023,2024-08-30,10,2024-09-09,680.0,1239
CFAC,2023,2024-08-30,11,2024-09-10,680.0,766
CFAC,2023,2024-08-30,12,2024-09-11,680.0,2444
CFAC,2023,2024-08-30,13,2024-09-12,665.0,582
CFAC,2023,2024-08-30,14,2024-09-13,675.0,5024
CFAC,2023,2024-08-30,15,2024-09-14,,
CFAC,2023,2024-08-30,16,2024-09-15,,
CFAC,2023,2024-08-30,17,2024-09-16,675.0,1176
CFAC,2023,2024-08-30,18,2024-09-17,675.0,1571
CFAC,2023,2024-08-30,19,2024-09-18,645.0,471
CFAC,2023,2024-08-30,20,2024-09-19,645.0,216
CFAC,2023,2024-08-30,21,2024-09-20,675.0,5201
CFAC,2023,2024-08-30,22,2024-09-21,,
CFAC,2023,2024-08-30,23,2024-09-22,,
CFAC,2023,2024-08-30,24,2024-09-23,670.0,12557
CFAC,2023,2024-08-30,25,2024-09-24,630.0,592
CFAC,2023,2024-08-30,26,2024-09-25,650.0,5260
CFAC,2023,2024-08-30,27,2024-09-26,665.0,21276
CFAC,2023,2024-08-30,28,2024-09-27,670.0,15221
CFAC,2023,2024-08-30,29,2024-09-28,,
CFAC,2023,2024-08-30,30,2024-09-29,,
CFAC,2023,2024-08-30,31,2024-09-30,670.0,1177
CFAC,2023,2024-08-30,32,2024-10-01,650.0,385
CFAC,2023,2024-08-30,33,2024-10-02,635.0,1009
CFAC,2023,2024-08-30,34,2024-10-03,680.0,1633
CFAC,2023,2024-08-30,35,2024-10-04,675.0,758
CFAC,2023,2024-08-30,36,2024-10-05,,
CFAC,2023,2024-08-30,37,2024-10-06,,
CFAC,2023,2024-08-30,38,2024-10-07,675.0,30076
CFAC,2023,2024-08-30,39,2024-10-08,675.0,1262
CFAC,2023,2024-08-30,40,2024-10-09,675.0,1456
CFAC,2023,2024-08-30,41,2024-10-10,640.0,1515
CFAC,2023,2024-08-30,42,2024-10-11,650.0,1707
CFAC,2023,2024-08-30,43,2024-10-12,,
CFAC,2023,2024-08-30,44,2024-10-13,,
CFAC,2023,2024-08-30,45,2024-10-14,660.0,1205
CFAC,2023,2024-08-30,46,2024-10-15,660.0,1794
CFAC,2023,2024-08-30,47,2024-10-16,660.0,135
CFAC,2023,2024-08-30,48,2024-10-17,670.0,1644
CFAC,2023,2024-08-30,49,2024-10-18,670.0,1062
CFAC,2023,2024-08-30,50,2024-10-19,,
CFAC,2023,2024-08-30,51,2024-10-20,,
CFAC,2023,2024-08-30,52,2024-10-21,645.0,62
CFAC,2023,2024-08-30,53,2024-10-22,650.0,2339
CFAC,2023,2024-08-30,54,2024-10-23,670.0,4778
CFAC,2023,2024-08-30,55,2024-10-24,660.0,703
CFAC,2023,2024-08-30,56,2024-10-25,660.0,3352
CFAC,2023,2024-08-30,57,2024-10-26,,
CFAC,2023,2024-08-30,58,2024-10-27,,
CFAC,2023,2024-08-30,59,2024-10-28,640.0,1585
CFAC,2023,2024-08-30,60,2024-10-29,635.0,46236
CFAC,2024,2025-08-19,-60,2025-06-20,665.0,699
CFAC,2024,2025-08-19,-59,2025-06-21,,
CFAC,2024,2025-08-19,-58,2025-06-22,,
CFAC,2024,2025-08-19,-57,2025-06-23,660.0,9629
CFAC,2024,2025-08-19,-56,2025-06-24,680.0,1013
CFAC,2024,2025-08-19,-55,2025-06-25,660.0,477
CFAC,2024,2025-08-19,-54,2025-06-26,660.0,634
CFAC,2024,2025-08-19,-53,2025-06-27,675.0,800
CFAC,2024,2025-08-19,-52,2025-06-28,,
CFAC,2024,2025-08-19,-51,2025-06-29,,
CFAC,2024,2025-08-19,-50,2025-06-30,680.0,6322
CFAC,2024,2025-08-19,-49,2025-07-01,660.0,142
CFAC,2024,2025-08-19,-48,2025-07-02,680.0,9041
CFAC,2024,2025-08-19,-47,2025-07-03,680.0,6012
CFAC,2024,2025-08-19,-46,2025-07-04,665.0,1236
CFAC,2024,2025-08-19,-45,2025-07-05,,
CFAC,2024,2025-08-19,-44,2025-07-06,,
CFAC,2024,2025-08-19,-43,2025-07-07,675.0,2497
CFAC,2024,2025-08-19,-42,2025-07-08,650.0,584
CFAC,2024,2025-08-19,-41,2025-07-09,665.0,77
CFAC,2024,2025-08-19,-40,2025-07-10,655.0,5631
CFAC,2024,2025-08-19,-39,2025-07-11,650.0,5420
CFAC,2024,2025-08-19,-38,2025-07-12,,
CFAC,2024,2025-08-19,-37,2025-07-13,,
CFAC,2024,2025-08-19,-36,2025-07-14,675.0,1403
CFAC,2024,2025-08-19,-35,2025-07-15,685.0,636
CFAC,2024,2025-08-19,-34,2025-07-16,680.0,933
CFAC,2024,2025-08-19,-33,2025-07-17,670.0,133
CFAC,2024,2025-08-19,-32,2025-07-18,650.0,1800
CFAC,2024,2025-08-19,-31,2025-07-19,,
CFAC,2024,2025-08-19,-30,2025-07-20,,
CFAC,2024,2025-08-19,-29,2025-07-21,680.0,401
CFAC,2024,2025-08-19,-28,2025-07-22,680.0,2531
CFAC,2024,2025-08-19,-27,2025-07-23,670.0,245
CFAC,2024,2025-08-19,-26,2025-07-24,670.0,1022
CFAC,2024,2025-08-19,-25,2025-07-25,675.0,2294
CFAC,2024,2025-08-19,-24,2025-07-26,,
CFAC,2024,2025-08-19,-23,2025-07-27,,
CFAC,2024,2025-08-19,-22,2025-07-28,670.0,45950
CFAC,2024,2025-08-19,-21,2025-07-29,670.0,4953
CFAC,2024,2025-08-19,-20,2025-07-30,685.0,3216
CFAC,2024,2025-08-19,-19,2025-07-31,660.0,983
CFAC,2024,2025-08-19,-18,2025-08-01,655.0,2393
CFAC,2024,2025-08-19,-17,2025-08-02,,
CFAC,2024,2025-08-19,-16,2025-08-03,,
CFAC,2024,2025-08-19,-15,2025-08-04,650.0,1846
CFAC,2024,2025-08-19,-14,2025-08-05,650.0,675
CFAC,2024,2025-08-19,-13,2025-08-06,650.0,590
CFAC,2024,2025-08-19,-12,2025-08-07,,
CFAC,2024,2025-08-19,-11,2025-08-08,650.0,328
CFAC,2024,2025-08-19,-10,2025-08-09,,
CFAC,2024,2025-08-19,-9,2025-08-10,,
CFAC,2024,2025-08-19,-8,2025-08-11,635.0,584
CFAC,2024,2025-08-19,-7,2025-08-12,650.0,1763
CFAC,2024,2025-08-19,-6,2025-08-13,660.0,517
CFAC,2024,2025-08-19,-5,2025-08-14,675.0,152
CFAC,2024,2025-08-19,-4,2025-08-15,,
CFAC,2024,2025-08-19,-3,2025-08-16,,
CFAC,2024,2025-08-19,-2,2025-08-17,,
CFAC,2024,2025-08-19,-1,2025-08-18,670.0,1270
CFAC,2024,2025-08-19,0,2025-08-19,675.0,2213
CFAC,2024,2025-08-19,1,2025-08-20,680.0,5736
CFAC,2024,2025-08-19,2,2025-08-21,665.0,9120
CFAC,2024,2025-08-19,3,2025-08-22,660.0,13482
CFAC,2024,2025-08-19,4,2025-08-23,,
CFAC,2024,2025-08-19,5,2025-08-24,,
CFAC,2024,2025-08-19,6,2025-08-25,660.0,34277
CFAC,2024,2025-08-19,7,2025-08-26,675.0,1727
CFAC,2024,2025-08-19,8,2025-08-27,690.0,8390
CFAC,2024,2025-08-19,9,2025-08-28,740.0,18575
CFAC,2024,2025-08-19,10,2025-08-29,795.0,13210
CFAC,2024,2025-08-19,11,2025-08-30,,
CFAC,2024,2025-08-19,12,2025-08-31,,
CFAC,2024,2025-08-19,13,2025-09-01,850.0,12258
CFAC,2024,2025-08-19,14,2025-09-02,910.0,26194
CFAC,2024,2025-08-19,15,2025-09-03,965.0,24489
CFAC,2024,2025-08-19,16,2025-09-04,,
CFAC,2024,2025-08-19,17,2025-09-05,905.0,14775
CFAC,2024,2025-08-19,18,2025-09-06,,
CFAC,2024,2025-08-19,19,2025-09-07,,
CFAC,2024,2025-08-19,20,2025-09-08,900.0,14576
CFAC,2024,2025-08-19,21,2025-09-09,910.0,6744
CFAC,2024,2025-08-19,22,2025-09-10,910.0,8740
CFAC,2024,2025-08-19,23,2025-09-11,910.0,14708
CFAC,2024,2025-08-19,24,2025-09-12,920.0,2164
CFAC,2024,2025-08-19,25,2025-09-13,,
CFAC,2024,2025-08-19,26,2025-09-14,,
CFAC,2024,2025-08-19,27,2025-09-15,945.0,2228
CFAC,2024,2025-08-19,28,2025-09-16,950.0,5316
CFAC,2024,2025-08-19,29,2025-09-17,940.0,810
CFAC,2024,2025-08-19,30,2025-09-18,940.0,1059
CFAC,2024,2025-08-19,31,2025-09-19,955.0,3479
CFAC,2024,2025-08-19,32,2025-09-20,,
CFAC,2024,2025-08-19,33,2025-09-21,,
CFAC,2024,2025-08-19,34,2025-09-22,1010.0,16798
CFAC,2024,2025-08-19,35,2025-09-23,1085.0,12946
CFAC,2024,2025-08-19,36,2025-09-24,1145.0,16815
CFAC,2024,2025-08-19,37,2025-09-25,1150.0,7394
CFAC,2024,2025-08-19,38,2025-09-26,1140.0,4488
CFAC,2024,2025-08-19,39,2025-09-27,,
CFAC,2024,2025-08-19,40,2025-09-28,,
CFAC,2024,2025-08-19,41,2025-09-29,1125.0,670
CFAC,2024,2025-08-19,42,2025-09-30,1105.0,16872
CFAC,2024,2025-08-19,43,2025-10-01,1140.0,2618
CFAC,2024,2025-08-19,44,2025-10-02,1225.0,5899
CFAC,2024,2025-08-19,45,2025-10-03,1315.0,42129
CFAC,2024,2025-08-19,46,2025-10-04,,
CFAC,2024,2025-08-19,47,2025-10-05,,
CFAC,2024,2025-08-19,48,2025-10-06,1410.0,9262
CFAC,2024,2025-08-19,49,2025-10-07,1415.0,16989
CFAC,2024,2025-08-19,50,2025-10-08,1500.0,3892
CFAC,2024,2025-08-19,51,2025-10-09,1500.0,6657
CFAC,2024,2025-08-19,52,2025-10-10,1585.0,6212
CFAC,2024,2025-08-19,53,2025-10-11,,
CFAC,2024,2025-08-19,54,2025-10-12,,
CFAC,2024,2025-08-19,55,2025-10-13,1700.0,7675
CFAC,2024,2025-08-19,56,2025-10-14,1825.0,2357
CFAC,2024,2025-08-19,57,2025-10-15,1690.0,8491
CFAC,2024,2025-08-19,58,2025-10-16,1565.0,10475
CFAC,2024,2025-08-19,59,2025-10-17,1475.0,33353
CFAC,2024,2025-08-19,60,2025-10-18,,
CIEC,2021,2022-07-25,-60,2022-05-26,,
CIEC,2021,2022-07-25,-59,2022-05-27,2295.0,1663
CIEC,2021,2022-07-25,-58,2022-05-28,,
CIEC,2021,2022-07-25,-57,2022-05-29,,
CIEC,2021,2022-07-25,-56,2022-05-30,2295.0,3636
CIEC,2021,2022-07-25,-55,2022-05-31,2295.0,1384
CIEC,2021,2022-07-25,-54,2022-06-01,2290.0,1002
CIEC,2021,2022-07-25,-53,2022-06-02,2300.0,361
CIEC,2021,2022-07-25,-52,2022-06-03,2295.0,23
CIEC,2021,2022-07-25,-51,2022-06-04,,
CIEC,2021,2022-07-25,-50,2022-06-05,,
CIEC,2021,2022-07-25,-49,2022-06-06,,
CIEC,2021,2022-07-25,-48,2022-06-07,2300.0,171
CIEC,2021,2022-07-25,-47,2022-06-08,2295.0,555
CIEC,2021,2022-07-25,-46,2022-06-09,2300.0,4147
CIEC,2021,2022-07-25,-45,2022-06-10,2350.0,6176
CIEC,2021,2022-07-25,-44,2022-06-11,,
CIEC,2021,2022-07-25,-43,2022-06-12,,
CIEC,2021,2022-07-25,-42,2022-06-13,2350.0,81
CIEC,2021,2022-07-25,-41,2022-06-14,2350.0,1349
CIEC,2021,2022-07-25,-40,2022-06-15,2300.0,7166
CIEC,2021,2022-07-25,-39,2022-06-16,2330.0,4837
CIEC,2021,2022-07-25,-38,2022-06-17,2350.0,191
CIEC,2021,2022-07-25,-37,2022-06-18,,
CIEC,2021,2022-07-25,-36,2022-06-19,,
CIEC,2021,2022-07-25,-35,2022-06-20,2350.0,6013
CIEC,2021,2022-07-25,-34,2022-06-21,2350.0,259
CIEC,2021,2022-07-25,-33,2022-06-22,2350.0,514
CIEC,2021,2022-07-25,-32,2022-06-23,2350.0,3818
CIEC,2021,2022-07-25,-31,2022-06-24,2300.0,975
CIEC,2021,2022-07-25,-30,2022-06-25,,
CIEC,2021,2022-07-25,-29,2022-06-26,,
CIEC,2021,2022-07-25,-28,2022-06-27,2400.0,285
CIEC,2021,2022-07-25,-27,2022-06-28,2400.0,79
CIEC,2021,2022-07-25,-26,2022-06-29,2350.0,947
CIEC,2021,2022-07-25,-25,2022-06-30,2400.0,18903
CIEC,2021,2022-07-25,-24,2022-07-01,2400.0,209
CIEC,2021,2022-07-25,-23,2022-07-02,,
CIEC,2021,2022-07-25,-22,2022-07-03,,
CIEC,2021,2022-07-25,-21,2022-07-04,2440.0,963
CIEC,2021,2022-07-25,-20,2022-07-05,2450.0,511
CIEC,2021,2022-07-25,-19,2022-07-06,2440.0,2041
CIEC,2021,2022-07-25,-18,2022-07-07,2365.0,2214
CIEC,2021,2022-07-25,-17,2022-07-08,2400.0,984
CIEC,2021,2022-07-25,-16,2022-07-09,,
CIEC,2021,2022-07-25,-15,2022-07-10,,
CIEC,2021,2022-07-25,-14,2022-07-11,2400.0,1690
CIEC,2021,2022-07-25,-13,2022-07-12,2395.0,503
CIEC,2021,2022-07-25,-12,2022-07-13,2295.0,937
CIEC,2021,2022-07-25,-11,2022-07-14,2400.0,3161
CIEC,2021,2022-07-25,-10,2022-07-15,2295.0,1645
CIEC,2021,2022-07-25,-9,2022-07-16,,
CIEC,2021,2022-07-25,-8,2022-07-17,,
CIEC,2021,2022-07-25,-7,2022-07-18,2295.0,368
CIEC,2021,2022-07-25,-6,2022-07-19,2295.0,1535
CIEC,2021,2022-07-25,-5,2022-07-20,2295.0,1152
CIEC,2021,2022-07-25,-4,2022-07-21,2300.0,335
CIEC,2021,2022-07-25,-3,2022-07-22,2230.0,736
CIEC,2021,2022-07-25,-2,2022-07-23,,
CIEC,2021,2022-07-25,-1,2022-07-24,,
CIEC,2021,2022-07-25,0,2022-07-25,2230.0,2244
CIEC,2021,2022-07-25,1,2022-07-26,2305.0,5554
CIEC,2021,2022-07-25,2,2022-07-27,2305.0,702
CIEC,2021,2022-07-25,3,2022-07-28,2300.0,23
CIEC,2021,2022-07-25,4,2022-07-29,2300.0,1663
CIEC,2021,2022-07-25,5,2022-07-30,,
CIEC,2021,2022-07-25,6,2022-07-31,,
CIEC,2021,2022-07-25,7,2022-08-01,2300.0,5189
CIEC,2021,2022-07-25,8,2022-08-02,2300.0,362
CIEC,2021,2022-07-25,9,2022-08-03,2300.0,478
CIEC,2021,2022-07-25,10,2022-08-04,2210.0,401
CIEC,2021,2022-07-25,11,2022-08-05,2205.0,1545
CIEC,2021,2022-07-25,12,2022-08-06,,
CIEC,2021,2022-07-25,13,2022-08-07,,
CIEC,2021,2022-07-25,14,2022-08-08,,
CIEC,2021,2022-07-25,15,2022-08-09,2200.0,527
CIEC,2021,2022-07-25,16,2022-08-10,2200.0,1092
CIEC,2021,2022-07-25,17,2022-08-11,2200.0,377
CIEC,2021,2022-07-25,18,2022-08-12,2200.0,3359
CIEC,2021,2022-07-25,19,2022-08-13,,
CIEC,2021,2022-07-25,20,2022-08-14,,
CIEC,2021,2022-07-25,21,2022-08-15,,
CIEC,2021,2022-07-25,22,2022-08-16,2195.0,1491
CIEC,2021,2022-07-25,23,2022-08-17,2190.0,224
CIEC,2021,2022-07-25,24,2022-08-18,2190.0,194
CIEC,2021,2022-07-25,25,2022-08-19,2150.0,1955
CIEC,2021,2022-07-25,26,2022-08-20,,
CIEC,2021,2022-07-25,27,2022-08-21,,
CIEC,2021,2022-07-25,28,2022-08-22,2195.0,2228
CIEC,2021,2022-07-25,29,2022-08-23,2145.0,1496
CIEC,2021,2022-07-25,30,2022-08-24,2145.0,1202
CIEC,2021,2022-07-25,31,2022-08-25,2000.0,2085
CIEC,2021,2022-07-25,32,2022-08-26,2135.0,2978
CIEC,2021,2022-07-25,33,2022-08-27,,
CIEC,2021,2022-07-25,34,2022-08-28,,
CIEC,2021,2022-07-25,35,2022-08-29,2200.0,13537
CIEC,2021,2022-07-25,36,2022-08-30,2245.0,5295
CIEC,2021,2022-07-25,37,2022-08-31,2245.0,1307
CIEC,2021,2022-07-25,38,2022-09-01,2150.0,593
CIEC,2021,2022-07-25,39,2022-09-02,2140.0,821
CIEC,2021,2022-07-25,40,2022-09-03,,
CIEC,2021,2022-07-25,41,2022-09-04,,
CIEC,2021,2022-07-25,42,2022-09-05,2150.0,424
CIEC,2021,2022-07-25,43,2022-09-06,2235.0,2862
CIEC,2021,2022-07-25,44,2022-09-07,2140.0,488
CIEC,2021,2022-07-25,45,2022-09-08,2200.0,146
CIEC,2021,2022-07-25,46,2022-09-09,2135.0,334
CIEC,2021,2022-07-25,47,2022-09-10,,
CIEC,2021,2022-07-25,48,2022-09-11,,
CIEC,2021,2022-07-25,49,2022-09-12,2175.0,269
CIEC,2021,2022-07-25,50,2022-09-13,2200.0,568
CIEC,2021,2022-07-25,51,2022-09-14,2200.0,3567
CIEC,2021,2022-07-25,52,2022-09-15,2250.0,12734
CIEC,2021,2022-07-25,53,2022-09-16,2245.0,482
CIEC,2021,2022-07-25,54,2022-09-17,,
CIEC,2021,2022-07-25,55,2022-09-18,,
CIEC,2021,2022-07-25,56,2022-09-19,2245.0,273
CIEC,2021,2022-07-25,57,2022-09-20,2250.0,193
CIEC,2021,2022-07-25,58,2022-09-21,2245.0,244
CIEC,2021,2022-07-25,59,2022-09-22,2245.0,2372
CIEC,2021,2022-07-25,60,2022-09-23,2245.0,1165
CIEC,2022,2023-07-31,-60,2023-06-01,2045.0,261
CIEC,2022,2023-07-31,-59,2023-06-02,2045.0,268
CIEC,2022,2023-07-31,-58,2023-06-03,,
CIEC,2022,2023-07-31,-57,2023-06-04,,
CIEC,2022,2023-07-31,-56,2023-06-05,2050.0,596
CIEC,2022,2023-07-31,-55,2023-06-06,2040.0,912
CIEC,2022,2023-07-31,-54,2023-06-07,2100.0,624
CIEC,2022,2023-07-31,-53,2023-06-08,2050.0,510
CIEC,2022,2023-07-31,-52,2023-06-09,2100.0,513
CIEC,2022,2023-07-31,-51,2023-06-10,,
CIEC,2022,2023-07-31,-50,2023-06-11,,
CIEC,2022,2023-07-31,-49,2023-06-12,2100.0,651
CIEC,2022,2023-07-31,-48,2023-06-13,2080.0,3390
CIEC,2022,2023-07-31,-47,2023-06-14,2100.0,2040
CIEC,2022,2023-07-31,-46,2023-06-15,2080.0,1863
CIEC,2022,2023-07-31,-45,2023-06-16,2080.0,99
CIEC,2022,2023-07-31,-44,2023-06-17,,
CIEC,2022,2023-07-31,-43,2023-06-18,,
CIEC,2022,2023-07-31,-42,2023-06-19,2080.0,927
CIEC,2022,2023-07-31,-41,2023-06-20,2080.0,489
CIEC,2022,2023-07-31,-40,2023-06-21,2080.0,810
CIEC,2022,2023-07-31,-39,2023-06-22,2080.0,1853
CIEC,2022,2023-07-31,-38,2023-06-23,2000.0,1563
CIEC,2022,2023-07-31,-37,2023-06-24,,
CIEC,2022,2023-07-31,-36,2023-06-25,,
CIEC,2022,2023-07-31,-35,2023-06-26,2045.0,924
CIEC,2022,2023-07-31,-34,2023-06-27,2100.0,6090
CIEC,2022,2023-07-31,-33,2023-06-28,,
CIEC,2022,2023-07-31,-32,2023-06-29,2100.0,321
CIEC,2022,2023-07-31,-31,2023-06-30,2100.0,109
CIEC,2022,2023-07-31,-30,2023-07-01,,
CIEC,2022,2023-07-31,-29,2023-07-02,,
CIEC,2022,2023-07-31,-28,2023-07-03,2100.0,4485
CIEC,2022,2023-07-31,-27,2023-07-04,2100.0,774
CIEC,2022,2023-07-31,-26,2023-07-05,2100.0,7106
CIEC,2022,2023-07-31,-25,2023-07-06,2150.0,2252
CIEC,2022,2023-07-31,-24,2023-07-07,2200.0,3633
CIEC,2022,2023-07-31,-23,2023-07-08,,
CIEC,2022,2023-07-31,-22,2023-07-09,,
CIEC,2022,2023-07-31,-21,2023-07-10,2200.0,629
CIEC,2022,2023-07-31,-20,2023-07-11,2200.0,3514
CIEC,2022,2023-07-31,-19,2023-07-12,2195.0,3338
CIEC,2022,2023-07-31,-18,2023-07-13,2230.0,2647
CIEC,2022,2023-07-31,-17,2023-07-14,2230.0,1498
CIEC,2022,2023-07-31,-16,2023-07-15,,
CIEC,2022,2023-07-31,-15,2023-07-16,,
CIEC,2022,2023-07-31,-14,2023-07-17,2260.0,1052
CIEC,2022,2023-07-31,-13,2023-07-18,2200.0,5422
CIEC,2022,2023-07-31,-12,2023-07-19,2200.0,3411
CIEC,2022,2023-07-31,-11,2023-07-20,2195.0,1545
CIEC,2022,2023-07-31,-10,2023-07-21,2200.0,15158
CIEC,2022,2023-07-31,-9,2023-07-22,,
CIEC,2022,2023-07-31,-8,2023-07-23,,
CIEC,2022,2023-07-31,-7,2023-07-24,2190.0,2249
CIEC,2022,2023-07-31,-6,2023-07-25,2240.0,4678
CIEC,2022,2023-07-31,-5,2023-07-26,2245.0,2166
CIEC,2022,2023-07-31,-4,2023-07-27,2225.0,663
CIEC,2022,2023-07-31,-3,2023-07-28,2210.0,679
CIEC,2022,2023-07-31,-2,2023-07-29,,
CIEC,2022,2023-07-31,-1,2023-07-30,,
CIEC,2022,2023-07-31,0,2023-07-31,2200.0,344
CIEC,2022,2023-07-31,1,2023-08-01,2200.0,2038
CIEC,2022,2023-07-31,2,2023-08-02,2195.0,360
CIEC,2022,2023-07-31,3,2023-08-03,2180.0,690
CIEC,2022,2023-07-31,4,2023-08-04,2140.0,1662
CIEC,2022,2023-07-31,5,2023-08-05,,
CIEC,2022,2023-07-31,6,2023-08-06,,
CIEC,2022,2023-07-31,7,2023-08-07,,
CIEC,2022,2023-07-31,8,2023-08-08,2000.0,8023
CIEC,2022,2023-07-31,9,2023-08-09,2100.0,1596
CIEC,2022,2023-07-31,10,2023-08-10,2100.0,101032
CIEC,2022,2023-07-31,11,2023-08-11,2050.0,707
CIEC,2022,2023-07-31,12,2023-08-12,,
CIEC,2022,2023-07-31,13,2023-08-13,,
CIEC,2022,2023-07-31,14,2023-08-14,2100.0,509
CIEC,2022,2023-07-31,15,2023-08-15,,
CIEC,2022,2023-07-31,16,2023-08-16,2100.0,632
CIEC,2022,2023-07-31,17,2023-08-17,2000.0,24010
CIEC,2022,2023-07-31,18,2023-08-18,2090.0,2701
CIEC,2022,2023-07-31,19,2023-08-19,,
CIEC,2022,2023-07-31,20,2023-08-20,,
CIEC,2022,2023-07-31,21,2023-08-21,2095.0,1905
CIEC,2022,2023-07-31,22,2023-08-22,2085.0,1020
CIEC,2022,2023-07-31,23,2023-08-23,2100.0,14654
CIEC,2022,2023-07-31,24,2023-08-24,2095.0,4184
CIEC,2022,2023-07-31,25,2023-08-25,2090.0,568
CIEC,2022,2023-07-31,26,2023-08-26,,
CIEC,2022,2023-07-31,27,2023-08-27,,
CIEC,2022,2023-07-31,28,2023-08-28,1990.0,15606
CIEC,2022,2023-07-31,29,2023-08-29,1990.0,2840
CIEC,2022,2023-07-31,30,2023-08-30,1990.0,6087
CIEC,2022,2023-07-31,31,2023-08-31,1900.0,10728
CIEC,2022,2023-07-31,32,2023-09-01,2000.0,10514
CIEC,2022,2023-07-31,33,2023-09-02,,
CIEC,2022,2023-07-31,34,2023-09-03,,
CIEC,2022,2023-07-31,35,2023-09-04,2000.0,681
CIEC,2022,2023-07-31,36,2023-09-05,2000.0,1572
CIEC,2022,2023-07-31,37,2023-09-06,2065.0,1006
CIEC,2022,2023-07-31,38,2023-09-07,2060.0,1326
CIEC,2022,2023-07-31,39,2023-09-08,2065.0,1115
CIEC,2022,2023-07-31,40,2023-09-09,,
CIEC,2022,2023-07-31,41,2023-09-10,,
CIEC,2022,2023-07-31,42,2023-09-11,2055.0,88
CIEC,2022,2023-07-31,43,2023-09-12,2060.0,3690
CIEC,2022,2023-07-31,44,2023-09-13,2065.0,2597
CIEC,2022,2023-07-31,45,2023-09-14,2060.0,1075
CIEC,2022,2023-07-31,46,2023-09-15,2060.0,823
CIEC,2022,2023-07-31,47,2023-09-16,,
CIEC,2022,2023-07-31,48,2023-09-17,,
CIEC,2022,2023-07-31,49,2023-09-18,2060.0,1443
CIEC,2022,2023-07-31,50,2023-09-19,2060.0,1318
CIEC,2022,2023-07-31,51,2023-09-20,2000.0,6203
CIEC,2022,2023-07-31,52,2023-09-21,1980.0,2033
CIEC,2022,2023-07-31,53,2023-09-22,1980.0,872
CIEC,2022,2023-07-31,54,2023-09-23,,
CIEC,2022,2023-07-31,55,2023-09-24,,
CIEC,2022,2023-07-31,56,2023-09-25,2000.0,730
CIEC,2022,2023-07-31,57,2023-09-26,2000.0,1011
CIEC,2022,2023-07-31,58,2023-09-27,,
CIEC,2022,2023-07-31,59,2023-09-28,2060.0,2083
CIEC,2022,2023-07-31,60,2023-09-29,2000.0,560
CIEC,2023,2024-07-30,-60,2024-05-31,1880.0,13538
CIEC,2023,2024-07-30,-59,2024-06-01,,
CIEC,2023,2024-07-30,-58,2024-06-02,,
CIEC,2023,2024-07-30,-57,2024-06-03,1885.0,2693
CIEC,2023,2024-07-30,-56,2024-06-04,1885.0,3007
CIEC,2023,2024-07-30,-55,2024-06-05,1895.0,5523
CIEC,2023,2024-07-30,-54,2024-06-06,1895.0,6552
CIEC,2023,2024-07-30,-53,2024-06-07,1895.0,1294
CIEC,2023,2024-07-30,-52,2024-06-08,,
CIEC,2023,2024-07-30,-51,2024-06-09,,
CIEC,2023,2024-07-30,-50,2024-06-10,1895.0,4660
CIEC,2023,2024-07-30,-49,2024-06-11,1900.0,1864
CIEC,2023,2024-07-30,-48,2024-06-12,1915.0,4701
CIEC,2023,2024-07-30,-47,2024-06-13,1915.0,1250
CIEC,2023,2024-07-30,-46,2024-06-14,1910.0,2761
CIEC,2023,2024-07-30,-45,2024-06-15,,
CIEC,2023,2024-07-30,-44,2024-06-16,,
CIEC,2023,2024-07-30,-43,2024-06-17,,
CIEC,2023,2024-07-30,-42,2024-06-18,1900.0,2597
CIEC,2023,2024-07-30,-41,2024-06-19,1980.0,5207
CIEC,2023,2024-07-30,-40,2024-06-20,1950.0,7092
CIEC,2023,2024-07-30,-39,2024-06-21,1975.0,11333
CIEC,2023,2024-07-30,-38,2024-06-22,,
CIEC,2023,2024-07-30,-37,2024-06-23,,
CIEC,2023,2024-07-30,-36,2024-06-24,2000.0,2864
CIEC,2023,2024-07-30,-35,2024-06-25,2055.0,7528
CIEC,2023,2024-07-30,-34,2024-06-26,2030.0,2210
CIEC,2023,2024-07-30,-33,2024-06-27,1995.0,6195
CIEC,2023,2024-07-30,-32,2024-06-28,1970.0,27981
CIEC,2023,2024-07-30,-31,2024-06-29,,
CIEC,2023,2024-07-30,-30,2024-06-30,,
CIEC,2023,2024-07-30,-29,2024-07-01,1995.0,10276
CIEC,2023,2024-07-30,-28,2024-07-02,2000.0,1394
CIEC,2023,2024-07-30,-27,2024-07-03,2000.0,2166
CIEC,2023,2024-07-30,-26,2024-07-04,1970.0,5345
CIEC,2023,2024-07-30,-25,2024-07-05,2000.0,2270
CIEC,2023,2024-07-30,-24,2024-07-06,,
CIEC,2023,2024-07-30,-23,2024-07-07,,
CIEC,2023,2024-07-30,-22,2024-07-08,1995.0,6239
CIEC,2023,2024-07-30,-21,2024-07-09,2000.0,2537
CIEC,2023,2024-07-30,-20,2024-07-10,1980.0,34401
CIEC,2023,2024-07-30,-19,2024-07-11,2000.0,3906
CIEC,2023,2024-07-30,-18,2024-07-12,1995.0,8923
CIEC,2023,2024-07-30,-17,2024-07-13,,
CIEC,2023,2024-07-30,-16,2024-07-14,,
CIEC,2023,2024-07-30,-15,2024-07-15,2020.0,7525
CIEC,2023,2024-07-30,-14,2024-07-16,2010.0,36324
CIEC,2023,2024-07-30,-13,2024-07-17,2010.0,16325
CIEC,2023,2024-07-30,-12,2024-07-18,1990.0,2050
CIEC,2023,2024-07-30,-11,2024-07-19,2000.0,18706
CIEC,2023,2024-07-30,-10,2024-07-20,,
CIEC,2023,2024-07-30,-9,2024-07-21,,
CIEC,2023,2024-07-30,-8,2024-07-22,2010.0,5787
CIEC,2023,2024-07-30,-7,2024-07-23,2020.0,4921
CIEC,2023,2024-07-30,-6,2024-07-24,2045.0,5697
CIEC,2023,2024-07-30,-5,2024-07-25,2075.0,1893
CIEC,2023,2024-07-30,-4,2024-07-26,1975.0,2110
CIEC,2023,2024-07-30,-3,2024-07-27,,
CIEC,2023,2024-07-30,-2,2024-07-28,,
CIEC,2023,2024-07-30,-1,2024-07-29,1920.0,2987
CIEC,2023,2024-07-30,0,2024-07-30,1930.0,6712
CIEC,2023,2024-07-30,1,2024-07-31,1900.0,13046
CIEC,2023,2024-07-30,2,2024-08-01,1900.0,3163
CIEC,2023,2024-07-30,3,2024-08-02,1910.0,5468
CIEC,2023,2024-07-30,4,2024-08-03,,
CIEC,2023,2024-07-30,5,2024-08-04,,
CIEC,2023,2024-07-30,6,2024-08-05,1945.0,2797
CIEC,2023,2024-07-30,7,2024-08-06,1945.0,2039
CIEC,2023,2024-07-30,8,2024-08-07,,
CIEC,2023,2024-07-30,9,2024-08-08,1990.0,7437
CIEC,2023,2024-07-30,10,2024-08-09,1985.0,1672
CIEC,2023,2024-07-30,11,2024-08-10,,
CIEC,2023,2024-07-30,12,2024-08-11,,
CIEC,2023,2024-07-30,13,2024-08-12,1990.0,4190
CIEC,2023,2024-07-30,14,2024-08-13,1995.0,8557
CIEC,2023,2024-07-30,15,2024-08-14,1990.0,2964
CIEC,2023,2024-07-30,16,2024-08-15,,
CIEC,2023,2024-07-30,17,2024-08-16,1995.0,38990
CIEC,2023,2024-07-30,18,2024-08-17,,
CIEC,2023,2024-07-30,19,2024-08-18,,
CIEC,2023,2024-07-30,20,2024-08-19,1995.0,1484
CIEC,2023,2024-07-30,21,2024-08-20,1995.0,16440
CIEC,2023,2024-07-30,22,2024-08-21,2000.0,3399
CIEC,2023,2024-07-30,23,2024-08-22,2040.0,3422
CIEC,2023,2024-07-30,24,2024-08-23,2070.0,2858
CIEC,2023,2024-07-30,25,2024-08-24,,
CIEC,2023,2024-07-30,26,2024-08-25,,
CIEC,2023,2024-07-30,27,2024-08-26,2070.0,2006
CIEC,2023,2024-07-30,28,2024-08-27,2070.0,1615
CIEC,2023,2024-07-30,29,2024-08-28,2055.0,1762
CIEC,2023,2024-07-30,30,2024-08-29,2050.0,3008
CIEC,2023,2024-07-30,31,2024-08-30,,
CIEC,2023,2024-07-30,32,2024-08-31,,
CIEC,2023,2024-07-30,33,2024-09-01,,
CIEC,2023,2024-07-30,34,2024-09-02,2050.0,1373
CIEC,2023,2024-07-30,35,2024-09-03,2050.0,2696
CIEC,2023,2024-07-30,36,2024-09-04,2070.0,2043
CIEC,2023,2024-07-30,37,2024-09-05,2070.0,1929
CIEC,2023,2024-07-30,38,2024-09-06,2100.0,3518
CIEC,2023,2024-07-30,39,2024-09-07,,
CIEC,2023,2024-07-30,40,2024-09-08,,
CIEC,2023,2024-07-30,41,2024-09-09,2125.0,940
CIEC,2023,2024-07-30,42,2024-09-10,2125.0,1149
CIEC,2023,2024-07-30,43,2024-09-11,2130.0,10696
CIEC,2023,2024-07-30,44,2024-09-12,2125.0,507
CIEC,2023,2024-07-30,45,2024-09-13,2150.0,5473
CIEC,2023,2024-07-30,46,2024-09-14,,
CIEC,2023,2024-07-30,47,2024-09-15,,
CIEC,2023,2024-07-30,48,2024-09-16,2150.0,218
CIEC,2023,2024-07-30,49,2024-09-17,2140.0,2008
CIEC,2023,2024-07-30,50,2024-09-18,2165.0,35012
CIEC,2023,2024-07-30,51,2024-09-19,2205.0,4680
CIEC,2023,2024-07-30,52,2024-09-20,2205.0,3053
CIEC,2023,2024-07-30,53,2024-09-21,,
CIEC,2023,2024-07-30,54,2024-09-22,,
CIEC,2023,2024-07-30,55,2024-09-23,2195.0,1781
CIEC,2023,2024-07-30,56,2024-09-24,2195.0,3218
CIEC,2023,2024-07-30,57,2024-09-25,2195.0,3913
CIEC,2023,2024-07-30,58,2024-09-26,2195.0,867
CIEC,2023,2024-07-30,59,2024-09-27,2195.0,13309
CIEC,2023,2024-07-30,60,2024-09-28,,
CIEC,2024,2025-07-31,-60,2025-06-01,,
CIEC,2024,2025-07-31,-59,2025-06-02,2395.0,614
CIEC,2024,2025-07-31,-58,2025-06-03,2440.0,3837
CIEC,2024,2025-07-31,-57,2025-06-04,2390.0,1933
CIEC,2024,2025-07-31,-56,2025-06-05,2405.0,705
CIEC,2024,2025-07-31,-55,2025-06-06,,
CIEC,2024,2025-07-31,-54,2025-06-07,,
CIEC,2024,2025-07-31,-53,2025-06-08,,
CIEC,2024,2025-07-31,-52,2025-06-09,,
CIEC,2024,2025-07-31,-51,2025-06-10,2405.0,5536
CIEC,2024,2025-07-31,-50,2025-06-11,2390.0,3031
CIEC,2024,2025-07-31,-49,2025-06-12,2390.0,1517
CIEC,2024,2025-07-31,-48,2025-06-13,2395.0,1892
CIEC,2024,2025-07-31,-47,2025-06-14,,
CIEC,2024,2025-07-31,-46,2025-06-15,,
CIEC,2024,2025-07-31,-45,2025-06-16,2400.0,1804
CIEC,2024,2025-07-31,-44,2025-06-17,2455.0,1076
CIEC,2024,2025-07-31,-43,2025-06-18,2455.0,1790
CIEC,2024,2025-07-31,-42,2025-06-19,2455.0,2993
CIEC,2024,2025-07-31,-41,2025-06-20,2460.0,2906
CIEC,2024,2025-07-31,-40,2025-06-21,,
CIEC,2024,2025-07-31,-39,2025-06-22,,
CIEC,2024,2025-07-31,-38,2025-06-23,2480.0,10264
CIEC,2024,2025-07-31,-37,2025-06-24,2500.0,3086
CIEC,2024,2025-07-31,-36,2025-06-25,2600.0,1897
CIEC,2024,2025-07-31,-35,2025-06-26,2595.0,13995
CIEC,2024,2025-07-31,-34,2025-06-27,2550.0,1921
CIEC,2024,2025-07-31,-33,2025-06-28,,
CIEC,2024,2025-07-31,-32,2025-06-29,,
CIEC,2024,2025-07-31,-31,2025-06-30,2550.0,3719
CIEC,2024,2025-07-31,-30,2025-07-01,2525.0,4306
CIEC,2024,2025-07-31,-29,2025-07-02,2525.0,6185
CIEC,2024,2025-07-31,-28,2025-07-03,2515.0,2106
CIEC,2024,2025-07-31,-27,2025-07-04,2520.0,1107
CIEC,2024,2025-07-31,-26,2025-07-05,,
CIEC,2024,2025-07-31,-25,2025-07-06,,
CIEC,2024,2025-07-31,-24,2025-07-07,2525.0,2277
CIEC,2024,2025-07-31,-23,2025-07-08,2500.0,975
CIEC,2024,2025-07-31,-22,2025-07-09,2500.0,477
CIEC,2024,2025-07-31,-21,2025-07-10,2500.0,531
CIEC,2024,2025-07-31,-20,2025-07-11,2510.0,1360
CIEC,2024,2025-07-31,-19,2025-07-12,,
CIEC,2024,2025-07-31,-18,2025-07-13,,
CIEC,2024,2025-07-31,-17,2025-07-14,2500.0,2014
CIEC,2024,2025-07-31,-16,2025-07-15,2500.0,1045
CIEC,2024,2025-07-31,-15,2025-07-16,2400.0,3015
CIEC,2024,2025-07-31,-14,2025-07-17,2250.0,16438
CIEC,2024,2025-07-31,-13,2025-07-18,2415.0,3914
CIEC,2024,2025-07-31,-12,2025-07-19,,
CIEC,2024,2025-07-31,-11,2025-07-20,,
CIEC,2024,2025-07-31,-10,2025-07-21,2495.0,810
CIEC,2024,2025-07-31,-9,2025-07-22,2490.0,1489
CIEC,2024,2025-07-31,-8,2025-07-23,2450.0,2189
CIEC,2024,2025-07-31,-7,2025-07-24,2430.0,2205
CIEC,2024,2025-07-31,-6,2025-07-25,2400.0,2342
CIEC,2024,2025-07-31,-5,2025-07-26,,
CIEC,2024,2025-07-31,-4,2025-07-27,,
CIEC,2024,2025-07-31,-3,2025-07-28,2400.0,2614
CIEC,2024,2025-07-31,-2,2025-07-29,2370.0,660
CIEC,2024,2025-07-31,-1,2025-07-30,2250.0,5118
CIEC,2024,2025-07-31,0,2025-07-31,2300.0,2390
CIEC,2024,2025-07-31,1,2025-08-01,2300.0,7241
CIEC,2024,2025-07-31,2,2025-08-02,,
CIEC,2024,2025-07-31,3,2025-08-03,,
CIEC,2024,2025-07-31,4,2025-08-04,2210.0,4154
CIEC,2024,2025-07-31,5,2025-08-05,2150.0,7403
CIEC,2024,2025-07-31,6,2025-08-06,2200.0,3297
CIEC,2024,2025-07-31,7,2025-08-07,,
CIEC,2024,2025-07-31,8,2025-08-08,2150.0,23670
CIEC,2024,2025-07-31,9,2025-08-09,,
CIEC,2024,2025-07-31,10,2025-08-10,,
CIEC,2024,2025-07-31,11,2025-08-11,2150.0,4774
CIEC,2024,2025-07-31,12,2025-08-12,2150.0,5210
CIEC,2024,2025-07-31,13,2025-08-13,2150.0,3430
CIEC,2024,2025-07-31,14,2025-08-14,2150.0,5570
CIEC,2024,2025-07-31,15,2025-08-15,,
CIEC,2024,2025-07-31,16,2025-08-16,,
CIEC,2024,2025-07-31,17,2025-08-17,,
CIEC,2024,2025-07-31,18,2025-08-18,2145.0,6954
CIEC,2024,2025-07-31,19,2025-08-19,2150.0,3714
CIEC,2024,2025-07-31,20,2025-08-20,2110.0,8081
CIEC,2024,2025-07-31,21,2025-08-21,2150.0,5604
CIEC,2024,2025-07-31,22,2025-08-22,2135.0,4183
CIEC,2024,2025-07-31,23,2025-08-23,,
CIEC,2024,2025-07-31,24,2025-08-24,,
CIEC,2024,2025-07-31,25,2025-08-25,2110.0,10109
CIEC,2024,2025-07-31,26,2025-08-26,2210.0,3343
CIEC,2024,2025-07-31,27,2025-08-27,2215.0,2303
CIEC,2024,2025-07-31,28,2025-08-28,2210.0,3041
CIEC,2024,2025-07-31,29,2025-08-29,2235.0,945
CIEC,2024,2025-07-31,30,2025-08-30,,
CIEC,2024,2025-07-31,31,2025-08-31,,
CIEC,2024,2025-07-31,32,2025-09-01,2220.0,2661
CIEC,2024,2025-07-31,33,2025-09-02,2230.0,1604
CIEC,2024,2025-07-31,34,2025-09-03,2235.0,2084
CIEC,2024,2025-07-31,35,2025-09-04,,
CIEC,2024,2025-07-31,36,2025-09-05,2235.0,2515
CIEC,2024,2025-07-31,37,2025-09-06,,
CIEC,2024,2025-07-31,38,2025-09-07,,
CIEC,2024,2025-07-31,39,2025-09-08,2245.0,3136
CIEC,2024,2025-07-31,40,2025-09-09,2300.0,4141
CIEC,2024,2025-07-31,41,2025-09-10,2315.0,1953
CIEC,2024,2025-07-31,42,2025-09-11,2350.0,1627
CIEC,2024,2025-07-31,43,2025-09-12,2375.0,2599
CIEC,2024,2025-07-31,44,2025-09-13,,
CIEC,2024,2025-07-31,45,2025-09-14,,
CIEC,2024,2025-07-31,46,2025-09-15,2395.0,1487
CIEC,2024,2025-07-31,47,2025-09-16,2395.0,1748
CIEC,2024,2025-07-31,48,2025-09-17,2395.0,3189
CIEC,2024,2025-07-31,49,2025-09-18,2395.0,1868
CIEC,2024,2025-07-31,50,2025-09-19,2385.0,2934
CIEC,2024,2025-07-31,51,2025-09-20,,
CIEC,2024,2025-07-31,52,2025-09-21,,
CIEC,2024,2025-07-31,53,2025-09-22,2385.0,5616
CIEC,2024,2025-07-31,54,2025-09-23,2360.0,1612
CIEC,2024,2025-07-31,55,2025-09-24,2360.0,2833
CIEC,2024,2025-07-31,56,2025-09-25,2300.0,4684
CIEC,2024,2025-07-31,57,2025-09-26,2295.0,1551
CIEC,2024,2025-07-31,58,2025-09-27,,
CIEC,2024,2025-07-31,59,2025-09-28,,
CIEC,2024,2025-07-31,60,2025-09-29,2295.0,4911
CIEC,2025,2026-07-01,-60,2026-05-02,3250.0,2349
CIEC,2025,2026-07-01,-59,2026-05-03,3250.0,2349
CIEC,2025,2026-07-01,-58,2026-05-04,3250.0,2349
CIEC,2025,2026-07-01,-57,2026-05-05,3010.0,13197
CIEC,2025,2026-07-01,-56,2026-05-06,3000.0,12048
CIEC,2025,2026-07-01,-55,2026-05-07,3200.0,24862
CIEC,2025,2026-07-01,-54,2026-05-08,3345.0,2258
CIEC,2025,2026-07-01,-53,2026-05-09,3330.0,6545
CIEC,2025,2026-07-01,-52,2026-05-10,3330.0,6545
CIEC,2025,2026-07-01,-51,2026-05-11,3330.0,6545
CIEC,2025,2026-07-01,-50,2026-05-12,3200.0,2648
CIEC,2025,2026-07-01,-49,2026-05-13,3295.0,4424
CIEC,2025,2026-07-01,-48,2026-05-14,3300.0,4285
CIEC,2025,2026-07-01,-47,2026-05-15,3300.0,4285
CIEC,2025,2026-07-01,-46,2026-05-16,3290.0,4480
CIEC,2025,2026-07-01,-45,2026-05-17,3290.0,4480
CIEC,2025,2026-07-01,-44,2026-05-18,3290.0,0
CIEC,2025,2026-07-01,-43,2026-05-19,3330.0,10180
CIEC,2025,2026-07-01,-42,2026-05-20,3500.0,3166
CIEC,2025,2026-07-01,-41,2026-05-21,3500.0,3627
CIEC,2025,2026-07-01,-40,2026-05-22,3760.0,11638
CIEC,2025,2026-07-01,-39,2026-05-23,4040.0,28967
CIEC,2025,2026-07-01,-38,2026-05-24,4040.0,28967
CIEC,2025,2026-07-01,-37,2026-05-25,4040.0,28967
CIEC,2025,2026-07-01,-36,2026-05-26,4010.0,12278
CIEC,2025,2026-07-01,-35,2026-05-27,4010.0,12278
CIEC,2025,2026-07-01,-34,2026-05-28,4010.0,0
CIEC,2025,2026-07-01,-33,2026-05-29,4055.0,0
CIEC,2025,2026-07-01,-32,2026-05-30,4150.0,7849
CIEC,2025,2026-07-01,-31,2026-05-31,4150.0,7849
CIEC,2025,2026-07-01,-30,2026-06-01,4150.0,1978
CIEC,2025,2026-07-01,-29,2026-06-02,4255.0,226
CIEC,2025,2026-07-01,-28,2026-06-03,,
CIEC,2025,2026-07-01,-27,2026-06-04,4950.0,14034
CIEC,2025,2026-07-01,-26,2026-06-05,4950.0,14034
CIEC,2025,2026-07-01,-25,2026-06-06,5320.0,6263
CIEC,2025,2026-07-01,-24,2026-06-07,5320.0,6263
CIEC,2025,2026-07-01,-23,2026-06-08,5240.0,4110
CIEC,2025,2026-07-01,-22,2026-06-09,5095.0,16722
CIEC,2025,2026-07-01,-21,2026-06-10,5050.0,0
CIEC,2025,2026-07-01,-20,2026-06-11,4950.0,0
CIEC,2025,2026-07-01,-19,2026-06-12,5000.0,0
CIEC,2025,2026-07-01,-18,2026-06-13,4995.0,6701
CIEC,2025,2026-07-01,-17,2026-06-14,4995.0,6701
CIEC,2025,2026-07-01,-16,2026-06-15,4995.0,1585
CIEC,2025,2026-07-01,-15,2026-06-16,4990.0,2770
CIEC,2025,2026-07-01,-14,2026-06-17,4990.0,702
CIEC,2025,2026-07-01,-13,2026-06-18,4760.0,1122
CIEC,2025,2026-07-01,-12,2026-06-19,4995.0,797
CIEC,2025,2026-07-01,-11,2026-06-20,4995.0,2672
CIEC,2025,2026-07-01,-10,2026-06-21,4995.0,2672
CIEC,2025,2026-07-01,-9,2026-06-22,4980.0,1273
CIEC,2025,2026-07-01,-8,2026-06-23,4995.0,4709
CIEC,2025,2026-07-01,-7,2026-06-24,4995.0,3924
CIEC,2025,2026-07-01,-6,2026-06-25,5100.0,3599
CIEC,2025,2026-07-01,-5,2026-06-26,5190.0,5366
CIEC,2025,2026-07-01,-4,2026-06-27,5200.0,2043
CIEC,2025,2026-07-01,-3,2026-06-28,5200.0,2043
CIEC,2025,2026-07-01,-2,2026-06-29,5210.0,1132
CIEC,2025,2026-07-01,-1,2026-06-30,5300.0,6018
CIEC,2025,2026-07-01,0,2026-07-01,5315.0,3311
CIEC,2025,2026-07-01,1,2026-07-02,5300.0,7945
CIEC,2025,2026-07-01,2,2026-07-03,5300.0,6747
CIEC,2025,2026-07-01,3,2026-07-04,5300.0,4872
CIEC,2025,2026-07-01,4,2026-07-05,5300.0,4872
CIEC,2025,2026-07-01,5,2026-07-06,5300.0,0
CIEC,2025,2026-07-01,6,2026-07-07,5485.0,0
CIEC,2025,2026-07-01,7,2026-07-08,5485.0,4385
CIEC,2025,2026-07-01,8,2026-07-09,5325.0,4051
CIEC,2025,2026-07-01,9,2026-07-10,5325.0,4051
CIEC,2025,2026-07-01,10,2026-07-11,5340.0,3361
CIEC,2025,2026-07-01,11,2026-07-12,5340.0,3361
CIEC,2025,2026-07-01,12,2026-07-13,5340.0,3361
CIEC,2025,2026-07-01,13,2026-07-14,5325.0,4181
CIEC,2025,2026-07-01,14,2026-07-15,5200.0,6728
CIEC,2025,2026-07-01,15,2026-07-16,5190.0,4123
CIEC,2025,2026-07-01,16,2026-07-17,4905.0,3681
CIEC,2025,2026-07-01,17,2026-07-18,5195.0,2614
CIEC,2025,2026-07-01,18,2026-07-19,,
CIEC,2025,2026-07-01,19,2026-07-20,,
CIEC,2025,2026-07-01,20,2026-07-21,,
CIEC,2025,2026-07-01,21,2026-07-22,,
CIEC,2025,2026-07-01,22,2026-07-23,,
CIEC,2025,2026-07-01,23,2026-07-24,,
CIEC,2025,2026-07-01,24,2026-07-25,,
CIEC,2025,2026-07-01,25,2026-07-26,,
CIEC,2025,2026-07-01,26,2026-07-27,,
CIEC,2025,2026-07-01,27,2026-07-28,,
CIEC,2025,2026-07-01,28,2026-07-29,,
CIEC,2025,2026-07-01,29,2026-07-30,,
CIEC,2025,2026-07-01,30,2026-07-31,,
CIEC,2025,2026-07-01,31,2026-08-01,,
CIEC,2025,2026-07-01,32,2026-08-02,,
CIEC,2025,2026-07-01,33,2026-08-03,,
CIEC,2025,2026-07-01,34,2026-08-04,,
CIEC,2025,2026-07-01,35,2026-08-05,,
CIEC,2025,2026-07-01,36,2026-08-06,,
CIEC,2025,2026-07-01,37,2026-08-07,,
CIEC,2025,2026-07-01,38,2026-08-08,,
CIEC,2025,2026-07-01,39,2026-08-09,,
CIEC,2025,2026-07-01,40,2026-08-10,,
CIEC,2025,2026-07-01,41,2026-08-11,,
CIEC,2025,2026-07-01,42,2026-08-12,,
CIEC,2025,2026-07-01,43,2026-08-13,,
CIEC,2025,2026-07-01,44,2026-08-14,,
CIEC,2025,2026-07-01,45,2026-08-15,,
CIEC,2025,2026-07-01,46,2026-08-16,,
CIEC,2025,2026-07-01,47,2026-08-17,,
CIEC,2025,2026-07-01,48,2026-08-18,,
CIEC,2025,2026-07-01,49,2026-08-19,,
CIEC,2025,2026-07-01,50,2026-08-20,,
CIEC,2025,2026-07-01,51,2026-08-21,,
CIEC,2025,2026-07-01,52,2026-08-22,,
CIEC,2025,2026-07-01,53,2026-08-23,,
CIEC,2025,2026-07-01,54,2026-08-24,,
CIEC,2025,2026-07-01,55,2026-08-25,,
CIEC,2025,2026-07-01,56,2026-08-26,,
CIEC,2025,2026-07-01,57,2026-08-27,,
CIEC,2025,2026-07-01,58,2026-08-28,,
CIEC,2025,2026-07-01,59,2026-08-29,,
CIEC,2025,2026-07-01,60,2026-08-30,,
ECOC,2021,2022-04-29,-60,2022-02-28,4500.0,2229
ECOC,2021,2022-04-29,-59,2022-03-01,4460.0,4196
ECOC,2021,2022-04-29,-58,2022-03-02,4440.0,1164
ECOC,2021,2022-04-29,-57,2022-03-03,4500.0,3589
ECOC,2021,2022-04-29,-56,2022-03-04,4500.0,396
ECOC,2021,2022-04-29,-55,2022-03-05,,
ECOC,2021,2022-04-29,-54,2022-03-06,,
ECOC,2021,2022-04-29,-53,2022-03-07,4500.0,1019
ECOC,2021,2022-04-29,-52,2022-03-08,4650.0,2113
ECOC,2021,2022-04-29,-51,2022-03-09,4695.0,973
ECOC,2021,2022-04-29,-50,2022-03-10,4690.0,1096
ECOC,2021,2022-04-29,-49,2022-03-11,4690.0,173
ECOC,2021,2022-04-29,-48,2022-03-12,,
ECOC,2021,2022-04-29,-47,2022-03-13,,
ECOC,2021,2022-04-29,-46,2022-03-14,4695.0,2575
ECOC,2021,2022-04-29,-45,2022-03-15,4650.0,607
ECOC,2021,2022-04-29,-44,2022-03-16,4695.0,3655
ECOC,2021,2022-04-29,-43,2022-03-17,4700.0,635
ECOC,2021,2022-04-29,-42,2022-03-18,5030.0,5391
ECOC,2021,2022-04-29,-41,2022-03-19,,
ECOC,2021,2022-04-29,-40,2022-03-20,,
ECOC,2021,2022-04-29,-39,2022-03-21,5040.0,751
ECOC,2021,2022-04-29,-38,2022-03-22,5050.0,5520
ECOC,2021,2022-04-29,-37,2022-03-23,5050.0,7068
ECOC,2021,2022-04-29,-36,2022-03-24,5045.0,5414
ECOC,2021,2022-04-29,-35,2022-03-25,5040.0,5944
ECOC,2021,2022-04-29,-34,2022-03-26,,
ECOC,2021,2022-04-29,-33,2022-03-27,,
ECOC,2021,2022-04-29,-32,2022-03-28,5100.0,1783
ECOC,2021,2022-04-29,-31,2022-03-29,5050.0,7617
ECOC,2021,2022-04-29,-30,2022-03-30,5050.0,9990
ECOC,2021,2022-04-29,-29,2022-03-31,5050.0,9348
ECOC,2021,2022-04-29,-28,2022-04-01,5140.0,4040
ECOC,2021,2022-04-29,-27,2022-04-02,,
ECOC,2021,2022-04-29,-26,2022-04-03,,
ECOC,2021,2022-04-29,-25,2022-04-04,5135.0,5909
ECOC,2021,2022-04-29,-24,2022-04-05,5000.0,1396
ECOC,2021,2022-04-29,-23,2022-04-06,5135.0,1387
ECOC,2021,2022-04-29,-22,2022-04-07,5050.0,647
ECOC,2021,2022-04-29,-21,2022-04-08,5045.0,800
ECOC,2021,2022-04-29,-20,2022-04-09,,
ECOC,2021,2022-04-29,-19,2022-04-10,,
ECOC,2021,2022-04-29,-18,2022-04-11,5045.0,162
ECOC,2021,2022-04-29,-17,2022-04-12,5050.0,827
ECOC,2021,2022-04-29,-16,2022-04-13,5045.0,1201
ECOC,2021,2022-04-29,-15,2022-04-14,5100.0,3371
ECOC,2021,2022-04-29,-14,2022-04-15,5045.0,2221
ECOC,2021,2022-04-29,-13,2022-04-16,,
ECOC,2021,2022-04-29,-12,2022-04-17,,
ECOC,2021,2022-04-29,-11,2022-04-18,,
ECOC,2021,2022-04-29,-10,2022-04-19,5040.0,3349
ECOC,2021,2022-04-29,-9,2022-04-20,4920.0,2949
ECOC,2021,2022-04-29,-8,2022-04-21,4950.0,4247
ECOC,2021,2022-04-29,-7,2022-04-22,5000.0,10167
ECOC,2021,2022-04-29,-6,2022-04-23,,
ECOC,2021,2022-04-29,-5,2022-04-24,,
ECOC,2021,2022-04-29,-4,2022-04-25,5000.0,3930
ECOC,2021,2022-04-29,-3,2022-04-26,4720.0,2038
ECOC,2021,2022-04-29,-2,2022-04-27,4695.0,4395
ECOC,2021,2022-04-29,-1,2022-04-28,,
ECOC,2021,2022-04-29,0,2022-04-29,4695.0,678
ECOC,2021,2022-04-29,1,2022-04-30,,
ECOC,2021,2022-04-29,2,2022-05-01,,
ECOC,2021,2022-04-29,3,2022-05-02,,
ECOC,2021,2022-04-29,4,2022-05-03,4600.0,247
ECOC,2021,2022-04-29,5,2022-05-04,4505.0,946
ECOC,2021,2022-04-29,6,2022-05-05,4510.0,1678
ECOC,2021,2022-04-29,7,2022-05-06,4565.0,211
ECOC,2021,2022-04-29,8,2022-05-07,,
ECOC,2021,2022-04-29,9,2022-05-08,,
ECOC,2021,2022-04-29,10,2022-05-09,4510.0,1501
ECOC,2021,2022-04-29,11,2022-05-10,4500.0,7626
ECOC,2021,2022-04-29,12,2022-05-11,4490.0,2899
ECOC,2021,2022-04-29,13,2022-05-12,4400.0,5673
ECOC,2021,2022-04-29,14,2022-05-13,4300.0,498
ECOC,2021,2022-04-29,15,2022-05-14,,
ECOC,2021,2022-04-29,16,2022-05-15,,
ECOC,2021,2022-04-29,17,2022-05-16,3980.0,104541
ECOC,2021,2022-04-29,18,2022-05-17,4275.0,826
ECOC,2021,2022-04-29,19,2022-05-18,4300.0,404
ECOC,2021,2022-04-29,20,2022-05-19,4300.0,2746
ECOC,2021,2022-04-29,21,2022-05-20,4300.0,631
ECOC,2021,2022-04-29,22,2022-05-21,,
ECOC,2021,2022-04-29,23,2022-05-22,,
ECOC,2021,2022-04-29,24,2022-05-23,4300.0,71647
ECOC,2021,2022-04-29,25,2022-05-24,4405.0,23162
ECOC,2021,2022-04-29,26,2022-05-25,4490.0,10026
ECOC,2021,2022-04-29,27,2022-05-26,,
ECOC,2021,2022-04-29,28,2022-05-27,4485.0,299
ECOC,2021,2022-04-29,29,2022-05-28,,
ECOC,2021,2022-04-29,30,2022-05-29,,
ECOC,2021,2022-04-29,31,2022-05-30,4500.0,5504
ECOC,2021,2022-04-29,32,2022-05-31,4495.0,582
ECOC,2021,2022-04-29,33,2022-06-01,4380.0,430194
ECOC,2021,2022-04-29,34,2022-06-02,4485.0,1724
ECOC,2021,2022-04-29,35,2022-06-03,4485.0,827
ECOC,2021,2022-04-29,36,2022-06-04,,
ECOC,2021,2022-04-29,37,2022-06-05,,
ECOC,2021,2022-04-29,38,2022-06-06,,
ECOC,2021,2022-04-29,39,2022-06-07,4480.0,61
ECOC,2021,2022-04-29,40,2022-06-08,4475.0,90
ECOC,2021,2022-04-29,41,2022-06-09,4480.0,54
ECOC,2021,2022-04-29,42,2022-06-10,4450.0,653
ECOC,2021,2022-04-29,43,2022-06-11,,
ECOC,2021,2022-04-29,44,2022-06-12,,
ECOC,2021,2022-04-29,45,2022-06-13,4480.0,457
ECOC,2021,2022-04-29,46,2022-06-14,4480.0,1222
ECOC,2021,2022-04-29,47,2022-06-15,4500.0,3694
ECOC,2021,2022-04-29,48,2022-06-16,4480.0,274
ECOC,2021,2022-04-29,49,2022-06-17,4500.0,6032
ECOC,2021,2022-04-29,50,2022-06-18,,
ECOC,2021,2022-04-29,51,2022-06-19,,
ECOC,2021,2022-04-29,52,2022-06-20,4500.0,3130
ECOC,2021,2022-04-29,53,2022-06-21,4400.0,330
ECOC,2021,2022-04-29,54,2022-06-22,4450.0,4154
ECOC,2021,2022-04-29,55,2022-06-23,4500.0,1026
ECOC,2021,2022-04-29,56,2022-06-24,4500.0,32817
ECOC,2021,2022-04-29,57,2022-06-25,,
ECOC,2021,2022-04-29,58,2022-06-26,,
ECOC,2021,2022-04-29,59,2022-06-27,4500.0,11526
ECOC,2021,2022-04-29,60,2022-06-28,4500.0,2604
ECOC,2022,2023-05-30,-60,2023-03-31,4950.0,22243
ECOC,2022,2023-05-30,-59,2023-04-01,,
ECOC,2022,2023-05-30,-58,2023-04-02,,
ECOC,2022,2023-05-30,-57,2023-04-03,4850.0,752
ECOC,2022,2023-05-30,-56,2023-04-04,4850.0,234
ECOC,2022,2023-05-30,-55,2023-04-05,4850.0,403
ECOC,2022,2023-05-30,-54,2023-04-06,5210.0,36513
ECOC,2022,2023-05-30,-53,2023-04-07,5480.0,10635
ECOC,2022,2023-05-30,-52,2023-04-08,,
ECOC,2022,2023-05-30,-51,2023-04-09,,
ECOC,2022,2023-05-30,-50,2023-04-10,,
ECOC,2022,2023-05-30,-49,2023-04-11,5295.0,6187
ECOC,2022,2023-05-30,-48,2023-04-12,5210.0,6565
ECOC,2022,2023-05-30,-47,2023-04-13,5200.0,1959
ECOC,2022,2023-05-30,-46,2023-04-14,5195.0,1077
ECOC,2022,2023-05-30,-45,2023-04-15,,
ECOC,2022,2023-05-30,-44,2023-04-16,,
ECOC,2022,2023-05-30,-43,2023-04-17,5190.0,4416
ECOC,2022,2023-05-30,-42,2023-04-18,,
ECOC,2022,2023-05-30,-41,2023-04-19,5190.0,392
ECOC,2022,2023-05-30,-40,2023-04-20,5190.0,6780
ECOC,2022,2023-05-30,-39,2023-04-21,,
ECOC,2022,2023-05-30,-38,2023-04-22,,
ECOC,2022,2023-05-30,-37,2023-04-23,,
ECOC,2022,2023-05-30,-36,2023-04-24,5200.0,513
ECOC,2022,2023-05-30,-35,2023-04-25,5380.0,732
ECOC,2022,2023-05-30,-34,2023-04-26,5380.0,310
ECOC,2022,2023-05-30,-33,2023-04-27,5345.0,1818
ECOC,2022,2023-05-30,-32,2023-04-28,5495.0,9956
ECOC,2022,2023-05-30,-31,2023-04-29,,
ECOC,2022,2023-05-30,-30,2023-04-30,,
ECOC,2022,2023-05-30,-29,2023-05-01,,
ECOC,2022,2023-05-30,-28,2023-05-02,5495.0,1410
ECOC,2022,2023-05-30,-27,2023-05-03,5500.0,1160
ECOC,2022,2023-05-30,-26,2023-05-04,5545.0,1352
ECOC,2022,2023-05-30,-25,2023-05-05,5500.0,4073
ECOC,2022,2023-05-30,-24,2023-05-06,,
ECOC,2022,2023-05-30,-23,2023-05-07,,
ECOC,2022,2023-05-30,-22,2023-05-08,5450.0,791
ECOC,2022,2023-05-30,-21,2023-05-09,5460.0,4717
ECOC,2022,2023-05-30,-20,2023-05-10,5485.0,404
ECOC,2022,2023-05-30,-19,2023-05-11,5490.0,1175
ECOC,2022,2023-05-30,-18,2023-05-12,5500.0,834
ECOC,2022,2023-05-30,-17,2023-05-13,,
ECOC,2022,2023-05-30,-16,2023-05-14,,
ECOC,2022,2023-05-30,-15,2023-05-15,5540.0,1754
ECOC,2022,2023-05-30,-14,2023-05-16,5600.0,531
ECOC,2022,2023-05-30,-13,2023-05-17,5555.0,343
ECOC,2022,2023-05-30,-12,2023-05-18,,
ECOC,2022,2023-05-30,-11,2023-05-19,5625.0,1590
ECOC,2022,2023-05-30,-10,2023-05-20,,
ECOC,2022,2023-05-30,-9,2023-05-21,,
ECOC,2022,2023-05-30,-8,2023-05-22,5635.0,1418
ECOC,2022,2023-05-30,-7,2023-05-23,5600.0,1406
ECOC,2022,2023-05-30,-6,2023-05-24,5500.0,2635
ECOC,2022,2023-05-30,-5,2023-05-25,5300.0,2030
ECOC,2022,2023-05-30,-4,2023-05-26,5280.0,30610
ECOC,2022,2023-05-30,-3,2023-05-27,,
ECOC,2022,2023-05-30,-2,2023-05-28,,
ECOC,2022,2023-05-30,-1,2023-05-29,,
ECOC,2022,2023-05-30,0,2023-05-30,5280.0,3294
ECOC,2022,2023-05-30,1,2023-05-31,5275.0,196
ECOC,2022,2023-05-30,2,2023-06-01,5275.0,6161
ECOC,2022,2023-05-30,3,2023-06-02,5175.0,9886
ECOC,2022,2023-05-30,4,2023-06-03,,
ECOC,2022,2023-05-30,5,2023-06-04,,
ECOC,2022,2023-05-30,6,2023-06-05,5200.0,7014
ECOC,2022,2023-05-30,7,2023-06-06,5200.0,1495
ECOC,2022,2023-05-30,8,2023-06-07,5270.0,2752
ECOC,2022,2023-05-30,9,2023-06-08,5265.0,1261
ECOC,2022,2023-05-30,10,2023-06-09,5265.0,673
ECOC,2022,2023-05-30,11,2023-06-10,,
ECOC,2022,2023-05-30,12,2023-06-11,,
ECOC,2022,2023-05-30,13,2023-06-12,5280.0,749
ECOC,2022,2023-05-30,14,2023-06-13,5210.0,1255
ECOC,2022,2023-05-30,15,2023-06-14,5105.0,6466
ECOC,2022,2023-05-30,16,2023-06-15,5200.0,1904
ECOC,2022,2023-05-30,17,2023-06-16,5250.0,4372
ECOC,2022,2023-05-30,18,2023-06-17,,
ECOC,2022,2023-05-30,19,2023-06-18,,
ECOC,2022,2023-05-30,20,2023-06-19,5245.0,1341
ECOC,2022,2023-05-30,21,2023-06-20,5200.0,12692
ECOC,2022,2023-05-30,22,2023-06-21,5200.0,1057
ECOC,2022,2023-05-30,23,2023-06-22,5230.0,929
ECOC,2022,2023-05-30,24,2023-06-23,5215.0,3790
ECOC,2022,2023-05-30,25,2023-06-24,,
ECOC,2022,2023-05-30,26,2023-06-25,,
ECOC,2022,2023-05-30,27,2023-06-26,5290.0,614
ECOC,2022,2023-05-30,28,2023-06-27,5285.0,359
ECOC,2022,2023-05-30,29,2023-06-28,,
ECOC,2022,2023-05-30,30,2023-06-29,5285.0,3244
ECOC,2022,2023-05-30,31,2023-06-30,5285.0,18460
ECOC,2022,2023-05-30,32,2023-07-01,,
ECOC,2022,2023-05-30,33,2023-07-02,,
ECOC,2022,2023-05-30,34,2023-07-03,5270.0,3517
ECOC,2022,2023-05-30,35,2023-07-04,5265.0,2944
ECOC,2022,2023-05-30,36,2023-07-05,5595.0,10404
ECOC,2022,2023-05-30,37,2023-07-06,5600.0,623
ECOC,2022,2023-05-30,38,2023-07-07,5540.0,310
ECOC,2022,2023-05-30,39,2023-07-08,,
ECOC,2022,2023-05-30,40,2023-07-09,,
ECOC,2022,2023-05-30,41,2023-07-10,5520.0,2746
ECOC,2022,2023-05-30,42,2023-07-11,5540.0,637
ECOC,2022,2023-05-30,43,2023-07-12,5550.0,2227
ECOC,2022,2023-05-30,44,2023-07-13,5580.0,1507
ECOC,2022,2023-05-30,45,2023-07-14,5790.0,2281
ECOC,2022,2023-05-30,46,2023-07-15,,
ECOC,2022,2023-05-30,47,2023-07-16,,
ECOC,2022,2023-05-30,48,2023-07-17,5790.0,168
ECOC,2022,2023-05-30,49,2023-07-18,5860.0,2633
ECOC,2022,2023-05-30,50,2023-07-19,5800.0,2605
ECOC,2022,2023-05-30,51,2023-07-20,5795.0,30132
ECOC,2022,2023-05-30,52,2023-07-21,5795.0,1324
ECOC,2022,2023-05-30,53,2023-07-22,,
ECOC,2022,2023-05-30,54,2023-07-23,,
ECOC,2022,2023-05-30,55,2023-07-24,5790.0,1304
ECOC,2022,2023-05-30,56,2023-07-25,5785.0,718
ECOC,2022,2023-05-30,57,2023-07-26,5780.0,1771
ECOC,2022,2023-05-30,58,2023-07-27,5770.0,754
ECOC,2022,2023-05-30,59,2023-07-28,5780.0,985
ECOC,2022,2023-05-30,60,2023-07-29,,
ECOC,2023,2024-05-30,-60,2024-03-31,,
ECOC,2023,2024-05-30,-59,2024-04-01,,
ECOC,2023,2024-05-30,-58,2024-04-02,6895.0,508
ECOC,2023,2024-05-30,-57,2024-04-03,6700.0,501
ECOC,2023,2024-05-30,-56,2024-04-04,6745.0,7615
ECOC,2023,2024-05-30,-55,2024-04-05,6730.0,148
ECOC,2023,2024-05-30,-54,2024-04-06,,
ECOC,2023,2024-05-30,-53,2024-04-07,,
ECOC,2023,2024-05-30,-52,2024-04-08,6700.0,1743
ECOC,2023,2024-05-30,-51,2024-04-09,6700.0,419
ECOC,2023,2024-05-30,-50,2024-04-10,,
ECOC,2023,2024-05-30,-49,2024-04-11,6900.0,9327
ECOC,2023,2024-05-30,-48,2024-04-12,6800.0,1526
ECOC,2023,2024-05-30,-47,2024-04-13,,
ECOC,2023,2024-05-30,-46,2024-04-14,,
ECOC,2023,2024-05-30,-45,2024-04-15,6800.0,1230
ECOC,2023,2024-05-30,-44,2024-04-16,6825.0,1455
ECOC,2023,2024-05-30,-43,2024-04-17,6895.0,685
ECOC,2023,2024-05-30,-42,2024-04-18,6895.0,2122
ECOC,2023,2024-05-30,-41,2024-04-19,6815.0,290
ECOC,2023,2024-05-30,-40,2024-04-20,,
ECOC,2023,2024-05-30,-39,2024-04-21,,
ECOC,2023,2024-05-30,-38,2024-04-22,6800.0,1186
ECOC,2023,2024-05-30,-37,2024-04-23,6850.0,17606
ECOC,2023,2024-05-30,-36,2024-04-24,6900.0,2406
ECOC,2023,2024-05-30,-35,2024-04-25,6900.0,164
ECOC,2023,2024-05-30,-34,2024-04-26,6800.0,2426
ECOC,2023,2024-05-30,-33,2024-04-27,,
ECOC,2023,2024-05-30,-32,2024-04-28,,
ECOC,2023,2024-05-30,-31,2024-04-29,6895.0,161
ECOC,2023,2024-05-30,-30,2024-04-30,6895.0,13303
ECOC,2023,2024-05-30,-29,2024-05-01,,
ECOC,2023,2024-05-30,-28,2024-05-02,6800.0,4204
ECOC,2023,2024-05-30,-27,2024-05-03,6800.0,2859
ECOC,2023,2024-05-30,-26,2024-05-04,,
ECOC,2023,2024-05-30,-25,2024-05-05,,
ECOC,2023,2024-05-30,-24,2024-05-06,6700.0,254
ECOC,2023,2024-05-30,-23,2024-05-07,6700.0,1492
ECOC,2023,2024-05-30,-22,2024-05-08,6770.0,851
ECOC,2023,2024-05-30,-21,2024-05-09,,
ECOC,2023,2024-05-30,-20,2024-05-10,6770.0,1187
ECOC,2023,2024-05-30,-19,2024-05-11,,
ECOC,2023,2024-05-30,-18,2024-05-12,,
ECOC,2023,2024-05-30,-17,2024-05-13,6800.0,593
ECOC,2023,2024-05-30,-16,2024-05-14,6810.0,556
ECOC,2023,2024-05-30,-15,2024-05-15,6900.0,2255
ECOC,2023,2024-05-30,-14,2024-05-16,6820.0,473
ECOC,2023,2024-05-30,-13,2024-05-17,7330.0,1693
ECOC,2023,2024-05-30,-12,2024-05-18,,
ECOC,2023,2024-05-30,-11,2024-05-19,,
ECOC,2023,2024-05-30,-10,2024-05-20,,
ECOC,2023,2024-05-30,-9,2024-05-21,7300.0,285
ECOC,2023,2024-05-30,-8,2024-05-22,7450.0,2071
ECOC,2023,2024-05-30,-7,2024-05-23,7300.0,806
ECOC,2023,2024-05-30,-6,2024-05-24,7600.0,673
ECOC,2023,2024-05-30,-5,2024-05-25,,
ECOC,2023,2024-05-30,-4,2024-05-26,,
ECOC,2023,2024-05-30,-3,2024-05-27,7500.0,827
ECOC,2023,2024-05-30,-2,2024-05-28,7390.0,2183
ECOC,2023,2024-05-30,-1,2024-05-29,7300.0,3968
ECOC,2023,2024-05-30,0,2024-05-30,7300.0,3636
ECOC,2023,2024-05-30,1,2024-05-31,7380.0,771
ECOC,2023,2024-05-30,2,2024-06-01,,
ECOC,2023,2024-05-30,3,2024-06-02,,
ECOC,2023,2024-05-30,4,2024-06-03,7300.0,1047
ECOC,2023,2024-05-30,5,2024-06-04,7300.0,1120
ECOC,2023,2024-05-30,6,2024-06-05,7250.0,408
ECOC,2023,2024-05-30,7,2024-06-06,7200.0,2308
ECOC,2023,2024-05-30,8,2024-06-07,7190.0,1266
ECOC,2023,2024-05-30,9,2024-06-08,,
ECOC,2023,2024-05-30,10,2024-06-09,,
ECOC,2023,2024-05-30,11,2024-06-10,7185.0,647
ECOC,2023,2024-05-30,12,2024-06-11,7180.0,593
ECOC,2023,2024-05-30,13,2024-06-12,7100.0,1119
ECOC,2023,2024-05-30,14,2024-06-13,7000.0,3466
ECOC,2023,2024-05-30,15,2024-06-14,7000.0,191
ECOC,2023,2024-05-30,16,2024-06-15,,
ECOC,2023,2024-05-30,17,2024-06-16,,
ECOC,2023,2024-05-30,18,2024-06-17,,
ECOC,2023,2024-05-30,19,2024-06-18,6950.0,1796
ECOC,2023,2024-05-30,20,2024-06-19,6950.0,1551
ECOC,2023,2024-05-30,21,2024-06-20,6990.0,2305
ECOC,2023,2024-05-30,22,2024-06-21,6950.0,915
ECOC,2023,2024-05-30,23,2024-06-22,,
ECOC,2023,2024-05-30,24,2024-06-23,,
ECOC,2023,2024-05-30,25,2024-06-24,6950.0,519
ECOC,2023,2024-05-30,26,2024-06-25,6950.0,684
ECOC,2023,2024-05-30,27,2024-06-26,6950.0,821
ECOC,2023,2024-05-30,28,2024-06-27,6945.0,1709
ECOC,2023,2024-05-30,29,2024-06-28,6990.0,366
ECOC,2023,2024-05-30,30,2024-06-29,,
ECOC,2023,2024-05-30,31,2024-06-30,,
ECOC,2023,2024-05-30,32,2024-07-01,6990.0,2105
ECOC,2023,2024-05-30,33,2024-07-02,7000.0,620
ECOC,2023,2024-05-30,34,2024-07-03,6995.0,672
ECOC,2023,2024-05-30,35,2024-07-04,6995.0,419
ECOC,2023,2024-05-30,36,2024-07-05,6990.0,314
ECOC,2023,2024-05-30,37,2024-07-06,,
ECOC,2023,2024-05-30,38,2024-07-07,,
ECOC,2023,2024-05-30,39,2024-07-08,6900.0,2990
ECOC,2023,2024-05-30,40,2024-07-09,6900.0,3797
ECOC,2023,2024-05-30,41,2024-07-10,6900.0,3691
ECOC,2023,2024-05-30,42,2024-07-11,6900.0,3176
ECOC,2023,2024-05-30,43,2024-07-12,6860.0,2244
ECOC,2023,2024-05-30,44,2024-07-13,,
ECOC,2023,2024-05-30,45,2024-07-14,,
ECOC,2023,2024-05-30,46,2024-07-15,6900.0,579
ECOC,2023,2024-05-30,47,2024-07-16,6905.0,3398
ECOC,2023,2024-05-30,48,2024-07-17,6910.0,1780
ECOC,2023,2024-05-30,49,2024-07-18,7000.0,1088
ECOC,2023,2024-05-30,50,2024-07-19,7140.0,920
ECOC,2023,2024-05-30,51,2024-07-20,,
ECOC,2023,2024-05-30,52,2024-07-21,,
ECOC,2023,2024-05-30,53,2024-07-22,7050.0,627
ECOC,2023,2024-05-30,54,2024-07-23,7135.0,2808
ECOC,2023,2024-05-30,55,2024-07-24,6890.0,6675
ECOC,2023,2024-05-30,56,2024-07-25,6890.0,1519
ECOC,2023,2024-05-30,57,2024-07-26,7130.0,124
ECOC,2023,2024-05-30,58,2024-07-27,,
ECOC,2023,2024-05-30,59,2024-07-28,,
ECOC,2023,2024-05-30,60,2024-07-29,7300.0,5131
ECOC,2024,2025-05-30,-60,2025-03-31,,
ECOC,2024,2025-05-30,-59,2025-04-01,9860.0,1840
ECOC,2024,2025-05-30,-58,2025-04-02,9900.0,323
ECOC,2024,2025-05-30,-57,2025-04-03,9860.0,414
ECOC,2024,2025-05-30,-56,2025-04-04,9860.0,3258
ECOC,2024,2025-05-30,-55,2025-04-05,,
ECOC,2024,2025-05-30,-54,2025-04-06,,
ECOC,2024,2025-05-30,-53,2025-04-07,9895.0,2108
ECOC,2024,2025-05-30,-52,2025-04-08,9900.0,1095
ECOC,2024,2025-05-30,-51,2025-04-09,9900.0,400
ECOC,2024,2025-05-30,-50,2025-04-10,9900.0,213
ECOC,2024,2025-05-30,-49,2025-04-11,9900.0,594
ECOC,2024,2025-05-30,-48,2025-04-12,,
ECOC,2024,2025-05-30,-47,2025-04-13,,
ECOC,2024,2025-05-30,-46,2025-04-14,9925.0,1327
ECOC,2024,2025-05-30,-45,2025-04-15,9925.0,759
ECOC,2024,2025-05-30,-44,2025-04-16,9920.0,1690
ECOC,2024,2025-05-30,-43,2025-04-17,9915.0,53
ECOC,2024,2025-05-30,-42,2025-04-18,9800.0,231
ECOC,2024,2025-05-30,-41,2025-04-19,,
ECOC,2024,2025-05-30,-40,2025-04-20,,
ECOC,2024,2025-05-30,-39,2025-04-21,,
ECOC,2024,2025-05-30,-38,2025-04-22,9895.0,962
ECOC,2024,2025-05-30,-37,2025-04-23,9895.0,431
ECOC,2024,2025-05-30,-36,2025-04-24,9895.0,147
ECOC,2024,2025-05-30,-35,2025-04-25,9895.0,620
ECOC,2024,2025-05-30,-34,2025-04-26,,
ECOC,2024,2025-05-30,-33,2025-04-27,,
ECOC,2024,2025-05-30,-32,2025-04-28,9900.0,2765
ECOC,2024,2025-05-30,-31,2025-04-29,9890.0,700
ECOC,2024,2025-05-30,-30,2025-04-30,9800.0,279
ECOC,2024,2025-05-30,-29,2025-05-01,,
ECOC,2024,2025-05-30,-28,2025-05-02,9850.0,955
ECOC,2024,2025-05-30,-27,2025-05-03,,
ECOC,2024,2025-05-30,-26,2025-05-04,,
ECOC,2024,2025-05-30,-25,2025-05-05,9895.0,491
ECOC,2024,2025-05-30,-24,2025-05-06,9900.0,837
ECOC,2024,2025-05-30,-23,2025-05-07,9900.0,600
ECOC,2024,2025-05-30,-22,2025-05-08,9900.0,888
ECOC,2024,2025-05-30,-21,2025-05-09,9900.0,469
ECOC,2024,2025-05-30,-20,2025-05-10,,
ECOC,2024,2025-05-30,-19,2025-05-11,,
ECOC,2024,2025-05-30,-18,2025-05-12,9900.0,614
ECOC,2024,2025-05-30,-17,2025-05-13,9905.0,187
ECOC,2024,2025-05-30,-16,2025-05-14,10500.0,815
ECOC,2024,2025-05-30,-15,2025-05-15,11060.0,862
ECOC,2024,2025-05-30,-14,2025-05-16,11060.0,513
ECOC,2024,2025-05-30,-13,2025-05-17,,
ECOC,2024,2025-05-30,-12,2025-05-18,,
ECOC,2024,2025-05-30,-11,2025-05-19,11245.0,1076
ECOC,2024,2025-05-30,-10,2025-05-20,11900.0,1404
ECOC,2024,2025-05-30,-9,2025-05-21,11800.0,1255
ECOC,2024,2025-05-30,-8,2025-05-22,11800.0,1146
ECOC,2024,2025-05-30,-7,2025-05-23,12005.0,1763
ECOC,2024,2025-05-30,-6,2025-05-24,,
ECOC,2024,2025-05-30,-5,2025-05-25,,
ECOC,2024,2025-05-30,-4,2025-05-26,12605.0,813
ECOC,2024,2025-05-30,-3,2025-05-27,11800.0,438
ECOC,2024,2025-05-30,-2,2025-05-28,11500.0,526
ECOC,2024,2025-05-30,-1,2025-05-29,,
ECOC,2024,2025-05-30,0,2025-05-30,11150.0,234
ECOC,2024,2025-05-30,1,2025-05-31,,
ECOC,2024,2025-05-30,2,2025-06-01,,
ECOC,2024,2025-05-30,3,2025-06-02,11000.0,1402
ECOC,2024,2025-05-30,4,2025-06-03,10185.0,3273
ECOC,2024,2025-05-30,5,2025-06-04,10175.0,969
ECOC,2024,2025-05-30,6,2025-06-05,10200.0,1555
ECOC,2024,2025-05-30,7,2025-06-06,,
ECOC,2024,2025-05-30,8,2025-06-07,,
ECOC,2024,2025-05-30,9,2025-06-08,,
ECOC,2024,2025-05-30,10,2025-06-09,,
ECOC,2024,2025-05-30,11,2025-06-10,10400.0,1134
ECOC,2024,2025-05-30,12,2025-06-11,11150.0,1708
ECOC,2024,2025-05-30,13,2025-06-12,11000.0,616
ECOC,2024,2025-05-30,14,2025-06-13,11000.0,609
ECOC,2024,2025-05-30,15,2025-06-14,,
ECOC,2024,2025-05-30,16,2025-06-15,,
ECOC,2024,2025-05-30,17,2025-06-16,10885.0,8104
ECOC,2024,2025-05-30,18,2025-06-17,10900.0,1306
ECOC,2024,2025-05-30,19,2025-06-18,10995.0,704
ECOC,2024,2025-05-30,20,2025-06-19,11150.0,2143
ECOC,2024,2025-05-30,21,2025-06-20,11500.0,1112
ECOC,2024,2025-05-30,22,2025-06-21,,
ECOC,2024,2025-05-30,23,2025-06-22,,
ECOC,2024,2025-05-30,24,2025-06-23,11995.0,1291
ECOC,2024,2025-05-30,25,2025-06-24,11950.0,2087
ECOC,2024,2025-05-30,26,2025-06-25,11890.0,350
ECOC,2024,2025-05-30,27,2025-06-26,11890.0,174
ECOC,2024,2025-05-30,28,2025-06-27,11860.0,2074
ECOC,2024,2025-05-30,29,2025-06-28,,
ECOC,2024,2025-05-30,30,2025-06-29,,
ECOC,2024,2025-05-30,31,2025-06-30,11860.0,657
ECOC,2024,2025-05-30,32,2025-07-01,11840.0,3123
ECOC,2024,2025-05-30,33,2025-07-02,11500.0,895
ECOC,2024,2025-05-30,34,2025-07-03,11500.0,317
ECOC,2024,2025-05-30,35,2025-07-04,11875.0,861
ECOC,2024,2025-05-30,36,2025-07-05,,
ECOC,2024,2025-05-30,37,2025-07-06,,
ECOC,2024,2025-05-30,38,2025-07-07,11800.0,1020
ECOC,2024,2025-05-30,39,2025-07-08,11200.0,255
ECOC,2024,2025-05-30,40,2025-07-09,11290.0,312
ECOC,2024,2025-05-30,41,2025-07-10,11895.0,1171
ECOC,2024,2025-05-30,42,2025-07-11,11890.0,463
ECOC,2024,2025-05-30,43,2025-07-12,,
ECOC,2024,2025-05-30,44,2025-07-13,,
ECOC,2024,2025-05-30,45,2025-07-14,11800.0,939
ECOC,2024,2025-05-30,46,2025-07-15,11800.0,531
ECOC,2024,2025-05-30,47,2025-07-16,11800.0,3063
ECOC,2024,2025-05-30,48,2025-07-17,11800.0,6200
ECOC,2024,2025-05-30,49,2025-07-18,11100.0,583
ECOC,2024,2025-05-30,50,2025-07-19,,
ECOC,2024,2025-05-30,51,2025-07-20,,
ECOC,2024,2025-05-30,52,2025-07-21,11200.0,460
ECOC,2024,2025-05-30,53,2025-07-22,11700.0,3156
ECOC,2024,2025-05-30,54,2025-07-23,11695.0,281
ECOC,2024,2025-05-30,55,2025-07-24,11700.0,1850
ECOC,2024,2025-05-30,56,2025-07-25,11700.0,233
ECOC,2024,2025-05-30,57,2025-07-26,,
ECOC,2024,2025-05-30,58,2025-07-27,,
ECOC,2024,2025-05-30,59,2025-07-28,11700.0,422
ECOC,2024,2025-05-30,60,2025-07-29,11600.0,2285
ECOC,2025,2026-05-22,-60,2026-03-23,,
ECOC,2025,2026-05-22,-59,2026-03-24,16300.0,790
ECOC,2025,2026-05-22,-58,2026-03-25,16600.0,288
ECOC,2025,2026-05-22,-57,2026-03-26,16300.0,2368
ECOC,2025,2026-05-22,-56,2026-03-27,16300.0,2368
ECOC,2025,2026-05-22,-55,2026-03-28,16500.0,2610
ECOC,2025,2026-05-22,-54,2026-03-29,16500.0,2610
ECOC,2025,2026-05-22,-53,2026-03-30,16500.0,2610
ECOC,2025,2026-05-22,-52,2026-03-31,16500.0,888
ECOC,2025,2026-05-22,-51,2026-04-01,16500.0,2932
ECOC,2025,2026-05-22,-50,2026-04-02,16350.0,817
ECOC,2025,2026-05-22,-49,2026-04-03,16350.0,817
ECOC,2025,2026-05-22,-48,2026-04-04,16350.0,692
ECOC,2025,2026-05-22,-47,2026-04-05,16350.0,692
ECOC,2025,2026-05-22,-46,2026-04-06,16350.0,692
ECOC,2025,2026-05-22,-45,2026-04-07,16350.0,1250
ECOC,2025,2026-05-22,-44,2026-04-08,16350.0,1250
ECOC,2025,2026-05-22,-43,2026-04-09,16500.0,573
ECOC,2025,2026-05-22,-42,2026-04-10,16200.0,1201
ECOC,2025,2026-05-22,-41,2026-04-11,16210.0,776
ECOC,2025,2026-05-22,-40,2026-04-12,16210.0,776
ECOC,2025,2026-05-22,-39,2026-04-13,15615.0,2516
ECOC,2025,2026-05-22,-38,2026-04-14,15615.0,2516
ECOC,2025,2026-05-22,-37,2026-04-15,15620.0,1959
ECOC,2025,2026-05-22,-36,2026-04-16,15700.0,1649
ECOC,2025,2026-05-22,-35,2026-04-17,15710.0,2257
ECOC,2025,2026-05-22,-34,2026-04-18,16250.0,526
ECOC,2025,2026-05-22,-33,2026-04-19,16250.0,526
ECOC,2025,2026-05-22,-32,2026-04-20,16250.0,526
ECOC,2025,2026-05-22,-31,2026-04-21,15810.0,999
ECOC,2025,2026-05-22,-30,2026-04-22,15810.0,1430
ECOC,2025,2026-05-22,-29,2026-04-23,16000.0,722
ECOC,2025,2026-05-22,-28,2026-04-24,16000.0,2399
ECOC,2025,2026-05-22,-27,2026-04-25,16300.0,863
ECOC,2025,2026-05-22,-26,2026-04-26,16300.0,863
ECOC,2025,2026-05-22,-25,2026-04-27,16300.0,863
ECOC,2025,2026-05-22,-24,2026-04-28,16020.0,738
ECOC,2025,2026-05-22,-23,2026-04-29,16300.0,402
ECOC,2025,2026-05-22,-22,2026-04-30,16050.0,10142
ECOC,2025,2026-05-22,-21,2026-05-01,16300.0,4420
ECOC,2025,2026-05-22,-20,2026-05-02,16300.0,4420
ECOC,2025,2026-05-22,-19,2026-05-03,16300.0,4420
ECOC,2025,2026-05-22,-18,2026-05-04,16300.0,4420
ECOC,2025,2026-05-22,-17,2026-05-05,16000.0,747
ECOC,2025,2026-05-22,-16,2026-05-06,16100.0,194
ECOC,2025,2026-05-22,-15,2026-05-07,16100.0,1400
ECOC,2025,2026-05-22,-14,2026-05-08,16300.0,659
ECOC,2025,2026-05-22,-13,2026-05-09,16800.0,900
ECOC,2025,2026-05-22,-12,2026-05-10,16800.0,900
ECOC,2025,2026-05-22,-11,2026-05-11,16800.0,900
ECOC,2025,2026-05-22,-10,2026-05-12,16200.0,2038
ECOC,2025,2026-05-22,-9,2026-05-13,16200.0,4831
ECOC,2025,2026-05-22,-8,2026-05-14,16300.0,1114
ECOC,2025,2026-05-22,-7,2026-05-15,16300.0,1114
ECOC,2025,2026-05-22,-6,2026-05-16,16300.0,1413
ECOC,2025,2026-05-22,-5,2026-05-17,16300.0,1413
ECOC,2025,2026-05-22,-4,2026-05-18,16300.0,0
ECOC,2025,2026-05-22,-3,2026-05-19,16300.0,2107
ECOC,2025,2026-05-22,-2,2026-05-20,16300.0,435
ECOC,2025,2026-05-22,-1,2026-05-21,16300.0,704
ECOC,2025,2026-05-22,0,2026-05-22,16300.0,3727
ECOC,2025,2026-05-22,1,2026-05-23,16300.0,1593
ECOC,2025,2026-05-22,2,2026-05-24,16300.0,1593
ECOC,2025,2026-05-22,3,2026-05-25,16300.0,1593
ECOC,2025,2026-05-22,4,2026-05-26,16300.0,148
ECOC,2025,2026-05-22,5,2026-05-27,16300.0,148
ECOC,2025,2026-05-22,6,2026-05-28,16300.0,0
ECOC,2025,2026-05-22,7,2026-05-29,16300.0,0
ECOC,2025,2026-05-22,8,2026-05-30,16290.0,884
ECOC,2025,2026-05-22,9,2026-05-31,16290.0,884
ECOC,2025,2026-05-22,10,2026-06-01,16290.0,169
ECOC,2025,2026-05-22,11,2026-06-02,16250.0,32
ECOC,2025,2026-05-22,12,2026-06-03,,
ECOC,2025,2026-05-22,13,2026-06-04,16345.0,1924
ECOC,2025,2026-05-22,14,2026-06-05,16345.0,1924
ECOC,2025,2026-05-22,15,2026-06-06,16400.0,3403
ECOC,2025,2026-05-22,16,2026-06-07,16400.0,3403
ECOC,2025,2026-05-22,17,2026-06-08,16400.0,132
ECOC,2025,2026-05-22,18,2026-06-09,16400.0,971
ECOC,2025,2026-05-22,19,2026-06-10,16800.0,0
ECOC,2025,2026-05-22,20,2026-06-11,16700.0,0
ECOC,2025,2026-05-22,21,2026-06-12,16800.0,0
ECOC,2025,2026-05-22,22,2026-06-13,16795.0,438
ECOC,2025,2026-05-22,23,2026-06-14,16795.0,438
ECOC,2025,2026-05-22,24,2026-06-15,16790.0,520
ECOC,2025,2026-05-22,25,2026-06-16,16800.0,224
ECOC,2025,2026-05-22,26,2026-06-17,16500.0,363
ECOC,2025,2026-05-22,27,2026-06-18,16500.0,302
ECOC,2025,2026-05-22,28,2026-06-19,16500.0,31
ECOC,2025,2026-05-22,29,2026-06-20,16745.0,404
ECOC,2025,2026-05-22,30,2026-06-21,16745.0,404
ECOC,2025,2026-05-22,31,2026-06-22,17000.0,2877
ECOC,2025,2026-05-22,32,2026-06-23,17000.0,5651
ECOC,2025,2026-05-22,33,2026-06-24,16500.0,11571
ECOC,2025,2026-05-22,34,2026-06-25,16500.0,6518
ECOC,2025,2026-05-22,35,2026-06-26,16800.0,234
ECOC,2025,2026-05-22,36,2026-06-27,17150.0,341
ECOC,2025,2026-05-22,37,2026-06-28,17150.0,341
ECOC,2025,2026-05-22,38,2026-06-29,16800.0,132
ECOC,2025,2026-05-22,39,2026-06-30,17190.0,1006
ECOC,2025,2026-05-22,40,2026-07-01,16600.0,1217
ECOC,2025,2026-05-22,41,2026-07-02,16250.0,3155
ECOC,2025,2026-05-22,42,2026-07-03,16500.0,1537
ECOC,2025,2026-05-22,43,2026-07-04,17270.0,1411
ECOC,2025,2026-05-22,44,2026-07-05,17270.0,1411
ECOC,2025,2026-05-22,45,2026-07-06,17270.0,0
ECOC,2025,2026-05-22,46,2026-07-07,16500.0,0
ECOC,2025,2026-05-22,47,2026-07-08,16640.0,102038
ECOC,2025,2026-05-22,48,2026-07-09,16700.0,639
ECOC,2025,2026-05-22,49,2026-07-10,16700.0,639
ECOC,2025,2026-05-22,50,2026-07-11,16795.0,465
ECOC,2025,2026-05-22,51,2026-07-12,16795.0,465
ECOC,2025,2026-05-22,52,2026-07-13,16795.0,465
ECOC,2025,2026-05-22,53,2026-07-14,16700.0,2116
ECOC,2025,2026-05-22,54,2026-07-15,16370.0,954
ECOC,2025,2026-05-22,55,2026-07-16,15900.0,6512
ECOC,2025,2026-05-22,56,2026-07-17,16000.0,5655
ECOC,2025,2026-05-22,57,2026-07-18,16000.0,1404
ECOC,2025,2026-05-22,58,2026-07-19,,
ECOC,2025,2026-05-22,59,2026-07-20,,
ECOC,2025,2026-05-22,60,2026-07-21,,
ETIT,2021,2022-06-20,-60,2022-04-21,17.0,268377
ETIT,2021,2022-06-20,-59,2022-04-22,17.0,24134
ETIT,2021,2022-06-20,-58,2022-04-23,,
ETIT,2021,2022-06-20,-57,2022-04-24,,
ETIT,2021,2022-06-20,-56,2022-04-25,17.0,828305
ETIT,2021,2022-06-20,-55,2022-04-26,17.0,2757307
ETIT,2021,2022-06-20,-54,2022-04-27,17.0,296998
ETIT,2021,2022-06-20,-53,2022-04-28,,
ETIT,2021,2022-06-20,-52,2022-04-29,17.0,94343
ETIT,2021,2022-06-20,-51,2022-04-30,,
ETIT,2021,2022-06-20,-50,2022-05-01,,
ETIT,2021,2022-06-20,-49,2022-05-02,,
ETIT,2021,2022-06-20,-48,2022-05-03,16.0,517358
ETIT,2021,2022-06-20,-47,2022-05-04,17.0,1696982
ETIT,2021,2022-06-20,-46,2022-05-05,17.0,401464
ETIT,2021,2022-06-20,-45,2022-05-06,17.0,182196
ETIT,2021,2022-06-20,-44,2022-05-07,,
ETIT,2021,2022-06-20,-43,2022-05-08,,
ETIT,2021,2022-06-20,-42,2022-05-09,17.0,813022
ETIT,2021,2022-06-20,-41,2022-05-10,16.0,487019
ETIT,2021,2022-06-20,-40,2022-05-11,17.0,85577
ETIT,2021,2022-06-20,-39,2022-05-12,17.0,353319
ETIT,2021,2022-06-20,-38,2022-05-13,17.0,113294
ETIT,2021,2022-06-20,-37,2022-05-14,,
ETIT,2021,2022-06-20,-36,2022-05-15,,
ETIT,2021,2022-06-20,-35,2022-05-16,17.0,89355
ETIT,2021,2022-06-20,-34,2022-05-17,16.0,1584431
ETIT,2021,2022-06-20,-33,2022-05-18,16.0,2670049
ETIT,2021,2022-06-20,-32,2022-05-19,16.0,184346
ETIT,2021,2022-06-20,-31,2022-05-20,16.0,144559
ETIT,2021,2022-06-20,-30,2022-05-21,,
ETIT,2021,2022-06-20,-29,2022-05-22,,
ETIT,2021,2022-06-20,-28,2022-05-23,15.0,263302
ETIT,2021,2022-06-20,-27,2022-05-24,16.0,52114
ETIT,2021,2022-06-20,-26,2022-05-25,16.0,604812
ETIT,2021,2022-06-20,-25,2022-05-26,,
ETIT,2021,2022-06-20,-24,2022-05-27,16.0,388853
ETIT,2021,2022-06-20,-23,2022-05-28,,
ETIT,2021,2022-06-20,-22,2022-05-29,,
ETIT,2021,2022-06-20,-21,2022-05-30,16.0,326110
ETIT,2021,2022-06-20,-20,2022-05-31,16.0,1901271
ETIT,2021,2022-06-20,-19,2022-06-01,16.0,2202023
ETIT,2021,2022-06-20,-18,2022-06-02,16.0,55385
ETIT,2021,2022-06-20,-17,2022-06-03,16.0,22077
ETIT,2021,2022-06-20,-16,2022-06-04,,
ETIT,2021,2022-06-20,-15,2022-06-05,,
ETIT,2021,2022-06-20,-14,2022-06-06,,
ETIT,2021,2022-06-20,-13,2022-06-07,16.0,137525
ETIT,2021,2022-06-20,-12,2022-06-08,16.0,34359
ETIT,2021,2022-06-20,-11,2022-06-09,15.0,205204
ETIT,2021,2022-06-20,-10,2022-06-10,16.0,90679
ETIT,2021,2022-06-20,-9,2022-06-11,,
ETIT,2021,2022-06-20,-8,2022-06-12,,
ETIT,2021,2022-06-20,-7,2022-06-13,16.0,69073
ETIT,2021,2022-06-20,-6,2022-06-14,16.0,496997
ETIT,2021,2022-06-20,-5,2022-06-15,15.0,943385
ETIT,2021,2022-06-20,-4,2022-06-16,15.0,67748
ETIT,2021,2022-06-20,-3,2022-06-17,16.0,154144
ETIT,2021,2022-06-20,-2,2022-06-18,,
ETIT,2021,2022-06-20,-1,2022-06-19,,
ETIT,2021,2022-06-20,0,2022-06-20,16.0,294396
ETIT,2021,2022-06-20,1,2022-06-21,16.0,978618
ETIT,2021,2022-06-20,2,2022-06-22,16.0,17285
ETIT,2021,2022-06-20,3,2022-06-23,16.0,332521
ETIT,2021,2022-06-20,4,2022-06-24,15.0,2260824
ETIT,2021,2022-06-20,5,2022-06-25,,
ETIT,2021,2022-06-20,6,2022-06-26,,
ETIT,2021,2022-06-20,7,2022-06-27,15.0,644457
ETIT,2021,2022-06-20,8,2022-06-28,15.0,360774
ETIT,2021,2022-06-20,9,2022-06-29,15.0,1359421
ETIT,2021,2022-06-20,10,2022-06-30,16.0,1478876
ETIT,2021,2022-06-20,11,2022-07-01,16.0,23461
ETIT,2021,2022-06-20,12,2022-07-02,,
ETIT,2021,2022-06-20,13,2022-07-03,,
ETIT,2021,2022-06-20,14,2022-07-04,16.0,63219
ETIT,2021,2022-06-20,15,2022-07-05,16.0,36734
ETIT,2021,2022-06-20,16,2022-07-06,16.0,165562
ETIT,2021,2022-06-20,17,2022-07-07,16.0,190152
ETIT,2021,2022-06-20,18,2022-07-08,16.0,50984
ETIT,2021,2022-06-20,19,2022-07-09,,
ETIT,2021,2022-06-20,20,2022-07-10,,
ETIT,2021,2022-06-20,21,2022-07-11,16.0,41604
ETIT,2021,2022-06-20,22,2022-07-12,16.0,20129
ETIT,2021,2022-06-20,23,2022-07-13,16.0,3428562
ETIT,2021,2022-06-20,24,2022-07-14,17.0,156740
ETIT,2021,2022-06-20,25,2022-07-15,17.0,78579
ETIT,2021,2022-06-20,26,2022-07-16,,
ETIT,2021,2022-06-20,27,2022-07-17,,
ETIT,2021,2022-06-20,28,2022-07-18,18.0,1660324
ETIT,2021,2022-06-20,29,2022-07-19,18.0,69185
ETIT,2021,2022-06-20,30,2022-07-20,18.0,30845
ETIT,2021,2022-06-20,31,2022-07-21,18.0,59225
ETIT,2021,2022-06-20,32,2022-07-22,18.0,430216
ETIT,2021,2022-06-20,33,2022-07-23,,
ETIT,2021,2022-06-20,34,2022-07-24,,
ETIT,2021,2022-06-20,35,2022-07-25,18.0,271810
ETIT,2021,2022-06-20,36,2022-07-26,18.0,1065670
ETIT,2021,2022-06-20,37,2022-07-27,19.0,397845
ETIT,2021,2022-06-20,38,2022-07-28,19.0,137027
ETIT,2021,2022-06-20,39,2022-07-29,19.0,88782
ETIT,2021,2022-06-20,40,2022-07-30,,
ETIT,2021,2022-06-20,41,2022-07-31,,
ETIT,2021,2022-06-20,42,2022-08-01,19.0,2830342
ETIT,2021,2022-06-20,43,2022-08-02,19.0,91229
ETIT,2021,2022-06-20,44,2022-08-03,19.0,139278
ETIT,2021,2022-06-20,45,2022-08-04,18.0,242372
ETIT,2021,2022-06-20,46,2022-08-05,19.0,553633
ETIT,2021,2022-06-20,47,2022-08-06,,
ETIT,2021,2022-06-20,48,2022-08-07,,
ETIT,2021,2022-06-20,49,2022-08-08,,
ETIT,2021,2022-06-20,50,2022-08-09,19.0,222354
ETIT,2021,2022-06-20,51,2022-08-10,18.0,216790
ETIT,2021,2022-06-20,52,2022-08-11,18.0,72884
ETIT,2021,2022-06-20,53,2022-08-12,18.0,50850
ETIT,2021,2022-06-20,54,2022-08-13,,
ETIT,2021,2022-06-20,55,2022-08-14,,
ETIT,2021,2022-06-20,56,2022-08-15,,
ETIT,2021,2022-06-20,57,2022-08-16,18.0,158304
ETIT,2021,2022-06-20,58,2022-08-17,17.0,130500
ETIT,2021,2022-06-20,59,2022-08-18,18.0,71345
ETIT,2021,2022-06-20,60,2022-08-19,18.0,237485
ETIT,2022,2023-06-08,-60,2023-04-09,,
ETIT,2022,2023-06-08,-59,2023-04-10,,
ETIT,2022,2023-06-08,-58,2023-04-11,17.0,1370675
ETIT,2022,2023-06-08,-57,2023-04-12,18.0,149381
ETIT,2022,2023-06-08,-56,2023-04-13,18.0,2420000
ETIT,2022,2023-06-08,-55,2023-04-14,18.0,84932
ETIT,2022,2023-06-08,-54,2023-04-15,,
ETIT,2022,2023-06-08,-53,2023-04-16,,
ETIT,2022,2023-06-08,-52,2023-04-17,18.0,562711
ETIT,2022,2023-06-08,-51,2023-04-18,,
ETIT,2022,2023-06-08,-50,2023-04-19,18.0,69382
ETIT,2022,2023-06-08,-49,2023-04-20,18.0,2024312
ETIT,2022,2023-06-08,-48,2023-04-21,,
ETIT,2022,2023-06-08,-47,2023-04-22,,
ETIT,2022,2023-06-08,-46,2023-04-23,,
ETIT,2022,2023-06-08,-45,2023-04-24,18.0,48211
ETIT,2022,2023-06-08,-44,2023-04-25,18.0,111273
ETIT,2022,2023-06-08,-43,2023-04-26,18.0,35661
ETIT,2022,2023-06-08,-42,2023-04-27,18.0,6839
ETIT,2022,2023-06-08,-41,2023-04-28,18.0,130986
ETIT,2022,2023-06-08,-40,2023-04-29,,
ETIT,2022,2023-06-08,-39,2023-04-30,,
ETIT,2022,2023-06-08,-38,2023-05-01,,
ETIT,2022,2023-06-08,-37,2023-05-02,18.0,284779
ETIT,2022,2023-06-08,-36,2023-05-03,17.0,545962
ETIT,2022,2023-06-08,-35,2023-05-04,18.0,558217
ETIT,2022,2023-06-08,-34,2023-05-05,18.0,151352
ETIT,2022,2023-06-08,-33,2023-05-06,,
ETIT,2022,2023-06-08,-32,2023-05-07,,
ETIT,2022,2023-06-08,-31,2023-05-08,18.0,367347
ETIT,2022,2023-06-08,-30,2023-05-09,18.0,713475
ETIT,2022,2023-06-08,-29,2023-05-10,18.0,30819
ETIT,2022,2023-06-08,-28,2023-05-11,18.0,49459
ETIT,2022,2023-06-08,-27,2023-05-12,18.0,82582
ETIT,2022,2023-06-08,-26,2023-05-13,,
ETIT,2022,2023-06-08,-25,2023-05-14,,
ETIT,2022,2023-06-08,-24,2023-05-15,18.0,55617
ETIT,2022,2023-06-08,-23,2023-05-16,18.0,129486
ETIT,2022,2023-06-08,-22,2023-05-17,18.0,501671
ETIT,2022,2023-06-08,-21,2023-05-18,,
ETIT,2022,2023-06-08,-20,2023-05-19,18.0,36020
ETIT,2022,2023-06-08,-19,2023-05-20,,
ETIT,2022,2023-06-08,-18,2023-05-21,,
ETIT,2022,2023-06-08,-17,2023-05-22,18.0,56357
ETIT,2022,2023-06-08,-16,2023-05-23,18.0,90632
ETIT,2022,2023-06-08,-15,2023-05-24,18.0,19948
ETIT,2022,2023-06-08,-14,2023-05-25,18.0,245373
ETIT,2022,2023-06-08,-13,2023-05-26,18.0,186085
ETIT,2022,2023-06-08,-12,2023-05-27,,
ETIT,2022,2023-06-08,-11,2023-05-28,,
ETIT,2022,2023-06-08,-10,2023-05-29,,
ETIT,2022,2023-06-08,-9,2023-05-30,18.0,87968
ETIT,2022,2023-06-08,-8,2023-05-31,17.0,1039178
ETIT,2022,2023-06-08,-7,2023-06-01,17.0,368864
ETIT,2022,2023-06-08,-6,2023-06-02,18.0,77033
ETIT,2022,2023-06-08,-5,2023-06-03,,
ETIT,2022,2023-06-08,-4,2023-06-04,,
ETIT,2022,2023-06-08,-3,2023-06-05,18.0,130089
ETIT,2022,2023-06-08,-2,2023-06-06,18.0,164325
ETIT,2022,2023-06-08,-1,2023-06-07,18.0,68181
ETIT,2022,2023-06-08,0,2023-06-08,18.0,315690
ETIT,2022,2023-06-08,1,2023-06-09,18.0,28709
ETIT,2022,2023-06-08,2,2023-06-10,,
ETIT,2022,2023-06-08,3,2023-06-11,,
ETIT,2022,2023-06-08,4,2023-06-12,17.0,163772
ETIT,2022,2023-06-08,5,2023-06-13,18.0,349062
ETIT,2022,2023-06-08,6,2023-06-14,18.0,560
ETIT,2022,2023-06-08,7,2023-06-15,18.0,165624
ETIT,2022,2023-06-08,8,2023-06-16,18.0,16582
ETIT,2022,2023-06-08,9,2023-06-17,,
ETIT,2022,2023-06-08,10,2023-06-18,,
ETIT,2022,2023-06-08,11,2023-06-19,18.0,69144
ETIT,2022,2023-06-08,12,2023-06-20,18.0,78963
ETIT,2022,2023-06-08,13,2023-06-21,18.0,23221
ETIT,2022,2023-06-08,14,2023-06-22,18.0,32333
ETIT,2022,2023-06-08,15,2023-06-23,17.0,1337560
ETIT,2022,2023-06-08,16,2023-06-24,,
ETIT,2022,2023-06-08,17,2023-06-25,,
ETIT,2022,2023-06-08,18,2023-06-26,18.0,632010
ETIT,2022,2023-06-08,19,2023-06-27,18.0,24900
ETIT,2022,2023-06-08,20,2023-06-28,,
ETIT,2022,2023-06-08,21,2023-06-29,18.0,63852
ETIT,2022,2023-06-08,22,2023-06-30,18.0,905
ETIT,2022,2023-06-08,23,2023-07-01,,
ETIT,2022,2023-06-08,24,2023-07-02,,
ETIT,2022,2023-06-08,25,2023-07-03,18.0,109588
ETIT,2022,2023-06-08,26,2023-07-04,18.0,60138
ETIT,2022,2023-06-08,27,2023-07-05,18.0,20100
ETIT,2022,2023-06-08,28,2023-07-06,17.0,49377
ETIT,2022,2023-06-08,29,2023-07-07,18.0,9356
ETIT,2022,2023-06-08,30,2023-07-08,,
ETIT,2022,2023-06-08,31,2023-07-09,,
ETIT,2022,2023-06-08,32,2023-07-10,17.0,306768
ETIT,2022,2023-06-08,33,2023-07-11,18.0,308863
ETIT,2022,2023-06-08,34,2023-07-12,18.0,26809
ETIT,2022,2023-06-08,35,2023-07-13,18.0,107324
ETIT,2022,2023-06-08,36,2023-07-14,18.0,307924
ETIT,2022,2023-06-08,37,2023-07-15,,
ETIT,2022,2023-06-08,38,2023-07-16,,
ETIT,2022,2023-06-08,39,2023-07-17,18.0,6210
ETIT,2022,2023-06-08,40,2023-07-18,18.0,271869
ETIT,2022,2023-06-08,41,2023-07-19,18.0,28219
ETIT,2022,2023-06-08,42,2023-07-20,18.0,761843
ETIT,2022,2023-06-08,43,2023-07-21,18.0,31650
ETIT,2022,2023-06-08,44,2023-07-22,,
ETIT,2022,2023-06-08,45,2023-07-23,,
ETIT,2022,2023-06-08,46,2023-07-24,18.0,135217
ETIT,2022,2023-06-08,47,2023-07-25,18.0,26140
ETIT,2022,2023-06-08,48,2023-07-26,18.0,73613
ETIT,2022,2023-06-08,49,2023-07-27,18.0,38208
ETIT,2022,2023-06-08,50,2023-07-28,18.0,918795
ETIT,2022,2023-06-08,51,2023-07-29,,
ETIT,2022,2023-06-08,52,2023-07-30,,
ETIT,2022,2023-06-08,53,2023-07-31,18.0,582628
ETIT,2022,2023-06-08,54,2023-08-01,18.0,324698
ETIT,2022,2023-06-08,55,2023-08-02,18.0,615910
ETIT,2022,2023-06-08,56,2023-08-03,18.0,29532
ETIT,2022,2023-06-08,57,2023-08-04,18.0,178010
ETIT,2022,2023-06-08,58,2023-08-05,,
ETIT,2022,2023-06-08,59,2023-08-06,,
ETIT,2022,2023-06-08,60,2023-08-07,,
FTSC,2023,2024-09-30,-60,2024-08-01,843.02,1117
FTSC,2023,2024-09-30,-59,2024-08-02,883.72,613
FTSC,2023,2024-09-30,-58,2024-08-03,,
FTSC,2023,2024-09-30,-57,2024-08-04,,
FTSC,2023,2024-09-30,-56,2024-08-05,866.28,70
FTSC,2023,2024-09-30,-55,2024-08-06,866.28,261
FTSC,2023,2024-09-30,-54,2024-08-07,,
FTSC,2023,2024-09-30,-53,2024-08-08,863.37,265
FTSC,2023,2024-09-30,-52,2024-08-09,866.28,1145
FTSC,2023,2024-09-30,-51,2024-08-10,,
FTSC,2023,2024-09-30,-50,2024-08-11,,
FTSC,2023,2024-09-30,-49,2024-08-12,877.91,865
FTSC,2023,2024-09-30,-48,2024-08-13,863.37,332
FTSC,2023,2024-09-30,-47,2024-08-14,863.37,911
FTSC,2023,2024-09-30,-46,2024-08-15,,
FTSC,2023,2024-09-30,-45,2024-08-16,857.56,152
FTSC,2023,2024-09-30,-44,2024-08-17,,
FTSC,2023,2024-09-30,-43,2024-08-18,,
FTSC,2023,2024-09-30,-42,2024-08-19,857.56,229
FTSC,2023,2024-09-30,-41,2024-08-20,845.93,1148
FTSC,2023,2024-09-30,-40,2024-08-21,845.93,269
FTSC,2023,2024-09-30,-39,2024-08-22,843.02,623
FTSC,2023,2024-09-30,-38,2024-08-23,840.12,373
FTSC,2023,2024-09-30,-37,2024-08-24,,
FTSC,2023,2024-09-30,-36,2024-08-25,,
FTSC,2023,2024-09-30,-35,2024-08-26,840.12,534
FTSC,2023,2024-09-30,-34,2024-08-27,840.12,234
FTSC,2023,2024-09-30,-33,2024-08-28,840.12,2
FTSC,2023,2024-09-30,-32,2024-08-29,840.12,433
FTSC,2023,2024-09-30,-31,2024-08-30,,
FTSC,2023,2024-09-30,-30,2024-08-31,,
FTSC,2023,2024-09-30,-29,2024-09-01,,
FTSC,2023,2024-09-30,-28,2024-09-02,872.09,2541
FTSC,2023,2024-09-30,-27,2024-09-03,872.09,135
FTSC,2023,2024-09-30,-26,2024-09-04,857.56,1111
FTSC,2023,2024-09-30,-25,2024-09-05,872.09,3315
FTSC,2023,2024-09-30,-24,2024-09-06,872.09,3969
FTSC,2023,2024-09-30,-23,2024-09-07,,
FTSC,2023,2024-09-30,-22,2024-09-08,,
FTSC,2023,2024-09-30,-21,2024-09-09,877.91,618
FTSC,2023,2024-09-30,-20,2024-09-10,843.02,1351
FTSC,2023,2024-09-30,-19,2024-09-11,822.67,481
FTSC,2023,2024-09-30,-18,2024-09-12,822.67,2739
FTSC,2023,2024-09-30,-17,2024-09-13,866.28,5748
FTSC,2023,2024-09-30,-16,2024-09-14,,
FTSC,2023,2024-09-30,-15,2024-09-15,,
FTSC,2023,2024-09-30,-14,2024-09-16,866.28,1581
FTSC,2023,2024-09-30,-13,2024-09-17,877.91,4701
FTSC,2023,2024-09-30,-12,2024-09-18,872.09,3028
FTSC,2023,2024-09-30,-11,2024-09-19,872.09,6313
FTSC,2023,2024-09-30,-10,2024-09-20,872.09,952
FTSC,2023,2024-09-30,-9,2024-09-21,,
FTSC,2023,2024-09-30,-8,2024-09-22,,
FTSC,2023,2024-09-30,-7,2024-09-23,819.77,5529
FTSC,2023,2024-09-30,-6,2024-09-24,872.09,2313
FTSC,2023,2024-09-30,-5,2024-09-25,889.53,3734
FTSC,2023,2024-09-30,-4,2024-09-26,843.02,1342
FTSC,2023,2024-09-30,-3,2024-09-27,781.98,3168
FTSC,2023,2024-09-30,-2,2024-09-28,,
FTSC,2023,2024-09-30,-1,2024-09-29,,
FTSC,2023,2024-09-30,0,2024-09-30,837.21,162
FTSC,2023,2024-09-30,1,2024-10-01,837.21,863
FTSC,2023,2024-09-30,2,2024-10-02,776.16,2048
FTSC,2023,2024-09-30,3,2024-10-03,831.4,8514
FTSC,2023,2024-09-30,4,2024-10-04,831.4,671
FTSC,2023,2024-09-30,5,2024-10-05,,
FTSC,2023,2024-09-30,6,2024-10-06,,
FTSC,2023,2024-09-30,7,2024-10-07,831.4,330
FTSC,2023,2024-09-30,8,2024-10-08,831.4,1385
FTSC,2023,2024-09-30,9,2024-10-09,813.95,7253
FTSC,2023,2024-09-30,10,2024-10-10,811.05,5230
FTSC,2023,2024-09-30,11,2024-10-11,808.14,1326
FTSC,2023,2024-09-30,12,2024-10-12,,
FTSC,2023,2024-09-30,13,2024-10-13,,
FTSC,2023,2024-09-30,14,2024-10-14,837.21,1009
FTSC,2023,2024-09-30,15,2024-10-15,828.49,1502
FTSC,2023,2024-09-30,16,2024-10-16,819.77,142
FTSC,2023,2024-09-30,17,2024-10-17,840.12,6555
FTSC,2023,2024-09-30,18,2024-10-18,837.21,72
FTSC,2023,2024-09-30,19,2024-10-19,,
FTSC,2023,2024-09-30,20,2024-10-20,,
FTSC,2023,2024-09-30,21,2024-10-21,828.49,782
FTSC,2023,2024-09-30,22,2024-10-22,828.49,295
FTSC,2023,2024-09-30,23,2024-10-23,825.58,227
FTSC,2023,2024-09-30,24,2024-10-24,813.95,179
FTSC,2023,2024-09-30,25,2024-10-25,790.7,191
FTSC,2023,2024-09-30,26,2024-10-26,,
FTSC,2023,2024-09-30,27,2024-10-27,,
FTSC,2023,2024-09-30,28,2024-10-28,813.95,1055
FTSC,2023,2024-09-30,29,2024-10-29,813.95,1153
FTSC,2023,2024-09-30,30,2024-10-30,811.05,241
FTSC,2023,2024-09-30,31,2024-10-31,811.05,930
FTSC,2023,2024-09-30,32,2024-11-01,,
FTSC,2023,2024-09-30,33,2024-11-02,,
FTSC,2023,2024-09-30,34,2024-11-03,,
FTSC,2023,2024-09-30,35,2024-11-04,811.05,10723
FTSC,2023,2024-09-30,36,2024-11-05,802.33,2686
FTSC,2023,2024-09-30,37,2024-11-06,813.95,1128
FTSC,2023,2024-09-30,38,2024-11-07,837.21,1963
FTSC,2023,2024-09-30,39,2024-11-08,854.65,2253
FTSC,2023,2024-09-30,40,2024-11-09,,
FTSC,2023,2024-09-30,41,2024-11-10,,
FTSC,2023,2024-09-30,42,2024-11-11,880.81,24504
FTSC,2023,2024-09-30,43,2024-11-12,901.16,21617
FTSC,2023,2024-09-30,44,2024-11-13,924.42,9846
FTSC,2023,2024-09-30,45,2024-11-14,912.79,3016
FTSC,2023,2024-09-30,46,2024-11-15,,
FTSC,2023,2024-09-30,47,2024-11-16,,
FTSC,2023,2024-09-30,48,2024-11-17,,
FTSC,2023,2024-09-30,49,2024-11-18,915.7,8999
FTSC,2023,2024-09-30,50,2024-11-19,924.42,7678
FTSC,2023,2024-09-30,51,2024-11-20,930.23,1480
FTSC,2023,2024-09-30,52,2024-11-21,930.23,13591
FTSC,2023,2024-09-30,53,2024-11-22,912.79,3313
FTSC,2023,2024-09-30,54,2024-11-23,,
FTSC,2023,2024-09-30,55,2024-11-24,,
FTSC,2023,2024-09-30,56,2024-11-25,970.93,8464
FTSC,2023,2024-09-30,57,2024-11-26,965.12,3203
FTSC,2023,2024-09-30,58,2024-11-27,985.47,4927
FTSC,2023,2024-09-30,59,2024-11-28,985.47,4245
FTSC,2023,2024-09-30,60,2024-11-29,1046.51,27969
FTSC,2024,2025-09-30,-60,2025-08-01,2877.91,3215
FTSC,2024,2025-09-30,-59,2025-08-02,,
FTSC,2024,2025-09-30,-58,2025-08-03,,
FTSC,2024,2025-09-30,-57,2025-08-04,2851.74,2380
FTSC,2024,2025-09-30,-56,2025-08-05,2834.3,2715
FTSC,2024,2025-09-30,-55,2025-08-06,2848.84,2567
FTSC,2024,2025-09-30,-54,2025-08-07,,
FTSC,2024,2025-09-30,-53,2025-08-08,2796.51,11785
FTSC,2024,2025-09-30,-52,2025-08-09,,
FTSC,2024,2025-09-30,-51,2025-08-10,,
FTSC,2024,2025-09-30,-50,2025-08-11,2805.23,4503
FTSC,2024,2025-09-30,-49,2025-08-12,2799.42,2806
FTSC,2024,2025-09-30,-48,2025-08-13,2793.6,3507
FTSC,2024,2025-09-30,-47,2025-08-14,2761.63,1362
FTSC,2024,2025-09-30,-46,2025-08-15,,
FTSC,2024,2025-09-30,-45,2025-08-16,,
FTSC,2024,2025-09-30,-44,2025-08-17,,
FTSC,2024,2025-09-30,-43,2025-08-18,2735.47,10317
FTSC,2024,2025-09-30,-42,2025-08-19,2781.98,4780
FTSC,2024,2025-09-30,-41,2025-08-20,2779.07,5518
FTSC,2024,2025-09-30,-40,2025-08-21,2790.7,8716
FTSC,2024,2025-09-30,-39,2025-08-22,2819.77,2899
FTSC,2024,2025-09-30,-38,2025-08-23,,
FTSC,2024,2025-09-30,-37,2025-08-24,,
FTSC,2024,2025-09-30,-36,2025-08-25,2860.47,7632
FTSC,2024,2025-09-30,-35,2025-08-26,2834.3,6877
FTSC,2024,2025-09-30,-34,2025-08-27,2840.12,11617
FTSC,2024,2025-09-30,-33,2025-08-28,2819.77,6214
FTSC,2024,2025-09-30,-32,2025-08-29,2784.88,9349
FTSC,2024,2025-09-30,-31,2025-08-30,,
FTSC,2024,2025-09-30,-30,2025-08-31,,
FTSC,2024,2025-09-30,-29,2025-09-01,2784.88,9712
FTSC,2024,2025-09-30,-28,2025-09-02,2738.37,8291
FTSC,2024,2025-09-30,-27,2025-09-03,2741.28,6590
FTSC,2024,2025-09-30,-26,2025-09-04,,
FTSC,2024,2025-09-30,-25,2025-09-05,2767.44,9334
FTSC,2024,2025-09-30,-24,2025-09-06,,
FTSC,2024,2025-09-30,-23,2025-09-07,,
FTSC,2024,2025-09-30,-22,2025-09-08,2776.16,7755
FTSC,2024,2025-09-30,-21,2025-09-09,2781.98,14513
FTSC,2024,2025-09-30,-20,2025-09-10,2784.88,10825
FTSC,2024,2025-09-30,-19,2025-09-11,2784.88,25046
FTSC,2024,2025-09-30,-18,2025-09-12,2784.88,8261
FTSC,2024,2025-09-30,-17,2025-09-13,,
FTSC,2024,2025-09-30,-16,2025-09-14,,
FTSC,2024,2025-09-30,-15,2025-09-15,2767.44,12752
FTSC,2024,2025-09-30,-14,2025-09-16,2674.42,13827
FTSC,2024,2025-09-30,-13,2025-09-17,2680.23,22467
FTSC,2024,2025-09-30,-12,2025-09-18,2694.77,12053
FTSC,2024,2025-09-30,-11,2025-09-19,2674.42,31021
FTSC,2024,2025-09-30,-10,2025-09-20,,
FTSC,2024,2025-09-30,-9,2025-09-21,,
FTSC,2024,2025-09-30,-8,2025-09-22,2677.33,24606
FTSC,2024,2025-09-30,-7,2025-09-23,2549.42,30878
FTSC,2024,2025-09-30,-6,2025-09-24,2360.47,17681
FTSC,2024,2025-09-30,-5,2025-09-25,2186.05,28165
FTSC,2024,2025-09-30,-4,2025-09-26,2185.0,31731
FTSC,2024,2025-09-30,-3,2025-09-27,,
FTSC,2024,2025-09-30,-2,2025-09-28,,
FTSC,2024,2025-09-30,-1,2025-09-29,2345.0,25841
FTSC,2024,2025-09-30,0,2025-09-30,2520.0,20862
FTSC,2024,2025-09-30,1,2025-10-01,2705.0,26223
FTSC,2024,2025-09-30,2,2025-10-02,2905.0,11254
FTSC,2024,2025-09-30,3,2025-10-03,3120.0,9038
FTSC,2024,2025-09-30,4,2025-10-04,,
FTSC,2024,2025-09-30,5,2025-10-05,,
FTSC,2024,2025-09-30,6,2025-10-06,3350.0,35374
FTSC,2024,2025-09-30,7,2025-10-07,3100.0,29241
FTSC,2024,2025-09-30,8,2025-10-08,2870.0,31234
FTSC,2024,2025-09-30,9,2025-10-09,2705.0,24431
FTSC,2024,2025-09-30,10,2025-10-10,2905.0,8760
FTSC,2024,2025-09-30,11,2025-10-11,,
FTSC,2024,2025-09-30,12,2025-10-12,,
FTSC,2024,2025-09-30,13,2025-10-13,3095.0,28363
FTSC,2024,2025-09-30,14,2025-10-14,3000.0,10456
FTSC,2024,2025-09-30,15,2025-10-15,2995.0,8691
FTSC,2024,2025-09-30,16,2025-10-16,2935.0,3336
FTSC,2024,2025-09-30,17,2025-10-17,2920.0,7726
FTSC,2024,2025-09-30,18,2025-10-18,,
FTSC,2024,2025-09-30,19,2025-10-19,,
FTSC,2024,2025-09-30,20,2025-10-20,2890.0,3870
FTSC,2024,2025-09-30,21,2025-10-21,2930.0,8822
FTSC,2024,2025-09-30,22,2025-10-22,2855.0,7533
FTSC,2024,2025-09-30,23,2025-10-23,2880.0,8112
FTSC,2024,2025-09-30,24,2025-10-24,2920.0,2337
FTSC,2024,2025-09-30,25,2025-10-25,,
FTSC,2024,2025-09-30,26,2025-10-26,,
FTSC,2024,2025-09-30,27,2025-10-27,2885.0,10004
FTSC,2024,2025-09-30,28,2025-10-28,2795.0,6323
FTSC,2024,2025-09-30,29,2025-10-29,2800.0,5067
FTSC,2024,2025-09-30,30,2025-10-30,2600.0,18517
FTSC,2024,2025-09-30,31,2025-10-31,2405.0,15458
FTSC,2024,2025-09-30,32,2025-11-01,,
FTSC,2024,2025-09-30,33,2025-11-02,,
FTSC,2024,2025-09-30,34,2025-11-03,2225.0,8749
FTSC,2024,2025-09-30,35,2025-11-04,2060.0,9792
FTSC,2024,2025-09-30,36,2025-11-05,1910.0,25620
FTSC,2024,2025-09-30,37,2025-11-06,2050.0,8590
FTSC,2024,2025-09-30,38,2025-11-07,2200.0,1313
FTSC,2024,2025-09-30,39,2025-11-08,,
FTSC,2024,2025-09-30,40,2025-11-09,,
FTSC,2024,2025-09-30,41,2025-11-10,2365.0,2455
FTSC,2024,2025-09-30,42,2025-11-11,2540.0,13073
FTSC,2024,2025-09-30,43,2025-11-12,2500.0,4389
FTSC,2024,2025-09-30,44,2025-11-13,2420.0,2122
FTSC,2024,2025-09-30,45,2025-11-14,2350.0,5546
FTSC,2024,2025-09-30,46,2025-11-15,,
FTSC,2024,2025-09-30,47,2025-11-16,,
FTSC,2024,2025-09-30,48,2025-11-17,2325.0,8264
FTSC,2024,2025-09-30,49,2025-11-18,2300.0,2311
FTSC,2024,2025-09-30,50,2025-11-19,2250.0,2403
FTSC,2024,2025-09-30,51,2025-11-20,2295.0,2828
FTSC,2024,2025-09-30,52,2025-11-21,2290.0,3128
FTSC,2024,2025-09-30,53,2025-11-22,,
FTSC,2024,2025-09-30,54,2025-11-23,,
FTSC,2024,2025-09-30,55,2025-11-24,2250.0,2208
FTSC,2024,2025-09-30,56,2025-11-25,2290.0,6083
FTSC,2024,2025-09-30,57,2025-11-26,,
FTSC,2024,2025-09-30,58,2025-11-27,2085.0,10228
FTSC,2024,2025-09-30,59,2025-11-28,2240.0,10104
FTSC,2024,2025-09-30,60,2025-11-29,,
NEIC,2022,2023-09-22,-60,2023-07-24,690.0,0
NEIC,2022,2023-09-22,-59,2023-07-25,690.0,0
NEIC,2022,2023-09-22,-58,2023-07-26,690.0,42
NEIC,2022,2023-09-22,-57,2023-07-27,685.0,502
NEIC,2022,2023-09-22,-56,2023-07-28,700.0,914
NEIC,2022,2023-09-22,-55,2023-07-29,,
NEIC,2022,2023-09-22,-54,2023-07-30,,
NEIC,2022,2023-09-22,-53,2023-07-31,700.0,110
NEIC,2022,2023-09-22,-52,2023-08-01,700.0,0
NEIC,2022,2023-09-22,-51,2023-08-02,700.0,173
NEIC,2022,2023-09-22,-50,2023-08-03,685.0,71
NEIC,2022,2023-09-22,-49,2023-08-04,700.0,2730
NEIC,2022,2023-09-22,-48,2023-08-05,,
NEIC,2022,2023-09-22,-47,2023-08-06,,
NEIC,2022,2023-09-22,-46,2023-08-07,,
NEIC,2022,2023-09-22,-45,2023-08-08,700.0,3
NEIC,2022,2023-09-22,-44,2023-08-09,700.0,10
NEIC,2022,2023-09-22,-43,2023-08-10,680.0,79
NEIC,2022,2023-09-22,-42,2023-08-11,680.0,0
NEIC,2022,2023-09-22,-41,2023-08-12,,
NEIC,2022,2023-09-22,-40,2023-08-13,,
NEIC,2022,2023-09-22,-39,2023-08-14,680.0,0
NEIC,2022,2023-09-22,-38,2023-08-15,,
NEIC,2022,2023-09-22,-37,2023-08-16,680.0,0
NEIC,2022,2023-09-22,-36,2023-08-17,675.0,190
NEIC,2022,2023-09-22,-35,2023-08-18,675.0,300
NEIC,2022,2023-09-22,-34,2023-08-19,,
NEIC,2022,2023-09-22,-33,2023-08-20,,
NEIC,2022,2023-09-22,-32,2023-08-21,675.0,0
NEIC,2022,2023-09-22,-31,2023-08-22,660.0,35
NEIC,2022,2023-09-22,-30,2023-08-23,650.0,225
NEIC,2022,2023-09-22,-29,2023-08-24,645.0,95
NEIC,2022,2023-09-22,-28,2023-08-25,645.0,35
NEIC,2022,2023-09-22,-27,2023-08-26,,
NEIC,2022,2023-09-22,-26,2023-08-27,,
NEIC,2022,2023-09-22,-25,2023-08-28,650.0,71
NEIC,2022,2023-09-22,-24,2023-08-29,630.0,425
NEIC,2022,2023-09-22,-23,2023-08-30,630.0,386
NEIC,2022,2023-09-22,-22,2023-08-31,630.0,41
NEIC,2022,2023-09-22,-21,2023-09-01,610.0,130
NEIC,2022,2023-09-22,-20,2023-09-02,,
NEIC,2022,2023-09-22,-19,2023-09-03,,
NEIC,2022,2023-09-22,-18,2023-09-04,610.0,599
NEIC,2022,2023-09-22,-17,2023-09-05,630.0,96
NEIC,2022,2023-09-22,-16,2023-09-06,630.0,400
NEIC,2022,2023-09-22,-15,2023-09-07,630.0,22
NEIC,2022,2023-09-22,-14,2023-09-08,630.0,484
NEIC,2022,2023-09-22,-13,2023-09-09,,
NEIC,2022,2023-09-22,-12,2023-09-10,,
NEIC,2022,2023-09-22,-11,2023-09-11,630.0,150
NEIC,2022,2023-09-22,-10,2023-09-12,630.0,75
NEIC,2022,2023-09-22,-9,2023-09-13,670.0,1958
NEIC,2022,2023-09-22,-8,2023-09-14,665.0,127
NEIC,2022,2023-09-22,-7,2023-09-15,665.0,3
NEIC,2022,2023-09-22,-6,2023-09-16,,
NEIC,2022,2023-09-22,-5,2023-09-17,,
NEIC,2022,2023-09-22,-4,2023-09-18,660.0,2
NEIC,2022,2023-09-22,-3,2023-09-19,655.0,211
NEIC,2022,2023-09-22,-2,2023-09-20,650.0,485
NEIC,2022,2023-09-22,-1,2023-09-21,650.0,0
NEIC,2022,2023-09-22,0,2023-09-22,650.0,60
NEIC,2022,2023-09-22,1,2023-09-23,,
NEIC,2022,2023-09-22,2,2023-09-24,,
NEIC,2022,2023-09-22,3,2023-09-25,645.0,4
NEIC,2022,2023-09-22,4,2023-09-26,645.0,48
NEIC,2022,2023-09-22,5,2023-09-27,,
NEIC,2022,2023-09-22,6,2023-09-28,640.0,407
NEIC,2022,2023-09-22,7,2023-09-29,640.0,0
NEIC,2022,2023-09-22,8,2023-09-30,,
NEIC,2022,2023-09-22,9,2023-10-01,,
NEIC,2022,2023-09-22,10,2023-10-02,635.0,26
NEIC,2022,2023-09-22,11,2023-10-03,635.0,58
NEIC,2022,2023-09-22,12,2023-10-04,640.0,1209
NEIC,2022,2023-09-22,13,2023-10-05,625.0,270
NEIC,2022,2023-09-22,14,2023-10-06,640.0,1829
NEIC,2022,2023-09-22,15,2023-10-07,,
NEIC,2022,2023-09-22,16,2023-10-08,,
NEIC,2022,2023-09-22,17,2023-10-09,640.0,19
NEIC,2022,2023-09-22,18,2023-10-10,640.0,100
NEIC,2022,2023-09-22,19,2023-10-11,635.0,32
NEIC,2022,2023-09-22,20,2023-10-12,610.0,193
NEIC,2022,2023-09-22,21,2023-10-13,635.0,50
NEIC,2022,2023-09-22,22,2023-10-14,,
NEIC,2022,2023-09-22,23,2023-10-15,,
NEIC,2022,2023-09-22,24,2023-10-16,635.0,103
NEIC,2022,2023-09-22,25,2023-10-17,635.0,0
NEIC,2022,2023-09-22,26,2023-10-18,615.0,34
NEIC,2022,2023-09-22,27,2023-10-19,625.0,19
NEIC,2022,2023-09-22,28,2023-10-20,625.0,6
NEIC,2022,2023-09-22,29,2023-10-21,,
NEIC,2022,2023-09-22,30,2023-10-22,,
NEIC,2022,2023-09-22,31,2023-10-23,620.0,24
NEIC,2022,2023-09-22,32,2023-10-24,615.0,21
NEIC,2022,2023-09-22,33,2023-10-25,610.0,83
NEIC,2022,2023-09-22,34,2023-10-26,615.0,5
NEIC,2022,2023-09-22,35,2023-10-27,620.0,150
NEIC,2022,2023-09-22,36,2023-10-28,,
NEIC,2022,2023-09-22,37,2023-10-29,,
NEIC,2022,2023-09-22,38,2023-10-30,615.0,104
NEIC,2022,2023-09-22,39,2023-10-31,600.0,224
NEIC,2022,2023-09-22,40,2023-11-01,,
NEIC,2022,2023-09-22,41,2023-11-02,590.0,666
NEIC,2022,2023-09-22,42,2023-11-03,590.0,593
NEIC,2022,2023-09-22,43,2023-11-04,,
NEIC,2022,2023-09-22,44,2023-11-05,,
NEIC,2022,2023-09-22,45,2023-11-06,630.0,955
NEIC,2022,2023-09-22,46,2023-11-07,600.0,941
NEIC,2022,2023-09-22,47,2023-11-08,600.0,228
NEIC,2022,2023-09-22,48,2023-11-09,600.0,29
NEIC,2022,2023-09-22,49,2023-11-10,600.0,303
NEIC,2022,2023-09-22,50,2023-11-11,,
NEIC,2022,2023-09-22,51,2023-11-12,,
NEIC,2022,2023-09-22,52,2023-11-13,600.0,25
NEIC,2022,2023-09-22,53,2023-11-14,600.0,102
NEIC,2022,2023-09-22,54,2023-11-15,,
NEIC,2022,2023-09-22,55,2023-11-16,600.0,74
NEIC,2022,2023-09-22,56,2023-11-17,600.0,3
NEIC,2022,2023-09-22,57,2023-11-18,,
NEIC,2022,2023-09-22,58,2023-11-19,,
NEIC,2022,2023-09-22,59,2023-11-20,595.0,239
NEIC,2022,2023-09-22,60,2023-11-21,595.0,196
NEIC,2023,2024-06-25,-60,2024-04-26,745.0,4364
NEIC,2023,2024-06-25,-59,2024-04-27,,
NEIC,2023,2024-06-25,-58,2024-04-28,,
NEIC,2023,2024-06-25,-57,2024-04-29,740.0,2050
NEIC,2023,2024-06-25,-56,2024-04-30,760.0,3050
NEIC,2023,2024-06-25,-55,2024-05-01,,
NEIC,2023,2024-06-25,-54,2024-05-02,765.0,7416
NEIC,2023,2024-06-25,-53,2024-05-03,765.0,811
NEIC,2023,2024-06-25,-52,2024-05-04,,
NEIC,2023,2024-06-25,-51,2024-05-05,,
NEIC,2023,2024-06-25,-50,2024-05-06,760.0,193
NEIC,2023,2024-06-25,-49,2024-05-07,755.0,1066
NEIC,2023,2024-06-25,-48,2024-05-08,755.0,656
NEIC,2023,2024-06-25,-47,2024-05-09,,
NEIC,2023,2024-06-25,-46,2024-05-10,755.0,5531
NEIC,2023,2024-06-25,-45,2024-05-11,,
NEIC,2023,2024-06-25,-44,2024-05-12,,
NEIC,2023,2024-06-25,-43,2024-05-13,750.0,1640
NEIC,2023,2024-06-25,-42,2024-05-14,745.0,25
NEIC,2023,2024-06-25,-41,2024-05-15,745.0,343
NEIC,2023,2024-06-25,-40,2024-05-16,745.0,0
NEIC,2023,2024-06-25,-39,2024-05-17,750.0,2038
NEIC,2023,2024-06-25,-38,2024-05-18,,
NEIC,2023,2024-06-25,-37,2024-05-19,,
NEIC,2023,2024-06-25,-36,2024-05-20,,
NEIC,2023,2024-06-25,-35,2024-05-21,735.0,147
NEIC,2023,2024-06-25,-34,2024-05-22,745.0,1233
NEIC,2023,2024-06-25,-33,2024-05-23,745.0,135
NEIC,2023,2024-06-25,-32,2024-05-24,745.0,38
NEIC,2023,2024-06-25,-31,2024-05-25,,
NEIC,2023,2024-06-25,-30,2024-05-26,,
NEIC,2023,2024-06-25,-29,2024-05-27,765.0,1359
NEIC,2023,2024-06-25,-28,2024-05-28,750.0,2773
NEIC,2023,2024-06-25,-27,2024-05-29,800.0,16102
NEIC,2023,2024-06-25,-26,2024-05-30,845.0,1238
NEIC,2023,2024-06-25,-25,2024-05-31,845.0,1005
NEIC,2023,2024-06-25,-24,2024-06-01,,
NEIC,2023,2024-06-25,-23,2024-06-02,,
NEIC,2023,2024-06-25,-22,2024-06-03,830.0,658
NEIC,2023,2024-06-25,-21,2024-06-04,825.0,406
NEIC,2023,2024-06-25,-20,2024-06-05,840.0,1151
NEIC,2023,2024-06-25,-19,2024-06-06,845.0,588
NEIC,2023,2024-06-25,-18,2024-06-07,835.0,1013
NEIC,2023,2024-06-25,-17,2024-06-08,,
NEIC,2023,2024-06-25,-16,2024-06-09,,
NEIC,2023,2024-06-25,-15,2024-06-10,835.0,657
NEIC,2023,2024-06-25,-14,2024-06-11,835.0,719
NEIC,2023,2024-06-25,-13,2024-06-12,835.0,4342
NEIC,2023,2024-06-25,-12,2024-06-13,870.0,1867
NEIC,2023,2024-06-25,-11,2024-06-14,870.0,320
NEIC,2023,2024-06-25,-10,2024-06-15,,
NEIC,2023,2024-06-25,-9,2024-06-16,,
NEIC,2023,2024-06-25,-8,2024-06-17,,
NEIC,2023,2024-06-25,-7,2024-06-18,870.0,765
NEIC,2023,2024-06-25,-6,2024-06-19,880.0,881
NEIC,2023,2024-06-25,-5,2024-06-20,880.0,850
NEIC,2023,2024-06-25,-4,2024-06-21,850.0,214
NEIC,2023,2024-06-25,-3,2024-06-22,,
NEIC,2023,2024-06-25,-2,2024-06-23,,
NEIC,2023,2024-06-25,-1,2024-06-24,840.0,116
NEIC,2023,2024-06-25,0,2024-06-25,815.0,331
NEIC,2023,2024-06-25,1,2024-06-26,795.0,921
NEIC,2023,2024-06-25,2,2024-06-27,795.0,856
NEIC,2023,2024-06-25,3,2024-06-28,845.0,3574
NEIC,2023,2024-06-25,4,2024-06-29,,
NEIC,2023,2024-06-25,5,2024-06-30,,
NEIC,2023,2024-06-25,6,2024-07-01,795.0,1249
NEIC,2023,2024-06-25,7,2024-07-02,810.0,275
NEIC,2023,2024-06-25,8,2024-07-03,785.0,349
NEIC,2023,2024-06-25,9,2024-07-04,775.0,184
NEIC,2023,2024-06-25,10,2024-07-05,770.0,230
NEIC,2023,2024-06-25,11,2024-07-06,,
NEIC,2023,2024-06-25,12,2024-07-07,,
NEIC,2023,2024-06-25,13,2024-07-08,795.0,915
NEIC,2023,2024-06-25,14,2024-07-09,790.0,950
NEIC,2023,2024-06-25,15,2024-07-10,790.0,83
NEIC,2023,2024-06-25,16,2024-07-11,785.0,13
NEIC,2023,2024-06-25,17,2024-07-12,790.0,105
NEIC,2023,2024-06-25,18,2024-07-13,,
NEIC,2023,2024-06-25,19,2024-07-14,,
NEIC,2023,2024-06-25,20,2024-07-15,790.0,13
NEIC,2023,2024-06-25,21,2024-07-16,780.0,31
NEIC,2023,2024-06-25,22,2024-07-17,775.0,30
NEIC,2023,2024-06-25,23,2024-07-18,770.0,156
NEIC,2023,2024-06-25,24,2024-07-19,770.0,155
NEIC,2023,2024-06-25,25,2024-07-20,,
NEIC,2023,2024-06-25,26,2024-07-21,,
NEIC,2023,2024-06-25,27,2024-07-22,770.0,988
NEIC,2023,2024-06-25,28,2024-07-23,785.0,490
NEIC,2023,2024-06-25,29,2024-07-24,775.0,465
NEIC,2023,2024-06-25,30,2024-07-25,780.0,52
NEIC,2023,2024-06-25,31,2024-07-26,780.0,56
NEIC,2023,2024-06-25,32,2024-07-27,,
NEIC,2023,2024-06-25,33,2024-07-28,,
NEIC,2023,2024-06-25,34,2024-07-29,775.0,348
NEIC,2023,2024-06-25,35,2024-07-30,780.0,53
NEIC,2023,2024-06-25,36,2024-07-31,775.0,1041
NEIC,2023,2024-06-25,37,2024-08-01,775.0,878
NEIC,2023,2024-06-25,38,2024-08-02,770.0,23
NEIC,2023,2024-06-25,39,2024-08-03,,
NEIC,2023,2024-06-25,40,2024-08-04,,
NEIC,2023,2024-06-25,41,2024-08-05,770.0,366
NEIC,2023,2024-06-25,42,2024-08-06,770.0,24
NEIC,2023,2024-06-25,43,2024-08-07,,
NEIC,2023,2024-06-25,44,2024-08-08,765.0,537
NEIC,2023,2024-06-25,45,2024-08-09,765.0,626
NEIC,2023,2024-06-25,46,2024-08-10,,
NEIC,2023,2024-06-25,47,2024-08-11,,
NEIC,2023,2024-06-25,48,2024-08-12,765.0,107
NEIC,2023,2024-06-25,49,2024-08-13,770.0,678
NEIC,2023,2024-06-25,50,2024-08-14,770.0,630
NEIC,2023,2024-06-25,51,2024-08-15,,
NEIC,2023,2024-06-25,52,2024-08-16,765.0,157
NEIC,2023,2024-06-25,53,2024-08-17,,
NEIC,2023,2024-06-25,54,2024-08-18,,
NEIC,2023,2024-06-25,55,2024-08-19,770.0,76
NEIC,2023,2024-06-25,56,2024-08-20,720.0,343
NEIC,2023,2024-06-25,57,2024-08-21,770.0,500
NEIC,2023,2024-06-25,58,2024-08-22,770.0,33
NEIC,2023,2024-06-25,59,2024-08-23,765.0,217
NEIC,2023,2024-06-25,60,2024-08-24,,
NSBC,2022,2023-07-07,-60,2023-05-08,5305.0,481
NSBC,2022,2023-07-07,-59,2023-05-09,5305.0,277
NSBC,2022,2023-07-07,-58,2023-05-10,5005.0,1326
NSBC,2022,2023-07-07,-57,2023-05-11,5005.0,282
NSBC,2022,2023-07-07,-56,2023-05-12,5105.0,327
NSBC,2022,2023-07-07,-55,2023-05-13,,
NSBC,2022,2023-07-07,-54,2023-05-14,,
NSBC,2022,2023-07-07,-53,2023-05-15,5100.0,184
NSBC,2022,2023-07-07,-52,2023-05-16,5100.0,633
NSBC,2022,2023-07-07,-51,2023-05-17,4900.0,626
NSBC,2022,2023-07-07,-50,2023-05-18,,
NSBC,2022,2023-07-07,-49,2023-05-19,5100.0,31
NSBC,2022,2023-07-07,-48,2023-05-20,,
NSBC,2022,2023-07-07,-47,2023-05-21,,
NSBC,2022,2023-07-07,-46,2023-05-22,5100.0,266
NSBC,2022,2023-07-07,-45,2023-05-23,5005.0,295
NSBC,2022,2023-07-07,-44,2023-05-24,5150.0,414
NSBC,2022,2023-07-07,-43,2023-05-25,5100.0,299
NSBC,2022,2023-07-07,-42,2023-05-26,5000.0,847
NSBC,2022,2023-07-07,-41,2023-05-27,,
NSBC,2022,2023-07-07,-40,2023-05-28,,
NSBC,2022,2023-07-07,-39,2023-05-29,,
NSBC,2022,2023-07-07,-38,2023-05-30,5300.0,467
NSBC,2022,2023-07-07,-37,2023-05-31,5290.0,317
NSBC,2022,2023-07-07,-36,2023-06-01,5290.0,106
NSBC,2022,2023-07-07,-35,2023-06-02,5290.0,359
NSBC,2022,2023-07-07,-34,2023-06-03,,
NSBC,2022,2023-07-07,-33,2023-06-04,,
NSBC,2022,2023-07-07,-32,2023-06-05,5290.0,1418
NSBC,2022,2023-07-07,-31,2023-06-06,5295.0,321
NSBC,2022,2023-07-07,-30,2023-06-07,5290.0,92
NSBC,2022,2023-07-07,-29,2023-06-08,5290.0,466
NSBC,2022,2023-07-07,-28,2023-06-09,5285.0,49
NSBC,2022,2023-07-07,-27,2023-06-10,,
NSBC,2022,2023-07-07,-26,2023-06-11,,
NSBC,2022,2023-07-07,-25,2023-06-12,5100.0,110
NSBC,2022,2023-07-07,-24,2023-06-13,5200.0,304
NSBC,2022,2023-07-07,-23,2023-06-14,5180.0,211
NSBC,2022,2023-07-07,-22,2023-06-15,5180.0,163
NSBC,2022,2023-07-07,-21,2023-06-16,5300.0,202
NSBC,2022,2023-07-07,-20,2023-06-17,,
NSBC,2022,2023-07-07,-19,2023-06-18,,
NSBC,2022,2023-07-07,-18,2023-06-19,5290.0,21
NSBC,2022,2023-07-07,-17,2023-06-20,5300.0,313
NSBC,2022,2023-07-07,-16,2023-06-21,5200.0,427
NSBC,2022,2023-07-07,-15,2023-06-22,5250.0,143
NSBC,2022,2023-07-07,-14,2023-06-23,5250.0,4421
NSBC,2022,2023-07-07,-13,2023-06-24,,
NSBC,2022,2023-07-07,-12,2023-06-25,,
NSBC,2022,2023-07-07,-11,2023-06-26,5245.0,112
NSBC,2022,2023-07-07,-10,2023-06-27,5250.0,487
NSBC,2022,2023-07-07,-9,2023-06-28,,
NSBC,2022,2023-07-07,-8,2023-06-29,5250.0,4607
NSBC,2022,2023-07-07,-7,2023-06-30,5245.0,788
NSBC,2022,2023-07-07,-6,2023-07-01,,
NSBC,2022,2023-07-07,-5,2023-07-02,,
NSBC,2022,2023-07-07,-4,2023-07-03,5245.0,2543
NSBC,2022,2023-07-07,-3,2023-07-04,5500.0,276
NSBC,2022,2023-07-07,-2,2023-07-05,5490.0,1617
NSBC,2022,2023-07-07,-1,2023-07-06,5480.0,786
NSBC,2022,2023-07-07,0,2023-07-07,5480.0,192
NSBC,2022,2023-07-07,1,2023-07-08,,
NSBC,2022,2023-07-07,2,2023-07-09,,
NSBC,2022,2023-07-07,3,2023-07-10,5750.0,273
NSBC,2022,2023-07-07,4,2023-07-11,5730.0,2410
NSBC,2022,2023-07-07,5,2023-07-12,5695.0,82
NSBC,2022,2023-07-07,6,2023-07-13,5695.0,942
NSBC,2022,2023-07-07,7,2023-07-14,5510.0,183
NSBC,2022,2023-07-07,8,2023-07-15,,
NSBC,2022,2023-07-07,9,2023-07-16,,
NSBC,2022,2023-07-07,10,2023-07-17,5900.0,3126
NSBC,2022,2023-07-07,11,2023-07-18,5895.0,62
NSBC,2022,2023-07-07,12,2023-07-19,5455.0,759
NSBC,2022,2023-07-07,13,2023-07-20,5400.0,577
NSBC,2022,2023-07-07,14,2023-07-21,5800.0,681
NSBC,2022,2023-07-07,15,2023-07-22,,
NSBC,2022,2023-07-07,16,2023-07-23,,
NSBC,2022,2023-07-07,17,2023-07-24,5795.0,552
NSBC,2022,2023-07-07,18,2023-07-25,5700.0,4
NSBC,2022,2023-07-07,19,2023-07-26,5660.0,57
NSBC,2022,2023-07-07,20,2023-07-27,5685.0,39
NSBC,2022,2023-07-07,21,2023-07-28,5685.0,339
NSBC,2022,2023-07-07,22,2023-07-29,,
NSBC,2022,2023-07-07,23,2023-07-30,,
NSBC,2022,2023-07-07,24,2023-07-31,5700.0,66
NSBC,2022,2023-07-07,25,2023-08-01,5695.0,998
NSBC,2022,2023-07-07,26,2023-08-02,5695.0,74
NSBC,2022,2023-07-07,27,2023-08-03,5450.0,1315
NSBC,2022,2023-07-07,28,2023-08-04,5555.0,196
NSBC,2022,2023-07-07,29,2023-08-05,,
NSBC,2022,2023-07-07,30,2023-08-06,,
NSBC,2022,2023-07-07,31,2023-08-07,,
NSBC,2022,2023-07-07,32,2023-08-08,5555.0,528
NSBC,2022,2023-07-07,33,2023-08-09,5460.0,1072
NSBC,2022,2023-07-07,34,2023-08-10,5400.0,367
NSBC,2022,2023-07-07,35,2023-08-11,5500.0,2170
NSBC,2022,2023-07-07,36,2023-08-12,,
NSBC,2022,2023-07-07,37,2023-08-13,,
NSBC,2022,2023-07-07,38,2023-08-14,5460.0,21
NSBC,2022,2023-07-07,39,2023-08-15,,
NSBC,2022,2023-07-07,40,2023-08-16,5460.0,58
NSBC,2022,2023-07-07,41,2023-08-17,5700.0,1233
NSBC,2022,2023-07-07,42,2023-08-18,5700.0,12
NSBC,2022,2023-07-07,43,2023-08-19,,
NSBC,2022,2023-07-07,44,2023-08-20,,
NSBC,2022,2023-07-07,45,2023-08-21,5460.0,1172
NSBC,2022,2023-07-07,46,2023-08-22,5500.0,134
NSBC,2022,2023-07-07,47,2023-08-23,5500.0,916
NSBC,2022,2023-07-07,48,2023-08-24,5785.0,691
NSBC,2022,2023-07-07,49,2023-08-25,5770.0,1622
NSBC,2022,2023-07-07,50,2023-08-26,,
NSBC,2022,2023-07-07,51,2023-08-27,,
NSBC,2022,2023-07-07,52,2023-08-28,5770.0,5950
NSBC,2022,2023-07-07,53,2023-08-29,5770.0,4328
NSBC,2022,2023-07-07,54,2023-08-30,5800.0,130
NSBC,2022,2023-07-07,55,2023-08-31,5500.0,5300
NSBC,2022,2023-07-07,56,2023-09-01,5910.0,138
NSBC,2022,2023-07-07,57,2023-09-02,,
NSBC,2022,2023-07-07,58,2023-09-03,,
NSBC,2022,2023-07-07,59,2023-09-04,5900.0,119
NSBC,2022,2023-07-07,60,2023-09-05,5900.0,361
NSBC,2023,2024-07-08,-60,2024-05-09,,
NSBC,2023,2024-07-08,-59,2024-05-10,5715.0,1016
NSBC,2023,2024-07-08,-58,2024-05-11,,
NSBC,2023,2024-07-08,-57,2024-05-12,,
NSBC,2023,2024-07-08,-56,2024-05-13,5800.0,396
NSBC,2023,2024-07-08,-55,2024-05-14,5795.0,328
NSBC,2023,2024-07-08,-54,2024-05-15,5795.0,222
NSBC,2023,2024-07-08,-53,2024-05-16,5795.0,1669
NSBC,2023,2024-07-08,-52,2024-05-17,5800.0,711
NSBC,2023,2024-07-08,-51,2024-05-18,,
NSBC,2023,2024-07-08,-50,2024-05-19,,
NSBC,2023,2024-07-08,-49,2024-05-20,,
NSBC,2023,2024-07-08,-48,2024-05-21,5800.0,526
NSBC,2023,2024-07-08,-47,2024-05-22,5800.0,931
NSBC,2023,2024-07-08,-46,2024-05-23,5800.0,962
NSBC,2023,2024-07-08,-45,2024-05-24,6000.0,794
NSBC,2023,2024-07-08,-44,2024-05-25,,
NSBC,2023,2024-07-08,-43,2024-05-26,,
NSBC,2023,2024-07-08,-42,2024-05-27,6000.0,645
NSBC,2023,2024-07-08,-41,2024-05-28,6000.0,182
NSBC,2023,2024-07-08,-40,2024-05-29,6000.0,2503
NSBC,2023,2024-07-08,-39,2024-05-30,6000.0,485
NSBC,2023,2024-07-08,-38,2024-05-31,5995.0,100
NSBC,2023,2024-07-08,-37,2024-06-01,,
NSBC,2023,2024-07-08,-36,2024-06-02,,
NSBC,2023,2024-07-08,-35,2024-06-03,5995.0,2722
NSBC,2023,2024-07-08,-34,2024-06-04,5995.0,1208
NSBC,2023,2024-07-08,-33,2024-06-05,6000.0,1406
NSBC,2023,2024-07-08,-32,2024-06-06,6000.0,1963
NSBC,2023,2024-07-08,-31,2024-06-07,6000.0,616
NSBC,2023,2024-07-08,-30,2024-06-08,,
NSBC,2023,2024-07-08,-29,2024-06-09,,
NSBC,2023,2024-07-08,-28,2024-06-10,5995.0,365
NSBC,2023,2024-07-08,-27,2024-06-11,6300.0,373
NSBC,2023,2024-07-08,-26,2024-06-12,6250.0,801
NSBC,2023,2024-07-08,-25,2024-06-13,6250.0,298
NSBC,2023,2024-07-08,-24,2024-06-14,6250.0,114
NSBC,2023,2024-07-08,-23,2024-06-15,,
NSBC,2023,2024-07-08,-22,2024-06-16,,
NSBC,2023,2024-07-08,-21,2024-06-17,,
NSBC,2023,2024-07-08,-20,2024-06-18,6250.0,1115
NSBC,2023,2024-07-08,-19,2024-06-19,5915.0,904
NSBC,2023,2024-07-08,-18,2024-06-20,6230.0,590
NSBC,2023,2024-07-08,-17,2024-06-21,6250.0,1083
NSBC,2023,2024-07-08,-16,2024-06-22,,
NSBC,2023,2024-07-08,-15,2024-06-23,,
NSBC,2023,2024-07-08,-14,2024-06-24,6230.0,881
NSBC,2023,2024-07-08,-13,2024-06-25,6000.0,3381
NSBC,2023,2024-07-08,-12,2024-06-26,6300.0,2048
NSBC,2023,2024-07-08,-11,2024-06-27,6295.0,112
NSBC,2023,2024-07-08,-10,2024-06-28,6290.0,552
NSBC,2023,2024-07-08,-9,2024-06-29,,
NSBC,2023,2024-07-08,-8,2024-06-30,,
NSBC,2023,2024-07-08,-7,2024-07-01,6295.0,3868
NSBC,2023,2024-07-08,-6,2024-07-02,6300.0,1091
NSBC,2023,2024-07-08,-5,2024-07-03,6300.0,2364
NSBC,2023,2024-07-08,-4,2024-07-04,6285.0,740
NSBC,2023,2024-07-08,-3,2024-07-05,6250.0,826
NSBC,2023,2024-07-08,-2,2024-07-06,,
NSBC,2023,2024-07-08,-1,2024-07-07,,
NSBC,2023,2024-07-08,0,2024-07-08,6150.0,21014
NSBC,2023,2024-07-08,1,2024-07-09,6195.0,378
NSBC,2023,2024-07-08,2,2024-07-10,6195.0,210
NSBC,2023,2024-07-08,3,2024-07-11,6000.0,6479
NSBC,2023,2024-07-08,4,2024-07-12,5995.0,524
NSBC,2023,2024-07-08,5,2024-07-13,,
NSBC,2023,2024-07-08,6,2024-07-14,,
NSBC,2023,2024-07-08,7,2024-07-15,6000.0,403
NSBC,2023,2024-07-08,8,2024-07-16,6000.0,842
NSBC,2023,2024-07-08,9,2024-07-17,6000.0,143
NSBC,2023,2024-07-08,10,2024-07-18,6000.0,219
NSBC,2023,2024-07-08,11,2024-07-19,5995.0,225
NSBC,2023,2024-07-08,12,2024-07-20,,
NSBC,2023,2024-07-08,13,2024-07-21,,
NSBC,2023,2024-07-08,14,2024-07-22,6000.0,247
NSBC,2023,2024-07-08,15,2024-07-23,5925.0,115
NSBC,2023,2024-07-08,16,2024-07-24,5990.0,333
NSBC,2023,2024-07-08,17,2024-07-25,6000.0,645
NSBC,2023,2024-07-08,18,2024-07-26,6000.0,62
NSBC,2023,2024-07-08,19,2024-07-27,,
NSBC,2023,2024-07-08,20,2024-07-28,,
NSBC,2023,2024-07-08,21,2024-07-29,6000.0,240
NSBC,2023,2024-07-08,22,2024-07-30,5905.0,1674
NSBC,2023,2024-07-08,23,2024-07-31,5995.0,850
NSBC,2023,2024-07-08,24,2024-08-01,5995.0,538
NSBC,2023,2024-07-08,25,2024-08-02,5980.0,750
NSBC,2023,2024-07-08,26,2024-08-03,,
NSBC,2023,2024-07-08,27,2024-08-04,,
NSBC,2023,2024-07-08,28,2024-08-05,5980.0,1625
NSBC,2023,2024-07-08,29,2024-08-06,5990.0,418
NSBC,2023,2024-07-08,30,2024-08-07,,
NSBC,2023,2024-07-08,31,2024-08-08,6000.0,468
NSBC,2023,2024-07-08,32,2024-08-09,5980.0,699
NSBC,2023,2024-07-08,33,2024-08-10,,
NSBC,2023,2024-07-08,34,2024-08-11,,
NSBC,2023,2024-07-08,35,2024-08-12,5950.0,987
NSBC,2023,2024-07-08,36,2024-08-13,6275.0,3848
NSBC,2023,2024-07-08,37,2024-08-14,6275.0,350
NSBC,2023,2024-07-08,38,2024-08-15,,
NSBC,2023,2024-07-08,39,2024-08-16,6100.0,707
NSBC,2023,2024-07-08,40,2024-08-17,,
NSBC,2023,2024-07-08,41,2024-08-18,,
NSBC,2023,2024-07-08,42,2024-08-19,5990.0,452
NSBC,2023,2024-07-08,43,2024-08-20,5990.0,219
NSBC,2023,2024-07-08,44,2024-08-21,6200.0,258
NSBC,2023,2024-07-08,45,2024-08-22,6100.0,2962
NSBC,2023,2024-07-08,46,2024-08-23,6200.0,638
NSBC,2023,2024-07-08,47,2024-08-24,,
NSBC,2023,2024-07-08,48,2024-08-25,,
NSBC,2023,2024-07-08,49,2024-08-26,6400.0,6748
NSBC,2023,2024-07-08,50,2024-08-27,6495.0,3023
NSBC,2023,2024-07-08,51,2024-08-28,6500.0,1829
NSBC,2023,2024-07-08,52,2024-08-29,6500.0,2232
NSBC,2023,2024-07-08,53,2024-08-30,,
NSBC,2023,2024-07-08,54,2024-08-31,,
NSBC,2023,2024-07-08,55,2024-09-01,,
NSBC,2023,2024-07-08,56,2024-09-02,6495.0,715
NSBC,2023,2024-07-08,57,2024-09-03,6495.0,1169
NSBC,2023,2024-07-08,58,2024-09-04,6495.0,3172
NSBC,2023,2024-07-08,59,2024-09-05,6490.0,528
NSBC,2023,2024-07-08,60,2024-09-06,6490.0,1073
NSBC,2024,2025-07-09,-60,2025-05-10,,
NSBC,2024,2025-07-09,-59,2025-05-11,,
NSBC,2024,2025-07-09,-58,2025-05-12,8690.0,669
NSBC,2024,2025-07-09,-57,2025-05-13,8695.0,2022
NSBC,2024,2025-07-09,-56,2025-05-14,8610.0,1856
NSBC,2024,2025-07-09,-55,2025-05-15,8590.0,2203
NSBC,2024,2025-07-09,-54,2025-05-16,8610.0,4673
NSBC,2024,2025-07-09,-53,2025-05-17,,
NSBC,2024,2025-07-09,-52,2025-05-18,,
NSBC,2024,2025-07-09,-51,2025-05-19,8500.0,2803
NSBC,2024,2025-07-09,-50,2025-05-20,8500.0,2297
NSBC,2024,2025-07-09,-49,2025-05-21,8600.0,2216
NSBC,2024,2025-07-09,-48,2025-05-22,8500.0,2615
NSBC,2024,2025-07-09,-47,2025-05-23,8600.0,7007
NSBC,2024,2025-07-09,-46,2025-05-24,,
NSBC,2024,2025-07-09,-45,2025-05-25,,
NSBC,2024,2025-07-09,-44,2025-05-26,8585.0,3718
NSBC,2024,2025-07-09,-43,2025-05-27,8600.0,4974
NSBC,2024,2025-07-09,-42,2025-05-28,8550.0,11189
NSBC,2024,2025-07-09,-41,2025-05-29,,
NSBC,2024,2025-07-09,-40,2025-05-30,8650.0,4195
NSBC,2024,2025-07-09,-39,2025-05-31,,
NSBC,2024,2025-07-09,-38,2025-06-01,,
NSBC,2024,2025-07-09,-37,2025-06-02,8985.0,913
NSBC,2024,2025-07-09,-36,2025-06-03,9000.0,1341
NSBC,2024,2025-07-09,-35,2025-06-04,9000.0,1241
NSBC,2024,2025-07-09,-34,2025-06-05,8985.0,492
NSBC,2024,2025-07-09,-33,2025-06-06,,
NSBC,2024,2025-07-09,-32,2025-06-07,,
NSBC,2024,2025-07-09,-31,2025-06-08,,
NSBC,2024,2025-07-09,-30,2025-06-09,,
NSBC,2024,2025-07-09,-29,2025-06-10,8700.0,6775
NSBC,2024,2025-07-09,-28,2025-06-11,8995.0,2196
NSBC,2024,2025-07-09,-27,2025-06-12,8800.0,1707
NSBC,2024,2025-07-09,-26,2025-06-13,8800.0,5743
NSBC,2024,2025-07-09,-25,2025-06-14,,
NSBC,2024,2025-07-09,-24,2025-06-15,,
NSBC,2024,2025-07-09,-23,2025-06-16,8990.0,5266
NSBC,2024,2025-07-09,-22,2025-06-17,8990.0,3755
NSBC,2024,2025-07-09,-21,2025-06-18,9375.0,272
NSBC,2024,2025-07-09,-20,2025-06-19,9490.0,1587
NSBC,2024,2025-07-09,-19,2025-06-20,9500.0,3100
NSBC,2024,2025-07-09,-18,2025-06-21,,
NSBC,2024,2025-07-09,-17,2025-06-22,,
NSBC,2024,2025-07-09,-16,2025-06-23,9940.0,859
NSBC,2024,2025-07-09,-15,2025-06-24,9900.0,1609
NSBC,2024,2025-07-09,-14,2025-06-25,10200.0,1642
NSBC,2024,2025-07-09,-13,2025-06-26,10200.0,4601
NSBC,2024,2025-07-09,-12,2025-06-27,10400.0,862
NSBC,2024,2025-07-09,-11,2025-06-28,,
NSBC,2024,2025-07-09,-10,2025-06-29,,
NSBC,2024,2025-07-09,-9,2025-06-30,10210.0,3240
NSBC,2024,2025-07-09,-8,2025-07-01,10200.0,3392
NSBC,2024,2025-07-09,-7,2025-07-02,10200.0,1522
NSBC,2024,2025-07-09,-6,2025-07-03,10200.0,1865
NSBC,2024,2025-07-09,-5,2025-07-04,10200.0,4234
NSBC,2024,2025-07-09,-4,2025-07-05,,
NSBC,2024,2025-07-09,-3,2025-07-06,,
NSBC,2024,2025-07-09,-2,2025-07-07,9850.0,873
NSBC,2024,2025-07-09,-1,2025-07-08,9405.0,2061
NSBC,2024,2025-07-09,0,2025-07-09,9650.0,619
NSBC,2024,2025-07-09,1,2025-07-10,9650.0,1832
NSBC,2024,2025-07-09,2,2025-07-11,9550.0,474
NSBC,2024,2025-07-09,3,2025-07-12,,
NSBC,2024,2025-07-09,4,2025-07-13,,
NSBC,2024,2025-07-09,5,2025-07-14,9450.0,2417
NSBC,2024,2025-07-09,6,2025-07-15,9680.0,1049
NSBC,2024,2025-07-09,7,2025-07-16,9750.0,749
NSBC,2024,2025-07-09,8,2025-07-17,9900.0,1147
NSBC,2024,2025-07-09,9,2025-07-18,9900.0,1377
NSBC,2024,2025-07-09,10,2025-07-19,,
NSBC,2024,2025-07-09,11,2025-07-20,,
NSBC,2024,2025-07-09,12,2025-07-21,9900.0,372
NSBC,2024,2025-07-09,13,2025-07-22,9890.0,782
NSBC,2024,2025-07-09,14,2025-07-23,9750.0,819
NSBC,2024,2025-07-09,15,2025-07-24,9505.0,954
NSBC,2024,2025-07-09,16,2025-07-25,9700.0,125
NSBC,2024,2025-07-09,17,2025-07-26,,
NSBC,2024,2025-07-09,18,2025-07-27,,
NSBC,2024,2025-07-09,19,2025-07-28,9700.0,3303
NSBC,2024,2025-07-09,20,2025-07-29,9695.0,1147
NSBC,2024,2025-07-09,21,2025-07-30,9690.0,863
NSBC,2024,2025-07-09,22,2025-07-31,9600.0,1447
NSBC,2024,2025-07-09,23,2025-08-01,9600.0,1750
NSBC,2024,2025-07-09,24,2025-08-02,,
NSBC,2024,2025-07-09,25,2025-08-03,,
NSBC,2024,2025-07-09,26,2025-08-04,9680.0,394
NSBC,2024,2025-07-09,27,2025-08-05,9680.0,1006
NSBC,2024,2025-07-09,28,2025-08-06,9695.0,2854
NSBC,2024,2025-07-09,29,2025-08-07,,
NSBC,2024,2025-07-09,30,2025-08-08,9600.0,18715
NSBC,2024,2025-07-09,31,2025-08-09,,
NSBC,2024,2025-07-09,32,2025-08-10,,
NSBC,2024,2025-07-09,33,2025-08-11,9500.0,1322
NSBC,2024,2025-07-09,34,2025-08-12,9310.0,1443
NSBC,2024,2025-07-09,35,2025-08-13,9310.0,3017
NSBC,2024,2025-07-09,36,2025-08-14,9390.0,364
NSBC,2024,2025-07-09,37,2025-08-15,,
NSBC,2024,2025-07-09,38,2025-08-16,,
NSBC,2024,2025-07-09,39,2025-08-17,,
NSBC,2024,2025-07-09,40,2025-08-18,9500.0,1013
NSBC,2024,2025-07-09,41,2025-08-19,9600.0,840
NSBC,2024,2025-07-09,42,2025-08-20,9515.0,2771
NSBC,2024,2025-07-09,43,2025-08-21,9500.0,3107
NSBC,2024,2025-07-09,44,2025-08-22,9690.0,411
NSBC,2024,2025-07-09,45,2025-08-23,,
NSBC,2024,2025-07-09,46,2025-08-24,,
NSBC,2024,2025-07-09,47,2025-08-25,9685.0,1751
NSBC,2024,2025-07-09,48,2025-08-26,9760.0,8299
NSBC,2024,2025-07-09,49,2025-08-27,9900.0,1154
NSBC,2024,2025-07-09,50,2025-08-28,9895.0,540
NSBC,2024,2025-07-09,51,2025-08-29,10000.0,4694
NSBC,2024,2025-07-09,52,2025-08-30,,
NSBC,2024,2025-07-09,53,2025-08-31,,
NSBC,2024,2025-07-09,54,2025-09-01,9995.0,678
NSBC,2024,2025-07-09,55,2025-09-02,9950.0,1213
NSBC,2024,2025-07-09,56,2025-09-03,9950.0,675
NSBC,2024,2025-07-09,57,2025-09-04,,
NSBC,2024,2025-07-09,58,2025-09-05,10000.0,1335
NSBC,2024,2025-07-09,59,2025-09-06,,
NSBC,2024,2025-07-09,60,2025-09-07,,
NTLC,2021,2022-08-02,-60,2022-06-03,7000.0,4441
NTLC,2021,2022-08-02,-59,2022-06-04,,
NTLC,2021,2022-08-02,-58,2022-06-05,,
NTLC,2021,2022-08-02,-57,2022-06-06,,
NTLC,2021,2022-08-02,-56,2022-06-07,7350.0,3165
NTLC,2021,2022-08-02,-55,2022-06-08,7205.0,201
NTLC,2021,2022-08-02,-54,2022-06-09,7000.0,601
NTLC,2021,2022-08-02,-53,2022-06-10,6995.0,911
NTLC,2021,2022-08-02,-52,2022-06-11,,
NTLC,2021,2022-08-02,-51,2022-06-12,,
NTLC,2021,2022-08-02,-50,2022-06-13,7000.0,157
NTLC,2021,2022-08-02,-49,2022-06-14,7000.0,2362
NTLC,2021,2022-08-02,-48,2022-06-15,7000.0,616
NTLC,2021,2022-08-02,-47,2022-06-16,7000.0,1735
NTLC,2021,2022-08-02,-46,2022-06-17,7000.0,734
NTLC,2021,2022-08-02,-45,2022-06-18,,
NTLC,2021,2022-08-02,-44,2022-06-19,,
NTLC,2021,2022-08-02,-43,2022-06-20,7000.0,2316
NTLC,2021,2022-08-02,-42,2022-06-21,7100.0,2
NTLC,2021,2022-08-02,-41,2022-06-22,7200.0,3842
NTLC,2021,2022-08-02,-40,2022-06-23,7200.0,246
NTLC,2021,2022-08-02,-39,2022-06-24,7200.0,51
NTLC,2021,2022-08-02,-38,2022-06-25,,
NTLC,2021,2022-08-02,-37,2022-06-26,,
NTLC,2021,2022-08-02,-36,2022-06-27,7000.0,4883
NTLC,2021,2022-08-02,-35,2022-06-28,7190.0,262
NTLC,2021,2022-08-02,-34,2022-06-29,7000.0,1101
NTLC,2021,2022-08-02,-33,2022-06-30,7180.0,7
NTLC,2021,2022-08-02,-32,2022-07-01,7180.0,1078
NTLC,2021,2022-08-02,-31,2022-07-02,,
NTLC,2021,2022-08-02,-30,2022-07-03,,
NTLC,2021,2022-08-02,-29,2022-07-04,7150.0,507
NTLC,2021,2022-08-02,-28,2022-07-05,7180.0,290
NTLC,2021,2022-08-02,-27,2022-07-06,7100.0,376
NTLC,2021,2022-08-02,-26,2022-07-07,7100.0,417
NTLC,2021,2022-08-02,-25,2022-07-08,7000.0,134
NTLC,2021,2022-08-02,-24,2022-07-09,,
NTLC,2021,2022-08-02,-23,2022-07-10,,
NTLC,2021,2022-08-02,-22,2022-07-11,7000.0,1327
NTLC,2021,2022-08-02,-21,2022-07-12,7100.0,105
NTLC,2021,2022-08-02,-20,2022-07-13,7000.0,1461
NTLC,2021,2022-08-02,-19,2022-07-14,7200.0,1831
NTLC,2021,2022-08-02,-18,2022-07-15,7000.0,195
NTLC,2021,2022-08-02,-17,2022-07-16,,
NTLC,2021,2022-08-02,-16,2022-07-17,,
NTLC,2021,2022-08-02,-15,2022-07-18,7200.0,622
NTLC,2021,2022-08-02,-14,2022-07-19,7175.0,139
NTLC,2021,2022-08-02,-13,2022-07-20,7185.0,3742
NTLC,2021,2022-08-02,-12,2022-07-21,7185.0,2389
NTLC,2021,2022-08-02,-11,2022-07-22,7185.0,9200
NTLC,2021,2022-08-02,-10,2022-07-23,,
NTLC,2021,2022-08-02,-9,2022-07-24,,
NTLC,2021,2022-08-02,-8,2022-07-25,7185.0,10462
NTLC,2021,2022-08-02,-7,2022-07-26,7185.0,9208
NTLC,2021,2022-08-02,-6,2022-07-27,7600.0,1363
NTLC,2021,2022-08-02,-5,2022-07-28,7585.0,1077
NTLC,2021,2022-08-02,-4,2022-07-29,6940.0,4703
NTLC,2021,2022-08-02,-3,2022-07-30,,
NTLC,2021,2022-08-02,-2,2022-07-31,,
NTLC,2021,2022-08-02,-1,2022-08-01,6890.0,575
NTLC,2021,2022-08-02,0,2022-08-02,6795.0,67
NTLC,2021,2022-08-02,1,2022-08-03,6750.0,3035
NTLC,2021,2022-08-02,2,2022-08-04,6540.0,68
NTLC,2021,2022-08-02,3,2022-08-05,6590.0,607
NTLC,2021,2022-08-02,4,2022-08-06,,
NTLC,2021,2022-08-02,5,2022-08-07,,
NTLC,2021,2022-08-02,6,2022-08-08,,
NTLC,2021,2022-08-02,7,2022-08-09,6500.0,484
NTLC,2021,2022-08-02,8,2022-08-10,6400.0,3977
NTLC,2021,2022-08-02,9,2022-08-11,6500.0,2685
NTLC,2021,2022-08-02,10,2022-08-12,6495.0,416
NTLC,2021,2022-08-02,11,2022-08-13,,
NTLC,2021,2022-08-02,12,2022-08-14,,
NTLC,2021,2022-08-02,13,2022-08-15,,
NTLC,2021,2022-08-02,14,2022-08-16,6475.0,799
NTLC,2021,2022-08-02,15,2022-08-17,6400.0,192
NTLC,2021,2022-08-02,16,2022-08-18,6400.0,51588
NTLC,2021,2022-08-02,17,2022-08-19,6725.0,3428
NTLC,2021,2022-08-02,18,2022-08-20,,
NTLC,2021,2022-08-02,19,2022-08-21,,
NTLC,2021,2022-08-02,20,2022-08-22,6895.0,1647
NTLC,2021,2022-08-02,21,2022-08-23,6840.0,372
NTLC,2021,2022-08-02,22,2022-08-24,6835.0,43
NTLC,2021,2022-08-02,23,2022-08-25,7000.0,1673
NTLC,2021,2022-08-02,24,2022-08-26,6950.0,11169
NTLC,2021,2022-08-02,25,2022-08-27,,
NTLC,2021,2022-08-02,26,2022-08-28,,
NTLC,2021,2022-08-02,27,2022-08-29,6935.0,99
NTLC,2021,2022-08-02,28,2022-08-30,6920.0,197
NTLC,2021,2022-08-02,29,2022-08-31,7150.0,3649
NTLC,2021,2022-08-02,30,2022-09-01,6895.0,8443
NTLC,2021,2022-08-02,31,2022-09-02,6700.0,218
NTLC,2021,2022-08-02,32,2022-09-03,,
NTLC,2021,2022-08-02,33,2022-09-04,,
NTLC,2021,2022-08-02,34,2022-09-05,6650.0,1635
NTLC,2021,2022-08-02,35,2022-09-06,6155.0,1359
NTLC,2021,2022-08-02,36,2022-09-07,6600.0,27448
NTLC,2021,2022-08-02,37,2022-09-08,6540.0,300
NTLC,2021,2022-08-02,38,2022-09-09,6535.0,66
NTLC,2021,2022-08-02,39,2022-09-10,,
NTLC,2021,2022-08-02,40,2022-09-11,,
NTLC,2021,2022-08-02,41,2022-09-12,6800.0,708
NTLC,2021,2022-08-02,42,2022-09-13,6890.0,2621
NTLC,2021,2022-08-02,43,2022-09-14,6870.0,22665
NTLC,2021,2022-08-02,44,2022-09-15,6850.0,2736
NTLC,2021,2022-08-02,45,2022-09-16,6800.0,1132
NTLC,2021,2022-08-02,46,2022-09-17,,
NTLC,2021,2022-08-02,47,2022-09-18,,
NTLC,2021,2022-08-02,48,2022-09-19,6790.0,222
NTLC,2021,2022-08-02,49,2022-09-20,6495.0,488
NTLC,2021,2022-08-02,50,2022-09-21,6790.0,60576
NTLC,2021,2022-08-02,51,2022-09-22,6785.0,21
NTLC,2021,2022-08-02,52,2022-09-23,6780.0,700
NTLC,2021,2022-08-02,53,2022-09-24,,
NTLC,2021,2022-08-02,54,2022-09-25,,
NTLC,2021,2022-08-02,55,2022-09-26,6790.0,502
NTLC,2021,2022-08-02,56,2022-09-27,6780.0,641
NTLC,2021,2022-08-02,57,2022-09-28,6730.0,82
NTLC,2021,2022-08-02,58,2022-09-29,6730.0,2031
NTLC,2021,2022-08-02,59,2022-09-30,7100.0,3186
NTLC,2021,2022-08-02,60,2022-10-01,,
NTLC,2022,2023-08-08,-60,2023-06-09,7700.0,8
NTLC,2022,2023-08-08,-59,2023-06-10,,
NTLC,2022,2023-08-08,-58,2023-06-11,,
NTLC,2022,2023-08-08,-57,2023-06-12,7700.0,1097
NTLC,2022,2023-08-08,-56,2023-06-13,7700.0,59
NTLC,2022,2023-08-08,-55,2023-06-14,7695.0,15
NTLC,2022,2023-08-08,-54,2023-06-15,7695.0,1
NTLC,2022,2023-08-08,-53,2023-06-16,7725.0,370
NTLC,2022,2023-08-08,-52,2023-06-17,,
NTLC,2022,2023-08-08,-51,2023-06-18,,
NTLC,2022,2023-08-08,-50,2023-06-19,7695.0,16
NTLC,2022,2023-08-08,-49,2023-06-20,7670.0,838
NTLC,2022,2023-08-08,-48,2023-06-21,7665.0,47
NTLC,2022,2023-08-08,-47,2023-06-22,7650.0,132
NTLC,2022,2023-08-08,-46,2023-06-23,7650.0,1678
NTLC,2022,2023-08-08,-45,2023-06-24,,
NTLC,2022,2023-08-08,-44,2023-06-25,,
NTLC,2022,2023-08-08,-43,2023-06-26,7695.0,155
NTLC,2022,2023-08-08,-42,2023-06-27,7640.0,551
NTLC,2022,2023-08-08,-41,2023-06-28,,
NTLC,2022,2023-08-08,-40,2023-06-29,7695.0,439
NTLC,2022,2023-08-08,-39,2023-06-30,7695.0,1
NTLC,2022,2023-08-08,-38,2023-07-01,,
NTLC,2022,2023-08-08,-37,2023-07-02,,
NTLC,2022,2023-08-08,-36,2023-07-03,7695.0,574
NTLC,2022,2023-08-08,-35,2023-07-04,7695.0,784
NTLC,2022,2023-08-08,-34,2023-07-05,7695.0,131
NTLC,2022,2023-08-08,-33,2023-07-06,7685.0,617
NTLC,2022,2023-08-08,-32,2023-07-07,7705.0,313
NTLC,2022,2023-08-08,-31,2023-07-08,,
NTLC,2022,2023-08-08,-30,2023-07-09,,
NTLC,2022,2023-08-08,-29,2023-07-10,7900.0,1562
NTLC,2022,2023-08-08,-28,2023-07-11,7935.0,389
NTLC,2022,2023-08-08,-27,2023-07-12,7935.0,30
NTLC,2022,2023-08-08,-26,2023-07-13,7935.0,300
NTLC,2022,2023-08-08,-25,2023-07-14,8095.0,391
NTLC,2022,2023-08-08,-24,2023-07-15,,
NTLC,2022,2023-08-08,-23,2023-07-16,,
NTLC,2022,2023-08-08,-22,2023-07-17,7995.0,36
NTLC,2022,2023-08-08,-21,2023-07-18,8290.0,2093
NTLC,2022,2023-08-08,-20,2023-07-19,8300.0,112
NTLC,2022,2023-08-08,-19,2023-07-20,8290.0,379
NTLC,2022,2023-08-08,-18,2023-07-21,8350.0,2939
NTLC,2022,2023-08-08,-17,2023-07-22,,
NTLC,2022,2023-08-08,-16,2023-07-23,,
NTLC,2022,2023-08-08,-15,2023-07-24,8300.0,509
NTLC,2022,2023-08-08,-14,2023-07-25,8300.0,1140
NTLC,2022,2023-08-08,-13,2023-07-26,8340.0,389
NTLC,2022,2023-08-08,-12,2023-07-27,8500.0,4668
NTLC,2022,2023-08-08,-11,2023-07-28,9000.0,1081
NTLC,2022,2023-08-08,-10,2023-07-29,,
NTLC,2022,2023-08-08,-9,2023-07-30,,
NTLC,2022,2023-08-08,-8,2023-07-31,9295.0,863
NTLC,2022,2023-08-08,-7,2023-08-01,9200.0,1772
NTLC,2022,2023-08-08,-6,2023-08-02,9190.0,60727
NTLC,2022,2023-08-08,-5,2023-08-03,8990.0,748
NTLC,2022,2023-08-08,-4,2023-08-04,8800.0,501
NTLC,2022,2023-08-08,-3,2023-08-05,,
NTLC,2022,2023-08-08,-2,2023-08-06,,
NTLC,2022,2023-08-08,-1,2023-08-07,,
NTLC,2022,2023-08-08,0,2023-08-08,8600.0,107
NTLC,2022,2023-08-08,1,2023-08-09,8505.0,10675
NTLC,2022,2023-08-08,2,2023-08-10,8500.0,6233
NTLC,2022,2023-08-08,3,2023-08-11,8495.0,256
NTLC,2022,2023-08-08,4,2023-08-12,,
NTLC,2022,2023-08-08,5,2023-08-13,,
NTLC,2022,2023-08-08,6,2023-08-14,8490.0,924
NTLC,2022,2023-08-08,7,2023-08-15,,
NTLC,2022,2023-08-08,8,2023-08-16,8485.0,21
NTLC,2022,2023-08-08,9,2023-08-17,8395.0,376
NTLC,2022,2023-08-08,10,2023-08-18,8390.0,1853
NTLC,2022,2023-08-08,11,2023-08-19,,
NTLC,2022,2023-08-08,12,2023-08-20,,
NTLC,2022,2023-08-08,13,2023-08-21,8385.0,652
NTLC,2022,2023-08-08,14,2023-08-22,8390.0,3971
NTLC,2022,2023-08-08,15,2023-08-23,8490.0,18
NTLC,2022,2023-08-08,16,2023-08-24,8415.0,344
NTLC,2022,2023-08-08,17,2023-08-25,8480.0,253
NTLC,2022,2023-08-08,18,2023-08-26,,
NTLC,2022,2023-08-08,19,2023-08-27,,
NTLC,2022,2023-08-08,20,2023-08-28,8480.0,413
NTLC,2022,2023-08-08,21,2023-08-29,8300.0,51
NTLC,2022,2023-08-08,22,2023-08-30,8300.0,1
NTLC,2022,2023-08-08,23,2023-08-31,8150.0,61
NTLC,2022,2023-08-08,24,2023-09-01,8150.0,346
NTLC,2022,2023-08-08,25,2023-09-02,,
NTLC,2022,2023-08-08,26,2023-09-03,,
NTLC,2022,2023-08-08,27,2023-09-04,8150.0,53
NTLC,2022,2023-08-08,28,2023-09-05,8300.0,2417
NTLC,2022,2023-08-08,29,2023-09-06,8295.0,1171
NTLC,2022,2023-08-08,30,2023-09-07,8300.0,590
NTLC,2022,2023-08-08,31,2023-09-08,8480.0,249
NTLC,2022,2023-08-08,32,2023-09-09,,
NTLC,2022,2023-08-08,33,2023-09-10,,
NTLC,2022,2023-08-08,34,2023-09-11,8480.0,1044
NTLC,2022,2023-08-08,35,2023-09-12,8475.0,106
NTLC,2022,2023-08-08,36,2023-09-13,8475.0,109
NTLC,2022,2023-08-08,37,2023-09-14,8485.0,887
NTLC,2022,2023-08-08,38,2023-09-15,8480.0,12868
NTLC,2022,2023-08-08,39,2023-09-16,,
NTLC,2022,2023-08-08,40,2023-09-17,,
NTLC,2022,2023-08-08,41,2023-09-18,8380.0,30
NTLC,2022,2023-08-08,42,2023-09-19,8350.0,35
NTLC,2022,2023-08-08,43,2023-09-20,8575.0,1314
NTLC,2022,2023-08-08,44,2023-09-21,8570.0,1151
NTLC,2022,2023-08-08,45,2023-09-22,8500.0,85
NTLC,2022,2023-08-08,46,2023-09-23,,
NTLC,2022,2023-08-08,47,2023-09-24,,
NTLC,2022,2023-08-08,48,2023-09-25,8575.0,599
NTLC,2022,2023-08-08,49,2023-09-26,9180.0,652
NTLC,2022,2023-08-08,50,2023-09-27,,
NTLC,2022,2023-08-08,51,2023-09-28,9400.0,441
NTLC,2022,2023-08-08,52,2023-09-29,9400.0,0
NTLC,2022,2023-08-08,53,2023-09-30,,
NTLC,2022,2023-08-08,54,2023-10-01,,
NTLC,2022,2023-08-08,55,2023-10-02,8695.0,89
NTLC,2022,2023-08-08,56,2023-10-03,8045.0,635
NTLC,2022,2023-08-08,57,2023-10-04,7445.0,1376
NTLC,2022,2023-08-08,58,2023-10-05,7445.0,2779
NTLC,2022,2023-08-08,59,2023-10-06,7895.0,1615
NTLC,2022,2023-08-08,60,2023-10-07,,
NTLC,2023,2024-08-20,-60,2024-06-21,7495.0,4197
NTLC,2023,2024-08-20,-59,2024-06-22,,
NTLC,2023,2024-08-20,-58,2024-06-23,,
NTLC,2023,2024-08-20,-57,2024-06-24,7500.0,2178
NTLC,2023,2024-08-20,-56,2024-06-25,7500.0,2822
NTLC,2023,2024-08-20,-55,2024-06-26,7500.0,551
NTLC,2023,2024-08-20,-54,2024-06-27,7500.0,2207
NTLC,2023,2024-08-20,-53,2024-06-28,7500.0,2375
NTLC,2023,2024-08-20,-52,2024-06-29,,
NTLC,2023,2024-08-20,-51,2024-06-30,,
NTLC,2023,2024-08-20,-50,2024-07-01,7500.0,1958
NTLC,2023,2024-08-20,-49,2024-07-02,7390.0,2267
NTLC,2023,2024-08-20,-48,2024-07-03,7495.0,2968
NTLC,2023,2024-08-20,-47,2024-07-04,7500.0,30663
NTLC,2023,2024-08-20,-46,2024-07-05,7800.0,3046
NTLC,2023,2024-08-20,-45,2024-07-06,,
NTLC,2023,2024-08-20,-44,2024-07-07,,
NTLC,2023,2024-08-20,-43,2024-07-08,7500.0,1916
NTLC,2023,2024-08-20,-42,2024-07-09,7500.0,3292
NTLC,2023,2024-08-20,-41,2024-07-10,7500.0,4654
NTLC,2023,2024-08-20,-40,2024-07-11,7400.0,4621
NTLC,2023,2024-08-20,-39,2024-07-12,7400.0,1052
NTLC,2023,2024-08-20,-38,2024-07-13,,
NTLC,2023,2024-08-20,-37,2024-07-14,,
NTLC,2023,2024-08-20,-36,2024-07-15,7450.0,3629
NTLC,2023,2024-08-20,-35,2024-07-16,7500.0,1815
NTLC,2023,2024-08-20,-34,2024-07-17,7500.0,1349
NTLC,2023,2024-08-20,-33,2024-07-18,7500.0,678
NTLC,2023,2024-08-20,-32,2024-07-19,7500.0,1081
NTLC,2023,2024-08-20,-31,2024-07-20,,
NTLC,2023,2024-08-20,-30,2024-07-21,,
NTLC,2023,2024-08-20,-29,2024-07-22,7500.0,2898
NTLC,2023,2024-08-20,-28,2024-07-23,7500.0,1308
NTLC,2023,2024-08-20,-27,2024-07-24,7500.0,983
NTLC,2023,2024-08-20,-26,2024-07-25,7500.0,4455
NTLC,2023,2024-08-20,-25,2024-07-26,7780.0,4748
NTLC,2023,2024-08-20,-24,2024-07-27,,
NTLC,2023,2024-08-20,-23,2024-07-28,,
NTLC,2023,2024-08-20,-22,2024-07-29,7600.0,465
NTLC,2023,2024-08-20,-21,2024-07-30,7750.0,3744
NTLC,2023,2024-08-20,-20,2024-07-31,8000.0,6997
NTLC,2023,2024-08-20,-19,2024-08-01,7500.0,1702
NTLC,2023,2024-08-20,-18,2024-08-02,7790.0,11806
NTLC,2023,2024-08-20,-17,2024-08-03,,
NTLC,2023,2024-08-20,-16,2024-08-04,,
NTLC,2023,2024-08-20,-15,2024-08-05,7775.0,7679
NTLC,2023,2024-08-20,-14,2024-08-06,7795.0,5711
NTLC,2023,2024-08-20,-13,2024-08-07,,
NTLC,2023,2024-08-20,-12,2024-08-08,7700.0,10496
NTLC,2023,2024-08-20,-11,2024-08-09,7675.0,6474
NTLC,2023,2024-08-20,-10,2024-08-10,,
NTLC,2023,2024-08-20,-9,2024-08-11,,
NTLC,2023,2024-08-20,-8,2024-08-12,7500.0,946
NTLC,2023,2024-08-20,-7,2024-08-13,7500.0,4573
NTLC,2023,2024-08-20,-6,2024-08-14,7500.0,4353
NTLC,2023,2024-08-20,-5,2024-08-15,,
NTLC,2023,2024-08-20,-4,2024-08-16,7150.0,1080
NTLC,2023,2024-08-20,-3,2024-08-17,,
NTLC,2023,2024-08-20,-2,2024-08-18,,
NTLC,2023,2024-08-20,-1,2024-08-19,7180.0,4519
NTLC,2023,2024-08-20,0,2024-08-20,7175.0,2211
NTLC,2023,2024-08-20,1,2024-08-21,7185.0,5085
NTLC,2023,2024-08-20,2,2024-08-22,7190.0,8005
NTLC,2023,2024-08-20,3,2024-08-23,7150.0,2240
NTLC,2023,2024-08-20,4,2024-08-24,,
NTLC,2023,2024-08-20,5,2024-08-25,,
NTLC,2023,2024-08-20,6,2024-08-26,7100.0,2947
NTLC,2023,2024-08-20,7,2024-08-27,7095.0,6342
NTLC,2023,2024-08-20,8,2024-08-28,6990.0,3546
NTLC,2023,2024-08-20,9,2024-08-29,6950.0,1906
NTLC,2023,2024-08-20,10,2024-08-30,,
NTLC,2023,2024-08-20,11,2024-08-31,,
NTLC,2023,2024-08-20,12,2024-09-01,,
NTLC,2023,2024-08-20,13,2024-09-02,7050.0,887
NTLC,2023,2024-08-20,14,2024-09-03,7000.0,3697
NTLC,2023,2024-08-20,15,2024-09-04,7150.0,3146
NTLC,2023,2024-08-20,16,2024-09-05,7000.0,1923
NTLC,2023,2024-08-20,17,2024-09-06,7000.0,2346
NTLC,2023,2024-08-20,18,2024-09-07,,
NTLC,2023,2024-08-20,19,2024-09-08,,
NTLC,2023,2024-08-20,20,2024-09-09,7000.0,2660
NTLC,2023,2024-08-20,21,2024-09-10,7000.0,3535
NTLC,2023,2024-08-20,22,2024-09-11,7000.0,1570
NTLC,2023,2024-08-20,23,2024-09-12,7095.0,1275
NTLC,2023,2024-08-20,24,2024-09-13,7000.0,1499
NTLC,2023,2024-08-20,25,2024-09-14,,
NTLC,2023,2024-08-20,26,2024-09-15,,
NTLC,2023,2024-08-20,27,2024-09-16,7000.0,1435
NTLC,2023,2024-08-20,28,2024-09-17,6965.0,2387
NTLC,2023,2024-08-20,29,2024-09-18,7000.0,3107
NTLC,2023,2024-08-20,30,2024-09-19,7000.0,1989
NTLC,2023,2024-08-20,31,2024-09-20,7000.0,5440
NTLC,2023,2024-08-20,32,2024-09-21,,
NTLC,2023,2024-08-20,33,2024-09-22,,
NTLC,2023,2024-08-20,34,2024-09-23,7000.0,4484
NTLC,2023,2024-08-20,35,2024-09-24,7000.0,4853
NTLC,2023,2024-08-20,36,2024-09-25,7000.0,1891
NTLC,2023,2024-08-20,37,2024-09-26,7000.0,5310
NTLC,2023,2024-08-20,38,2024-09-27,7000.0,1063
NTLC,2023,2024-08-20,39,2024-09-28,,
NTLC,2023,2024-08-20,40,2024-09-29,,
NTLC,2023,2024-08-20,41,2024-09-30,7000.0,6944
NTLC,2023,2024-08-20,42,2024-10-01,7000.0,2389
NTLC,2023,2024-08-20,43,2024-10-02,7000.0,1604
NTLC,2023,2024-08-20,44,2024-10-03,7000.0,3555
NTLC,2023,2024-08-20,45,2024-10-04,7000.0,1674
NTLC,2023,2024-08-20,46,2024-10-05,,
NTLC,2023,2024-08-20,47,2024-10-06,,
NTLC,2023,2024-08-20,48,2024-10-07,7000.0,3354
NTLC,2023,2024-08-20,49,2024-10-08,6990.0,13354
NTLC,2023,2024-08-20,50,2024-10-09,6995.0,1209
NTLC,2023,2024-08-20,51,2024-10-10,6990.0,849
NTLC,2023,2024-08-20,52,2024-10-11,6985.0,1574
NTLC,2023,2024-08-20,53,2024-10-12,,
NTLC,2023,2024-08-20,54,2024-10-13,,
NTLC,2023,2024-08-20,55,2024-10-14,6990.0,1491
NTLC,2023,2024-08-20,56,2024-10-15,6990.0,72572
NTLC,2023,2024-08-20,57,2024-10-16,6990.0,4425
NTLC,2023,2024-08-20,58,2024-10-17,6990.0,48362
NTLC,2023,2024-08-20,59,2024-10-18,7125.0,25411
NTLC,2023,2024-08-20,60,2024-10-19,,
NTLC,2024,2025-08-18,-60,2025-06-19,11100.0,174
NTLC,2024,2025-08-18,-59,2025-06-20,11150.0,2561
NTLC,2024,2025-08-18,-58,2025-06-21,,
NTLC,2024,2025-08-18,-57,2025-06-22,,
NTLC,2024,2025-08-18,-56,2025-06-23,11150.0,859
NTLC,2024,2025-08-18,-55,2025-06-24,11150.0,500
NTLC,2024,2025-08-18,-54,2025-06-25,11150.0,10808
NTLC,2024,2025-08-18,-53,2025-06-26,11145.0,85
NTLC,2024,2025-08-18,-52,2025-06-27,11050.0,594
NTLC,2024,2025-08-18,-51,2025-06-28,,
NTLC,2024,2025-08-18,-50,2025-06-29,,
NTLC,2024,2025-08-18,-49,2025-06-30,11140.0,138
NTLC,2024,2025-08-18,-48,2025-07-01,11150.0,3878
NTLC,2024,2025-08-18,-47,2025-07-02,11345.0,4264
NTLC,2024,2025-08-18,-46,2025-07-03,11345.0,457
NTLC,2024,2025-08-18,-45,2025-07-04,11340.0,820
NTLC,2024,2025-08-18,-44,2025-07-05,,
NTLC,2024,2025-08-18,-43,2025-07-06,,
NTLC,2024,2025-08-18,-42,2025-07-07,11335.0,1739
NTLC,2024,2025-08-18,-41,2025-07-08,11300.0,1614
NTLC,2024,2025-08-18,-40,2025-07-09,11310.0,980
NTLC,2024,2025-08-18,-39,2025-07-10,11350.0,690
NTLC,2024,2025-08-18,-38,2025-07-11,11350.0,395
NTLC,2024,2025-08-18,-37,2025-07-12,,
NTLC,2024,2025-08-18,-36,2025-07-13,,
NTLC,2024,2025-08-18,-35,2025-07-14,11300.0,480
NTLC,2024,2025-08-18,-34,2025-07-15,11500.0,11840
NTLC,2024,2025-08-18,-33,2025-07-16,11800.0,680
NTLC,2024,2025-08-18,-32,2025-07-17,11800.0,1207
NTLC,2024,2025-08-18,-31,2025-07-18,11800.0,1562
NTLC,2024,2025-08-18,-30,2025-07-19,,
NTLC,2024,2025-08-18,-29,2025-07-20,,
NTLC,2024,2025-08-18,-28,2025-07-21,11700.0,536
NTLC,2024,2025-08-18,-27,2025-07-22,11800.0,694
NTLC,2024,2025-08-18,-26,2025-07-23,11900.0,8033
NTLC,2024,2025-08-18,-25,2025-07-24,11800.0,5790
NTLC,2024,2025-08-18,-24,2025-07-25,11950.0,6216
NTLC,2024,2025-08-18,-23,2025-07-26,,
NTLC,2024,2025-08-18,-22,2025-07-27,,
NTLC,2024,2025-08-18,-21,2025-07-28,11950.0,1962
NTLC,2024,2025-08-18,-20,2025-07-29,11955.0,880
NTLC,2024,2025-08-18,-19,2025-07-30,12000.0,7014
NTLC,2024,2025-08-18,-18,2025-07-31,12005.0,1699
NTLC,2024,2025-08-18,-17,2025-08-01,12100.0,153
NTLC,2024,2025-08-18,-16,2025-08-02,,
NTLC,2024,2025-08-18,-15,2025-08-03,,
NTLC,2024,2025-08-18,-14,2025-08-04,12150.0,879
NTLC,2024,2025-08-18,-13,2025-08-05,12200.0,636
NTLC,2024,2025-08-18,-12,2025-08-06,12200.0,132
NTLC,2024,2025-08-18,-11,2025-08-07,,
NTLC,2024,2025-08-18,-10,2025-08-08,12300.0,2768
NTLC,2024,2025-08-18,-9,2025-08-09,,
NTLC,2024,2025-08-18,-8,2025-08-10,,
NTLC,2024,2025-08-18,-7,2025-08-11,12475.0,1210
NTLC,2024,2025-08-18,-6,2025-08-12,12600.0,6458
NTLC,2024,2025-08-18,-5,2025-08-13,12190.0,328
NTLC,2024,2025-08-18,-4,2025-08-14,12100.0,1760
NTLC,2024,2025-08-18,-3,2025-08-15,,
NTLC,2024,2025-08-18,-2,2025-08-16,,
NTLC,2024,2025-08-18,-1,2025-08-17,,
NTLC,2024,2025-08-18,0,2025-08-18,12200.0,2485
NTLC,2024,2025-08-18,1,2025-08-19,12275.0,4469
NTLC,2024,2025-08-18,2,2025-08-20,12200.0,1646
NTLC,2024,2025-08-18,3,2025-08-21,12300.0,683
NTLC,2024,2025-08-18,4,2025-08-22,12300.0,647
NTLC,2024,2025-08-18,5,2025-08-23,,
NTLC,2024,2025-08-18,6,2025-08-24,,
NTLC,2024,2025-08-18,7,2025-08-25,12500.0,15137
NTLC,2024,2025-08-18,8,2025-08-26,12500.0,2296
NTLC,2024,2025-08-18,9,2025-08-27,12600.0,716
NTLC,2024,2025-08-18,10,2025-08-28,12550.0,384
NTLC,2024,2025-08-18,11,2025-08-29,12535.0,378
NTLC,2024,2025-08-18,12,2025-08-30,,
NTLC,2024,2025-08-18,13,2025-08-31,,
NTLC,2024,2025-08-18,14,2025-09-01,12585.0,1202
NTLC,2024,2025-08-18,15,2025-09-02,12580.0,304
NTLC,2024,2025-08-18,16,2025-09-03,13000.0,22901
NTLC,2024,2025-08-18,17,2025-09-04,,
NTLC,2024,2025-08-18,18,2025-09-05,13135.0,1299
NTLC,2024,2025-08-18,19,2025-09-06,,
NTLC,2024,2025-08-18,20,2025-09-07,,
NTLC,2024,2025-08-18,21,2025-09-08,12950.0,1101
NTLC,2024,2025-08-18,22,2025-09-09,12950.0,2110
NTLC,2024,2025-08-18,23,2025-09-10,13100.0,933
NTLC,2024,2025-08-18,24,2025-09-11,13100.0,711
NTLC,2024,2025-08-18,25,2025-09-12,13100.0,743
NTLC,2024,2025-08-18,26,2025-09-13,,
NTLC,2024,2025-08-18,27,2025-09-14,,
NTLC,2024,2025-08-18,28,2025-09-15,13050.0,360
NTLC,2024,2025-08-18,29,2025-09-16,13050.0,447
NTLC,2024,2025-08-18,30,2025-09-17,13050.0,2348
NTLC,2024,2025-08-18,31,2025-09-18,13000.0,597
NTLC,2024,2025-08-18,32,2025-09-19,12850.0,1206
NTLC,2024,2025-08-18,33,2025-09-20,,
NTLC,2024,2025-08-18,34,2025-09-21,,
NTLC,2024,2025-08-18,35,2025-09-22,12905.0,263
NTLC,2024,2025-08-18,36,2025-09-23,12910.0,764
NTLC,2024,2025-08-18,37,2025-09-24,12915.0,496
NTLC,2024,2025-08-18,38,2025-09-25,12915.0,680
NTLC,2024,2025-08-18,39,2025-09-26,13000.0,1269
NTLC,2024,2025-08-18,40,2025-09-27,,
NTLC,2024,2025-08-18,41,2025-09-28,,
NTLC,2024,2025-08-18,42,2025-09-29,12935.0,196
NTLC,2024,2025-08-18,43,2025-09-30,12935.0,890
NTLC,2024,2025-08-18,44,2025-10-01,13000.0,80
NTLC,2024,2025-08-18,45,2025-10-02,13000.0,808
NTLC,2024,2025-08-18,46,2025-10-03,13050.0,530
NTLC,2024,2025-08-18,47,2025-10-04,,
NTLC,2024,2025-08-18,48,2025-10-05,,
NTLC,2024,2025-08-18,49,2025-10-06,13100.0,420
NTLC,2024,2025-08-18,50,2025-10-07,13135.0,2182
NTLC,2024,2025-08-18,51,2025-10-08,13135.0,172
NTLC,2024,2025-08-18,52,2025-10-09,13135.0,1173
NTLC,2024,2025-08-18,53,2025-10-10,13125.0,513
NTLC,2024,2025-08-18,54,2025-10-11,,
NTLC,2024,2025-08-18,55,2025-10-12,,
NTLC,2024,2025-08-18,56,2025-10-13,13125.0,796
NTLC,2024,2025-08-18,57,2025-10-14,13245.0,457
NTLC,2024,2025-08-18,58,2025-10-15,13200.0,530
NTLC,2024,2025-08-18,59,2025-10-16,13180.0,1080
NTLC,2024,2025-08-18,60,2025-10-17,13400.0,1403
ONTBF,2021,2022-06-15,-60,2022-04-16,,
ONTBF,2021,2022-06-15,-59,2022-04-17,,
ONTBF,2021,2022-06-15,-58,2022-04-18,,
ONTBF,2021,2022-06-15,-57,2022-04-19,1590.0,31217
ONTBF,2021,2022-06-15,-56,2022-04-20,1599.0,32322
ONTBF,2021,2022-06-15,-55,2022-04-21,1599.5,35859
ONTBF,2021,2022-06-15,-54,2022-04-22,1599.5,9525
ONTBF,2021,2022-06-15,-53,2022-04-23,,
ONTBF,2021,2022-06-15,-52,2022-04-24,,
ONTBF,2021,2022-06-15,-51,2022-04-25,1599.0,4228
ONTBF,2021,2022-06-15,-50,2022-04-26,1599.0,2520
ONTBF,2021,2022-06-15,-49,2022-04-27,1591.5,5431
ONTBF,2021,2022-06-15,-48,2022-04-28,,
ONTBF,2021,2022-06-15,-47,2022-04-29,1595.0,6743
ONTBF,2021,2022-06-15,-46,2022-04-30,,
ONTBF,2021,2022-06-15,-45,2022-05-01,,
ONTBF,2021,2022-06-15,-44,2022-05-02,,
ONTBF,2021,2022-06-15,-43,2022-05-03,1594.5,1429
ONTBF,2021,2022-06-15,-42,2022-05-04,1597.5,8574
ONTBF,2021,2022-06-15,-41,2022-05-05,1600.0,47176
ONTBF,2021,2022-06-15,-40,2022-05-06,1600.0,28383
ONTBF,2021,2022-06-15,-39,2022-05-07,,
ONTBF,2021,2022-06-15,-38,2022-05-08,,
ONTBF,2021,2022-06-15,-37,2022-05-09,1600.0,10588
ONTBF,2021,2022-06-15,-36,2022-05-10,1600.0,10314
ONTBF,2021,2022-06-15,-35,2022-05-11,1600.0,1835
ONTBF,2021,2022-06-15,-34,2022-05-12,1598.0,7678
ONTBF,2021,2022-06-15,-33,2022-05-13,1643.0,86136
ONTBF,2021,2022-06-15,-32,2022-05-14,,
ONTBF,2021,2022-06-15,-31,2022-05-15,,
ONTBF,2021,2022-06-15,-30,2022-05-16,1556.5,249
ONTBF,2021,2022-06-15,-29,2022-05-17,1500.0,3211
ONTBF,2021,2022-06-15,-28,2022-05-18,1472.5,610
ONTBF,2021,2022-06-15,-27,2022-05-19,1472.0,1833
ONTBF,2021,2022-06-15,-26,2022-05-20,1450.0,6944
ONTBF,2021,2022-06-15,-25,2022-05-21,,
ONTBF,2021,2022-06-15,-24,2022-05-22,,
ONTBF,2021,2022-06-15,-23,2022-05-23,1450.0,14784
ONTBF,2021,2022-06-15,-22,2022-05-24,1451.0,36015
ONTBF,2021,2022-06-15,-21,2022-05-25,1460.0,35571
ONTBF,2021,2022-06-15,-20,2022-05-26,,
ONTBF,2021,2022-06-15,-19,2022-05-27,1460.0,2856
ONTBF,2021,2022-06-15,-18,2022-05-28,,
ONTBF,2021,2022-06-15,-17,2022-05-29,,
ONTBF,2021,2022-06-15,-16,2022-05-30,1465.0,5560
ONTBF,2021,2022-06-15,-15,2022-05-31,1475.0,2996
ONTBF,2021,2022-06-15,-14,2022-06-01,1465.0,18668
ONTBF,2021,2022-06-15,-13,2022-06-02,1465.0,6441
ONTBF,2021,2022-06-15,-12,2022-06-03,1456.0,1438
ONTBF,2021,2022-06-15,-11,2022-06-04,,
ONTBF,2021,2022-06-15,-10,2022-06-05,,
ONTBF,2021,2022-06-15,-9,2022-06-06,,
ONTBF,2021,2022-06-15,-8,2022-06-07,1460.0,11887
ONTBF,2021,2022-06-15,-7,2022-06-08,1461.0,14867
ONTBF,2021,2022-06-15,-6,2022-06-09,1460.5,2419
ONTBF,2021,2022-06-15,-5,2022-06-10,1475.0,2281
ONTBF,2021,2022-06-15,-4,2022-06-11,,
ONTBF,2021,2022-06-15,-3,2022-06-12,,
ONTBF,2021,2022-06-15,-2,2022-06-13,1470.0,2611
ONTBF,2021,2022-06-15,-1,2022-06-14,1470.0,8191
ONTBF,2021,2022-06-15,0,2022-06-15,1460.5,1844
ONTBF,2021,2022-06-15,1,2022-06-16,1470.0,1020
ONTBF,2021,2022-06-15,2,2022-06-17,1460.0,1233
ONTBF,2021,2022-06-15,3,2022-06-18,,
ONTBF,2021,2022-06-15,4,2022-06-19,,
ONTBF,2021,2022-06-15,5,2022-06-20,1450.0,14771
ONTBF,2021,2022-06-15,6,2022-06-21,1460.0,6325
ONTBF,2021,2022-06-15,7,2022-06-22,1449.5,6800
ONTBF,2021,2022-06-15,8,2022-06-23,1460.0,1805
ONTBF,2021,2022-06-15,9,2022-06-24,1449.5,2830
ONTBF,2021,2022-06-15,10,2022-06-25,,
ONTBF,2021,2022-06-15,11,2022-06-26,,
ONTBF,2021,2022-06-15,12,2022-06-27,1449.5,24762
ONTBF,2021,2022-06-15,13,2022-06-28,1450.0,12500
ONTBF,2021,2022-06-15,14,2022-06-29,1449.0,13842
ONTBF,2021,2022-06-15,15,2022-06-30,1449.0,685
ONTBF,2021,2022-06-15,16,2022-07-01,1444.5,820
ONTBF,2021,2022-06-15,17,2022-07-02,,
ONTBF,2021,2022-06-15,18,2022-07-03,,
ONTBF,2021,2022-06-15,19,2022-07-04,1430.0,6397
ONTBF,2021,2022-06-15,20,2022-07-05,1448.5,2324
ONTBF,2021,2022-06-15,21,2022-07-06,1440.0,2975
ONTBF,2021,2022-06-15,22,2022-07-07,1439.5,1276
ONTBF,2021,2022-06-15,23,2022-07-08,1448.5,8434
ONTBF,2021,2022-06-15,24,2022-07-09,,
ONTBF,2021,2022-06-15,25,2022-07-10,,
ONTBF,2021,2022-06-15,26,2022-07-11,1449.0,671
ONTBF,2021,2022-06-15,27,2022-07-12,1445.0,721
ONTBF,2021,2022-06-15,28,2022-07-13,1445.0,5409
ONTBF,2021,2022-06-15,29,2022-07-14,1445.0,5214
ONTBF,2021,2022-06-15,30,2022-07-15,1449.0,762
ONTBF,2021,2022-06-15,31,2022-07-16,,
ONTBF,2021,2022-06-15,32,2022-07-17,,
ONTBF,2021,2022-06-15,33,2022-07-18,1465.0,2629
ONTBF,2021,2022-06-15,34,2022-07-19,1445.0,11491
ONTBF,2021,2022-06-15,35,2022-07-20,1444.5,8901
ONTBF,2021,2022-06-15,36,2022-07-21,1450.0,1068
ONTBF,2021,2022-06-15,37,2022-07-22,1444.5,35926
ONTBF,2021,2022-06-15,38,2022-07-23,,
ONTBF,2021,2022-06-15,39,2022-07-24,,
ONTBF,2021,2022-06-15,40,2022-07-25,1499.0,11931
ONTBF,2021,2022-06-15,41,2022-07-26,1490.0,4517
ONTBF,2021,2022-06-15,42,2022-07-27,1489.5,1921
ONTBF,2021,2022-06-15,43,2022-07-28,1489.5,2096
ONTBF,2021,2022-06-15,44,2022-07-29,1489.0,7626
ONTBF,2021,2022-06-15,45,2022-07-30,,
ONTBF,2021,2022-06-15,46,2022-07-31,,
ONTBF,2021,2022-06-15,47,2022-08-01,1460.0,4258
ONTBF,2021,2022-06-15,48,2022-08-02,1460.0,2343
ONTBF,2021,2022-06-15,49,2022-08-03,1470.0,3585
ONTBF,2021,2022-06-15,50,2022-08-04,1479.5,33403
ONTBF,2021,2022-06-15,51,2022-08-05,1480.0,9605
ONTBF,2021,2022-06-15,52,2022-08-06,,
ONTBF,2021,2022-06-15,53,2022-08-07,,
ONTBF,2021,2022-06-15,54,2022-08-08,,
ONTBF,2021,2022-06-15,55,2022-08-09,1480.0,3692
ONTBF,2021,2022-06-15,56,2022-08-10,1487.5,1470
ONTBF,2021,2022-06-15,57,2022-08-11,1487.5,27265
ONTBF,2021,2022-06-15,58,2022-08-12,1480.0,1911
ONTBF,2021,2022-06-15,59,2022-08-13,,
ONTBF,2021,2022-06-15,60,2022-08-14,,
ONTBF,2022,2023-06-26,-60,2023-04-27,1599.0,2072
ONTBF,2022,2023-06-26,-59,2023-04-28,1599.0,2595
ONTBF,2022,2023-06-26,-58,2023-04-29,,
ONTBF,2022,2023-06-26,-57,2023-04-30,,
ONTBF,2022,2023-06-26,-56,2023-05-01,,
ONTBF,2022,2023-06-26,-55,2023-05-02,1598.5,1147
ONTBF,2022,2023-06-26,-54,2023-05-03,1600.0,12390
ONTBF,2022,2023-06-26,-53,2023-05-04,1599.5,11239
ONTBF,2022,2023-06-26,-52,2023-05-05,1598.0,7868
ONTBF,2022,2023-06-26,-51,2023-05-06,,
ONTBF,2022,2023-06-26,-50,2023-05-07,,
ONTBF,2022,2023-06-26,-49,2023-05-08,1599.0,10054
ONTBF,2022,2023-06-26,-48,2023-05-09,1599.0,4170
ONTBF,2022,2023-06-26,-47,2023-05-10,1600.0,6798
ONTBF,2022,2023-06-26,-46,2023-05-11,1630.0,67063
ONTBF,2022,2023-06-26,-45,2023-05-12,1649.5,17568
ONTBF,2022,2023-06-26,-44,2023-05-13,,
ONTBF,2022,2023-06-26,-43,2023-05-14,,
ONTBF,2022,2023-06-26,-42,2023-05-15,1500.0,2067
ONTBF,2022,2023-06-26,-41,2023-05-16,1500.0,710
ONTBF,2022,2023-06-26,-40,2023-05-17,1500.0,1183
ONTBF,2022,2023-06-26,-39,2023-05-18,,
ONTBF,2022,2023-06-26,-38,2023-05-19,1480.0,4489
ONTBF,2022,2023-06-26,-37,2023-05-20,,
ONTBF,2022,2023-06-26,-36,2023-05-21,,
ONTBF,2022,2023-06-26,-35,2023-05-22,1490.0,28170
ONTBF,2022,2023-06-26,-34,2023-05-23,1490.0,18751
ONTBF,2022,2023-06-26,-33,2023-05-24,1495.0,2038
ONTBF,2022,2023-06-26,-32,2023-05-25,1500.0,15323
ONTBF,2022,2023-06-26,-31,2023-05-26,1500.0,1410
ONTBF,2022,2023-06-26,-30,2023-05-27,,
ONTBF,2022,2023-06-26,-29,2023-05-28,,
ONTBF,2022,2023-06-26,-28,2023-05-29,,
ONTBF,2022,2023-06-26,-27,2023-05-30,1500.0,11654
ONTBF,2022,2023-06-26,-26,2023-05-31,1500.0,5277
ONTBF,2022,2023-06-26,-25,2023-06-01,1499.0,855
ONTBF,2022,2023-06-26,-24,2023-06-02,1499.0,1018
ONTBF,2022,2023-06-26,-23,2023-06-03,,
ONTBF,2022,2023-06-26,-22,2023-06-04,,
ONTBF,2022,2023-06-26,-21,2023-06-05,1499.5,1190
ONTBF,2022,2023-06-26,-20,2023-06-06,1499.5,3599
ONTBF,2022,2023-06-26,-19,2023-06-07,1499.0,1163
ONTBF,2022,2023-06-26,-18,2023-06-08,1499.5,32868
ONTBF,2022,2023-06-26,-17,2023-06-09,1540.0,38607
ONTBF,2022,2023-06-26,-16,2023-06-10,,
ONTBF,2022,2023-06-26,-15,2023-06-11,,
ONTBF,2022,2023-06-26,-14,2023-06-12,1530.0,5586
ONTBF,2022,2023-06-26,-13,2023-06-13,1515.0,7149
ONTBF,2022,2023-06-26,-12,2023-06-14,1500.0,5411
ONTBF,2022,2023-06-26,-11,2023-06-15,1510.0,1945
ONTBF,2022,2023-06-26,-10,2023-06-16,1510.0,31526
ONTBF,2022,2023-06-26,-9,2023-06-17,,
ONTBF,2022,2023-06-26,-8,2023-06-18,,
ONTBF,2022,2023-06-26,-7,2023-06-19,1515.0,3383
ONTBF,2022,2023-06-26,-6,2023-06-20,1515.0,7821
ONTBF,2022,2023-06-26,-5,2023-06-21,1520.0,25340
ONTBF,2022,2023-06-26,-4,2023-06-22,1528.5,3493
ONTBF,2022,2023-06-26,-3,2023-06-23,1528.5,584
ONTBF,2022,2023-06-26,-2,2023-06-24,,
ONTBF,2022,2023-06-26,-1,2023-06-25,,
ONTBF,2022,2023-06-26,0,2023-06-26,1530.0,10721
ONTBF,2022,2023-06-26,1,2023-06-27,1539.5,1617
ONTBF,2022,2023-06-26,2,2023-06-28,,
ONTBF,2022,2023-06-26,3,2023-06-29,1530.0,1161
ONTBF,2022,2023-06-26,4,2023-06-30,1540.0,9686
ONTBF,2022,2023-06-26,5,2023-07-01,,
ONTBF,2022,2023-06-26,6,2023-07-02,,
ONTBF,2022,2023-06-26,7,2023-07-03,1540.0,8860
ONTBF,2022,2023-06-26,8,2023-07-04,1540.0,2119
ONTBF,2022,2023-06-26,9,2023-07-05,1540.0,1710
ONTBF,2022,2023-06-26,10,2023-07-06,1550.0,2074
ONTBF,2022,2023-06-26,11,2023-07-07,1560.0,11433
ONTBF,2022,2023-06-26,12,2023-07-08,,
ONTBF,2022,2023-06-26,13,2023-07-09,,
ONTBF,2022,2023-06-26,14,2023-07-10,1570.0,14563
ONTBF,2022,2023-06-26,15,2023-07-11,1560.0,1827
ONTBF,2022,2023-06-26,16,2023-07-12,1570.0,2702
ONTBF,2022,2023-06-26,17,2023-07-13,1569.0,3161
ONTBF,2022,2023-06-26,18,2023-07-14,1567.5,12792
ONTBF,2022,2023-06-26,19,2023-07-15,,
ONTBF,2022,2023-06-26,20,2023-07-16,,
ONTBF,2022,2023-06-26,21,2023-07-17,1568.0,1867
ONTBF,2022,2023-06-26,22,2023-07-18,1569.0,864
ONTBF,2022,2023-06-26,23,2023-07-19,1568.0,4276
ONTBF,2022,2023-06-26,24,2023-07-20,1600.0,14125
ONTBF,2022,2023-06-26,25,2023-07-21,1620.0,15246
ONTBF,2022,2023-06-26,26,2023-07-22,,
ONTBF,2022,2023-06-26,27,2023-07-23,,
ONTBF,2022,2023-06-26,28,2023-07-24,1610.0,4821
ONTBF,2022,2023-06-26,29,2023-07-25,1635.0,8383
ONTBF,2022,2023-06-26,30,2023-07-26,1650.0,13019
ONTBF,2022,2023-06-26,31,2023-07-27,1683.0,4198
ONTBF,2022,2023-06-26,32,2023-07-28,1698.5,10354
ONTBF,2022,2023-06-26,33,2023-07-29,,
ONTBF,2022,2023-06-26,34,2023-07-30,,
ONTBF,2022,2023-06-26,35,2023-07-31,1698.5,7105
ONTBF,2022,2023-06-26,36,2023-08-01,1698.5,1152
ONTBF,2022,2023-06-26,37,2023-08-02,1680.0,1861
ONTBF,2022,2023-06-26,38,2023-08-03,1645.0,7961
ONTBF,2022,2023-06-26,39,2023-08-04,1650.0,9587
ONTBF,2022,2023-06-26,40,2023-08-05,,
ONTBF,2022,2023-06-26,41,2023-08-06,,
ONTBF,2022,2023-06-26,42,2023-08-07,,
ONTBF,2022,2023-06-26,43,2023-08-08,1645.0,13523
ONTBF,2022,2023-06-26,44,2023-08-09,1670.0,9733
ONTBF,2022,2023-06-26,45,2023-08-10,1670.0,5150
ONTBF,2022,2023-06-26,46,2023-08-11,1670.0,12447
ONTBF,2022,2023-06-26,47,2023-08-12,,
ONTBF,2022,2023-06-26,48,2023-08-13,,
ONTBF,2022,2023-06-26,49,2023-08-14,1660.0,5850
ONTBF,2022,2023-06-26,50,2023-08-15,,
ONTBF,2022,2023-06-26,51,2023-08-16,1678.5,394
ONTBF,2022,2023-06-26,52,2023-08-17,1640.0,20245
ONTBF,2022,2023-06-26,53,2023-08-18,1640.0,31888
ONTBF,2022,2023-06-26,54,2023-08-19,,
ONTBF,2022,2023-06-26,55,2023-08-20,,
ONTBF,2022,2023-06-26,56,2023-08-21,1630.0,4159
ONTBF,2022,2023-06-26,57,2023-08-22,1600.0,58650
ONTBF,2022,2023-06-26,58,2023-08-23,1639.5,4966
ONTBF,2022,2023-06-26,59,2023-08-24,1630.5,5376
ONTBF,2022,2023-06-26,60,2023-08-25,1631.0,3639
ONTBF,2023,2024-07-31,-60,2024-06-01,,
ONTBF,2023,2024-07-31,-59,2024-06-02,,
ONTBF,2023,2024-07-31,-58,2024-06-03,1920.0,2520
ONTBF,2023,2024-07-31,-57,2024-06-04,1930.0,3748
ONTBF,2023,2024-07-31,-56,2024-06-05,1930.0,1325
ONTBF,2023,2024-07-31,-55,2024-06-06,1910.0,1361
ONTBF,2023,2024-07-31,-54,2024-06-07,1920.0,3139
ONTBF,2023,2024-07-31,-53,2024-06-08,,
ONTBF,2023,2024-07-31,-52,2024-06-09,,
ONTBF,2023,2024-07-31,-51,2024-06-10,1900.0,1097
ONTBF,2023,2024-07-31,-50,2024-06-11,1910.0,2191
ONTBF,2023,2024-07-31,-49,2024-06-12,1920.0,61491
ONTBF,2023,2024-07-31,-48,2024-06-13,1925.0,4624
ONTBF,2023,2024-07-31,-47,2024-06-14,1933.0,1694
ONTBF,2023,2024-07-31,-46,2024-06-15,,
ONTBF,2023,2024-07-31,-45,2024-06-16,,
ONTBF,2023,2024-07-31,-44,2024-06-17,,
ONTBF,2023,2024-07-31,-43,2024-06-18,1930.0,887
ONTBF,2023,2024-07-31,-42,2024-06-19,1940.0,7294
ONTBF,2023,2024-07-31,-41,2024-06-20,1944.5,2729
ONTBF,2023,2024-07-31,-40,2024-06-21,1950.0,53023
ONTBF,2023,2024-07-31,-39,2024-06-22,,
ONTBF,2023,2024-07-31,-38,2024-06-23,,
ONTBF,2023,2024-07-31,-37,2024-06-24,1943.0,1216
ONTBF,2023,2024-07-31,-36,2024-06-25,1942.0,4183
ONTBF,2023,2024-07-31,-35,2024-06-26,1930.5,1953
ONTBF,2023,2024-07-31,-34,2024-06-27,1925.0,4161
ONTBF,2023,2024-07-31,-33,2024-06-28,1938.0,36293
ONTBF,2023,2024-07-31,-32,2024-06-29,,
ONTBF,2023,2024-07-31,-31,2024-06-30,,
ONTBF,2023,2024-07-31,-30,2024-07-01,1920.5,3817
ONTBF,2023,2024-07-31,-29,2024-07-02,1940.0,17280
ONTBF,2023,2024-07-31,-28,2024-07-03,1930.0,1978
ONTBF,2023,2024-07-31,-27,2024-07-04,1940.0,81794
ONTBF,2023,2024-07-31,-26,2024-07-05,1939.5,1368
ONTBF,2023,2024-07-31,-25,2024-07-06,,
ONTBF,2023,2024-07-31,-24,2024-07-07,,
ONTBF,2023,2024-07-31,-23,2024-07-08,1950.0,3169
ONTBF,2023,2024-07-31,-22,2024-07-09,1969.5,4653
ONTBF,2023,2024-07-31,-21,2024-07-10,1975.0,3521
ONTBF,2023,2024-07-31,-20,2024-07-11,1980.0,4327
ONTBF,2023,2024-07-31,-19,2024-07-12,1970.0,1168
ONTBF,2023,2024-07-31,-18,2024-07-13,,
ONTBF,2023,2024-07-31,-17,2024-07-14,,
ONTBF,2023,2024-07-31,-16,2024-07-15,1990.0,726
ONTBF,2023,2024-07-31,-15,2024-07-16,1999.0,1956
ONTBF,2023,2024-07-31,-14,2024-07-17,2000.0,3244
ONTBF,2023,2024-07-31,-13,2024-07-18,2020.0,35605
ONTBF,2023,2024-07-31,-12,2024-07-19,2050.5,28025
ONTBF,2023,2024-07-31,-11,2024-07-20,,
ONTBF,2023,2024-07-31,-10,2024-07-21,,
ONTBF,2023,2024-07-31,-9,2024-07-22,2050.0,5606
ONTBF,2023,2024-07-31,-8,2024-07-23,2031.0,4199
ONTBF,2023,2024-07-31,-7,2024-07-24,2037.0,2703
ONTBF,2023,2024-07-31,-6,2024-07-25,2040.0,4854
ONTBF,2023,2024-07-31,-5,2024-07-26,2050.0,1229
ONTBF,2023,2024-07-31,-4,2024-07-27,,
ONTBF,2023,2024-07-31,-3,2024-07-28,,
ONTBF,2023,2024-07-31,-2,2024-07-29,2070.0,4447
ONTBF,2023,2024-07-31,-1,2024-07-30,2069.0,1412
ONTBF,2023,2024-07-31,0,2024-07-31,2070.0,8267
ONTBF,2023,2024-07-31,1,2024-08-01,2060.0,11003
ONTBF,2023,2024-07-31,2,2024-08-02,2060.0,25180
ONTBF,2023,2024-07-31,3,2024-08-03,,
ONTBF,2023,2024-07-31,4,2024-08-04,,
ONTBF,2023,2024-07-31,5,2024-08-05,2070.0,5427
ONTBF,2023,2024-07-31,6,2024-08-06,2070.0,2676
ONTBF,2023,2024-07-31,7,2024-08-07,,
ONTBF,2023,2024-07-31,8,2024-08-08,2099.0,11164
ONTBF,2023,2024-07-31,9,2024-08-09,2200.0,3269
ONTBF,2023,2024-07-31,10,2024-08-10,,
ONTBF,2023,2024-07-31,11,2024-08-11,,
ONTBF,2023,2024-07-31,12,2024-08-12,2200.0,29507
ONTBF,2023,2024-07-31,13,2024-08-13,2200.5,11938
ONTBF,2023,2024-07-31,14,2024-08-14,2200.0,11772
ONTBF,2023,2024-07-31,15,2024-08-15,,
ONTBF,2023,2024-07-31,16,2024-08-16,2200.0,9618
ONTBF,2023,2024-07-31,17,2024-08-17,,
ONTBF,2023,2024-07-31,18,2024-08-18,,
ONTBF,2023,2024-07-31,19,2024-08-19,2211.5,8116
ONTBF,2023,2024-07-31,20,2024-08-20,2211.5,3850
ONTBF,2023,2024-07-31,21,2024-08-21,2225.0,15899
ONTBF,2023,2024-07-31,22,2024-08-22,2225.0,1818
ONTBF,2023,2024-07-31,23,2024-08-23,2249.5,1579
ONTBF,2023,2024-07-31,24,2024-08-24,,
ONTBF,2023,2024-07-31,25,2024-08-25,,
ONTBF,2023,2024-07-31,26,2024-08-26,2250.0,1544
ONTBF,2023,2024-07-31,27,2024-08-27,2245.0,4129
ONTBF,2023,2024-07-31,28,2024-08-28,2245.0,4499
ONTBF,2023,2024-07-31,29,2024-08-29,2250.0,9309
ONTBF,2023,2024-07-31,30,2024-08-30,,
ONTBF,2023,2024-07-31,31,2024-08-31,,
ONTBF,2023,2024-07-31,32,2024-09-01,,
ONTBF,2023,2024-07-31,33,2024-09-02,2268.0,1317
ONTBF,2023,2024-07-31,34,2024-09-03,2300.0,771
ONTBF,2023,2024-07-31,35,2024-09-04,2273.0,9842
ONTBF,2023,2024-07-31,36,2024-09-05,2286.5,11947
ONTBF,2023,2024-07-31,37,2024-09-06,2295.0,5098
ONTBF,2023,2024-07-31,38,2024-09-07,,
ONTBF,2023,2024-07-31,39,2024-09-08,,
ONTBF,2023,2024-07-31,40,2024-09-09,2285.0,6940
ONTBF,2023,2024-07-31,41,2024-09-10,2300.0,1499
ONTBF,2023,2024-07-31,42,2024-09-11,2300.5,4115
ONTBF,2023,2024-07-31,43,2024-09-12,2350.0,25442
ONTBF,2023,2024-07-31,44,2024-09-13,2400.0,9009
ONTBF,2023,2024-07-31,45,2024-09-14,,
ONTBF,2023,2024-07-31,46,2024-09-15,,
ONTBF,2023,2024-07-31,47,2024-09-16,2400.0,3518
ONTBF,2023,2024-07-31,48,2024-09-17,2400.0,364
ONTBF,2023,2024-07-31,49,2024-09-18,2400.0,18683
ONTBF,2023,2024-07-31,50,2024-09-19,2400.0,11011
ONTBF,2023,2024-07-31,51,2024-09-20,2400.0,42433
ONTBF,2023,2024-07-31,52,2024-09-21,,
ONTBF,2023,2024-07-31,53,2024-09-22,,
ONTBF,2023,2024-07-31,54,2024-09-23,2400.0,2706
ONTBF,2023,2024-07-31,55,2024-09-24,2390.0,4197
ONTBF,2023,2024-07-31,56,2024-09-25,2400.0,3337
ONTBF,2023,2024-07-31,57,2024-09-26,2390.0,1144
ONTBF,2023,2024-07-31,58,2024-09-27,2399.5,23134
ONTBF,2023,2024-07-31,59,2024-09-28,,
ONTBF,2023,2024-07-31,60,2024-09-29,,
ONTBF,2024,2025-07-21,-60,2025-05-22,2520.0,1553
ONTBF,2024,2025-07-21,-59,2025-05-23,2509.5,1466
ONTBF,2024,2025-07-21,-58,2025-05-24,,
ONTBF,2024,2025-07-21,-57,2025-05-25,,
ONTBF,2024,2025-07-21,-56,2025-05-26,2450.0,6042
ONTBF,2024,2025-07-21,-55,2025-05-27,2494.5,3668
ONTBF,2024,2025-07-21,-54,2025-05-28,2490.0,4484
ONTBF,2024,2025-07-21,-53,2025-05-29,,
ONTBF,2024,2025-07-21,-52,2025-05-30,2500.0,27955
ONTBF,2024,2025-07-21,-51,2025-05-31,,
ONTBF,2024,2025-07-21,-50,2025-06-01,,
ONTBF,2024,2025-07-21,-49,2025-06-02,2500.0,21488
ONTBF,2024,2025-07-21,-48,2025-06-03,2500.0,4662
ONTBF,2024,2025-07-21,-47,2025-06-04,2500.0,73169
ONTBF,2024,2025-07-21,-46,2025-06-05,2500.0,5889
ONTBF,2024,2025-07-21,-45,2025-06-06,,
ONTBF,2024,2025-07-21,-44,2025-06-07,,
ONTBF,2024,2025-07-21,-43,2025-06-08,,
ONTBF,2024,2025-07-21,-42,2025-06-09,,
ONTBF,2024,2025-07-21,-41,2025-06-10,2500.0,19045
ONTBF,2024,2025-07-21,-40,2025-06-11,2500.0,35662
ONTBF,2024,2025-07-21,-39,2025-06-12,2500.0,19553
ONTBF,2024,2025-07-21,-38,2025-06-13,2490.0,21005
ONTBF,2024,2025-07-21,-37,2025-06-14,,
ONTBF,2024,2025-07-21,-36,2025-06-15,,
ONTBF,2024,2025-07-21,-35,2025-06-16,2490.0,4109
ONTBF,2024,2025-07-21,-34,2025-06-17,2548.0,11366
ONTBF,2024,2025-07-21,-33,2025-06-18,2550.0,7392
ONTBF,2024,2025-07-21,-32,2025-06-19,2561.5,7861
ONTBF,2024,2025-07-21,-31,2025-06-20,2595.0,21043
ONTBF,2024,2025-07-21,-30,2025-06-21,,
ONTBF,2024,2025-07-21,-29,2025-06-22,,
ONTBF,2024,2025-07-21,-28,2025-06-23,2550.0,3791
ONTBF,2024,2025-07-21,-27,2025-06-24,2550.0,6952
ONTBF,2024,2025-07-21,-26,2025-06-25,2550.0,25845
ONTBF,2024,2025-07-21,-25,2025-06-26,2600.0,221
ONTBF,2024,2025-07-21,-24,2025-06-27,2490.0,5736
ONTBF,2024,2025-07-21,-23,2025-06-28,,
ONTBF,2024,2025-07-21,-22,2025-06-29,,
ONTBF,2024,2025-07-21,-21,2025-06-30,2580.0,5641
ONTBF,2024,2025-07-21,-20,2025-07-01,2520.0,2828
ONTBF,2024,2025-07-21,-19,2025-07-02,2508.0,4814
ONTBF,2024,2025-07-21,-18,2025-07-03,2598.0,22987
ONTBF,2024,2025-07-21,-17,2025-07-04,2597.5,4554
ONTBF,2024,2025-07-21,-16,2025-07-05,,
ONTBF,2024,2025-07-21,-15,2025-07-06,,
ONTBF,2024,2025-07-21,-14,2025-07-07,2550.0,972
ONTBF,2024,2025-07-21,-13,2025-07-08,2510.0,1653
ONTBF,2024,2025-07-21,-12,2025-07-09,2500.0,2357
ONTBF,2024,2025-07-21,-11,2025-07-10,2600.0,3253
ONTBF,2024,2025-07-21,-10,2025-07-11,2550.0,1518
ONTBF,2024,2025-07-21,-9,2025-07-12,,
ONTBF,2024,2025-07-21,-8,2025-07-13,,
ONTBF,2024,2025-07-21,-7,2025-07-14,2510.5,1489
ONTBF,2024,2025-07-21,-6,2025-07-15,2520.0,1755
ONTBF,2024,2025-07-21,-5,2025-07-16,2550.0,25217
ONTBF,2024,2025-07-21,-4,2025-07-17,2520.0,11808
ONTBF,2024,2025-07-21,-3,2025-07-18,2540.0,1039
ONTBF,2024,2025-07-21,-2,2025-07-19,,
ONTBF,2024,2025-07-21,-1,2025-07-20,,
ONTBF,2024,2025-07-21,0,2025-07-21,2535.0,5275
ONTBF,2024,2025-07-21,1,2025-07-22,2510.0,6157
ONTBF,2024,2025-07-21,2,2025-07-23,2510.0,5134
ONTBF,2024,2025-07-21,3,2025-07-24,2500.0,19407
ONTBF,2024,2025-07-21,4,2025-07-25,2599.0,7002
ONTBF,2024,2025-07-21,5,2025-07-26,,
ONTBF,2024,2025-07-21,6,2025-07-27,,
ONTBF,2024,2025-07-21,7,2025-07-28,2500.0,24282
ONTBF,2024,2025-07-21,8,2025-07-29,2535.0,6987
ONTBF,2024,2025-07-21,9,2025-07-30,2500.0,3545
ONTBF,2024,2025-07-21,10,2025-07-31,2500.0,3170
ONTBF,2024,2025-07-21,11,2025-08-01,2500.0,2095
ONTBF,2024,2025-07-21,12,2025-08-02,,
ONTBF,2024,2025-07-21,13,2025-08-03,,
ONTBF,2024,2025-07-21,14,2025-08-04,2500.0,4688
ONTBF,2024,2025-07-21,15,2025-08-05,2465.0,1688
ONTBF,2024,2025-07-21,16,2025-08-06,2500.0,4579
ONTBF,2024,2025-07-21,17,2025-08-07,,
ONTBF,2024,2025-07-21,18,2025-08-08,2499.5,43684
ONTBF,2024,2025-07-21,19,2025-08-09,,
ONTBF,2024,2025-07-21,20,2025-08-10,,
ONTBF,2024,2025-07-21,21,2025-08-11,2490.0,23776
ONTBF,2024,2025-07-21,22,2025-08-12,2490.0,26863
ONTBF,2024,2025-07-21,23,2025-08-13,2490.0,1112
ONTBF,2024,2025-07-21,24,2025-08-14,2490.0,9189
ONTBF,2024,2025-07-21,25,2025-08-15,,
ONTBF,2024,2025-07-21,26,2025-08-16,,
ONTBF,2024,2025-07-21,27,2025-08-17,,
ONTBF,2024,2025-07-21,28,2025-08-18,2485.0,5123
ONTBF,2024,2025-07-21,29,2025-08-19,2485.0,6779
ONTBF,2024,2025-07-21,30,2025-08-20,2484.0,1894
ONTBF,2024,2025-07-21,31,2025-08-21,2479.5,3883
ONTBF,2024,2025-07-21,32,2025-08-22,2470.0,11210
ONTBF,2024,2025-07-21,33,2025-08-23,,
ONTBF,2024,2025-07-21,34,2025-08-24,,
ONTBF,2024,2025-07-21,35,2025-08-25,2480.0,26010
ONTBF,2024,2025-07-21,36,2025-08-26,2502.0,7389
ONTBF,2024,2025-07-21,37,2025-08-27,2500.0,4068
ONTBF,2024,2025-07-21,38,2025-08-28,2500.0,1585
ONTBF,2024,2025-07-21,39,2025-08-29,2500.0,4308
ONTBF,2024,2025-07-21,40,2025-08-30,,
ONTBF,2024,2025-07-21,41,2025-08-31,,
ONTBF,2024,2025-07-21,42,2025-09-01,2495.0,2470
ONTBF,2024,2025-07-21,43,2025-09-02,2495.0,1633
ONTBF,2024,2025-07-21,44,2025-09-03,2510.0,6577
ONTBF,2024,2025-07-21,45,2025-09-04,,
ONTBF,2024,2025-07-21,46,2025-09-05,2550.0,6363
ONTBF,2024,2025-07-21,47,2025-09-06,,
ONTBF,2024,2025-07-21,48,2025-09-07,,
ONTBF,2024,2025-07-21,49,2025-09-08,2550.0,1075
ONTBF,2024,2025-07-21,50,2025-09-09,2541.0,2558
ONTBF,2024,2025-07-21,51,2025-09-10,2580.0,2132
ONTBF,2024,2025-07-21,52,2025-09-11,2580.0,2353
ONTBF,2024,2025-07-21,53,2025-09-12,2589.5,5909
ONTBF,2024,2025-07-21,54,2025-09-13,,
ONTBF,2024,2025-07-21,55,2025-09-14,,
ONTBF,2024,2025-07-21,56,2025-09-15,2580.0,3060
ONTBF,2024,2025-07-21,57,2025-09-16,2590.0,8508
ONTBF,2024,2025-07-21,58,2025-09-17,2590.0,4958
ONTBF,2024,2025-07-21,59,2025-09-18,2579.0,1589
ONTBF,2024,2025-07-21,60,2025-09-19,2592.5,4771
ONTBF,2025,2026-06-15,-60,2026-04-16,2795.0,903
ONTBF,2025,2026-06-15,-59,2026-04-17,2720.0,1587
ONTBF,2025,2026-06-15,-58,2026-04-18,2720.0,1689
ONTBF,2025,2026-06-15,-57,2026-04-19,2720.0,1689
ONTBF,2025,2026-06-15,-56,2026-04-20,2720.0,1689
ONTBF,2025,2026-06-15,-55,2026-04-21,2720.0,1963
ONTBF,2025,2026-06-15,-54,2026-04-22,2710.0,3088
ONTBF,2025,2026-06-15,-53,2026-04-23,2720.0,2008
ONTBF,2025,2026-06-15,-52,2026-04-24,2720.0,4347
ONTBF,2025,2026-06-15,-51,2026-04-25,2710.0,1624
ONTBF,2025,2026-06-15,-50,2026-04-26,2710.0,1624
ONTBF,2025,2026-06-15,-49,2026-04-27,2710.0,1624
ONTBF,2025,2026-06-15,-48,2026-04-28,2610.0,1056
ONTBF,2025,2026-06-15,-47,2026-04-29,2700.0,1150
ONTBF,2025,2026-06-15,-46,2026-04-30,2795.0,1900
ONTBF,2025,2026-06-15,-45,2026-05-01,2795.0,221
ONTBF,2025,2026-06-15,-44,2026-05-02,2795.0,221
ONTBF,2025,2026-06-15,-43,2026-05-03,2795.0,221
ONTBF,2025,2026-06-15,-42,2026-05-04,2795.0,221
ONTBF,2025,2026-06-15,-41,2026-05-05,2780.0,3369
ONTBF,2025,2026-06-15,-40,2026-05-06,2710.0,1946
ONTBF,2025,2026-06-15,-39,2026-05-07,2710.0,2185
ONTBF,2025,2026-06-15,-38,2026-05-08,2775.0,447
ONTBF,2025,2026-06-15,-37,2026-05-09,2760.0,622
ONTBF,2025,2026-06-15,-36,2026-05-10,2760.0,622
ONTBF,2025,2026-06-15,-35,2026-05-11,2760.0,622
ONTBF,2025,2026-06-15,-34,2026-05-12,2700.0,2161
ONTBF,2025,2026-06-15,-33,2026-05-13,2680.0,592
ONTBF,2025,2026-06-15,-32,2026-05-14,2750.0,2816
ONTBF,2025,2026-06-15,-31,2026-05-15,2750.0,2816
ONTBF,2025,2026-06-15,-30,2026-05-16,2795.0,522
ONTBF,2025,2026-06-15,-29,2026-05-17,2795.0,522
ONTBF,2025,2026-06-15,-28,2026-05-18,2795.0,0
ONTBF,2025,2026-06-15,-27,2026-05-19,2800.0,1183
ONTBF,2025,2026-06-15,-26,2026-05-20,2855.0,918
ONTBF,2025,2026-06-15,-25,2026-05-21,2855.0,1142
ONTBF,2025,2026-06-15,-24,2026-05-22,2855.0,823
ONTBF,2025,2026-06-15,-23,2026-05-23,2850.0,666
ONTBF,2025,2026-06-15,-22,2026-05-24,2850.0,666
ONTBF,2025,2026-06-15,-21,2026-05-25,2850.0,666
ONTBF,2025,2026-06-15,-20,2026-05-26,2855.0,1805
ONTBF,2025,2026-06-15,-19,2026-05-27,2855.0,1805
ONTBF,2025,2026-06-15,-18,2026-05-28,2855.0,0
ONTBF,2025,2026-06-15,-17,2026-05-29,2850.0,0
ONTBF,2025,2026-06-15,-16,2026-05-30,2900.0,9891
ONTBF,2025,2026-06-15,-15,2026-05-31,2900.0,9891
ONTBF,2025,2026-06-15,-14,2026-06-01,2940.0,914
ONTBF,2025,2026-06-15,-13,2026-06-02,2900.0,77
ONTBF,2025,2026-06-15,-12,2026-06-03,,
ONTBF,2025,2026-06-15,-11,2026-06-04,3070.0,21976
ONTBF,2025,2026-06-15,-10,2026-06-05,3070.0,21976
ONTBF,2025,2026-06-15,-9,2026-06-06,2905.0,6608
ONTBF,2025,2026-06-15,-8,2026-06-07,2905.0,6608
ONTBF,2025,2026-06-15,-7,2026-06-08,2905.0,938
ONTBF,2025,2026-06-15,-6,2026-06-09,2990.0,4102
ONTBF,2025,2026-06-15,-5,2026-06-10,2950.0,0
ONTBF,2025,2026-06-15,-4,2026-06-11,2950.0,0
ONTBF,2025,2026-06-15,-3,2026-06-12,2950.0,0
ONTBF,2025,2026-06-15,-2,2026-06-13,2815.0,1813
ONTBF,2025,2026-06-15,-1,2026-06-14,2815.0,1813
ONTBF,2025,2026-06-15,0,2026-06-15,2815.0,658
ONTBF,2025,2026-06-15,1,2026-06-16,2850.0,645
ONTBF,2025,2026-06-15,2,2026-06-17,2805.0,407
ONTBF,2025,2026-06-15,3,2026-06-18,2800.0,205
ONTBF,2025,2026-06-15,4,2026-06-19,2750.0,313
ONTBF,2025,2026-06-15,5,2026-06-20,2700.0,7084
ONTBF,2025,2026-06-15,6,2026-06-21,2700.0,7084
ONTBF,2025,2026-06-15,7,2026-06-22,2670.0,3345
ONTBF,2025,2026-06-15,8,2026-06-23,2800.0,8562
ONTBF,2025,2026-06-15,9,2026-06-24,2800.0,3027
ONTBF,2025,2026-06-15,10,2026-06-25,2800.0,2950
ONTBF,2025,2026-06-15,11,2026-06-26,2805.0,4628
ONTBF,2025,2026-06-15,12,2026-06-27,2820.0,954
ONTBF,2025,2026-06-15,13,2026-06-28,2820.0,954
ONTBF,2025,2026-06-15,14,2026-06-29,2820.0,421
ONTBF,2025,2026-06-15,15,2026-06-30,2800.0,2043
ONTBF,2025,2026-06-15,16,2026-07-01,2800.0,4149
ONTBF,2025,2026-06-15,17,2026-07-02,2800.0,2393
ONTBF,2025,2026-06-15,18,2026-07-03,2805.0,16177
ONTBF,2025,2026-06-15,19,2026-07-04,2800.0,4760
ONTBF,2025,2026-06-15,20,2026-07-05,2800.0,4760
ONTBF,2025,2026-06-15,21,2026-07-06,2800.0,0
ONTBF,2025,2026-06-15,22,2026-07-07,2845.0,0
ONTBF,2025,2026-06-15,23,2026-07-08,2825.0,2572
ONTBF,2025,2026-06-15,24,2026-07-09,2790.0,1275
ONTBF,2025,2026-06-15,25,2026-07-10,2790.0,1275
ONTBF,2025,2026-06-15,26,2026-07-11,2800.0,2751
ONTBF,2025,2026-06-15,27,2026-07-12,2800.0,2751
ONTBF,2025,2026-06-15,28,2026-07-13,2800.0,2751
ONTBF,2025,2026-06-15,29,2026-07-14,2700.0,15584
ONTBF,2025,2026-06-15,30,2026-07-15,2700.0,5025
ONTBF,2025,2026-06-15,31,2026-07-16,2745.0,15499
ONTBF,2025,2026-06-15,32,2026-07-17,2695.0,3157
ONTBF,2025,2026-06-15,33,2026-07-18,2675.0,2113
ONTBF,2025,2026-06-15,34,2026-07-19,,
ONTBF,2025,2026-06-15,35,2026-07-20,,
ONTBF,2025,2026-06-15,36,2026-07-21,,
ONTBF,2025,2026-06-15,37,2026-07-22,,
ONTBF,2025,2026-06-15,38,2026-07-23,,
ONTBF,2025,2026-06-15,39,2026-07-24,,
ONTBF,2025,2026-06-15,40,2026-07-25,,
ONTBF,2025,2026-06-15,41,2026-07-26,,
ONTBF,2025,2026-06-15,42,2026-07-27,,
ONTBF,2025,2026-06-15,43,2026-07-28,,
ONTBF,2025,2026-06-15,44,2026-07-29,,
ONTBF,2025,2026-06-15,45,2026-07-30,,
ONTBF,2025,2026-06-15,46,2026-07-31,,
ONTBF,2025,2026-06-15,47,2026-08-01,,
ONTBF,2025,2026-06-15,48,2026-08-02,,
ONTBF,2025,2026-06-15,49,2026-08-03,,
ONTBF,2025,2026-06-15,50,2026-08-04,,
ONTBF,2025,2026-06-15,51,2026-08-05,,
ONTBF,2025,2026-06-15,52,2026-08-06,,
ONTBF,2025,2026-06-15,53,2026-08-07,,
ONTBF,2025,2026-06-15,54,2026-08-08,,
ONTBF,2025,2026-06-15,55,2026-08-09,,
ONTBF,2025,2026-06-15,56,2026-08-10,,
ONTBF,2025,2026-06-15,57,2026-08-11,,
ONTBF,2025,2026-06-15,58,2026-08-12,,
ONTBF,2025,2026-06-15,59,2026-08-13,,
ONTBF,2025,2026-06-15,60,2026-08-14,,
ORAC,2022,2023-06-15,-60,2023-04-16,,
ORAC,2022,2023-06-15,-59,2023-04-17,9050.0,945
ORAC,2022,2023-06-15,-58,2023-04-18,,
ORAC,2022,2023-06-15,-57,2023-04-19,8995.0,2241
ORAC,2022,2023-06-15,-56,2023-04-20,9000.0,7868
ORAC,2022,2023-06-15,-55,2023-04-21,,
ORAC,2022,2023-06-15,-54,2023-04-22,,
ORAC,2022,2023-06-15,-53,2023-04-23,,
ORAC,2022,2023-06-15,-52,2023-04-24,9050.0,5005
ORAC,2022,2023-06-15,-51,2023-04-25,9145.0,4897
ORAC,2022,2023-06-15,-50,2023-04-26,9150.0,218
ORAC,2022,2023-06-15,-49,2023-04-27,9150.0,1056
ORAC,2022,2023-06-15,-48,2023-04-28,9275.0,455
ORAC,2022,2023-06-15,-47,2023-04-29,,
ORAC,2022,2023-06-15,-46,2023-04-30,,
ORAC,2022,2023-06-15,-45,2023-05-01,,
ORAC,2022,2023-06-15,-44,2023-05-02,9400.0,586
ORAC,2022,2023-06-15,-43,2023-05-03,9395.0,141
ORAC,2022,2023-06-15,-42,2023-05-04,9475.0,1423
ORAC,2022,2023-06-15,-41,2023-05-05,9490.0,585
ORAC,2022,2023-06-15,-40,2023-05-06,,
ORAC,2022,2023-06-15,-39,2023-05-07,,
ORAC,2022,2023-06-15,-38,2023-05-08,9400.0,2873
ORAC,2022,2023-06-15,-37,2023-05-09,9500.0,2084
ORAC,2022,2023-06-15,-36,2023-05-10,9500.0,22947
ORAC,2022,2023-06-15,-35,2023-05-11,9500.0,412
ORAC,2022,2023-06-15,-34,2023-05-12,9500.0,1187
ORAC,2022,2023-06-15,-33,2023-05-13,,
ORAC,2022,2023-06-15,-32,2023-05-14,,
ORAC,2022,2023-06-15,-31,2023-05-15,9500.0,1867
ORAC,2022,2023-06-15,-30,2023-05-16,9500.0,1577
ORAC,2022,2023-06-15,-29,2023-05-17,9500.0,1661
ORAC,2022,2023-06-15,-28,2023-05-18,,
ORAC,2022,2023-06-15,-27,2023-05-19,9500.0,5922
ORAC,2022,2023-06-15,-26,2023-05-20,,
ORAC,2022,2023-06-15,-25,2023-05-21,,
ORAC,2022,2023-06-15,-24,2023-05-22,9500.0,3081
ORAC,2022,2023-06-15,-23,2023-05-23,9500.0,5544
ORAC,2022,2023-06-15,-22,2023-05-24,9450.0,25134
ORAC,2022,2023-06-15,-21,2023-05-25,9590.0,2003
ORAC,2022,2023-06-15,-20,2023-05-26,9500.0,952
ORAC,2022,2023-06-15,-19,2023-05-27,,
ORAC,2022,2023-06-15,-18,2023-05-28,,
ORAC,2022,2023-06-15,-17,2023-05-29,,
ORAC,2022,2023-06-15,-16,2023-05-30,9500.0,574
ORAC,2022,2023-06-15,-15,2023-05-31,9575.0,31509
ORAC,2022,2023-06-15,-14,2023-06-01,9575.0,1712
ORAC,2022,2023-06-15,-13,2023-06-02,9550.0,31757
ORAC,2022,2023-06-15,-12,2023-06-03,,
ORAC,2022,2023-06-15,-11,2023-06-04,,
ORAC,2022,2023-06-15,-10,2023-06-05,9600.0,4083
ORAC,2022,2023-06-15,-9,2023-06-06,9600.0,2954
ORAC,2022,2023-06-15,-8,2023-06-07,9605.0,1835
ORAC,2022,2023-06-15,-7,2023-06-08,9550.0,31907
ORAC,2022,2023-06-15,-6,2023-06-09,9950.0,560
ORAC,2022,2023-06-15,-5,2023-06-10,,
ORAC,2022,2023-06-15,-4,2023-06-11,,
ORAC,2022,2023-06-15,-3,2023-06-12,9600.0,4364
ORAC,2022,2023-06-15,-2,2023-06-13,9210.0,6273
ORAC,2022,2023-06-15,-1,2023-06-14,9450.0,4864
ORAC,2022,2023-06-15,0,2023-06-15,9305.0,2248
ORAC,2022,2023-06-15,1,2023-06-16,9455.0,312
ORAC,2022,2023-06-15,2,2023-06-17,,
ORAC,2022,2023-06-15,3,2023-06-18,,
ORAC,2022,2023-06-15,4,2023-06-19,9400.0,3167
ORAC,2022,2023-06-15,5,2023-06-20,9545.0,12744
ORAC,2022,2023-06-15,6,2023-06-21,9500.0,14062
ORAC,2022,2023-06-15,7,2023-06-22,9500.0,15025
ORAC,2022,2023-06-15,8,2023-06-23,9500.0,9652
ORAC,2022,2023-06-15,9,2023-06-24,,
ORAC,2022,2023-06-15,10,2023-06-25,,
ORAC,2022,2023-06-15,11,2023-06-26,9500.0,2147
ORAC,2022,2023-06-15,12,2023-06-27,9500.0,14981
ORAC,2022,2023-06-15,13,2023-06-28,,
ORAC,2022,2023-06-15,14,2023-06-29,9505.0,5094
ORAC,2022,2023-06-15,15,2023-06-30,9510.0,403
ORAC,2022,2023-06-15,16,2023-07-01,,
ORAC,2022,2023-06-15,17,2023-07-02,,
ORAC,2022,2023-06-15,18,2023-07-03,9560.0,8897
ORAC,2022,2023-06-15,19,2023-07-04,9610.0,2841
ORAC,2022,2023-06-15,20,2023-07-05,9700.0,4912
ORAC,2022,2023-06-15,21,2023-07-06,9800.0,2565
ORAC,2022,2023-06-15,22,2023-07-07,9890.0,6535
ORAC,2022,2023-06-15,23,2023-07-08,,
ORAC,2022,2023-06-15,24,2023-07-09,,
ORAC,2022,2023-06-15,25,2023-07-10,10000.0,14481
ORAC,2022,2023-06-15,26,2023-07-11,10000.0,4545
ORAC,2022,2023-06-15,27,2023-07-12,10005.0,828
ORAC,2022,2023-06-15,28,2023-07-13,10000.0,41454
ORAC,2022,2023-06-15,29,2023-07-14,9995.0,1164
ORAC,2022,2023-06-15,30,2023-07-15,,
ORAC,2022,2023-06-15,31,2023-07-16,,
ORAC,2022,2023-06-15,32,2023-07-17,9990.0,6312
ORAC,2022,2023-06-15,33,2023-07-18,9950.0,6167
ORAC,2022,2023-06-15,34,2023-07-19,9995.0,1229
ORAC,2022,2023-06-15,35,2023-07-20,9995.0,1899
ORAC,2022,2023-06-15,36,2023-07-21,9995.0,3767
ORAC,2022,2023-06-15,37,2023-07-22,,
ORAC,2022,2023-06-15,38,2023-07-23,,
ORAC,2022,2023-06-15,39,2023-07-24,9990.0,2322
ORAC,2022,2023-06-15,40,2023-07-25,9995.0,1773
ORAC,2022,2023-06-15,41,2023-07-26,10000.0,7122
ORAC,2022,2023-06-15,42,2023-07-27,10000.0,1754
ORAC,2022,2023-06-15,43,2023-07-28,10000.0,229
ORAC,2022,2023-06-15,44,2023-07-29,,
ORAC,2022,2023-06-15,45,2023-07-30,,
ORAC,2022,2023-06-15,46,2023-07-31,9990.0,746
ORAC,2022,2023-06-15,47,2023-08-01,9800.0,2349
ORAC,2022,2023-06-15,48,2023-08-02,9905.0,433
ORAC,2022,2023-06-15,49,2023-08-03,9805.0,4371
ORAC,2022,2023-06-15,50,2023-08-04,9850.0,429
ORAC,2022,2023-06-15,51,2023-08-05,,
ORAC,2022,2023-06-15,52,2023-08-06,,
ORAC,2022,2023-06-15,53,2023-08-07,,
ORAC,2022,2023-06-15,54,2023-08-08,9800.0,6018
ORAC,2022,2023-06-15,55,2023-08-09,9805.0,1269
ORAC,2022,2023-06-15,56,2023-08-10,9900.0,233
ORAC,2022,2023-06-15,57,2023-08-11,9810.0,2412
ORAC,2022,2023-06-15,58,2023-08-12,,
ORAC,2022,2023-06-15,59,2023-08-13,,
ORAC,2022,2023-06-15,60,2023-08-14,9900.0,3453
ORAC,2023,2024-06-03,-60,2024-04-04,10900.0,781
ORAC,2023,2024-06-03,-59,2024-04-05,10800.0,541
ORAC,2023,2024-06-03,-58,2024-04-06,,
ORAC,2023,2024-06-03,-57,2024-04-07,,
ORAC,2023,2024-06-03,-56,2024-04-08,10845.0,699
ORAC,2023,2024-06-03,-55,2024-04-09,10845.0,4564
ORAC,2023,2024-06-03,-54,2024-04-10,,
ORAC,2023,2024-06-03,-53,2024-04-11,10845.0,6936
ORAC,2023,2024-06-03,-52,2024-04-12,10845.0,979
ORAC,2023,2024-06-03,-51,2024-04-13,,
ORAC,2023,2024-06-03,-50,2024-04-14,,
ORAC,2023,2024-06-03,-49,2024-04-15,11000.0,40
ORAC,2023,2024-06-03,-48,2024-04-16,10850.0,1485
ORAC,2023,2024-06-03,-47,2024-04-17,11000.0,52
ORAC,2023,2024-06-03,-46,2024-04-18,10845.0,1465
ORAC,2023,2024-06-03,-45,2024-04-19,10850.0,3
ORAC,2023,2024-06-03,-44,2024-04-20,,
ORAC,2023,2024-06-03,-43,2024-04-21,,
ORAC,2023,2024-06-03,-42,2024-04-22,10855.0,115
ORAC,2023,2024-06-03,-41,2024-04-23,10855.0,100
ORAC,2023,2024-06-03,-40,2024-04-24,10855.0,10721
ORAC,2023,2024-06-03,-39,2024-04-25,10845.0,373
ORAC,2023,2024-06-03,-38,2024-04-26,10990.0,2721
ORAC,2023,2024-06-03,-37,2024-04-27,,
ORAC,2023,2024-06-03,-36,2024-04-28,,
ORAC,2023,2024-06-03,-35,2024-04-29,11000.0,2260
ORAC,2023,2024-06-03,-34,2024-04-30,10955.0,1531
ORAC,2023,2024-06-03,-33,2024-05-01,,
ORAC,2023,2024-06-03,-32,2024-05-02,11000.0,1482
ORAC,2023,2024-06-03,-31,2024-05-03,11075.0,2150
ORAC,2023,2024-06-03,-30,2024-05-04,,
ORAC,2023,2024-06-03,-29,2024-05-05,,
ORAC,2023,2024-06-03,-28,2024-05-06,11050.0,514
ORAC,2023,2024-06-03,-27,2024-05-07,11000.0,2440
ORAC,2023,2024-06-03,-26,2024-05-08,11000.0,8424
ORAC,2023,2024-06-03,-25,2024-05-09,,
ORAC,2023,2024-06-03,-24,2024-05-10,11000.0,631
ORAC,2023,2024-06-03,-23,2024-05-11,,
ORAC,2023,2024-06-03,-22,2024-05-12,,
ORAC,2023,2024-06-03,-21,2024-05-13,11075.0,428
ORAC,2023,2024-06-03,-20,2024-05-14,11500.0,353
ORAC,2023,2024-06-03,-19,2024-05-15,11150.0,6873
ORAC,2023,2024-06-03,-18,2024-05-16,11400.0,1208
ORAC,2023,2024-06-03,-17,2024-05-17,11400.0,945
ORAC,2023,2024-06-03,-16,2024-05-18,,
ORAC,2023,2024-06-03,-15,2024-05-19,,
ORAC,2023,2024-06-03,-14,2024-05-20,,
ORAC,2023,2024-06-03,-13,2024-05-21,11450.0,2083
ORAC,2023,2024-06-03,-12,2024-05-22,11450.0,451
ORAC,2023,2024-06-03,-11,2024-05-23,11500.0,945
ORAC,2023,2024-06-03,-10,2024-05-24,11500.0,490
ORAC,2023,2024-06-03,-9,2024-05-25,,
ORAC,2023,2024-06-03,-8,2024-05-26,,
ORAC,2023,2024-06-03,-7,2024-05-27,11505.0,237
ORAC,2023,2024-06-03,-6,2024-05-28,11795.0,665
ORAC,2023,2024-06-03,-5,2024-05-29,11895.0,1385
ORAC,2023,2024-06-03,-4,2024-05-30,11200.0,2202
ORAC,2023,2024-06-03,-3,2024-05-31,11495.0,42
ORAC,2023,2024-06-03,-2,2024-06-01,,
ORAC,2023,2024-06-03,-1,2024-06-02,,
ORAC,2023,2024-06-03,0,2024-06-03,11485.0,953
ORAC,2023,2024-06-03,1,2024-06-04,11450.0,37
ORAC,2023,2024-06-03,2,2024-06-05,11000.0,6104
ORAC,2023,2024-06-03,3,2024-06-06,11445.0,1176
ORAC,2023,2024-06-03,4,2024-06-07,11400.0,446
ORAC,2023,2024-06-03,5,2024-06-08,,
ORAC,2023,2024-06-03,6,2024-06-09,,
ORAC,2023,2024-06-03,7,2024-06-10,11175.0,5147
ORAC,2023,2024-06-03,8,2024-06-11,11175.0,1601
ORAC,2023,2024-06-03,9,2024-06-12,11200.0,1420
ORAC,2023,2024-06-03,10,2024-06-13,11500.0,1304
ORAC,2023,2024-06-03,11,2024-06-14,11745.0,309
ORAC,2023,2024-06-03,12,2024-06-15,,
ORAC,2023,2024-06-03,13,2024-06-16,,
ORAC,2023,2024-06-03,14,2024-06-17,,
ORAC,2023,2024-06-03,15,2024-06-18,11505.0,1041
ORAC,2023,2024-06-03,16,2024-06-19,11600.0,419
ORAC,2023,2024-06-03,17,2024-06-20,11790.0,78
ORAC,2023,2024-06-03,18,2024-06-21,11755.0,434
ORAC,2023,2024-06-03,19,2024-06-22,,
ORAC,2023,2024-06-03,20,2024-06-23,,
ORAC,2023,2024-06-03,21,2024-06-24,11755.0,692
ORAC,2023,2024-06-03,22,2024-06-25,12000.0,1106
ORAC,2023,2024-06-03,23,2024-06-26,12000.0,227
ORAC,2023,2024-06-03,24,2024-06-27,11950.0,471
ORAC,2023,2024-06-03,25,2024-06-28,11800.0,458
ORAC,2023,2024-06-03,26,2024-06-29,,
ORAC,2023,2024-06-03,27,2024-06-30,,
ORAC,2023,2024-06-03,28,2024-07-01,11850.0,4690
ORAC,2023,2024-06-03,29,2024-07-02,11950.0,404
ORAC,2023,2024-06-03,30,2024-07-03,12000.0,506
ORAC,2023,2024-06-03,31,2024-07-04,12000.0,15917
ORAC,2023,2024-06-03,32,2024-07-05,12000.0,731
ORAC,2023,2024-06-03,33,2024-07-06,,
ORAC,2023,2024-06-03,34,2024-07-07,,
ORAC,2023,2024-06-03,35,2024-07-08,12000.0,9993
ORAC,2023,2024-06-03,36,2024-07-09,11760.0,2120
ORAC,2023,2024-06-03,37,2024-07-10,12100.0,326
ORAC,2023,2024-06-03,38,2024-07-11,12100.0,537
ORAC,2023,2024-06-03,39,2024-07-12,12000.0,1169
ORAC,2023,2024-06-03,40,2024-07-13,,
ORAC,2023,2024-06-03,41,2024-07-14,,
ORAC,2023,2024-06-03,42,2024-07-15,12050.0,483
ORAC,2023,2024-06-03,43,2024-07-16,12500.0,1310
ORAC,2023,2024-06-03,44,2024-07-17,13435.0,290
ORAC,2023,2024-06-03,45,2024-07-18,13000.0,1327
ORAC,2023,2024-06-03,46,2024-07-19,13000.0,5973
ORAC,2023,2024-06-03,47,2024-07-20,,
ORAC,2023,2024-06-03,48,2024-07-21,,
ORAC,2023,2024-06-03,49,2024-07-22,12600.0,2505
ORAC,2023,2024-06-03,50,2024-07-23,12600.0,767
ORAC,2023,2024-06-03,51,2024-07-24,13000.0,344
ORAC,2023,2024-06-03,52,2024-07-25,13000.0,298
ORAC,2023,2024-06-03,53,2024-07-26,13000.0,558
ORAC,2023,2024-06-03,54,2024-07-27,,
ORAC,2023,2024-06-03,55,2024-07-28,,
ORAC,2023,2024-06-03,56,2024-07-29,12995.0,1278
ORAC,2023,2024-06-03,57,2024-07-30,12605.0,1255
ORAC,2023,2024-06-03,58,2024-07-31,12655.0,1286
ORAC,2023,2024-06-03,59,2024-08-01,12670.0,374
ORAC,2023,2024-06-03,60,2024-08-02,13385.0,262
ORAC,2024,2025-06-11,-60,2025-04-12,,
ORAC,2024,2025-06-11,-59,2025-04-13,,
ORAC,2024,2025-06-11,-58,2025-04-14,14605.0,1861
ORAC,2024,2025-06-11,-57,2025-04-15,14500.0,1602
ORAC,2024,2025-06-11,-56,2025-04-16,14500.0,7872
ORAC,2024,2025-06-11,-55,2025-04-17,14995.0,1204
ORAC,2024,2025-06-11,-54,2025-04-18,14055.0,3490
ORAC,2024,2025-06-11,-53,2025-04-19,,
ORAC,2024,2025-06-11,-52,2025-04-20,,
ORAC,2024,2025-06-11,-51,2025-04-21,,
ORAC,2024,2025-06-11,-50,2025-04-22,14900.0,477
ORAC,2024,2025-06-11,-49,2025-04-23,14300.0,2332
ORAC,2024,2025-06-11,-48,2025-04-24,14850.0,2500
ORAC,2024,2025-06-11,-47,2025-04-25,14500.0,765
ORAC,2024,2025-06-11,-46,2025-04-26,,
ORAC,2024,2025-06-11,-45,2025-04-27,,
ORAC,2024,2025-06-11,-44,2025-04-28,14200.0,993
ORAC,2024,2025-06-11,-43,2025-04-29,14700.0,1443
ORAC,2024,2025-06-11,-42,2025-04-30,14695.0,145
ORAC,2024,2025-06-11,-41,2025-05-01,,
ORAC,2024,2025-06-11,-40,2025-05-02,14800.0,411
ORAC,2024,2025-06-11,-39,2025-05-03,,
ORAC,2024,2025-06-11,-38,2025-05-04,,
ORAC,2024,2025-06-11,-37,2025-05-05,14700.0,820
ORAC,2024,2025-06-11,-36,2025-05-06,14940.0,648
ORAC,2024,2025-06-11,-35,2025-05-07,15000.0,1419
ORAC,2024,2025-06-11,-34,2025-05-08,15300.0,1044
ORAC,2024,2025-06-11,-33,2025-05-09,15500.0,204
ORAC,2024,2025-06-11,-32,2025-05-10,,
ORAC,2024,2025-06-11,-31,2025-05-11,,
ORAC,2024,2025-06-11,-30,2025-05-12,15500.0,548
ORAC,2024,2025-06-11,-29,2025-05-13,15500.0,2349
ORAC,2024,2025-06-11,-28,2025-05-14,15500.0,2646
ORAC,2024,2025-06-11,-27,2025-05-15,15500.0,258
ORAC,2024,2025-06-11,-26,2025-05-16,15495.0,980
ORAC,2024,2025-06-11,-25,2025-05-17,,
ORAC,2024,2025-06-11,-24,2025-05-18,,
ORAC,2024,2025-06-11,-23,2025-05-19,15495.0,249
ORAC,2024,2025-06-11,-22,2025-05-20,15400.0,1086
ORAC,2024,2025-06-11,-21,2025-05-21,15850.0,1718
ORAC,2024,2025-06-11,-20,2025-05-22,15765.0,417
ORAC,2024,2025-06-11,-19,2025-05-23,15800.0,937
ORAC,2024,2025-06-11,-18,2025-05-24,,
ORAC,2024,2025-06-11,-17,2025-05-25,,
ORAC,2024,2025-06-11,-16,2025-05-26,15900.0,495
ORAC,2024,2025-06-11,-15,2025-05-27,15795.0,1344
ORAC,2024,2025-06-11,-14,2025-05-28,15790.0,3302
ORAC,2024,2025-06-11,-13,2025-05-29,,
ORAC,2024,2025-06-11,-12,2025-05-30,15790.0,541
ORAC,2024,2025-06-11,-11,2025-05-31,,
ORAC,2024,2025-06-11,-10,2025-06-01,,
ORAC,2024,2025-06-11,-9,2025-06-02,15785.0,807
ORAC,2024,2025-06-11,-8,2025-06-03,15775.0,1068
ORAC,2024,2025-06-11,-7,2025-06-04,15555.0,575
ORAC,2024,2025-06-11,-6,2025-06-05,15550.0,1018
ORAC,2024,2025-06-11,-5,2025-06-06,,
ORAC,2024,2025-06-11,-4,2025-06-07,,
ORAC,2024,2025-06-11,-3,2025-06-08,,
ORAC,2024,2025-06-11,-2,2025-06-09,,
ORAC,2024,2025-06-11,-1,2025-06-10,15750.0,958
ORAC,2024,2025-06-11,0,2025-06-11,15750.0,561
ORAC,2024,2025-06-11,1,2025-06-12,15915.0,7335
ORAC,2024,2025-06-11,2,2025-06-13,15600.0,8087
ORAC,2024,2025-06-11,3,2025-06-14,,
ORAC,2024,2025-06-11,4,2025-06-15,,
ORAC,2024,2025-06-11,5,2025-06-16,15500.0,1779
ORAC,2024,2025-06-11,6,2025-06-17,15550.0,3811
ORAC,2024,2025-06-11,7,2025-06-18,15400.0,923
ORAC,2024,2025-06-11,8,2025-06-19,15400.0,1558
ORAC,2024,2025-06-11,9,2025-06-20,15500.0,3207
ORAC,2024,2025-06-11,10,2025-06-21,,
ORAC,2024,2025-06-11,11,2025-06-22,,
ORAC,2024,2025-06-11,12,2025-06-23,15500.0,11706
ORAC,2024,2025-06-11,13,2025-06-24,15490.0,2273
ORAC,2024,2025-06-11,14,2025-06-25,15000.0,2802
ORAC,2024,2025-06-11,15,2025-06-26,15390.0,3779
ORAC,2024,2025-06-11,16,2025-06-27,15390.0,509
ORAC,2024,2025-06-11,17,2025-06-28,,
ORAC,2024,2025-06-11,18,2025-06-29,,
ORAC,2024,2025-06-11,19,2025-06-30,15350.0,809
ORAC,2024,2025-06-11,20,2025-07-01,15000.0,1454
ORAC,2024,2025-06-11,21,2025-07-02,14500.0,1872
ORAC,2024,2025-06-11,22,2025-07-03,14500.0,1841
ORAC,2024,2025-06-11,23,2025-07-04,14405.0,1030
ORAC,2024,2025-06-11,24,2025-07-05,,
ORAC,2024,2025-06-11,25,2025-07-06,,
ORAC,2024,2025-06-11,26,2025-07-07,14500.0,5578
ORAC,2024,2025-06-11,27,2025-07-08,14490.0,710
ORAC,2024,2025-06-11,28,2025-07-09,14490.0,2084
ORAC,2024,2025-06-11,29,2025-07-10,14000.0,8108
ORAC,2024,2025-06-11,30,2025-07-11,14100.0,841
ORAC,2024,2025-06-11,31,2025-07-12,,
ORAC,2024,2025-06-11,32,2025-07-13,,
ORAC,2024,2025-06-11,33,2025-07-14,14000.0,4296
ORAC,2024,2025-06-11,34,2025-07-15,14500.0,6649
ORAC,2024,2025-06-11,35,2025-07-16,15000.0,5321
ORAC,2024,2025-06-11,36,2025-07-17,14500.0,2372
ORAC,2024,2025-06-11,37,2025-07-18,14500.0,527
ORAC,2024,2025-06-11,38,2025-07-19,,
ORAC,2024,2025-06-11,39,2025-07-20,,
ORAC,2024,2025-06-11,40,2025-07-21,14200.0,887
ORAC,2024,2025-06-11,41,2025-07-22,14595.0,971
ORAC,2024,2025-06-11,42,2025-07-23,14300.0,3908
ORAC,2024,2025-06-11,43,2025-07-24,14250.0,2112
ORAC,2024,2025-06-11,44,2025-07-25,14000.0,1700
ORAC,2024,2025-06-11,45,2025-07-26,,
ORAC,2024,2025-06-11,46,2025-07-27,,
ORAC,2024,2025-06-11,47,2025-07-28,14100.0,2647
ORAC,2024,2025-06-11,48,2025-07-29,14000.0,1731
ORAC,2024,2025-06-11,49,2025-07-30,14100.0,1354
ORAC,2024,2025-06-11,50,2025-07-31,14050.0,487
ORAC,2024,2025-06-11,51,2025-08-01,14250.0,4248
ORAC,2024,2025-06-11,52,2025-08-02,,
ORAC,2024,2025-06-11,53,2025-08-03,,
ORAC,2024,2025-06-11,54,2025-08-04,14200.0,497
ORAC,2024,2025-06-11,55,2025-08-05,14150.0,10867
ORAC,2024,2025-06-11,56,2025-08-06,14000.0,314
ORAC,2024,2025-06-11,57,2025-08-07,,
ORAC,2024,2025-06-11,58,2025-08-08,14100.0,12002
ORAC,2024,2025-06-11,59,2025-08-09,,
ORAC,2024,2025-06-11,60,2025-08-10,,
ORAC,2025,2026-06-08,-60,2026-04-09,15000.0,614
ORAC,2025,2026-06-08,-59,2026-04-10,15100.0,531
ORAC,2025,2026-06-08,-58,2026-04-11,15005.0,299
ORAC,2025,2026-06-08,-57,2026-04-12,15005.0,299
ORAC,2025,2026-06-08,-56,2026-04-13,14790.0,2356
ORAC,2025,2026-06-08,-55,2026-04-14,14790.0,2356
ORAC,2025,2026-06-08,-54,2026-04-15,15170.0,219
ORAC,2025,2026-06-08,-53,2026-04-16,15165.0,1062
ORAC,2025,2026-06-08,-52,2026-04-17,15000.0,1688
ORAC,2025,2026-06-08,-51,2026-04-18,14700.0,1951
ORAC,2025,2026-06-08,-50,2026-04-19,14700.0,1951
ORAC,2025,2026-06-08,-49,2026-04-20,14700.0,1951
ORAC,2025,2026-06-08,-48,2026-04-21,14900.0,165
ORAC,2025,2026-06-08,-47,2026-04-22,14905.0,644
ORAC,2025,2026-06-08,-46,2026-04-23,15000.0,1010
ORAC,2025,2026-06-08,-45,2026-04-24,14900.0,1095
ORAC,2025,2026-06-08,-44,2026-04-25,14900.0,157
ORAC,2025,2026-06-08,-43,2026-04-26,14900.0,157
ORAC,2025,2026-06-08,-42,2026-04-27,14900.0,157
ORAC,2025,2026-06-08,-41,2026-04-28,14650.0,1458
ORAC,2025,2026-06-08,-40,2026-04-29,15250.0,753
ORAC,2025,2026-06-08,-39,2026-04-30,14660.0,928
ORAC,2025,2026-06-08,-38,2026-05-01,15200.0,85
ORAC,2025,2026-06-08,-37,2026-05-02,15200.0,85
ORAC,2025,2026-06-08,-36,2026-05-03,15200.0,85
ORAC,2025,2026-06-08,-35,2026-05-04,15200.0,85
ORAC,2025,2026-06-08,-34,2026-05-05,15000.0,431
ORAC,2025,2026-06-08,-33,2026-05-06,15200.0,662
ORAC,2025,2026-06-08,-32,2026-05-07,15200.0,2240
ORAC,2025,2026-06-08,-31,2026-05-08,14900.0,260
ORAC,2025,2026-06-08,-30,2026-05-09,14920.0,350
ORAC,2025,2026-06-08,-29,2026-05-10,14920.0,350
ORAC,2025,2026-06-08,-28,2026-05-11,14920.0,350
ORAC,2025,2026-06-08,-27,2026-05-12,15100.0,899
ORAC,2025,2026-06-08,-26,2026-05-13,15050.0,492
ORAC,2025,2026-06-08,-25,2026-05-14,15000.0,1336
ORAC,2025,2026-06-08,-24,2026-05-15,15000.0,1336
ORAC,2025,2026-06-08,-23,2026-05-16,15150.0,618
ORAC,2025,2026-06-08,-22,2026-05-17,15150.0,618
ORAC,2025,2026-06-08,-21,2026-05-18,15150.0,0
ORAC,2025,2026-06-08,-20,2026-05-19,15600.0,3521
ORAC,2025,2026-06-08,-19,2026-05-20,16000.0,2371
ORAC,2025,2026-06-08,-18,2026-05-21,15505.0,2842
ORAC,2025,2026-06-08,-17,2026-05-22,15650.0,3511
ORAC,2025,2026-06-08,-16,2026-05-23,15550.0,5614
ORAC,2025,2026-06-08,-15,2026-05-24,15550.0,5614
ORAC,2025,2026-06-08,-14,2026-05-25,15550.0,5614
ORAC,2025,2026-06-08,-13,2026-05-26,15700.0,348
ORAC,2025,2026-06-08,-12,2026-05-27,15700.0,348
ORAC,2025,2026-06-08,-11,2026-05-28,15700.0,0
ORAC,2025,2026-06-08,-10,2026-05-29,16000.0,0
ORAC,2025,2026-06-08,-9,2026-05-30,16000.0,5331
ORAC,2025,2026-06-08,-8,2026-05-31,16000.0,5331
ORAC,2025,2026-06-08,-7,2026-06-01,16000.0,778
ORAC,2025,2026-06-08,-6,2026-06-02,16000.0,403
ORAC,2025,2026-06-08,-5,2026-06-03,,
ORAC,2025,2026-06-08,-4,2026-06-04,16975.0,1662
ORAC,2025,2026-06-08,-3,2026-06-05,16975.0,1662
ORAC,2025,2026-06-08,-2,2026-06-06,16605.0,1408
ORAC,2025,2026-06-08,-1,2026-06-07,16605.0,1408
ORAC,2025,2026-06-08,0,2026-06-08,16275.0,554
ORAC,2025,2026-06-08,1,2026-06-09,16000.0,2807
ORAC,2025,2026-06-08,2,2026-06-10,15950.0,0
ORAC,2025,2026-06-08,3,2026-06-11,15900.0,0
ORAC,2025,2026-06-08,4,2026-06-12,15555.0,0
ORAC,2025,2026-06-08,5,2026-06-13,15650.0,1897
ORAC,2025,2026-06-08,6,2026-06-14,15650.0,1897
ORAC,2025,2026-06-08,7,2026-06-15,15795.0,265
ORAC,2025,2026-06-08,8,2026-06-16,15850.0,322
ORAC,2025,2026-06-08,9,2026-06-17,15850.0,121
ORAC,2025,2026-06-08,10,2026-06-18,15810.0,113
ORAC,2025,2026-06-08,11,2026-06-19,16005.0,874
ORAC,2025,2026-06-08,12,2026-06-20,16695.0,2105
ORAC,2025,2026-06-08,13,2026-06-21,16695.0,2105
ORAC,2025,2026-06-08,14,2026-06-22,16695.0,255
ORAC,2025,2026-06-08,15,2026-06-23,16700.0,2794
ORAC,2025,2026-06-08,16,2026-06-24,16695.0,844
ORAC,2025,2026-06-08,17,2026-06-25,16145.0,1330
ORAC,2025,2026-06-08,18,2026-06-26,16695.0,1309
ORAC,2025,2026-06-08,19,2026-06-27,16700.0,1424
ORAC,2025,2026-06-08,20,2026-06-28,16700.0,1424
ORAC,2025,2026-06-08,21,2026-06-29,16700.0,137
ORAC,2025,2026-06-08,22,2026-06-30,16700.0,360
ORAC,2025,2026-06-08,23,2026-07-01,16750.0,3014
ORAC,2025,2026-06-08,24,2026-07-02,16700.0,9546
ORAC,2025,2026-06-08,25,2026-07-03,16750.0,401
ORAC,2025,2026-06-08,26,2026-07-04,16900.0,649
ORAC,2025,2026-06-08,27,2026-07-05,16900.0,649
ORAC,2025,2026-06-08,28,2026-07-06,16900.0,0
ORAC,2025,2026-06-08,29,2026-07-07,16300.0,0
ORAC,2025,2026-06-08,30,2026-07-08,16000.0,6704
ORAC,2025,2026-06-08,31,2026-07-09,16000.0,3212
ORAC,2025,2026-06-08,32,2026-07-10,16000.0,3212
ORAC,2025,2026-06-08,33,2026-07-11,16495.0,2446
ORAC,2025,2026-06-08,34,2026-07-12,16495.0,2446
ORAC,2025,2026-06-08,35,2026-07-13,16495.0,2446
ORAC,2025,2026-06-08,36,2026-07-14,16000.0,887
ORAC,2025,2026-06-08,37,2026-07-15,16160.0,51700
ORAC,2025,2026-06-08,38,2026-07-16,15800.0,1465
ORAC,2025,2026-06-08,39,2026-07-17,16165.0,1506
ORAC,2025,2026-06-08,40,2026-07-18,16160.0,1103
ORAC,2025,2026-06-08,41,2026-07-19,,
ORAC,2025,2026-06-08,42,2026-07-20,,
ORAC,2025,2026-06-08,43,2026-07-21,,
ORAC,2025,2026-06-08,44,2026-07-22,,
ORAC,2025,2026-06-08,45,2026-07-23,,
ORAC,2025,2026-06-08,46,2026-07-24,,
ORAC,2025,2026-06-08,47,2026-07-25,,
ORAC,2025,2026-06-08,48,2026-07-26,,
ORAC,2025,2026-06-08,49,2026-07-27,,
ORAC,2025,2026-06-08,50,2026-07-28,,
ORAC,2025,2026-06-08,51,2026-07-29,,
ORAC,2025,2026-06-08,52,2026-07-30,,
ORAC,2025,2026-06-08,53,2026-07-31,,
ORAC,2025,2026-06-08,54,2026-08-01,,
ORAC,2025,2026-06-08,55,2026-08-02,,
ORAC,2025,2026-06-08,56,2026-08-03,,
ORAC,2025,2026-06-08,57,2026-08-04,,
ORAC,2025,2026-06-08,58,2026-08-05,,
ORAC,2025,2026-06-08,59,2026-08-06,,
ORAC,2025,2026-06-08,60,2026-08-07,,
PALC,2021,2022-08-31,-60,2022-07-02,,
PALC,2021,2022-08-31,-59,2022-07-03,,
PALC,2021,2022-08-31,-58,2022-07-04,12500.0,966
PALC,2021,2022-08-31,-57,2022-07-05,12400.0,22891
PALC,2021,2022-08-31,-56,2022-07-06,12000.0,5036
PALC,2021,2022-08-31,-55,2022-07-07,12100.0,6941
PALC,2021,2022-08-31,-54,2022-07-08,12100.0,191
PALC,2021,2022-08-31,-53,2022-07-09,,
PALC,2021,2022-08-31,-52,2022-07-10,,
PALC,2021,2022-08-31,-51,2022-07-11,12195.0,22657
PALC,2021,2022-08-31,-50,2022-07-12,12200.0,27
PALC,2021,2022-08-31,-49,2022-07-13,12100.0,11688
PALC,2021,2022-08-31,-48,2022-07-14,12005.0,4096
PALC,2021,2022-08-31,-47,2022-07-15,12195.0,2720
PALC,2021,2022-08-31,-46,2022-07-16,,
PALC,2021,2022-08-31,-45,2022-07-17,,
PALC,2021,2022-08-31,-44,2022-07-18,12100.0,1382
PALC,2021,2022-08-31,-43,2022-07-19,12150.0,3444
PALC,2021,2022-08-31,-42,2022-07-20,12150.0,3507
PALC,2021,2022-08-31,-41,2022-07-21,12200.0,667
PALC,2021,2022-08-31,-40,2022-07-22,12200.0,4830
PALC,2021,2022-08-31,-39,2022-07-23,,
PALC,2021,2022-08-31,-38,2022-07-24,,
PALC,2021,2022-08-31,-37,2022-07-25,12350.0,6172
PALC,2021,2022-08-31,-36,2022-07-26,12300.0,4520
PALC,2021,2022-08-31,-35,2022-07-27,12300.0,2830
PALC,2021,2022-08-31,-34,2022-07-28,12400.0,41099
PALC,2021,2022-08-31,-33,2022-07-29,12400.0,4803
PALC,2021,2022-08-31,-32,2022-07-30,,
PALC,2021,2022-08-31,-31,2022-07-31,,
PALC,2021,2022-08-31,-30,2022-08-01,12000.0,5095
PALC,2021,2022-08-31,-29,2022-08-02,12400.0,6513
PALC,2021,2022-08-31,-28,2022-08-03,11985.0,7757
PALC,2021,2022-08-31,-27,2022-08-04,12295.0,1266
PALC,2021,2022-08-31,-26,2022-08-05,12300.0,3520
PALC,2021,2022-08-31,-25,2022-08-06,,
PALC,2021,2022-08-31,-24,2022-08-07,,
PALC,2021,2022-08-31,-23,2022-08-08,,
PALC,2021,2022-08-31,-22,2022-08-09,12005.0,5325
PALC,2021,2022-08-31,-21,2022-08-10,12005.0,3719
PALC,2021,2022-08-31,-20,2022-08-11,12100.0,7980
PALC,2021,2022-08-31,-19,2022-08-12,12300.0,5231
PALC,2021,2022-08-31,-18,2022-08-13,,
PALC,2021,2022-08-31,-17,2022-08-14,,
PALC,2021,2022-08-31,-16,2022-08-15,,
PALC,2021,2022-08-31,-15,2022-08-16,12100.0,7050
PALC,2021,2022-08-31,-14,2022-08-17,12000.0,3217
PALC,2021,2022-08-31,-13,2022-08-18,12100.0,49924
PALC,2021,2022-08-31,-12,2022-08-19,12000.0,4987
PALC,2021,2022-08-31,-11,2022-08-20,,
PALC,2021,2022-08-31,-10,2022-08-21,,
PALC,2021,2022-08-31,-9,2022-08-22,12000.0,2782
PALC,2021,2022-08-31,-8,2022-08-23,12000.0,6348
PALC,2021,2022-08-31,-7,2022-08-24,12000.0,4403
PALC,2021,2022-08-31,-6,2022-08-25,12000.0,3566
PALC,2021,2022-08-31,-5,2022-08-26,11985.0,3292
PALC,2021,2022-08-31,-4,2022-08-27,,
PALC,2021,2022-08-31,-3,2022-08-28,,
PALC,2021,2022-08-31,-2,2022-08-29,11495.0,2481
PALC,2021,2022-08-31,-1,2022-08-30,11200.0,3015
PALC,2021,2022-08-31,0,2022-08-31,11110.0,2519
PALC,2021,2022-08-31,1,2022-09-01,11095.0,9940
PALC,2021,2022-08-31,2,2022-09-02,10765.0,2492
PALC,2021,2022-08-31,3,2022-09-03,,
PALC,2021,2022-08-31,4,2022-09-04,,
PALC,2021,2022-08-31,5,2022-09-05,11000.0,244
PALC,2021,2022-08-31,6,2022-09-06,10965.0,2805
PALC,2021,2022-08-31,7,2022-09-07,10995.0,984
PALC,2021,2022-08-31,8,2022-09-08,10850.0,3558
PALC,2021,2022-08-31,9,2022-09-09,10700.0,52827
PALC,2021,2022-08-31,10,2022-09-10,,
PALC,2021,2022-08-31,11,2022-09-11,,
PALC,2021,2022-08-31,12,2022-09-12,10600.0,2194
PALC,2021,2022-08-31,13,2022-09-13,10610.0,1354
PALC,2021,2022-08-31,14,2022-09-14,10600.0,24874
PALC,2021,2022-08-31,15,2022-09-15,10500.0,7048
PALC,2021,2022-08-31,16,2022-09-16,10600.0,6309
PALC,2021,2022-08-31,17,2022-09-17,,
PALC,2021,2022-08-31,18,2022-09-18,,
PALC,2021,2022-08-31,19,2022-09-19,10760.0,1678
PALC,2021,2022-08-31,20,2022-09-20,10760.0,2027
PALC,2021,2022-08-31,21,2022-09-21,10765.0,742
PALC,2021,2022-08-31,22,2022-09-22,10755.0,366
PALC,2021,2022-08-31,23,2022-09-23,10500.0,10201
PALC,2021,2022-08-31,24,2022-09-24,,
PALC,2021,2022-08-31,25,2022-09-25,,
PALC,2021,2022-08-31,26,2022-09-26,10500.0,1418
PALC,2021,2022-08-31,27,2022-09-27,10200.0,8528
PALC,2021,2022-08-31,28,2022-09-28,9800.0,38774
PALC,2021,2022-08-31,29,2022-09-29,10500.0,94497
PALC,2021,2022-08-31,30,2022-09-30,10995.0,28171
PALC,2021,2022-08-31,31,2022-10-01,,
PALC,2021,2022-08-31,32,2022-10-02,,
PALC,2021,2022-08-31,33,2022-10-03,10175.0,5812
PALC,2021,2022-08-31,34,2022-10-04,10000.0,4239
PALC,2021,2022-08-31,35,2022-10-05,10100.0,7172
PALC,2021,2022-08-31,36,2022-10-06,9910.0,5560
PALC,2021,2022-08-31,37,2022-10-07,10000.0,1002
PALC,2021,2022-08-31,38,2022-10-08,,
PALC,2021,2022-08-31,39,2022-10-09,,
PALC,2021,2022-08-31,40,2022-10-10,10200.0,540
PALC,2021,2022-08-31,41,2022-10-11,10000.0,6408
PALC,2021,2022-08-31,42,2022-10-12,10000.0,5220
PALC,2021,2022-08-31,43,2022-10-13,9990.0,672
PALC,2021,2022-08-31,44,2022-10-14,9790.0,11097
PALC,2021,2022-08-31,45,2022-10-15,,
PALC,2021,2022-08-31,46,2022-10-16,,
PALC,2021,2022-08-31,47,2022-10-17,9640.0,16050
PALC,2021,2022-08-31,48,2022-10-18,9550.0,2132
PALC,2021,2022-08-31,49,2022-10-19,10265.0,68335
PALC,2021,2022-08-31,50,2022-10-20,11030.0,11845
PALC,2021,2022-08-31,51,2022-10-21,10995.0,2031
PALC,2021,2022-08-31,52,2022-10-22,,
PALC,2021,2022-08-31,53,2022-10-23,,
PALC,2021,2022-08-31,54,2022-10-24,11000.0,4596
PALC,2021,2022-08-31,55,2022-10-25,10940.0,10255
PALC,2021,2022-08-31,56,2022-10-26,10900.0,4471
PALC,2021,2022-08-31,57,2022-10-27,10890.0,165
PALC,2021,2022-08-31,58,2022-10-28,10895.0,5308
PALC,2021,2022-08-31,59,2022-10-29,,
PALC,2021,2022-08-31,60,2022-10-30,,
PALC,2022,2023-07-19,-60,2023-05-20,,
PALC,2022,2023-07-19,-59,2023-05-21,,
PALC,2022,2023-07-19,-58,2023-05-22,9850.0,860
PALC,2022,2023-07-19,-57,2023-05-23,9850.0,1080
PALC,2022,2023-07-19,-56,2023-05-24,9780.0,1329
PALC,2022,2023-07-19,-55,2023-05-25,9750.0,823
PALC,2022,2023-07-19,-54,2023-05-26,9790.0,1419
PALC,2022,2023-07-19,-53,2023-05-27,,
PALC,2022,2023-07-19,-52,2023-05-28,,
PALC,2022,2023-07-19,-51,2023-05-29,,
PALC,2022,2023-07-19,-50,2023-05-30,9790.0,1374
PALC,2022,2023-07-19,-49,2023-05-31,9790.0,430
PALC,2022,2023-07-19,-48,2023-06-01,9800.0,711
PALC,2022,2023-07-19,-47,2023-06-02,9800.0,2207
PALC,2022,2023-07-19,-46,2023-06-03,,
PALC,2022,2023-07-19,-45,2023-06-04,,
PALC,2022,2023-07-19,-44,2023-06-05,9795.0,701
PALC,2022,2023-07-19,-43,2023-06-06,9800.0,1316
PALC,2022,2023-07-19,-42,2023-06-07,9795.0,902
PALC,2022,2023-07-19,-41,2023-06-08,9755.0,484
PALC,2022,2023-07-19,-40,2023-06-09,9700.0,10632
PALC,2022,2023-07-19,-39,2023-06-10,,
PALC,2022,2023-07-19,-38,2023-06-11,,
PALC,2022,2023-07-19,-37,2023-06-12,9745.0,2719
PALC,2022,2023-07-19,-36,2023-06-13,9745.0,1513
PALC,2022,2023-07-19,-35,2023-06-14,9745.0,807
PALC,2022,2023-07-19,-34,2023-06-15,9605.0,6272
PALC,2022,2023-07-19,-33,2023-06-16,9700.0,9810
PALC,2022,2023-07-19,-32,2023-06-17,,
PALC,2022,2023-07-19,-31,2023-06-18,,
PALC,2022,2023-07-19,-30,2023-06-19,9900.0,3802
PALC,2022,2023-07-19,-29,2023-06-20,9850.0,4393
PALC,2022,2023-07-19,-28,2023-06-21,9900.0,27781
PALC,2022,2023-07-19,-27,2023-06-22,9900.0,1861
PALC,2022,2023-07-19,-26,2023-06-23,9750.0,3625
PALC,2022,2023-07-19,-25,2023-06-24,,
PALC,2022,2023-07-19,-24,2023-06-25,,
PALC,2022,2023-07-19,-23,2023-06-26,9895.0,3361
PALC,2022,2023-07-19,-22,2023-06-27,9895.0,8672
PALC,2022,2023-07-19,-21,2023-06-28,,
PALC,2022,2023-07-19,-20,2023-06-29,10000.0,5156
PALC,2022,2023-07-19,-19,2023-06-30,10600.0,3736
PALC,2022,2023-07-19,-18,2023-07-01,,
PALC,2022,2023-07-19,-17,2023-07-02,,
PALC,2022,2023-07-19,-16,2023-07-03,10350.0,20155
PALC,2022,2023-07-19,-15,2023-07-04,10320.0,5945
PALC,2022,2023-07-19,-14,2023-07-05,10200.0,452
PALC,2022,2023-07-19,-13,2023-07-06,10200.0,3201
PALC,2022,2023-07-19,-12,2023-07-07,10250.0,5119
PALC,2022,2023-07-19,-11,2023-07-08,,
PALC,2022,2023-07-19,-10,2023-07-09,,
PALC,2022,2023-07-19,-9,2023-07-10,10200.0,3692
PALC,2022,2023-07-19,-8,2023-07-11,10190.0,7442
PALC,2022,2023-07-19,-7,2023-07-12,10180.0,5812
PALC,2022,2023-07-19,-6,2023-07-13,10000.0,11400
PALC,2022,2023-07-19,-5,2023-07-14,9980.0,14411
PALC,2022,2023-07-19,-4,2023-07-15,,
PALC,2022,2023-07-19,-3,2023-07-16,,
PALC,2022,2023-07-19,-2,2023-07-17,9000.0,7190
PALC,2022,2023-07-19,-1,2023-07-18,8890.0,3933
PALC,2022,2023-07-19,0,2023-07-19,8875.0,3078
PALC,2022,2023-07-19,1,2023-07-20,8800.0,20193
PALC,2022,2023-07-19,2,2023-07-21,8700.0,2143
PALC,2022,2023-07-19,3,2023-07-22,,
PALC,2022,2023-07-19,4,2023-07-23,,
PALC,2022,2023-07-19,5,2023-07-24,8600.0,4180
PALC,2022,2023-07-19,6,2023-07-25,8500.0,6474
PALC,2022,2023-07-19,7,2023-07-26,8490.0,8117
PALC,2022,2023-07-19,8,2023-07-27,8400.0,1551
PALC,2022,2023-07-19,9,2023-07-28,8345.0,884
PALC,2022,2023-07-19,10,2023-07-29,,
PALC,2022,2023-07-19,11,2023-07-30,,
PALC,2022,2023-07-19,12,2023-07-31,8095.0,1141
PALC,2022,2023-07-19,13,2023-08-01,8040.0,2142
PALC,2022,2023-07-19,14,2023-08-02,8000.0,3679
PALC,2022,2023-07-19,15,2023-08-03,8000.0,2160
PALC,2022,2023-07-19,16,2023-08-04,8040.0,2645
PALC,2022,2023-07-19,17,2023-08-05,,
PALC,2022,2023-07-19,18,2023-08-06,,
PALC,2022,2023-07-19,19,2023-08-07,,
PALC,2022,2023-07-19,20,2023-08-08,7995.0,1389
PALC,2022,2023-07-19,21,2023-08-09,8000.0,1525
PALC,2022,2023-07-19,22,2023-08-10,7995.0,954
PALC,2022,2023-07-19,23,2023-08-11,7995.0,1947
PALC,2022,2023-07-19,24,2023-08-12,,
PALC,2022,2023-07-19,25,2023-08-13,,
PALC,2022,2023-07-19,26,2023-08-14,7995.0,792
PALC,2022,2023-07-19,27,2023-08-15,,
PALC,2022,2023-07-19,28,2023-08-16,7955.0,338
PALC,2022,2023-07-19,29,2023-08-17,7995.0,2199
PALC,2022,2023-07-19,30,2023-08-18,8000.0,1538
PALC,2022,2023-07-19,31,2023-08-19,,
PALC,2022,2023-07-19,32,2023-08-20,,
PALC,2022,2023-07-19,33,2023-08-21,8000.0,1794
PALC,2022,2023-07-19,34,2023-08-22,8000.0,1755
PALC,2022,2023-07-19,35,2023-08-23,7900.0,4472
PALC,2022,2023-07-19,36,2023-08-24,7900.0,8370
PALC,2022,2023-07-19,37,2023-08-25,7900.0,10113
PALC,2022,2023-07-19,38,2023-08-26,,
PALC,2022,2023-07-19,39,2023-08-27,,
PALC,2022,2023-07-19,40,2023-08-28,7900.0,3072
PALC,2022,2023-07-19,41,2023-08-29,7910.0,405
PALC,2022,2023-07-19,42,2023-08-30,7995.0,301
PALC,2022,2023-07-19,43,2023-08-31,7945.0,562
PALC,2022,2023-07-19,44,2023-09-01,7945.0,423
PALC,2022,2023-07-19,45,2023-09-02,,
PALC,2022,2023-07-19,46,2023-09-03,,
PALC,2022,2023-07-19,47,2023-09-04,7945.0,1282
PALC,2022,2023-07-19,48,2023-09-05,7945.0,2255
PALC,2022,2023-07-19,49,2023-09-06,7920.0,636
PALC,2022,2023-07-19,50,2023-09-07,7935.0,3451
PALC,2022,2023-07-19,51,2023-09-08,7850.0,822
PALC,2022,2023-07-19,52,2023-09-09,,
PALC,2022,2023-07-19,53,2023-09-10,,
PALC,2022,2023-07-19,54,2023-09-11,7800.0,1933
PALC,2022,2023-07-19,55,2023-09-12,7800.0,1444
PALC,2022,2023-07-19,56,2023-09-13,7780.0,2196
PALC,2022,2023-07-19,57,2023-09-14,7700.0,1551
PALC,2022,2023-07-19,58,2023-09-15,7695.0,4692
PALC,2022,2023-07-19,59,2023-09-16,,
PALC,2022,2023-07-19,60,2023-09-17,,
PALC,2023,2024-07-26,-60,2024-05-27,6000.0,1312
PALC,2023,2024-07-26,-59,2024-05-28,6000.0,11673
PALC,2023,2024-07-26,-58,2024-05-29,6090.0,7260
PALC,2023,2024-07-26,-57,2024-05-30,5900.0,7989
PALC,2023,2024-07-26,-56,2024-05-31,6000.0,5611
PALC,2023,2024-07-26,-55,2024-06-01,,
PALC,2023,2024-07-26,-54,2024-06-02,,
PALC,2023,2024-07-26,-53,2024-06-03,5900.0,1502
PALC,2023,2024-07-26,-52,2024-06-04,5900.0,2144
PALC,2023,2024-07-26,-51,2024-06-05,5900.0,1307
PALC,2023,2024-07-26,-50,2024-06-06,5900.0,944
PALC,2023,2024-07-26,-49,2024-06-07,5895.0,3405
PALC,2023,2024-07-26,-48,2024-06-08,,
PALC,2023,2024-07-26,-47,2024-06-09,,
PALC,2023,2024-07-26,-46,2024-06-10,5895.0,1810
PALC,2023,2024-07-26,-45,2024-06-11,5885.0,694
PALC,2023,2024-07-26,-44,2024-06-12,5885.0,3193
PALC,2023,2024-07-26,-43,2024-06-13,5795.0,1128
PALC,2023,2024-07-26,-42,2024-06-14,5875.0,1223
PALC,2023,2024-07-26,-41,2024-06-15,,
PALC,2023,2024-07-26,-40,2024-06-16,,
PALC,2023,2024-07-26,-39,2024-06-17,,
PALC,2023,2024-07-26,-38,2024-06-18,5890.0,12622
PALC,2023,2024-07-26,-37,2024-06-19,5890.0,595
PALC,2023,2024-07-26,-36,2024-06-20,5880.0,4338
PALC,2023,2024-07-26,-35,2024-06-21,5990.0,1528
PALC,2023,2024-07-26,-34,2024-06-22,,
PALC,2023,2024-07-26,-33,2024-06-23,,
PALC,2023,2024-07-26,-32,2024-06-24,5990.0,3355
PALC,2023,2024-07-26,-31,2024-06-25,6200.0,11513
PALC,2023,2024-07-26,-30,2024-06-26,6220.0,3709
PALC,2023,2024-07-26,-29,2024-06-27,6195.0,819
PALC,2023,2024-07-26,-28,2024-06-28,6250.0,937
PALC,2023,2024-07-26,-27,2024-06-29,,
PALC,2023,2024-07-26,-26,2024-06-30,,
PALC,2023,2024-07-26,-25,2024-07-01,6215.0,2275
PALC,2023,2024-07-26,-24,2024-07-02,6245.0,479
PALC,2023,2024-07-26,-23,2024-07-03,6220.0,4500
PALC,2023,2024-07-26,-22,2024-07-04,6220.0,971
PALC,2023,2024-07-26,-21,2024-07-05,6220.0,2636
PALC,2023,2024-07-26,-20,2024-07-06,,
PALC,2023,2024-07-26,-19,2024-07-07,,
PALC,2023,2024-07-26,-18,2024-07-08,6220.0,3710
PALC,2023,2024-07-26,-17,2024-07-09,6210.0,1005
PALC,2023,2024-07-26,-16,2024-07-10,6155.0,1324
PALC,2023,2024-07-26,-15,2024-07-11,6185.0,2761
PALC,2023,2024-07-26,-14,2024-07-12,6180.0,1493
PALC,2023,2024-07-26,-13,2024-07-13,,
PALC,2023,2024-07-26,-12,2024-07-14,,
PALC,2023,2024-07-26,-11,2024-07-15,5800.0,5892
PALC,2023,2024-07-26,-10,2024-07-16,6150.0,16283
PALC,2023,2024-07-26,-9,2024-07-17,6150.0,3050
PALC,2023,2024-07-26,-8,2024-07-18,6090.0,1152
PALC,2023,2024-07-26,-7,2024-07-19,6090.0,1015
PALC,2023,2024-07-26,-6,2024-07-20,,
PALC,2023,2024-07-26,-5,2024-07-21,,
PALC,2023,2024-07-26,-4,2024-07-22,6000.0,6098
PALC,2023,2024-07-26,-3,2024-07-23,6000.0,2280
PALC,2023,2024-07-26,-2,2024-07-24,5780.0,1866
PALC,2023,2024-07-26,-1,2024-07-25,5750.0,463
PALC,2023,2024-07-26,0,2024-07-26,5895.0,693
PALC,2023,2024-07-26,1,2024-07-27,,
PALC,2023,2024-07-26,2,2024-07-28,,
PALC,2023,2024-07-26,3,2024-07-29,5740.0,874
PALC,2023,2024-07-26,4,2024-07-30,5700.0,6480
PALC,2023,2024-07-26,5,2024-07-31,5600.0,1321
PALC,2023,2024-07-26,6,2024-08-01,5540.0,1158
PALC,2023,2024-07-26,7,2024-08-02,5440.0,2015
PALC,2023,2024-07-26,8,2024-08-03,,
PALC,2023,2024-07-26,9,2024-08-04,,
PALC,2023,2024-07-26,10,2024-08-05,5340.0,4681
PALC,2023,2024-07-26,11,2024-08-06,5285.0,2122
PALC,2023,2024-07-26,12,2024-08-07,,
PALC,2023,2024-07-26,13,2024-08-08,5275.0,3076
PALC,2023,2024-07-26,14,2024-08-09,5260.0,4009
PALC,2023,2024-07-26,15,2024-08-10,,
PALC,2023,2024-07-26,16,2024-08-11,,
PALC,2023,2024-07-26,17,2024-08-12,5260.0,3829
PALC,2023,2024-07-26,18,2024-08-13,4870.0,7113
PALC,2023,2024-07-26,19,2024-08-14,4835.0,5808
PALC,2023,2024-07-26,20,2024-08-15,,
PALC,2023,2024-07-26,21,2024-08-16,4830.0,20503
PALC,2023,2024-07-26,22,2024-08-17,,
PALC,2023,2024-07-26,23,2024-08-18,,
PALC,2023,2024-07-26,24,2024-08-19,4800.0,10528
PALC,2023,2024-07-26,25,2024-08-20,5160.0,660
PALC,2023,2024-07-26,26,2024-08-21,5000.0,2607
PALC,2023,2024-07-26,27,2024-08-22,5000.0,3277
PALC,2023,2024-07-26,28,2024-08-23,5000.0,3836
PALC,2023,2024-07-26,29,2024-08-24,,
PALC,2023,2024-07-26,30,2024-08-25,,
PALC,2023,2024-07-26,31,2024-08-26,5100.0,144
PALC,2023,2024-07-26,32,2024-08-27,5000.0,4245
PALC,2023,2024-07-26,33,2024-08-28,4980.0,9878
PALC,2023,2024-07-26,34,2024-08-29,4800.0,5471
PALC,2023,2024-07-26,35,2024-08-30,,
PALC,2023,2024-07-26,36,2024-08-31,,
PALC,2023,2024-07-26,37,2024-09-01,,
PALC,2023,2024-07-26,38,2024-09-02,5000.0,2147
PALC,2023,2024-07-26,39,2024-09-03,4880.0,8215
PALC,2023,2024-07-26,40,2024-09-04,4890.0,8186
PALC,2023,2024-07-26,41,2024-09-05,5000.0,7350
PALC,2023,2024-07-26,42,2024-09-06,5000.0,1780
PALC,2023,2024-07-26,43,2024-09-07,,
PALC,2023,2024-07-26,44,2024-09-08,,
PALC,2023,2024-07-26,45,2024-09-09,5000.0,2816
PALC,2023,2024-07-26,46,2024-09-10,4950.0,4785
PALC,2023,2024-07-26,47,2024-09-11,4925.0,6491
PALC,2023,2024-07-26,48,2024-09-12,4920.0,198
PALC,2023,2024-07-26,49,2024-09-13,4800.0,7616
PALC,2023,2024-07-26,50,2024-09-14,,
PALC,2023,2024-07-26,51,2024-09-15,,
PALC,2023,2024-07-26,52,2024-09-16,4800.0,3198
PALC,2023,2024-07-26,53,2024-09-17,4760.0,1903
PALC,2023,2024-07-26,54,2024-09-18,4795.0,11972
PALC,2023,2024-07-26,55,2024-09-19,4995.0,1244
PALC,2023,2024-07-26,56,2024-09-20,4980.0,174
PALC,2023,2024-07-26,57,2024-09-21,,
PALC,2023,2024-07-26,58,2024-09-22,,
PALC,2023,2024-07-26,59,2024-09-23,4700.0,20342
PALC,2023,2024-07-26,60,2024-09-24,4800.0,5676
PALC,2024,2025-09-10,-60,2025-07-12,,
PALC,2024,2025-09-10,-59,2025-07-13,,
PALC,2024,2025-09-10,-58,2025-07-14,8250.0,7275
PALC,2024,2025-09-10,-57,2025-07-15,8250.0,3723
PALC,2024,2025-09-10,-56,2025-07-16,8300.0,6083
PALC,2024,2025-09-10,-55,2025-07-17,8200.0,5092
PALC,2024,2025-09-10,-54,2025-07-18,8250.0,1507
PALC,2024,2025-09-10,-53,2025-07-19,,
PALC,2024,2025-09-10,-52,2025-07-20,,
PALC,2024,2025-09-10,-51,2025-07-21,8495.0,9449
PALC,2024,2025-09-10,-50,2025-07-22,8450.0,1293
PALC,2024,2025-09-10,-49,2025-07-23,8480.0,14458
PALC,2024,2025-09-10,-48,2025-07-24,8500.0,3242
PALC,2024,2025-09-10,-47,2025-07-25,8550.0,533
PALC,2024,2025-09-10,-46,2025-07-26,,
PALC,2024,2025-09-10,-45,2025-07-27,,
PALC,2024,2025-09-10,-44,2025-07-28,8500.0,3155
PALC,2024,2025-09-10,-43,2025-07-29,8420.0,4591
PALC,2024,2025-09-10,-42,2025-07-30,8450.0,2694
PALC,2024,2025-09-10,-41,2025-07-31,8450.0,2471
PALC,2024,2025-09-10,-40,2025-08-01,8530.0,4578
PALC,2024,2025-09-10,-39,2025-08-02,,
PALC,2024,2025-09-10,-38,2025-08-03,,
PALC,2024,2025-09-10,-37,2025-08-04,8460.0,474
PALC,2024,2025-09-10,-36,2025-08-05,8535.0,4955
PALC,2024,2025-09-10,-35,2025-08-06,8590.0,1606
PALC,2024,2025-09-10,-34,2025-08-07,,
PALC,2024,2025-09-10,-33,2025-08-08,8590.0,1594
PALC,2024,2025-09-10,-32,2025-08-09,,
PALC,2024,2025-09-10,-31,2025-08-10,,
PALC,2024,2025-09-10,-30,2025-08-11,8650.0,1979
PALC,2024,2025-09-10,-29,2025-08-12,8945.0,2506
PALC,2024,2025-09-10,-28,2025-08-13,8985.0,2642
PALC,2024,2025-09-10,-27,2025-08-14,8985.0,2143
PALC,2024,2025-09-10,-26,2025-08-15,,
PALC,2024,2025-09-10,-25,2025-08-16,,
PALC,2024,2025-09-10,-24,2025-08-17,,
PALC,2024,2025-09-10,-23,2025-08-18,8980.0,3407
PALC,2024,2025-09-10,-22,2025-08-19,8995.0,943
PALC,2024,2025-09-10,-21,2025-08-20,9140.0,6767
PALC,2024,2025-09-10,-20,2025-08-21,9200.0,4235
PALC,2024,2025-09-10,-19,2025-08-22,9210.0,2013
PALC,2024,2025-09-10,-18,2025-08-23,,
PALC,2024,2025-09-10,-17,2025-08-24,,
PALC,2024,2025-09-10,-16,2025-08-25,9095.0,3553
PALC,2024,2025-09-10,-15,2025-08-26,9090.0,3360
PALC,2024,2025-09-10,-14,2025-08-27,8850.0,5420
PALC,2024,2025-09-10,-13,2025-08-28,8740.0,3050
PALC,2024,2025-09-10,-12,2025-08-29,8815.0,2037
PALC,2024,2025-09-10,-11,2025-08-30,,
PALC,2024,2025-09-10,-10,2025-08-31,,
PALC,2024,2025-09-10,-9,2025-09-01,9000.0,4588
PALC,2024,2025-09-10,-8,2025-09-02,9000.0,4694
PALC,2024,2025-09-10,-7,2025-09-03,9000.0,1406
PALC,2024,2025-09-10,-6,2025-09-04,,
PALC,2024,2025-09-10,-5,2025-09-05,9000.0,4993
PALC,2024,2025-09-10,-4,2025-09-06,,
PALC,2024,2025-09-10,-3,2025-09-07,,
PALC,2024,2025-09-10,-2,2025-09-08,8700.0,7018
PALC,2024,2025-09-10,-1,2025-09-09,8500.0,4638
PALC,2024,2025-09-10,0,2025-09-10,8600.0,7327
PALC,2024,2025-09-10,1,2025-09-11,8600.0,3486
PALC,2024,2025-09-10,2,2025-09-12,8800.0,2672
PALC,2024,2025-09-10,3,2025-09-13,,
PALC,2024,2025-09-10,4,2025-09-14,,
PALC,2024,2025-09-10,5,2025-09-15,9000.0,2358
PALC,2024,2025-09-10,6,2025-09-16,9100.0,2740
PALC,2024,2025-09-10,7,2025-09-17,9100.0,5611
PALC,2024,2025-09-10,8,2025-09-18,9100.0,2037
PALC,2024,2025-09-10,9,2025-09-19,9000.0,1384
PALC,2024,2025-09-10,10,2025-09-20,,
PALC,2024,2025-09-10,11,2025-09-21,,
PALC,2024,2025-09-10,12,2025-09-22,9100.0,4754
PALC,2024,2025-09-10,13,2025-09-23,9000.0,1107
PALC,2024,2025-09-10,14,2025-09-24,9015.0,1490
PALC,2024,2025-09-10,15,2025-09-25,9245.0,5424
PALC,2024,2025-09-10,16,2025-09-26,9250.0,1801
PALC,2024,2025-09-10,17,2025-09-27,,
PALC,2024,2025-09-10,18,2025-09-28,,
PALC,2024,2025-09-10,19,2025-09-29,9200.0,1061
PALC,2024,2025-09-10,20,2025-09-30,9150.0,4651
PALC,2024,2025-09-10,21,2025-10-01,9145.0,959
PALC,2024,2025-09-10,22,2025-10-02,9200.0,2383
PALC,2024,2025-09-10,23,2025-10-03,9200.0,24719
PALC,2024,2025-09-10,24,2025-10-04,,
PALC,2024,2025-09-10,25,2025-10-05,,
PALC,2024,2025-09-10,26,2025-10-06,9500.0,5897
PALC,2024,2025-09-10,27,2025-10-07,9650.0,2629
PALC,2024,2025-09-10,28,2025-10-08,9645.0,2674
PALC,2024,2025-09-10,29,2025-10-09,9655.0,2312
PALC,2024,2025-09-10,30,2025-10-10,9515.0,2890
PALC,2024,2025-09-10,31,2025-10-11,,
PALC,2024,2025-09-10,32,2025-10-12,,
PALC,2024,2025-09-10,33,2025-10-13,9400.0,4059
PALC,2024,2025-09-10,34,2025-10-14,9585.0,3105
PALC,2024,2025-09-10,35,2025-10-15,9690.0,5829
PALC,2024,2025-09-10,36,2025-10-16,9700.0,4838
PALC,2024,2025-09-10,37,2025-10-17,9300.0,36238
PALC,2024,2025-09-10,38,2025-10-18,,
PALC,2024,2025-09-10,39,2025-10-19,,
PALC,2024,2025-09-10,40,2025-10-20,9115.0,9016
PALC,2024,2025-09-10,41,2025-10-21,8900.0,7026
PALC,2024,2025-09-10,42,2025-10-22,8895.0,6344
PALC,2024,2025-09-10,43,2025-10-23,8805.0,11000
PALC,2024,2025-09-10,44,2025-10-24,8900.0,4715
PALC,2024,2025-09-10,45,2025-10-25,,
PALC,2024,2025-09-10,46,2025-10-26,,
PALC,2024,2025-09-10,47,2025-10-27,9000.0,10841
PALC,2024,2025-09-10,48,2025-10-28,9080.0,12833
PALC,2024,2025-09-10,49,2025-10-29,9260.0,25658
PALC,2024,2025-09-10,50,2025-10-30,8570.0,27719
PALC,2024,2025-09-10,51,2025-10-31,8350.0,9605
PALC,2024,2025-09-10,52,2025-11-01,,
PALC,2024,2025-09-10,53,2025-11-02,,
PALC,2024,2025-09-10,54,2025-11-03,7725.0,1986
PALC,2024,2025-09-10,55,2025-11-04,7150.0,4838
PALC,2024,2025-09-10,56,2025-11-05,6990.0,9967
PALC,2024,2025-09-10,57,2025-11-06,7500.0,10540
PALC,2024,2025-09-10,58,2025-11-07,8060.0,2467
PALC,2024,2025-09-10,59,2025-11-08,,
PALC,2024,2025-09-10,60,2025-11-09,,
PALC,2025,2026-06-29,-60,2026-04-30,7900.0,1173
PALC,2025,2026-06-29,-59,2026-05-01,7310.0,3082
PALC,2025,2026-06-29,-58,2026-05-02,7310.0,3082
PALC,2025,2026-06-29,-57,2026-05-03,7310.0,3082
PALC,2025,2026-06-29,-56,2026-05-04,7310.0,3082
PALC,2025,2026-06-29,-55,2026-05-05,7310.0,3213
PALC,2025,2026-06-29,-54,2026-05-06,6995.0,1515
PALC,2025,2026-06-29,-53,2026-05-07,7800.0,7714
PALC,2025,2026-06-29,-52,2026-05-08,7900.0,1823
PALC,2025,2026-06-29,-51,2026-05-09,7800.0,1399
PALC,2025,2026-06-29,-50,2026-05-10,7800.0,1399
PALC,2025,2026-06-29,-49,2026-05-11,7800.0,1399
PALC,2025,2026-06-29,-48,2026-05-12,7800.0,3623
PALC,2025,2026-06-29,-47,2026-05-13,7850.0,1639
PALC,2025,2026-06-29,-46,2026-05-14,7800.0,765
PALC,2025,2026-06-29,-45,2026-05-15,7800.0,765
PALC,2025,2026-06-29,-44,2026-05-16,7700.0,1940
PALC,2025,2026-06-29,-43,2026-05-17,7700.0,1940
PALC,2025,2026-06-29,-42,2026-05-18,7700.0,0
PALC,2025,2026-06-29,-41,2026-05-19,7700.0,1652
PALC,2025,2026-06-29,-40,2026-05-20,7685.0,1114
PALC,2025,2026-06-29,-39,2026-05-21,7690.0,1527
PALC,2025,2026-06-29,-38,2026-05-22,7700.0,1690
PALC,2025,2026-06-29,-37,2026-05-23,7680.0,423
PALC,2025,2026-06-29,-36,2026-05-24,7680.0,423
PALC,2025,2026-06-29,-35,2026-05-25,7680.0,423
PALC,2025,2026-06-29,-34,2026-05-26,7800.0,2077
PALC,2025,2026-06-29,-33,2026-05-27,7800.0,2077
PALC,2025,2026-06-29,-32,2026-05-28,7800.0,0
PALC,2025,2026-06-29,-31,2026-05-29,7995.0,0
PALC,2025,2026-06-29,-30,2026-05-30,7975.0,776
PALC,2025,2026-06-29,-29,2026-05-31,7975.0,776
PALC,2025,2026-06-29,-28,2026-06-01,7975.0,603
PALC,2025,2026-06-29,-27,2026-06-02,7975.0,120
PALC,2025,2026-06-29,-26,2026-06-03,,
PALC,2025,2026-06-29,-25,2026-06-04,7680.0,7327
PALC,2025,2026-06-29,-24,2026-06-05,7680.0,7327
PALC,2025,2026-06-29,-23,2026-06-06,8255.0,52326
PALC,2025,2026-06-29,-22,2026-06-07,8255.0,52326
PALC,2025,2026-06-29,-21,2026-06-08,8300.0,103
PALC,2025,2026-06-29,-20,2026-06-09,8495.0,890
PALC,2025,2026-06-29,-19,2026-06-10,8685.0,0
PALC,2025,2026-06-29,-18,2026-06-11,8690.0,0
PALC,2025,2026-06-29,-17,2026-06-12,8685.0,0
PALC,2025,2026-06-29,-16,2026-06-13,8780.0,3880
PALC,2025,2026-06-29,-15,2026-06-14,8780.0,3880
PALC,2025,2026-06-29,-14,2026-06-15,8765.0,962
PALC,2025,2026-06-29,-13,2026-06-16,8500.0,3762
PALC,2025,2026-06-29,-12,2026-06-17,8780.0,351
PALC,2025,2026-06-29,-11,2026-06-18,8755.0,85
PALC,2025,2026-06-29,-10,2026-06-19,8650.0,161
PALC,2025,2026-06-29,-9,2026-06-20,8680.0,636
PALC,2025,2026-06-29,-8,2026-06-21,8680.0,636
PALC,2025,2026-06-29,-7,2026-06-22,8710.0,332
PALC,2025,2026-06-29,-6,2026-06-23,8735.0,1900
PALC,2025,2026-06-29,-5,2026-06-24,8740.0,1388
PALC,2025,2026-06-29,-4,2026-06-25,8740.0,4895
PALC,2025,2026-06-29,-3,2026-06-26,8740.0,1911
PALC,2025,2026-06-29,-2,2026-06-27,8800.0,635
PALC,2025,2026-06-29,-1,2026-06-28,8800.0,635
PALC,2025,2026-06-29,0,2026-06-29,8675.0,163
PALC,2025,2026-06-29,1,2026-06-30,8700.0,14296
PALC,2025,2026-06-29,2,2026-07-01,8700.0,9896
PALC,2025,2026-06-29,3,2026-07-02,8730.0,7989
PALC,2025,2026-06-29,4,2026-07-03,8665.0,2240
PALC,2025,2026-06-29,5,2026-07-04,8835.0,7689
PALC,2025,2026-06-29,6,2026-07-05,8835.0,7689
PALC,2025,2026-06-29,7,2026-07-06,8835.0,0
PALC,2025,2026-06-29,8,2026-07-07,8850.0,0
PALC,2025,2026-06-29,9,2026-07-08,8840.0,4227
PALC,2025,2026-06-29,10,2026-07-09,8800.0,2951
PALC,2025,2026-06-29,11,2026-07-10,8800.0,2951
PALC,2025,2026-06-29,12,2026-07-11,8820.0,16881
PALC,2025,2026-06-29,13,2026-07-12,8820.0,16881
PALC,2025,2026-06-29,14,2026-07-13,8820.0,16881
PALC,2025,2026-06-29,15,2026-07-14,8770.0,2050
PALC,2025,2026-06-29,16,2026-07-15,8500.0,4520
PALC,2025,2026-06-29,17,2026-07-16,8700.0,10056
PALC,2025,2026-06-29,18,2026-07-17,8665.0,2120
PALC,2025,2026-06-29,19,2026-07-18,8690.0,587
PALC,2025,2026-06-29,20,2026-07-19,,
PALC,2025,2026-06-29,21,2026-07-20,,
PALC,2025,2026-06-29,22,2026-07-21,,
PALC,2025,2026-06-29,23,2026-07-22,,
PALC,2025,2026-06-29,24,2026-07-23,,
PALC,2025,2026-06-29,25,2026-07-24,,
PALC,2025,2026-06-29,26,2026-07-25,,
PALC,2025,2026-06-29,27,2026-07-26,,
PALC,2025,2026-06-29,28,2026-07-27,,
PALC,2025,2026-06-29,29,2026-07-28,,
PALC,2025,2026-06-29,30,2026-07-29,,
PALC,2025,2026-06-29,31,2026-07-30,,
PALC,2025,2026-06-29,32,2026-07-31,,
PALC,2025,2026-06-29,33,2026-08-01,,
PALC,2025,2026-06-29,34,2026-08-02,,
PALC,2025,2026-06-29,35,2026-08-03,,
PALC,2025,2026-06-29,36,2026-08-04,,
PALC,2025,2026-06-29,37,2026-08-05,,
PALC,2025,2026-06-29,38,2026-08-06,,
PALC,2025,2026-06-29,39,2026-08-07,,
PALC,2025,2026-06-29,40,2026-08-08,,
PALC,2025,2026-06-29,41,2026-08-09,,
PALC,2025,2026-06-29,42,2026-08-10,,
PALC,2025,2026-06-29,43,2026-08-11,,
PALC,2025,2026-06-29,44,2026-08-12,,
PALC,2025,2026-06-29,45,2026-08-13,,
PALC,2025,2026-06-29,46,2026-08-14,,
PALC,2025,2026-06-29,47,2026-08-15,,
PALC,2025,2026-06-29,48,2026-08-16,,
PALC,2025,2026-06-29,49,2026-08-17,,
PALC,2025,2026-06-29,50,2026-08-18,,
PALC,2025,2026-06-29,51,2026-08-19,,
PALC,2025,2026-06-29,52,2026-08-20,,
PALC,2025,2026-06-29,53,2026-08-21,,
PALC,2025,2026-06-29,54,2026-08-22,,
PALC,2025,2026-06-29,55,2026-08-23,,
PALC,2025,2026-06-29,56,2026-08-24,,
PALC,2025,2026-06-29,57,2026-08-25,,
PALC,2025,2026-06-29,58,2026-08-26,,
PALC,2025,2026-06-29,59,2026-08-27,,
PALC,2025,2026-06-29,60,2026-08-28,,
PRSC,2021,2022-08-30,-60,2022-07-01,3750.0,5054
PRSC,2021,2022-08-30,-59,2022-07-02,,
PRSC,2021,2022-08-30,-58,2022-07-03,,
PRSC,2021,2022-08-30,-57,2022-07-04,3750.0,100
PRSC,2021,2022-08-30,-56,2022-07-05,3750.0,86
PRSC,2021,2022-08-30,-55,2022-07-06,3750.0,57
PRSC,2021,2022-08-30,-54,2022-07-07,3505.0,245
PRSC,2021,2022-08-30,-53,2022-07-08,3750.0,1
PRSC,2021,2022-08-30,-52,2022-07-09,,
PRSC,2021,2022-08-30,-51,2022-07-10,,
PRSC,2021,2022-08-30,-50,2022-07-11,3750.0,168
PRSC,2021,2022-08-30,-49,2022-07-12,3750.0,130
PRSC,2021,2022-08-30,-48,2022-07-13,3750.0,182
PRSC,2021,2022-08-30,-47,2022-07-14,3550.0,41
PRSC,2021,2022-08-30,-46,2022-07-15,3750.0,243
PRSC,2021,2022-08-30,-45,2022-07-16,,
PRSC,2021,2022-08-30,-44,2022-07-17,,
PRSC,2021,2022-08-30,-43,2022-07-18,3730.0,66
PRSC,2021,2022-08-30,-42,2022-07-19,3730.0,30
PRSC,2021,2022-08-30,-41,2022-07-20,3725.0,106
PRSC,2021,2022-08-30,-40,2022-07-21,3475.0,502
PRSC,2021,2022-08-30,-39,2022-07-22,3735.0,67
PRSC,2021,2022-08-30,-38,2022-07-23,,
PRSC,2021,2022-08-30,-37,2022-07-24,,
PRSC,2021,2022-08-30,-36,2022-07-25,3735.0,29
PRSC,2021,2022-08-30,-35,2022-07-26,3740.0,2553
PRSC,2021,2022-08-30,-34,2022-07-27,3740.0,100
PRSC,2021,2022-08-30,-33,2022-07-28,3740.0,3
PRSC,2021,2022-08-30,-32,2022-07-29,3500.0,2008
PRSC,2021,2022-08-30,-31,2022-07-30,,
PRSC,2021,2022-08-30,-30,2022-07-31,,
PRSC,2021,2022-08-30,-29,2022-08-01,3750.0,1513
PRSC,2021,2022-08-30,-28,2022-08-02,3750.0,675
PRSC,2021,2022-08-30,-27,2022-08-03,3755.0,52
PRSC,2021,2022-08-30,-26,2022-08-04,3755.0,33
PRSC,2021,2022-08-30,-25,2022-08-05,3800.0,87
PRSC,2021,2022-08-30,-24,2022-08-06,,
PRSC,2021,2022-08-30,-23,2022-08-07,,
PRSC,2021,2022-08-30,-22,2022-08-08,,
PRSC,2021,2022-08-30,-21,2022-08-09,3750.0,189
PRSC,2021,2022-08-30,-20,2022-08-10,3750.0,0
PRSC,2021,2022-08-30,-19,2022-08-11,3800.0,61
PRSC,2021,2022-08-30,-18,2022-08-12,3750.0,2
PRSC,2021,2022-08-30,-17,2022-08-13,,
PRSC,2021,2022-08-30,-16,2022-08-14,,
PRSC,2021,2022-08-30,-15,2022-08-15,,
PRSC,2021,2022-08-30,-14,2022-08-16,3500.0,162
PRSC,2021,2022-08-30,-13,2022-08-17,3750.0,110
PRSC,2021,2022-08-30,-12,2022-08-18,3700.0,67
PRSC,2021,2022-08-30,-11,2022-08-19,3700.0,51
PRSC,2021,2022-08-30,-10,2022-08-20,,
PRSC,2021,2022-08-30,-9,2022-08-21,,
PRSC,2021,2022-08-30,-8,2022-08-22,3500.0,125
PRSC,2021,2022-08-30,-7,2022-08-23,3700.0,1
PRSC,2021,2022-08-30,-6,2022-08-24,3630.0,34
PRSC,2021,2022-08-30,-5,2022-08-25,3630.0,0
PRSC,2021,2022-08-30,-4,2022-08-26,3650.0,32
PRSC,2021,2022-08-30,-3,2022-08-27,,
PRSC,2021,2022-08-30,-2,2022-08-28,,
PRSC,2021,2022-08-30,-1,2022-08-29,3650.0,248
PRSC,2021,2022-08-30,0,2022-08-30,3700.0,82
PRSC,2021,2022-08-30,1,2022-08-31,3650.0,30
PRSC,2021,2022-08-30,2,2022-09-01,3650.0,35
PRSC,2021,2022-08-30,3,2022-09-02,3550.0,20
PRSC,2021,2022-08-30,4,2022-09-03,,
PRSC,2021,2022-08-30,5,2022-09-04,,
PRSC,2021,2022-08-30,6,2022-09-05,3550.0,394
PRSC,2021,2022-08-30,7,2022-09-06,3550.0,44
PRSC,2021,2022-08-30,8,2022-09-07,3550.0,17
PRSC,2021,2022-08-30,9,2022-09-08,3550.0,60
PRSC,2021,2022-08-30,10,2022-09-09,3550.0,81
PRSC,2021,2022-08-30,11,2022-09-10,,
PRSC,2021,2022-08-30,12,2022-09-11,,
PRSC,2021,2022-08-30,13,2022-09-12,3700.0,727
PRSC,2021,2022-08-30,14,2022-09-13,3700.0,260
PRSC,2021,2022-08-30,15,2022-09-14,3690.0,13
PRSC,2021,2022-08-30,16,2022-09-15,3690.0,59
PRSC,2021,2022-08-30,17,2022-09-16,3690.0,0
PRSC,2021,2022-08-30,18,2022-09-17,,
PRSC,2021,2022-08-30,19,2022-09-18,,
PRSC,2021,2022-08-30,20,2022-09-19,3680.0,31
PRSC,2021,2022-08-30,21,2022-09-20,3680.0,44
PRSC,2021,2022-08-30,22,2022-09-21,3680.0,5
PRSC,2021,2022-08-30,23,2022-09-22,3680.0,12
PRSC,2021,2022-08-30,24,2022-09-23,3685.0,1
PRSC,2021,2022-08-30,25,2022-09-24,,
PRSC,2021,2022-08-30,26,2022-09-25,,
PRSC,2021,2022-08-30,27,2022-09-26,3600.0,20
PRSC,2021,2022-08-30,28,2022-09-27,3600.0,766
PRSC,2021,2022-08-30,29,2022-09-28,3600.0,37
PRSC,2021,2022-08-30,30,2022-09-29,3600.0,473
PRSC,2021,2022-08-30,31,2022-09-30,3600.0,8
PRSC,2021,2022-08-30,32,2022-10-01,,
PRSC,2021,2022-08-30,33,2022-10-02,,
PRSC,2021,2022-08-30,34,2022-10-03,3500.0,65
PRSC,2021,2022-08-30,35,2022-10-04,3250.0,308
PRSC,2021,2022-08-30,36,2022-10-05,3250.0,313
PRSC,2021,2022-08-30,37,2022-10-06,3250.0,0
PRSC,2021,2022-08-30,38,2022-10-07,3250.0,200
PRSC,2021,2022-08-30,39,2022-10-08,,
PRSC,2021,2022-08-30,40,2022-10-09,,
PRSC,2021,2022-08-30,41,2022-10-10,3490.0,4
PRSC,2021,2022-08-30,42,2022-10-11,3490.0,219
PRSC,2021,2022-08-30,43,2022-10-12,3490.0,669
PRSC,2021,2022-08-30,44,2022-10-13,3490.0,7
PRSC,2021,2022-08-30,45,2022-10-14,3500.0,162
PRSC,2021,2022-08-30,46,2022-10-15,,
PRSC,2021,2022-08-30,47,2022-10-16,,
PRSC,2021,2022-08-30,48,2022-10-17,3500.0,100
PRSC,2021,2022-08-30,49,2022-10-18,3250.0,345
PRSC,2021,2022-08-30,50,2022-10-19,3490.0,6
PRSC,2021,2022-08-30,51,2022-10-20,3615.0,14
PRSC,2021,2022-08-30,52,2022-10-21,3700.0,1050
PRSC,2021,2022-08-30,53,2022-10-22,,
PRSC,2021,2022-08-30,54,2022-10-23,,
PRSC,2021,2022-08-30,55,2022-10-24,3450.0,183
PRSC,2021,2022-08-30,56,2022-10-25,3600.0,112
PRSC,2021,2022-08-30,57,2022-10-26,3600.0,91
PRSC,2021,2022-08-30,58,2022-10-27,3600.0,1
PRSC,2021,2022-08-30,59,2022-10-28,3600.0,0
PRSC,2021,2022-08-30,60,2022-10-29,,
PRSC,2022,2023-09-13,-60,2023-07-15,,
PRSC,2022,2023-09-13,-59,2023-07-16,,
PRSC,2022,2023-09-13,-58,2023-07-17,3095.0,381
PRSC,2022,2023-09-13,-57,2023-07-18,3000.0,663
PRSC,2022,2023-09-13,-56,2023-07-19,3000.0,148
PRSC,2022,2023-09-13,-55,2023-07-20,3000.0,104
PRSC,2022,2023-09-13,-54,2023-07-21,3000.0,169
PRSC,2022,2023-09-13,-53,2023-07-22,,
PRSC,2022,2023-09-13,-52,2023-07-23,,
PRSC,2022,2023-09-13,-51,2023-07-24,2970.0,77
PRSC,2022,2023-09-13,-50,2023-07-25,3100.0,236
PRSC,2022,2023-09-13,-49,2023-07-26,3000.0,14
PRSC,2022,2023-09-13,-48,2023-07-27,3000.0,0
PRSC,2022,2023-09-13,-47,2023-07-28,3005.0,165
PRSC,2022,2023-09-13,-46,2023-07-29,,
PRSC,2022,2023-09-13,-45,2023-07-30,,
PRSC,2022,2023-09-13,-44,2023-07-31,3100.0,389
PRSC,2022,2023-09-13,-43,2023-08-01,2900.0,84
PRSC,2022,2023-09-13,-42,2023-08-02,2900.0,45
PRSC,2022,2023-09-13,-41,2023-08-03,3085.0,140
PRSC,2022,2023-09-13,-40,2023-08-04,3080.0,203
PRSC,2022,2023-09-13,-39,2023-08-05,,
PRSC,2022,2023-09-13,-38,2023-08-06,,
PRSC,2022,2023-09-13,-37,2023-08-07,,
PRSC,2022,2023-09-13,-36,2023-08-08,3075.0,65
PRSC,2022,2023-09-13,-35,2023-08-09,3070.0,31
PRSC,2022,2023-09-13,-34,2023-08-10,3070.0,55
PRSC,2022,2023-09-13,-33,2023-08-11,3070.0,31
PRSC,2022,2023-09-13,-32,2023-08-12,,
PRSC,2022,2023-09-13,-31,2023-08-13,,
PRSC,2022,2023-09-13,-30,2023-08-14,3070.0,120
PRSC,2022,2023-09-13,-29,2023-08-15,,
PRSC,2022,2023-09-13,-28,2023-08-16,3085.0,103
PRSC,2022,2023-09-13,-27,2023-08-17,3100.0,781
PRSC,2022,2023-09-13,-26,2023-08-18,3095.0,26
PRSC,2022,2023-09-13,-25,2023-08-19,,
PRSC,2022,2023-09-13,-24,2023-08-20,,
PRSC,2022,2023-09-13,-23,2023-08-21,3100.0,201
PRSC,2022,2023-09-13,-22,2023-08-22,3150.0,787
PRSC,2022,2023-09-13,-21,2023-08-23,3195.0,92
PRSC,2022,2023-09-13,-20,2023-08-24,3225.0,534
PRSC,2022,2023-09-13,-19,2023-08-25,3450.0,286
PRSC,2022,2023-09-13,-18,2023-08-26,,
PRSC,2022,2023-09-13,-17,2023-08-27,,
PRSC,2022,2023-09-13,-16,2023-08-28,3440.0,421
PRSC,2022,2023-09-13,-15,2023-08-29,3250.0,1639
PRSC,2022,2023-09-13,-14,2023-08-30,3300.0,3
PRSC,2022,2023-09-13,-13,2023-08-31,3250.0,124
PRSC,2022,2023-09-13,-12,2023-09-01,3360.0,42
PRSC,2022,2023-09-13,-11,2023-09-02,,
PRSC,2022,2023-09-13,-10,2023-09-03,,
PRSC,2022,2023-09-13,-9,2023-09-04,3330.0,759
PRSC,2022,2023-09-13,-8,2023-09-05,3370.0,2036
PRSC,2022,2023-09-13,-7,2023-09-06,3370.0,2071
PRSC,2022,2023-09-13,-6,2023-09-07,3370.0,370
PRSC,2022,2023-09-13,-5,2023-09-08,3350.0,85
PRSC,2022,2023-09-13,-4,2023-09-09,,
PRSC,2022,2023-09-13,-3,2023-09-10,,
PRSC,2022,2023-09-13,-2,2023-09-11,3350.0,267
PRSC,2022,2023-09-13,-1,2023-09-12,3335.0,2554
PRSC,2022,2023-09-13,0,2023-09-13,3300.0,479
PRSC,2022,2023-09-13,1,2023-09-14,3060.0,58
PRSC,2022,2023-09-13,2,2023-09-15,3055.0,123
PRSC,2022,2023-09-13,3,2023-09-16,,
PRSC,2022,2023-09-13,4,2023-09-17,,
PRSC,2022,2023-09-13,5,2023-09-18,3055.0,61
PRSC,2022,2023-09-13,6,2023-09-19,3055.0,72
PRSC,2022,2023-09-13,7,2023-09-20,3000.0,171
PRSC,2022,2023-09-13,8,2023-09-21,3000.0,8
PRSC,2022,2023-09-13,9,2023-09-22,3000.0,3
PRSC,2022,2023-09-13,10,2023-09-23,,
PRSC,2022,2023-09-13,11,2023-09-24,,
PRSC,2022,2023-09-13,12,2023-09-25,2990.0,99
PRSC,2022,2023-09-13,13,2023-09-26,3000.0,92
PRSC,2022,2023-09-13,14,2023-09-27,,
PRSC,2022,2023-09-13,15,2023-09-28,2800.0,984
PRSC,2022,2023-09-13,16,2023-09-29,2800.0,0
PRSC,2022,2023-09-13,17,2023-09-30,,
PRSC,2022,2023-09-13,18,2023-10-01,,
PRSC,2022,2023-09-13,19,2023-10-02,2805.0,50
PRSC,2022,2023-09-13,20,2023-10-03,3015.0,1
PRSC,2022,2023-09-13,21,2023-10-04,2810.0,67
PRSC,2022,2023-09-13,22,2023-10-05,2810.0,319
PRSC,2022,2023-09-13,23,2023-10-06,2810.0,98
PRSC,2022,2023-09-13,24,2023-10-07,,
PRSC,2022,2023-09-13,25,2023-10-08,,
PRSC,2022,2023-09-13,26,2023-10-09,2805.0,283
PRSC,2022,2023-09-13,27,2023-10-10,2805.0,522
PRSC,2022,2023-09-13,28,2023-10-11,2805.0,1308
PRSC,2022,2023-09-13,29,2023-10-12,2800.0,83
PRSC,2022,2023-09-13,30,2023-10-13,2800.0,27
PRSC,2022,2023-09-13,31,2023-10-14,,
PRSC,2022,2023-09-13,32,2023-10-15,,
PRSC,2022,2023-09-13,33,2023-10-16,2750.0,324
PRSC,2022,2023-09-13,34,2023-10-17,2750.0,1001
PRSC,2022,2023-09-13,35,2023-10-18,2700.0,61
PRSC,2022,2023-09-13,36,2023-10-19,2700.0,20
PRSC,2022,2023-09-13,37,2023-10-20,2700.0,17
PRSC,2022,2023-09-13,38,2023-10-21,,
PRSC,2022,2023-09-13,39,2023-10-22,,
PRSC,2022,2023-09-13,40,2023-10-23,2600.0,103
PRSC,2022,2023-09-13,41,2023-10-24,2700.0,53
PRSC,2022,2023-09-13,42,2023-10-25,2555.0,819
PRSC,2022,2023-09-13,43,2023-10-26,2595.0,35
PRSC,2022,2023-09-13,44,2023-10-27,2550.0,487
PRSC,2022,2023-09-13,45,2023-10-28,,
PRSC,2022,2023-09-13,46,2023-10-29,,
PRSC,2022,2023-09-13,47,2023-10-30,2500.0,180
PRSC,2022,2023-09-13,48,2023-10-31,2315.0,255
PRSC,2022,2023-09-13,49,2023-11-01,,
PRSC,2022,2023-09-13,50,2023-11-02,2200.0,712
PRSC,2022,2023-09-13,51,2023-11-03,2200.0,254
PRSC,2022,2023-09-13,52,2023-11-04,,
PRSC,2022,2023-09-13,53,2023-11-05,,
PRSC,2022,2023-09-13,54,2023-11-06,2200.0,552
PRSC,2022,2023-09-13,55,2023-11-07,2200.0,109
PRSC,2022,2023-09-13,56,2023-11-08,2170.0,143
PRSC,2022,2023-09-13,57,2023-11-09,2170.0,576
PRSC,2022,2023-09-13,58,2023-11-10,2035.0,273
PRSC,2022,2023-09-13,59,2023-11-11,,
PRSC,2022,2023-09-13,60,2023-11-12,,
PRSC,2023,2024-09-24,-60,2024-07-26,,
PRSC,2023,2024-09-24,-59,2024-07-27,,
PRSC,2023,2024-09-24,-58,2024-07-28,,
PRSC,2023,2024-09-24,-57,2024-07-29,,
PRSC,2023,2024-09-24,-56,2024-07-30,,
PRSC,2023,2024-09-24,-55,2024-07-31,,
PRSC,2023,2024-09-24,-54,2024-08-01,,
PRSC,2023,2024-09-24,-53,2024-08-02,,
PRSC,2023,2024-09-24,-52,2024-08-03,,
PRSC,2023,2024-09-24,-51,2024-08-04,,
PRSC,2023,2024-09-24,-50,2024-08-05,,
PRSC,2023,2024-09-24,-49,2024-08-06,,
PRSC,2023,2024-09-24,-48,2024-08-07,,
PRSC,2023,2024-09-24,-47,2024-08-08,,
PRSC,2023,2024-09-24,-46,2024-08-09,,
PRSC,2023,2024-09-24,-45,2024-08-10,,
PRSC,2023,2024-09-24,-44,2024-08-11,,
PRSC,2023,2024-09-24,-43,2024-08-12,,
PRSC,2023,2024-09-24,-42,2024-08-13,,
PRSC,2023,2024-09-24,-41,2024-08-14,,
PRSC,2023,2024-09-24,-40,2024-08-15,,
PRSC,2023,2024-09-24,-39,2024-08-16,,
PRSC,2023,2024-09-24,-38,2024-08-17,,
PRSC,2023,2024-09-24,-37,2024-08-18,,
PRSC,2023,2024-09-24,-36,2024-08-19,,
PRSC,2023,2024-09-24,-35,2024-08-20,,
PRSC,2023,2024-09-24,-34,2024-08-21,,
PRSC,2023,2024-09-24,-33,2024-08-22,,
PRSC,2023,2024-09-24,-32,2024-08-23,,
PRSC,2023,2024-09-24,-31,2024-08-24,,
PRSC,2023,2024-09-24,-30,2024-08-25,,
PRSC,2023,2024-09-24,-29,2024-08-26,,
PRSC,2023,2024-09-24,-28,2024-08-27,,
PRSC,2023,2024-09-24,-27,2024-08-28,,
PRSC,2023,2024-09-24,-26,2024-08-29,,
PRSC,2023,2024-09-24,-25,2024-08-30,,
PRSC,2023,2024-09-24,-24,2024-08-31,,
PRSC,2023,2024-09-24,-23,2024-09-01,,
PRSC,2023,2024-09-24,-22,2024-09-02,,
PRSC,2023,2024-09-24,-21,2024-09-03,,
PRSC,2023,2024-09-24,-20,2024-09-04,,
PRSC,2023,2024-09-24,-19,2024-09-05,,
PRSC,2023,2024-09-24,-18,2024-09-06,,
PRSC,2023,2024-09-24,-17,2024-09-07,,
PRSC,2023,2024-09-24,-16,2024-09-08,,
PRSC,2023,2024-09-24,-15,2024-09-09,,
PRSC,2023,2024-09-24,-14,2024-09-10,,
PRSC,2023,2024-09-24,-13,2024-09-11,,
PRSC,2023,2024-09-24,-12,2024-09-12,,
PRSC,2023,2024-09-24,-11,2024-09-13,,
PRSC,2023,2024-09-24,-10,2024-09-14,,
PRSC,2023,2024-09-24,-9,2024-09-15,,
PRSC,2023,2024-09-24,-8,2024-09-16,,
PRSC,2023,2024-09-24,-7,2024-09-17,,
PRSC,2023,2024-09-24,-6,2024-09-18,,
PRSC,2023,2024-09-24,-5,2024-09-19,,
PRSC,2023,2024-09-24,-4,2024-09-20,,
PRSC,2023,2024-09-24,-3,2024-09-21,,
PRSC,2023,2024-09-24,-2,2024-09-22,,
PRSC,2023,2024-09-24,-1,2024-09-23,,
PRSC,2023,2024-09-24,0,2024-09-24,,
PRSC,2023,2024-09-24,1,2024-09-25,,
PRSC,2023,2024-09-24,2,2024-09-26,,
PRSC,2023,2024-09-24,3,2024-09-27,,
PRSC,2023,2024-09-24,4,2024-09-28,,
PRSC,2023,2024-09-24,5,2024-09-29,,
PRSC,2023,2024-09-24,6,2024-09-30,,
PRSC,2023,2024-09-24,7,2024-10-01,,
PRSC,2023,2024-09-24,8,2024-10-02,,
PRSC,2023,2024-09-24,9,2024-10-03,,
PRSC,2023,2024-09-24,10,2024-10-04,,
PRSC,2023,2024-09-24,11,2024-10-05,,
PRSC,2023,2024-09-24,12,2024-10-06,,
PRSC,2023,2024-09-24,13,2024-10-07,,
PRSC,2023,2024-09-24,14,2024-10-08,,
PRSC,2023,2024-09-24,15,2024-10-09,,
PRSC,2023,2024-09-24,16,2024-10-10,,
PRSC,2023,2024-09-24,17,2024-10-11,,
PRSC,2023,2024-09-24,18,2024-10-12,,
PRSC,2023,2024-09-24,19,2024-10-13,,
PRSC,2023,2024-09-24,20,2024-10-14,,
PRSC,2023,2024-09-24,21,2024-10-15,,
PRSC,2023,2024-09-24,22,2024-10-16,,
PRSC,2023,2024-09-24,23,2024-10-17,,
PRSC,2023,2024-09-24,24,2024-10-18,,
PRSC,2023,2024-09-24,25,2024-10-19,,
PRSC,2023,2024-09-24,26,2024-10-20,,
PRSC,2023,2024-09-24,27,2024-10-21,,
PRSC,2023,2024-09-24,28,2024-10-22,,
PRSC,2023,2024-09-24,29,2024-10-23,,
PRSC,2023,2024-09-24,30,2024-10-24,,
PRSC,2023,2024-09-24,31,2024-10-25,,
PRSC,2023,2024-09-24,32,2024-10-26,,
PRSC,2023,2024-09-24,33,2024-10-27,,
PRSC,2023,2024-09-24,34,2024-10-28,,
PRSC,2023,2024-09-24,35,2024-10-29,,
PRSC,2023,2024-09-24,36,2024-10-30,,
PRSC,2023,2024-09-24,37,2024-10-31,,
PRSC,2023,2024-09-24,38,2024-11-01,,
PRSC,2023,2024-09-24,39,2024-11-02,,
PRSC,2023,2024-09-24,40,2024-11-03,,
PRSC,2023,2024-09-24,41,2024-11-04,,
PRSC,2023,2024-09-24,42,2024-11-05,,
PRSC,2023,2024-09-24,43,2024-11-06,,
PRSC,2023,2024-09-24,44,2024-11-07,,
PRSC,2023,2024-09-24,45,2024-11-08,,
PRSC,2023,2024-09-24,46,2024-11-09,,
PRSC,2023,2024-09-24,47,2024-11-10,,
PRSC,2023,2024-09-24,48,2024-11-11,,
PRSC,2023,2024-09-24,49,2024-11-12,,
PRSC,2023,2024-09-24,50,2024-11-13,,
PRSC,2023,2024-09-24,51,2024-11-14,,
PRSC,2023,2024-09-24,52,2024-11-15,,
PRSC,2023,2024-09-24,53,2024-11-16,,
PRSC,2023,2024-09-24,54,2024-11-17,,
PRSC,2023,2024-09-24,55,2024-11-18,,
PRSC,2023,2024-09-24,56,2024-11-19,,
PRSC,2023,2024-09-24,57,2024-11-20,,
PRSC,2023,2024-09-24,58,2024-11-21,,
PRSC,2023,2024-09-24,59,2024-11-22,,
PRSC,2023,2024-09-24,60,2024-11-23,,
PRSC,2024,2025-09-30,-60,2025-08-01,,
PRSC,2024,2025-09-30,-59,2025-08-02,,
PRSC,2024,2025-09-30,-58,2025-08-03,,
PRSC,2024,2025-09-30,-57,2025-08-04,,
PRSC,2024,2025-09-30,-56,2025-08-05,,
PRSC,2024,2025-09-30,-55,2025-08-06,,
PRSC,2024,2025-09-30,-54,2025-08-07,,
PRSC,2024,2025-09-30,-53,2025-08-08,,
PRSC,2024,2025-09-30,-52,2025-08-09,,
PRSC,2024,2025-09-30,-51,2025-08-10,,
PRSC,2024,2025-09-30,-50,2025-08-11,,
PRSC,2024,2025-09-30,-49,2025-08-12,,
PRSC,2024,2025-09-30,-48,2025-08-13,,
PRSC,2024,2025-09-30,-47,2025-08-14,,
PRSC,2024,2025-09-30,-46,2025-08-15,,
PRSC,2024,2025-09-30,-45,2025-08-16,,
PRSC,2024,2025-09-30,-44,2025-08-17,,
PRSC,2024,2025-09-30,-43,2025-08-18,,
PRSC,2024,2025-09-30,-42,2025-08-19,,
PRSC,2024,2025-09-30,-41,2025-08-20,,
PRSC,2024,2025-09-30,-40,2025-08-21,,
PRSC,2024,2025-09-30,-39,2025-08-22,,
PRSC,2024,2025-09-30,-38,2025-08-23,,
PRSC,2024,2025-09-30,-37,2025-08-24,,
PRSC,2024,2025-09-30,-36,2025-08-25,,
PRSC,2024,2025-09-30,-35,2025-08-26,,
PRSC,2024,2025-09-30,-34,2025-08-27,,
PRSC,2024,2025-09-30,-33,2025-08-28,,
PRSC,2024,2025-09-30,-32,2025-08-29,,
PRSC,2024,2025-09-30,-31,2025-08-30,,
PRSC,2024,2025-09-30,-30,2025-08-31,,
PRSC,2024,2025-09-30,-29,2025-09-01,,
PRSC,2024,2025-09-30,-28,2025-09-02,,
PRSC,2024,2025-09-30,-27,2025-09-03,,
PRSC,2024,2025-09-30,-26,2025-09-04,,
PRSC,2024,2025-09-30,-25,2025-09-05,,
PRSC,2024,2025-09-30,-24,2025-09-06,,
PRSC,2024,2025-09-30,-23,2025-09-07,,
PRSC,2024,2025-09-30,-22,2025-09-08,,
PRSC,2024,2025-09-30,-21,2025-09-09,,
PRSC,2024,2025-09-30,-20,2025-09-10,,
PRSC,2024,2025-09-30,-19,2025-09-11,,
PRSC,2024,2025-09-30,-18,2025-09-12,,
PRSC,2024,2025-09-30,-17,2025-09-13,,
PRSC,2024,2025-09-30,-16,2025-09-14,,
PRSC,2024,2025-09-30,-15,2025-09-15,,
PRSC,2024,2025-09-30,-14,2025-09-16,,
PRSC,2024,2025-09-30,-13,2025-09-17,,
PRSC,2024,2025-09-30,-12,2025-09-18,,
PRSC,2024,2025-09-30,-11,2025-09-19,,
PRSC,2024,2025-09-30,-10,2025-09-20,,
PRSC,2024,2025-09-30,-9,2025-09-21,,
PRSC,2024,2025-09-30,-8,2025-09-22,,
PRSC,2024,2025-09-30,-7,2025-09-23,,
PRSC,2024,2025-09-30,-6,2025-09-24,,
PRSC,2024,2025-09-30,-5,2025-09-25,,
PRSC,2024,2025-09-30,-4,2025-09-26,,
PRSC,2024,2025-09-30,-3,2025-09-27,,
PRSC,2024,2025-09-30,-2,2025-09-28,,
PRSC,2024,2025-09-30,-1,2025-09-29,,
PRSC,2024,2025-09-30,0,2025-09-30,,
PRSC,2024,2025-09-30,1,2025-10-01,,
PRSC,2024,2025-09-30,2,2025-10-02,,
PRSC,2024,2025-09-30,3,2025-10-03,,
PRSC,2024,2025-09-30,4,2025-10-04,,
PRSC,2024,2025-09-30,5,2025-10-05,,
PRSC,2024,2025-09-30,6,2025-10-06,,
PRSC,2024,2025-09-30,7,2025-10-07,,
PRSC,2024,2025-09-30,8,2025-10-08,,
PRSC,2024,2025-09-30,9,2025-10-09,,
PRSC,2024,2025-09-30,10,2025-10-10,,
PRSC,2024,2025-09-30,11,2025-10-11,,
PRSC,2024,2025-09-30,12,2025-10-12,,
PRSC,2024,2025-09-30,13,2025-10-13,,
PRSC,2024,2025-09-30,14,2025-10-14,,
PRSC,2024,2025-09-30,15,2025-10-15,,
PRSC,2024,2025-09-30,16,2025-10-16,,
PRSC,2024,2025-09-30,17,2025-10-17,,
PRSC,2024,2025-09-30,18,2025-10-18,,
PRSC,2024,2025-09-30,19,2025-10-19,,
PRSC,2024,2025-09-30,20,2025-10-20,,
PRSC,2024,2025-09-30,21,2025-10-21,,
PRSC,2024,2025-09-30,22,2025-10-22,,
PRSC,2024,2025-09-30,23,2025-10-23,,
PRSC,2024,2025-09-30,24,2025-10-24,,
PRSC,2024,2025-09-30,25,2025-10-25,,
PRSC,2024,2025-09-30,26,2025-10-26,,
PRSC,2024,2025-09-30,27,2025-10-27,,
PRSC,2024,2025-09-30,28,2025-10-28,,
PRSC,2024,2025-09-30,29,2025-10-29,,
PRSC,2024,2025-09-30,30,2025-10-30,,
PRSC,2024,2025-09-30,31,2025-10-31,,
PRSC,2024,2025-09-30,32,2025-11-01,,
PRSC,2024,2025-09-30,33,2025-11-02,,
PRSC,2024,2025-09-30,34,2025-11-03,,
PRSC,2024,2025-09-30,35,2025-11-04,,
PRSC,2024,2025-09-30,36,2025-11-05,,
PRSC,2024,2025-09-30,37,2025-11-06,,
PRSC,2024,2025-09-30,38,2025-11-07,,
PRSC,2024,2025-09-30,39,2025-11-08,,
PRSC,2024,2025-09-30,40,2025-11-09,,
PRSC,2024,2025-09-30,41,2025-11-10,,
PRSC,2024,2025-09-30,42,2025-11-11,,
PRSC,2024,2025-09-30,43,2025-11-12,,
PRSC,2024,2025-09-30,44,2025-11-13,,
PRSC,2024,2025-09-30,45,2025-11-14,,
PRSC,2024,2025-09-30,46,2025-11-15,,
PRSC,2024,2025-09-30,47,2025-11-16,,
PRSC,2024,2025-09-30,48,2025-11-17,,
PRSC,2024,2025-09-30,49,2025-11-18,,
PRSC,2024,2025-09-30,50,2025-11-19,,
PRSC,2024,2025-09-30,51,2025-11-20,,
PRSC,2024,2025-09-30,52,2025-11-21,,
PRSC,2024,2025-09-30,53,2025-11-22,,
PRSC,2024,2025-09-30,54,2025-11-23,,
PRSC,2024,2025-09-30,55,2025-11-24,,
PRSC,2024,2025-09-30,56,2025-11-25,,
PRSC,2024,2025-09-30,57,2025-11-26,,
PRSC,2024,2025-09-30,58,2025-11-27,,
PRSC,2024,2025-09-30,59,2025-11-28,,
PRSC,2024,2025-09-30,60,2025-11-29,,
SDSC,2021,2022-06-23,-60,2022-04-24,,
SDSC,2021,2022-06-23,-59,2022-04-25,1100.0,735
SDSC,2021,2022-06-23,-58,2022-04-26,1063.75,133
SDSC,2021,2022-06-23,-57,2022-04-27,1137.5,24200
SDSC,2021,2022-06-23,-56,2022-04-28,,
SDSC,2021,2022-06-23,-55,2022-04-29,1221.25,1075
SDSC,2021,2022-06-23,-54,2022-04-30,,
SDSC,2021,2022-06-23,-53,2022-05-01,,
SDSC,2021,2022-06-23,-52,2022-05-02,,
SDSC,2021,2022-06-23,-51,2022-05-03,1175.0,170
SDSC,2021,2022-06-23,-50,2022-05-04,1150.0,502
SDSC,2021,2022-06-23,-49,2022-05-05,1220.0,2448
SDSC,2021,2022-06-23,-48,2022-05-06,1220.0,173
SDSC,2021,2022-06-23,-47,2022-05-07,,
SDSC,2021,2022-06-23,-46,2022-05-08,,
SDSC,2021,2022-06-23,-45,2022-05-09,1217.5,47
SDSC,2021,2022-06-23,-44,2022-05-10,1213.75,151
SDSC,2021,2022-06-23,-43,2022-05-11,1217.5,592
SDSC,2021,2022-06-23,-42,2022-05-12,1218.75,148
SDSC,2021,2022-06-23,-41,2022-05-13,1200.0,1070
SDSC,2021,2022-06-23,-40,2022-05-14,,
SDSC,2021,2022-06-23,-39,2022-05-15,,
SDSC,2021,2022-06-23,-38,2022-05-16,1198.75,381
SDSC,2021,2022-06-23,-37,2022-05-17,1187.5,2546
SDSC,2021,2022-06-23,-36,2022-05-18,1212.5,5944
SDSC,2021,2022-06-23,-35,2022-05-19,1138.75,513
SDSC,2021,2022-06-23,-34,2022-05-20,1218.75,1013
SDSC,2021,2022-06-23,-33,2022-05-21,,
SDSC,2021,2022-06-23,-32,2022-05-22,,
SDSC,2021,2022-06-23,-31,2022-05-23,1222.5,420
SDSC,2021,2022-06-23,-30,2022-05-24,1170.0,138
SDSC,2021,2022-06-23,-29,2022-05-25,1222.5,316
SDSC,2021,2022-06-23,-28,2022-05-26,,
SDSC,2021,2022-06-23,-27,2022-05-27,1200.0,335
SDSC,2021,2022-06-23,-26,2022-05-28,,
SDSC,2021,2022-06-23,-25,2022-05-29,,
SDSC,2021,2022-06-23,-24,2022-05-30,1290.0,503
SDSC,2021,2022-06-23,-23,2022-05-31,1290.0,153
SDSC,2021,2022-06-23,-22,2022-06-01,1350.0,5618
SDSC,2021,2022-06-23,-21,2022-06-02,1350.0,96
SDSC,2021,2022-06-23,-20,2022-06-03,1350.0,271
SDSC,2021,2022-06-23,-19,2022-06-04,,
SDSC,2021,2022-06-23,-18,2022-06-05,,
SDSC,2021,2022-06-23,-17,2022-06-06,,
SDSC,2021,2022-06-23,-16,2022-06-07,1325.0,131
SDSC,2021,2022-06-23,-15,2022-06-08,1325.0,117
SDSC,2021,2022-06-23,-14,2022-06-09,1300.0,214
SDSC,2021,2022-06-23,-13,2022-06-10,1300.0,55
SDSC,2021,2022-06-23,-12,2022-06-11,,
SDSC,2021,2022-06-23,-11,2022-06-12,,
SDSC,2021,2022-06-23,-10,2022-06-13,1343.75,135
SDSC,2021,2022-06-23,-9,2022-06-14,1342.5,241
SDSC,2021,2022-06-23,-8,2022-06-15,1337.5,198
SDSC,2021,2022-06-23,-7,2022-06-16,1337.5,136
SDSC,2021,2022-06-23,-6,2022-06-17,1337.5,86
SDSC,2021,2022-06-23,-5,2022-06-18,,
SDSC,2021,2022-06-23,-4,2022-06-19,,
SDSC,2021,2022-06-23,-3,2022-06-20,1337.5,332
SDSC,2021,2022-06-23,-2,2022-06-21,1325.0,42
SDSC,2021,2022-06-23,-1,2022-06-22,1325.0,476
SDSC,2021,2022-06-23,0,2022-06-23,1325.0,74
SDSC,2021,2022-06-23,1,2022-06-24,1325.0,144
SDSC,2021,2022-06-23,2,2022-06-25,,
SDSC,2021,2022-06-23,3,2022-06-26,,
SDSC,2021,2022-06-23,4,2022-06-27,1325.0,3425
SDSC,2021,2022-06-23,5,2022-06-28,1250.0,961
SDSC,2021,2022-06-23,6,2022-06-29,1315.0,923
SDSC,2021,2022-06-23,7,2022-06-30,1315.0,78
SDSC,2021,2022-06-23,8,2022-07-01,1250.0,392
SDSC,2021,2022-06-23,9,2022-07-02,,
SDSC,2021,2022-06-23,10,2022-07-03,,
SDSC,2021,2022-06-23,11,2022-07-04,1245.0,653
SDSC,2021,2022-06-23,12,2022-07-05,1325.0,2917
SDSC,2021,2022-06-23,13,2022-07-06,1325.0,286
SDSC,2021,2022-06-23,14,2022-07-07,1325.0,120
SDSC,2021,2022-06-23,15,2022-07-08,1323.75,60
SDSC,2021,2022-06-23,16,2022-07-09,,
SDSC,2021,2022-06-23,17,2022-07-10,,
SDSC,2021,2022-06-23,18,2022-07-11,1323.75,93
SDSC,2021,2022-06-23,19,2022-07-12,1275.0,230
SDSC,2021,2022-06-23,20,2022-07-13,1287.5,20
SDSC,2021,2022-06-23,21,2022-07-14,1288.75,2098
SDSC,2021,2022-06-23,22,2022-07-15,1287.5,270
SDSC,2021,2022-06-23,23,2022-07-16,,
SDSC,2021,2022-06-23,24,2022-07-17,,
SDSC,2021,2022-06-23,25,2022-07-18,1287.5,60
SDSC,2021,2022-06-23,26,2022-07-19,1287.5,15
SDSC,2021,2022-06-23,27,2022-07-20,1275.0,109
SDSC,2021,2022-06-23,28,2022-07-21,1287.5,166
SDSC,2021,2022-06-23,29,2022-07-22,1287.5,130
SDSC,2021,2022-06-23,30,2022-07-23,,
SDSC,2021,2022-06-23,31,2022-07-24,,
SDSC,2021,2022-06-23,32,2022-07-25,1287.5,53
SDSC,2021,2022-06-23,33,2022-07-26,1286.25,1086
SDSC,2021,2022-06-23,34,2022-07-27,1287.5,9080
SDSC,2021,2022-06-23,35,2022-07-28,1287.5,9
SDSC,2021,2022-06-23,36,2022-07-29,1300.0,150
SDSC,2021,2022-06-23,37,2022-07-30,,
SDSC,2021,2022-06-23,38,2022-07-31,,
SDSC,2021,2022-06-23,39,2022-08-01,1300.0,135
SDSC,2021,2022-06-23,40,2022-08-02,1325.0,263
SDSC,2021,2022-06-23,41,2022-08-03,1300.0,778
SDSC,2021,2022-06-23,42,2022-08-04,1300.0,161
SDSC,2021,2022-06-23,43,2022-08-05,1300.0,282
SDSC,2021,2022-06-23,44,2022-08-06,,
SDSC,2021,2022-06-23,45,2022-08-07,,
SDSC,2021,2022-06-23,46,2022-08-08,,
SDSC,2021,2022-06-23,47,2022-08-09,1300.0,152
SDSC,2021,2022-06-23,48,2022-08-10,1298.75,41
SDSC,2021,2022-06-23,49,2022-08-11,1325.0,360
SDSC,2021,2022-06-23,50,2022-08-12,1337.5,177
SDSC,2021,2022-06-23,51,2022-08-13,,
SDSC,2021,2022-06-23,52,2022-08-14,,
SDSC,2021,2022-06-23,53,2022-08-15,,
SDSC,2021,2022-06-23,54,2022-08-16,1323.75,15
SDSC,2021,2022-06-23,55,2022-08-17,1252.5,345
SDSC,2021,2022-06-23,56,2022-08-18,1297.5,20
SDSC,2021,2022-06-23,57,2022-08-19,1297.5,279
SDSC,2021,2022-06-23,58,2022-08-20,,
SDSC,2021,2022-06-23,59,2022-08-21,,
SDSC,2021,2022-06-23,60,2022-08-22,1297.5,2312
SDSC,2022,2023-11-20,-60,2023-09-21,1200.0,4335
SDSC,2022,2023-11-20,-59,2023-09-22,1175.0,8515
SDSC,2022,2023-11-20,-58,2023-09-23,,
SDSC,2022,2023-11-20,-57,2023-09-24,,
SDSC,2022,2023-11-20,-56,2023-09-25,1223.75,2327
SDSC,2022,2023-11-20,-55,2023-09-26,1212.5,335
SDSC,2022,2023-11-20,-54,2023-09-27,,
SDSC,2022,2023-11-20,-53,2023-09-28,1211.25,2673
SDSC,2022,2023-11-20,-52,2023-09-29,1211.25,0
SDSC,2022,2023-11-20,-51,2023-09-30,,
SDSC,2022,2023-11-20,-50,2023-10-01,,
SDSC,2022,2023-11-20,-49,2023-10-02,1211.25,292
SDSC,2022,2023-11-20,-48,2023-10-03,1211.25,2647
SDSC,2022,2023-11-20,-47,2023-10-04,1200.0,2277
SDSC,2022,2023-11-20,-46,2023-10-05,1200.0,1134
SDSC,2022,2023-11-20,-45,2023-10-06,1200.0,438
SDSC,2022,2023-11-20,-44,2023-10-07,,
SDSC,2022,2023-11-20,-43,2023-10-08,,
SDSC,2022,2023-11-20,-42,2023-10-09,1200.0,2071
SDSC,2022,2023-11-20,-41,2023-10-10,1198.75,2135
SDSC,2022,2023-11-20,-40,2023-10-11,1197.5,1041
SDSC,2022,2023-11-20,-39,2023-10-12,1197.5,1361
SDSC,2022,2023-11-20,-38,2023-10-13,1197.5,458
SDSC,2022,2023-11-20,-37,2023-10-14,,
SDSC,2022,2023-11-20,-36,2023-10-15,,
SDSC,2022,2023-11-20,-35,2023-10-16,1197.5,1414
SDSC,2022,2023-11-20,-34,2023-10-17,1197.5,558
SDSC,2022,2023-11-20,-33,2023-10-18,1197.5,305
SDSC,2022,2023-11-20,-32,2023-10-19,1197.5,493
SDSC,2022,2023-11-20,-31,2023-10-20,1225.0,560
SDSC,2022,2023-11-20,-30,2023-10-21,,
SDSC,2022,2023-11-20,-29,2023-10-22,,
SDSC,2022,2023-11-20,-28,2023-10-23,1200.0,489
SDSC,2022,2023-11-20,-27,2023-10-24,1200.0,315
SDSC,2022,2023-11-20,-26,2023-10-25,1125.0,22222
SDSC,2022,2023-11-20,-25,2023-10-26,1137.5,1143
SDSC,2022,2023-11-20,-24,2023-10-27,1136.25,979
SDSC,2022,2023-11-20,-23,2023-10-28,,
SDSC,2022,2023-11-20,-22,2023-10-29,,
SDSC,2022,2023-11-20,-21,2023-10-30,1136.25,471
SDSC,2022,2023-11-20,-20,2023-10-31,1125.0,904
SDSC,2022,2023-11-20,-19,2023-11-01,,
SDSC,2022,2023-11-20,-18,2023-11-02,1113.75,1486
SDSC,2022,2023-11-20,-17,2023-11-03,1100.0,2823
SDSC,2022,2023-11-20,-16,2023-11-04,,
SDSC,2022,2023-11-20,-15,2023-11-05,,
SDSC,2022,2023-11-20,-14,2023-11-06,1122.5,445
SDSC,2022,2023-11-20,-13,2023-11-07,1118.75,667
SDSC,2022,2023-11-20,-12,2023-11-08,1100.0,336
SDSC,2022,2023-11-20,-11,2023-11-09,1100.0,408
SDSC,2022,2023-11-20,-10,2023-11-10,1100.0,296
SDSC,2022,2023-11-20,-9,2023-11-11,,
SDSC,2022,2023-11-20,-8,2023-11-12,,
SDSC,2022,2023-11-20,-7,2023-11-13,1098.75,682
SDSC,2022,2023-11-20,-6,2023-11-14,1075.0,27
SDSC,2022,2023-11-20,-5,2023-11-15,,
SDSC,2022,2023-11-20,-4,2023-11-16,1075.0,8577
SDSC,2022,2023-11-20,-3,2023-11-17,1125.0,1449
SDSC,2022,2023-11-20,-2,2023-11-18,,
SDSC,2022,2023-11-20,-1,2023-11-19,,
SDSC,2022,2023-11-20,0,2023-11-20,1125.0,368
SDSC,2022,2023-11-20,1,2023-11-21,1121.25,817
SDSC,2022,2023-11-20,2,2023-11-22,1125.0,3133
SDSC,2022,2023-11-20,3,2023-11-23,1075.0,459
SDSC,2022,2023-11-20,4,2023-11-24,1125.0,1969
SDSC,2022,2023-11-20,5,2023-11-25,,
SDSC,2022,2023-11-20,6,2023-11-26,,
SDSC,2022,2023-11-20,7,2023-11-27,1150.0,912
SDSC,2022,2023-11-20,8,2023-11-28,1236.25,1266
SDSC,2022,2023-11-20,9,2023-11-29,1220.0,42
SDSC,2022,2023-11-20,10,2023-11-30,1206.25,161
SDSC,2022,2023-11-20,11,2023-12-01,1200.0,663
SDSC,2022,2023-11-20,12,2023-12-02,,
SDSC,2022,2023-11-20,13,2023-12-03,,
SDSC,2022,2023-11-20,14,2023-12-04,1196.25,1195
SDSC,2022,2023-11-20,15,2023-12-05,1187.5,1581
SDSC,2022,2023-11-20,16,2023-12-06,1186.25,461
SDSC,2022,2023-11-20,17,2023-12-07,1186.25,792
SDSC,2022,2023-11-20,18,2023-12-08,1175.0,189
SDSC,2022,2023-11-20,19,2023-12-09,,
SDSC,2022,2023-11-20,20,2023-12-10,,
SDSC,2022,2023-11-20,21,2023-12-11,1173.75,373
SDSC,2022,2023-11-20,22,2023-12-12,1173.75,465
SDSC,2022,2023-11-20,23,2023-12-13,1173.75,299
SDSC,2022,2023-11-20,24,2023-12-14,1170.0,528
SDSC,2022,2023-11-20,25,2023-12-15,1170.0,102
SDSC,2022,2023-11-20,26,2023-12-16,,
SDSC,2022,2023-11-20,27,2023-12-17,,
SDSC,2022,2023-11-20,28,2023-12-18,1161.25,998
SDSC,2022,2023-11-20,29,2023-12-19,1155.0,121
SDSC,2022,2023-11-20,30,2023-12-20,1131.25,170
SDSC,2022,2023-11-20,31,2023-12-21,1131.25,134
SDSC,2022,2023-11-20,32,2023-12-22,1137.5,121
SDSC,2022,2023-11-20,33,2023-12-23,,
SDSC,2022,2023-11-20,34,2023-12-24,,
SDSC,2022,2023-11-20,35,2023-12-25,,
SDSC,2022,2023-11-20,36,2023-12-26,1136.25,484
SDSC,2022,2023-11-20,37,2023-12-27,1137.5,1277
SDSC,2022,2023-11-20,38,2023-12-28,1196.25,1577
SDSC,2022,2023-11-20,39,2023-12-29,1192.5,472
SDSC,2022,2023-11-20,40,2023-12-30,,
SDSC,2022,2023-11-20,41,2023-12-31,,
SDSC,2022,2023-11-20,42,2024-01-01,,
SDSC,2022,2023-11-20,43,2024-01-02,1178.75,32
SDSC,2022,2023-11-20,44,2024-01-03,1183.75,87
SDSC,2022,2023-11-20,45,2024-01-04,1175.0,52
SDSC,2022,2023-11-20,46,2024-01-05,1175.0,155
SDSC,2022,2023-11-20,47,2024-01-06,,
SDSC,2022,2023-11-20,48,2024-01-07,,
SDSC,2022,2023-11-20,49,2024-01-08,1175.0,278
SDSC,2022,2023-11-20,50,2024-01-09,1175.0,66
SDSC,2022,2023-11-20,51,2024-01-10,1137.5,421
SDSC,2022,2023-11-20,52,2024-01-11,1177.5,821
SDSC,2022,2023-11-20,53,2024-01-12,1090.0,579
SDSC,2022,2023-11-20,54,2024-01-13,,
SDSC,2022,2023-11-20,55,2024-01-14,,
SDSC,2022,2023-11-20,56,2024-01-15,1098.75,325
SDSC,2022,2023-11-20,57,2024-01-16,1100.0,803
SDSC,2022,2023-11-20,58,2024-01-17,1100.0,172
SDSC,2022,2023-11-20,59,2024-01-18,1100.0,192
SDSC,2022,2023-11-20,60,2024-01-19,1097.5,435
SDSC,2023,2024-12-12,-60,2024-10-13,,
SDSC,2023,2024-12-12,-59,2024-10-14,1356.25,2026
SDSC,2023,2024-12-12,-58,2024-10-15,1350.0,283
SDSC,2023,2024-12-12,-57,2024-10-16,1350.0,2748
SDSC,2023,2024-12-12,-56,2024-10-17,1355.0,56540
SDSC,2023,2024-12-12,-55,2024-10-18,1356.25,38242
SDSC,2023,2024-12-12,-54,2024-10-19,,
SDSC,2023,2024-12-12,-53,2024-10-20,,
SDSC,2023,2024-12-12,-52,2024-10-21,1356.25,445
SDSC,2023,2024-12-12,-51,2024-10-22,1350.0,512
SDSC,2023,2024-12-12,-50,2024-10-23,1355.0,604
SDSC,2023,2024-12-12,-49,2024-10-24,1355.0,802
SDSC,2023,2024-12-12,-48,2024-10-25,1353.75,415
SDSC,2023,2024-12-12,-47,2024-10-26,,
SDSC,2023,2024-12-12,-46,2024-10-27,,
SDSC,2023,2024-12-12,-45,2024-10-28,1351.25,1075
SDSC,2023,2024-12-12,-44,2024-10-29,1361.25,827
SDSC,2023,2024-12-12,-43,2024-10-30,1375.0,784
SDSC,2023,2024-12-12,-42,2024-10-31,1375.0,260
SDSC,2023,2024-12-12,-41,2024-11-01,,
SDSC,2023,2024-12-12,-40,2024-11-02,,
SDSC,2023,2024-12-12,-39,2024-11-03,,
SDSC,2023,2024-12-12,-38,2024-11-04,1361.25,775
SDSC,2023,2024-12-12,-37,2024-11-05,1260.0,14170
SDSC,2023,2024-12-12,-36,2024-11-06,1337.5,329
SDSC,2023,2024-12-12,-35,2024-11-07,1337.5,419
SDSC,2023,2024-12-12,-34,2024-11-08,1337.5,1112
SDSC,2023,2024-12-12,-33,2024-11-09,,
SDSC,2023,2024-12-12,-32,2024-11-10,,
SDSC,2023,2024-12-12,-31,2024-11-11,1325.0,4937
SDSC,2023,2024-12-12,-30,2024-11-12,1362.5,179
SDSC,2023,2024-12-12,-29,2024-11-13,1328.75,1034
SDSC,2023,2024-12-12,-28,2024-11-14,1362.5,122
SDSC,2023,2024-12-12,-27,2024-11-15,,
SDSC,2023,2024-12-12,-26,2024-11-16,,
SDSC,2023,2024-12-12,-25,2024-11-17,,
SDSC,2023,2024-12-12,-24,2024-11-18,1362.5,637
SDSC,2023,2024-12-12,-23,2024-11-19,1350.0,1021
SDSC,2023,2024-12-12,-22,2024-11-20,1350.0,626
SDSC,2023,2024-12-12,-21,2024-11-21,1337.5,357
SDSC,2023,2024-12-12,-20,2024-11-22,1350.0,360
SDSC,2023,2024-12-12,-19,2024-11-23,,
SDSC,2023,2024-12-12,-18,2024-11-24,,
SDSC,2023,2024-12-12,-17,2024-11-25,1362.5,1206
SDSC,2023,2024-12-12,-16,2024-11-26,1362.5,1231
SDSC,2023,2024-12-12,-15,2024-11-27,1375.0,651
SDSC,2023,2024-12-12,-14,2024-11-28,1362.5,4927
SDSC,2023,2024-12-12,-13,2024-11-29,1375.0,1058
SDSC,2023,2024-12-12,-12,2024-11-30,,
SDSC,2023,2024-12-12,-11,2024-12-01,,
SDSC,2023,2024-12-12,-10,2024-12-02,1472.5,2664
SDSC,2023,2024-12-12,-9,2024-12-03,1425.0,1174
SDSC,2023,2024-12-12,-8,2024-12-04,1423.75,314
SDSC,2023,2024-12-12,-7,2024-12-05,1423.75,475
SDSC,2023,2024-12-12,-6,2024-12-06,1400.0,706
SDSC,2023,2024-12-12,-5,2024-12-07,,
SDSC,2023,2024-12-12,-4,2024-12-08,,
SDSC,2023,2024-12-12,-3,2024-12-09,1452.5,12649
SDSC,2023,2024-12-12,-2,2024-12-10,1445.0,729
SDSC,2023,2024-12-12,-1,2024-12-11,1398.75,705
SDSC,2023,2024-12-12,0,2024-12-12,1443.75,2012
SDSC,2023,2024-12-12,1,2024-12-13,1443.75,131
SDSC,2023,2024-12-12,2,2024-12-14,,
SDSC,2023,2024-12-12,3,2024-12-15,,
SDSC,2023,2024-12-12,4,2024-12-16,1442.5,1015
SDSC,2023,2024-12-12,5,2024-12-17,1441.25,478
SDSC,2023,2024-12-12,6,2024-12-18,1423.75,719
SDSC,2023,2024-12-12,7,2024-12-19,1422.5,460
SDSC,2023,2024-12-12,8,2024-12-20,1421.25,733
SDSC,2023,2024-12-12,9,2024-12-21,,
SDSC,2023,2024-12-12,10,2024-12-22,,
SDSC,2023,2024-12-12,11,2024-12-23,1420.0,591
SDSC,2023,2024-12-12,12,2024-12-24,1418.75,358
SDSC,2023,2024-12-12,13,2024-12-25,,
SDSC,2023,2024-12-12,14,2024-12-26,1422.5,491
SDSC,2023,2024-12-12,15,2024-12-27,1422.5,948
SDSC,2023,2024-12-12,16,2024-12-28,,
SDSC,2023,2024-12-12,17,2024-12-29,,
SDSC,2023,2024-12-12,18,2024-12-30,1422.5,159
SDSC,2023,2024-12-12,19,2024-12-31,1421.25,313
SDSC,2023,2024-12-12,20,2025-01-01,,
SDSC,2023,2024-12-12,21,2025-01-02,1422.5,178
SDSC,2023,2024-12-12,22,2025-01-03,1412.5,1007
SDSC,2023,2024-12-12,23,2025-01-04,,
SDSC,2023,2024-12-12,24,2025-01-05,,
SDSC,2023,2024-12-12,25,2025-01-06,1425.0,310
SDSC,2023,2024-12-12,26,2025-01-07,1425.0,702
SDSC,2023,2024-12-12,27,2025-01-08,1387.5,1540
SDSC,2023,2024-12-12,28,2025-01-09,1412.5,910
SDSC,2023,2024-12-12,29,2025-01-10,1422.5,446
SDSC,2023,2024-12-12,30,2025-01-11,,
SDSC,2023,2024-12-12,31,2025-01-12,,
SDSC,2023,2024-12-12,32,2025-01-13,1407.5,701
SDSC,2023,2024-12-12,33,2025-01-14,1398.75,472
SDSC,2023,2024-12-12,34,2025-01-15,1398.75,1234
SDSC,2023,2024-12-12,35,2025-01-16,1387.5,497
SDSC,2023,2024-12-12,36,2025-01-17,1387.5,903
SDSC,2023,2024-12-12,37,2025-01-18,,
SDSC,2023,2024-12-12,38,2025-01-19,,
SDSC,2023,2024-12-12,39,2025-01-20,1395.0,302
SDSC,2023,2024-12-12,40,2025-01-21,1387.5,805
SDSC,2023,2024-12-12,41,2025-01-22,1387.5,494
SDSC,2023,2024-12-12,42,2025-01-23,1385.0,827
SDSC,2023,2024-12-12,43,2025-01-24,1400.0,347
SDSC,2023,2024-12-12,44,2025-01-25,,
SDSC,2023,2024-12-12,45,2025-01-26,,
SDSC,2023,2024-12-12,46,2025-01-27,1400.0,3589
SDSC,2023,2024-12-12,47,2025-01-28,1450.0,377
SDSC,2023,2024-12-12,48,2025-01-29,1425.0,967
SDSC,2023,2024-12-12,49,2025-01-30,1475.0,2735
SDSC,2023,2024-12-12,50,2025-01-31,1450.0,1068
SDSC,2023,2024-12-12,51,2025-02-01,,
SDSC,2023,2024-12-12,52,2025-02-02,,
SDSC,2023,2024-12-12,53,2025-02-03,1487.5,9300
SDSC,2023,2024-12-12,54,2025-02-04,1496.25,5232
SDSC,2023,2024-12-12,55,2025-02-05,1497.5,895
SDSC,2023,2024-12-12,56,2025-02-06,1497.5,574
SDSC,2023,2024-12-12,57,2025-02-07,1498.75,178
SDSC,2023,2024-12-12,58,2025-02-08,,
SDSC,2023,2024-12-12,59,2025-02-09,,
SDSC,2023,2024-12-12,60,2025-02-10,1496.25,313
SDSC,2024,2025-08-29,-60,2025-06-30,1500.0,1368
SDSC,2024,2025-08-29,-59,2025-07-01,1525.0,287
SDSC,2024,2025-08-29,-58,2025-07-02,1512.5,64
SDSC,2024,2025-08-29,-57,2025-07-03,1516.25,662
SDSC,2024,2025-08-29,-56,2025-07-04,1500.0,149
SDSC,2024,2025-08-29,-55,2025-07-05,,
SDSC,2024,2025-08-29,-54,2025-07-06,,
SDSC,2024,2025-08-29,-53,2025-07-07,1525.0,693
SDSC,2024,2025-08-29,-52,2025-07-08,1512.5,223
SDSC,2024,2025-08-29,-51,2025-07-09,1451.25,255
SDSC,2024,2025-08-29,-50,2025-07-10,1500.0,287
SDSC,2024,2025-08-29,-49,2025-07-11,1512.5,613
SDSC,2024,2025-08-29,-48,2025-07-12,,
SDSC,2024,2025-08-29,-47,2025-07-13,,
SDSC,2024,2025-08-29,-46,2025-07-14,1477.5,286
SDSC,2024,2025-08-29,-45,2025-07-15,1477.5,258
SDSC,2024,2025-08-29,-44,2025-07-16,1512.5,574
SDSC,2024,2025-08-29,-43,2025-07-17,1412.5,6311
SDSC,2024,2025-08-29,-42,2025-07-18,1515.0,311
SDSC,2024,2025-08-29,-41,2025-07-19,,
SDSC,2024,2025-08-29,-40,2025-07-20,,
SDSC,2024,2025-08-29,-39,2025-07-21,1512.5,199
SDSC,2024,2025-08-29,-38,2025-07-22,1511.25,115
SDSC,2024,2025-08-29,-37,2025-07-23,1512.5,415
SDSC,2024,2025-08-29,-36,2025-07-24,1512.5,375
SDSC,2024,2025-08-29,-35,2025-07-25,1500.0,523
SDSC,2024,2025-08-29,-34,2025-07-26,,
SDSC,2024,2025-08-29,-33,2025-07-27,,
SDSC,2024,2025-08-29,-32,2025-07-28,1500.0,963
SDSC,2024,2025-08-29,-31,2025-07-29,1498.75,200
SDSC,2024,2025-08-29,-30,2025-07-30,1498.75,90
SDSC,2024,2025-08-29,-29,2025-07-31,1475.0,328
SDSC,2024,2025-08-29,-28,2025-08-01,1500.0,260
SDSC,2024,2025-08-29,-27,2025-08-02,,
SDSC,2024,2025-08-29,-26,2025-08-03,,
SDSC,2024,2025-08-29,-25,2025-08-04,1471.25,1404
SDSC,2024,2025-08-29,-24,2025-08-05,1500.0,1190
SDSC,2024,2025-08-29,-23,2025-08-06,1525.0,504
SDSC,2024,2025-08-29,-22,2025-08-07,,
SDSC,2024,2025-08-29,-21,2025-08-08,1500.0,1772
SDSC,2024,2025-08-29,-20,2025-08-09,,
SDSC,2024,2025-08-29,-19,2025-08-10,,
SDSC,2024,2025-08-29,-18,2025-08-11,1493.75,592
SDSC,2024,2025-08-29,-17,2025-08-12,1500.0,507
SDSC,2024,2025-08-29,-16,2025-08-13,1500.0,422
SDSC,2024,2025-08-29,-15,2025-08-14,1475.0,267
SDSC,2024,2025-08-29,-14,2025-08-15,,
SDSC,2024,2025-08-29,-13,2025-08-16,,
SDSC,2024,2025-08-29,-12,2025-08-17,,
SDSC,2024,2025-08-29,-11,2025-08-18,1500.0,558
SDSC,2024,2025-08-29,-10,2025-08-19,1500.0,437
SDSC,2024,2025-08-29,-9,2025-08-20,1500.0,345
SDSC,2024,2025-08-29,-8,2025-08-21,1500.0,327
SDSC,2024,2025-08-29,-7,2025-08-22,1500.0,1594
SDSC,2024,2025-08-29,-6,2025-08-23,,
SDSC,2024,2025-08-29,-5,2025-08-24,,
SDSC,2024,2025-08-29,-4,2025-08-25,1522.5,750
SDSC,2024,2025-08-29,-3,2025-08-26,1525.0,983
SDSC,2024,2025-08-29,-2,2025-08-27,1542.5,816
SDSC,2024,2025-08-29,-1,2025-08-28,1506.25,912
SDSC,2024,2025-08-29,0,2025-08-29,1525.0,229
SDSC,2024,2025-08-29,1,2025-08-30,,
SDSC,2024,2025-08-29,2,2025-08-31,,
SDSC,2024,2025-08-29,3,2025-09-01,1547.5,584
SDSC,2024,2025-08-29,4,2025-09-02,1546.25,364
SDSC,2024,2025-08-29,5,2025-09-03,1552.5,1409
SDSC,2024,2025-08-29,6,2025-09-04,,
SDSC,2024,2025-08-29,7,2025-09-05,1552.5,903
SDSC,2024,2025-08-29,8,2025-09-06,,
SDSC,2024,2025-08-29,9,2025-09-07,,
SDSC,2024,2025-08-29,10,2025-09-08,1556.25,5624
SDSC,2024,2025-08-29,11,2025-09-09,1550.0,895
SDSC,2024,2025-08-29,12,2025-09-10,1558.75,755
SDSC,2024,2025-08-29,13,2025-09-11,1551.25,4207
SDSC,2024,2025-08-29,14,2025-09-12,1562.5,444
SDSC,2024,2025-08-29,15,2025-09-13,,
SDSC,2024,2025-08-29,16,2025-09-14,,
SDSC,2024,2025-08-29,17,2025-09-15,1562.5,768
SDSC,2024,2025-08-29,18,2025-09-16,1558.75,536
SDSC,2024,2025-08-29,19,2025-09-17,1562.5,377
SDSC,2024,2025-08-29,20,2025-09-18,1551.25,248
SDSC,2024,2025-08-29,21,2025-09-19,1561.25,3682
SDSC,2024,2025-08-29,22,2025-09-20,,
SDSC,2024,2025-08-29,23,2025-09-21,,
SDSC,2024,2025-08-29,24,2025-09-22,1557.5,1221
SDSC,2024,2025-08-29,25,2025-09-23,1551.25,335
SDSC,2024,2025-08-29,26,2025-09-24,1547.5,355
SDSC,2024,2025-08-29,27,2025-09-25,1525.0,684
SDSC,2024,2025-08-29,28,2025-09-26,1500.0,508
SDSC,2024,2025-08-29,29,2025-09-27,,
SDSC,2024,2025-08-29,30,2025-09-28,,
SDSC,2024,2025-08-29,31,2025-09-29,1475.0,207
SDSC,2024,2025-08-29,32,2025-09-30,1462.5,2601
SDSC,2024,2025-08-29,33,2025-10-01,1457.5,156
SDSC,2024,2025-08-29,34,2025-10-02,1462.5,834
SDSC,2024,2025-08-29,35,2025-10-03,1463.75,540
SDSC,2024,2025-08-29,36,2025-10-04,,
SDSC,2024,2025-08-29,37,2025-10-05,,
SDSC,2024,2025-08-29,38,2025-10-06,1465.0,1996
SDSC,2024,2025-08-29,39,2025-10-07,1472.5,652
SDSC,2024,2025-08-29,40,2025-10-08,1473.75,343
SDSC,2024,2025-08-29,41,2025-10-09,1497.5,2257
SDSC,2024,2025-08-29,42,2025-10-10,1508.75,1830
SDSC,2024,2025-08-29,43,2025-10-11,,
SDSC,2024,2025-08-29,44,2025-10-12,,
SDSC,2024,2025-08-29,45,2025-10-13,1507.5,468
SDSC,2024,2025-08-29,46,2025-10-14,1503.75,3597
SDSC,2024,2025-08-29,47,2025-10-15,1521.25,527
SDSC,2024,2025-08-29,48,2025-10-16,1512.5,249
SDSC,2024,2025-08-29,49,2025-10-17,1518.75,1800
SDSC,2024,2025-08-29,50,2025-10-18,,
SDSC,2024,2025-08-29,51,2025-10-19,,
SDSC,2024,2025-08-29,52,2025-10-20,1505.0,707
SDSC,2024,2025-08-29,53,2025-10-21,1537.5,1277
SDSC,2024,2025-08-29,54,2025-10-22,1548.75,1224
SDSC,2024,2025-08-29,55,2025-10-23,1561.25,175
SDSC,2024,2025-08-29,56,2025-10-24,1548.75,548
SDSC,2024,2025-08-29,57,2025-10-25,,
SDSC,2024,2025-08-29,58,2025-10-26,,
SDSC,2024,2025-08-29,59,2025-10-27,1545.0,334
SDSC,2024,2025-08-29,60,2025-10-28,1545.0,534
SHEC,2021,2022-10-28,-60,2022-08-29,850.0,586
SHEC,2021,2022-10-28,-59,2022-08-30,830.0,946
SHEC,2021,2022-10-28,-58,2022-08-31,850.0,1250
SHEC,2021,2022-10-28,-57,2022-09-01,820.0,491
SHEC,2021,2022-10-28,-56,2022-09-02,840.0,247
SHEC,2021,2022-10-28,-55,2022-09-03,,
SHEC,2021,2022-10-28,-54,2022-09-04,,
SHEC,2021,2022-10-28,-53,2022-09-05,875.0,4568
SHEC,2021,2022-10-28,-52,2022-09-06,875.0,604
SHEC,2021,2022-10-28,-51,2022-09-07,890.0,758
SHEC,2021,2022-10-28,-50,2022-09-08,885.0,2385
SHEC,2021,2022-10-28,-49,2022-09-09,895.0,1318
SHEC,2021,2022-10-28,-48,2022-09-10,,
SHEC,2021,2022-10-28,-47,2022-09-11,,
SHEC,2021,2022-10-28,-46,2022-09-12,895.0,310
SHEC,2021,2022-10-28,-45,2022-09-13,890.0,920
SHEC,2021,2022-10-28,-44,2022-09-14,880.0,741
SHEC,2021,2022-10-28,-43,2022-09-15,885.0,442
SHEC,2021,2022-10-28,-42,2022-09-16,885.0,84
SHEC,2021,2022-10-28,-41,2022-09-17,,
SHEC,2021,2022-10-28,-40,2022-09-18,,
SHEC,2021,2022-10-28,-39,2022-09-19,885.0,412
SHEC,2021,2022-10-28,-38,2022-09-20,885.0,258
SHEC,2021,2022-10-28,-37,2022-09-21,885.0,832
SHEC,2021,2022-10-28,-36,2022-09-22,885.0,182
SHEC,2021,2022-10-28,-35,2022-09-23,885.0,2292
SHEC,2021,2022-10-28,-34,2022-09-24,,
SHEC,2021,2022-10-28,-33,2022-09-25,,
SHEC,2021,2022-10-28,-32,2022-09-26,885.0,280
SHEC,2021,2022-10-28,-31,2022-09-27,870.0,446
SHEC,2021,2022-10-28,-30,2022-09-28,830.0,1047
SHEC,2021,2022-10-28,-29,2022-09-29,880.0,862
SHEC,2021,2022-10-28,-28,2022-09-30,875.0,163
SHEC,2021,2022-10-28,-27,2022-10-01,,
SHEC,2021,2022-10-28,-26,2022-10-02,,
SHEC,2021,2022-10-28,-25,2022-10-03,875.0,1832
SHEC,2021,2022-10-28,-24,2022-10-04,865.0,362
SHEC,2021,2022-10-28,-23,2022-10-05,825.0,1156
SHEC,2021,2022-10-28,-22,2022-10-06,825.0,3551
SHEC,2021,2022-10-28,-21,2022-10-07,870.0,133
SHEC,2021,2022-10-28,-20,2022-10-08,,
SHEC,2021,2022-10-28,-19,2022-10-09,,
SHEC,2021,2022-10-28,-18,2022-10-10,830.0,1256
SHEC,2021,2022-10-28,-17,2022-10-11,870.0,231
SHEC,2021,2022-10-28,-16,2022-10-12,860.0,120
SHEC,2021,2022-10-28,-15,2022-10-13,840.0,908
SHEC,2021,2022-10-28,-14,2022-10-14,860.0,1823
SHEC,2021,2022-10-28,-13,2022-10-15,,
SHEC,2021,2022-10-28,-12,2022-10-16,,
SHEC,2021,2022-10-28,-11,2022-10-17,850.0,252
SHEC,2021,2022-10-28,-10,2022-10-18,865.0,3628
SHEC,2021,2022-10-28,-9,2022-10-19,890.0,164
SHEC,2021,2022-10-28,-8,2022-10-20,880.0,624
SHEC,2021,2022-10-28,-7,2022-10-21,865.0,1318
SHEC,2021,2022-10-28,-6,2022-10-22,,
SHEC,2021,2022-10-28,-5,2022-10-23,,
SHEC,2021,2022-10-28,-4,2022-10-24,875.0,2557
SHEC,2021,2022-10-28,-3,2022-10-25,880.0,449
SHEC,2021,2022-10-28,-2,2022-10-26,880.0,10
SHEC,2021,2022-10-28,-1,2022-10-27,865.0,50
SHEC,2021,2022-10-28,0,2022-10-28,875.0,940
SHEC,2021,2022-10-28,1,2022-10-29,,
SHEC,2021,2022-10-28,2,2022-10-30,,
SHEC,2021,2022-10-28,3,2022-10-31,870.0,50
SHEC,2021,2022-10-28,4,2022-11-01,,
SHEC,2021,2022-10-28,5,2022-11-02,850.0,23734
SHEC,2021,2022-10-28,6,2022-11-03,850.0,164
SHEC,2021,2022-10-28,7,2022-11-04,850.0,14146
SHEC,2021,2022-10-28,8,2022-11-05,,
SHEC,2021,2022-10-28,9,2022-11-06,,
SHEC,2021,2022-10-28,10,2022-11-07,820.0,528
SHEC,2021,2022-10-28,11,2022-11-08,840.0,412
SHEC,2021,2022-10-28,12,2022-11-09,820.0,219
SHEC,2021,2022-10-28,13,2022-11-10,800.0,123
SHEC,2021,2022-10-28,14,2022-11-11,800.0,1143
SHEC,2021,2022-10-28,15,2022-11-12,,
SHEC,2021,2022-10-28,16,2022-11-13,,
SHEC,2021,2022-10-28,17,2022-11-14,800.0,316
SHEC,2021,2022-10-28,18,2022-11-15,,
SHEC,2021,2022-10-28,19,2022-11-16,800.0,842
SHEC,2021,2022-10-28,20,2022-11-17,820.0,3808
SHEC,2021,2022-10-28,21,2022-11-18,820.0,1264
SHEC,2021,2022-10-28,22,2022-11-19,,
SHEC,2021,2022-10-28,23,2022-11-20,,
SHEC,2021,2022-10-28,24,2022-11-21,830.0,491
SHEC,2021,2022-10-28,25,2022-11-22,780.0,479
SHEC,2021,2022-10-28,26,2022-11-23,780.0,1186
SHEC,2021,2022-10-28,27,2022-11-24,780.0,351
SHEC,2021,2022-10-28,28,2022-11-25,770.0,621
SHEC,2021,2022-10-28,29,2022-11-26,,
SHEC,2021,2022-10-28,30,2022-11-27,,
SHEC,2021,2022-10-28,31,2022-11-28,770.0,262
SHEC,2021,2022-10-28,32,2022-11-29,780.0,191
SHEC,2021,2022-10-28,33,2022-11-30,770.0,191
SHEC,2021,2022-10-28,34,2022-12-01,765.0,445
SHEC,2021,2022-10-28,35,2022-12-02,710.0,374
SHEC,2021,2022-10-28,36,2022-12-03,,
SHEC,2021,2022-10-28,37,2022-12-04,,
SHEC,2021,2022-10-28,38,2022-12-05,700.0,212
SHEC,2021,2022-10-28,39,2022-12-06,700.0,1441
SHEC,2021,2022-10-28,40,2022-12-07,675.0,254
SHEC,2021,2022-10-28,41,2022-12-08,675.0,413
SHEC,2021,2022-10-28,42,2022-12-09,725.0,4588
SHEC,2021,2022-10-28,43,2022-12-10,,
SHEC,2021,2022-10-28,44,2022-12-11,,
SHEC,2021,2022-10-28,45,2022-12-12,730.0,763
SHEC,2021,2022-10-28,46,2022-12-13,765.0,2201
SHEC,2021,2022-10-28,47,2022-12-14,770.0,2015
SHEC,2021,2022-10-28,48,2022-12-15,760.0,2158
SHEC,2021,2022-10-28,49,2022-12-16,760.0,552
SHEC,2021,2022-10-28,50,2022-12-17,,
SHEC,2021,2022-10-28,51,2022-12-18,,
SHEC,2021,2022-10-28,52,2022-12-19,760.0,284
SHEC,2021,2022-10-28,53,2022-12-20,760.0,797
SHEC,2021,2022-10-28,54,2022-12-21,755.0,270
SHEC,2021,2022-10-28,55,2022-12-22,800.0,1471
SHEC,2021,2022-10-28,56,2022-12-23,795.0,162
SHEC,2021,2022-10-28,57,2022-12-24,,
SHEC,2021,2022-10-28,58,2022-12-25,,
SHEC,2021,2022-10-28,59,2022-12-26,,
SHEC,2021,2022-10-28,60,2022-12-27,790.0,110
SHEC,2022,2023-12-28,-60,2023-10-29,,
SHEC,2022,2023-12-28,-59,2023-10-30,805.0,4902
SHEC,2022,2023-12-28,-58,2023-10-31,815.0,236
SHEC,2022,2023-12-28,-57,2023-11-01,,
SHEC,2022,2023-12-28,-56,2023-11-02,820.0,326
SHEC,2022,2023-12-28,-55,2023-11-03,815.0,735
SHEC,2022,2023-12-28,-54,2023-11-04,,
SHEC,2022,2023-12-28,-53,2023-11-05,,
SHEC,2022,2023-12-28,-52,2023-11-06,810.0,290
SHEC,2022,2023-12-28,-51,2023-11-07,805.0,228
SHEC,2022,2023-12-28,-50,2023-11-08,805.0,2219
SHEC,2022,2023-12-28,-49,2023-11-09,805.0,13912
SHEC,2022,2023-12-28,-48,2023-11-10,805.0,6192
SHEC,2022,2023-12-28,-47,2023-11-11,,
SHEC,2022,2023-12-28,-46,2023-11-12,,
SHEC,2022,2023-12-28,-45,2023-11-13,835.0,126
SHEC,2022,2023-12-28,-44,2023-11-14,835.0,294
SHEC,2022,2023-12-28,-43,2023-11-15,,
SHEC,2022,2023-12-28,-42,2023-11-16,810.0,264
SHEC,2022,2023-12-28,-41,2023-11-17,805.0,380
SHEC,2022,2023-12-28,-40,2023-11-18,,
SHEC,2022,2023-12-28,-39,2023-11-19,,
SHEC,2022,2023-12-28,-38,2023-11-20,805.0,191
SHEC,2022,2023-12-28,-37,2023-11-21,835.0,161
SHEC,2022,2023-12-28,-36,2023-11-22,835.0,301
SHEC,2022,2023-12-28,-35,2023-11-23,830.0,376
SHEC,2022,2023-12-28,-34,2023-11-24,830.0,350
SHEC,2022,2023-12-28,-33,2023-11-25,,
SHEC,2022,2023-12-28,-32,2023-11-26,,
SHEC,2022,2023-12-28,-31,2023-11-27,830.0,581
SHEC,2022,2023-12-28,-30,2023-11-28,830.0,121
SHEC,2022,2023-12-28,-29,2023-11-29,820.0,5
SHEC,2022,2023-12-28,-28,2023-11-30,810.0,223
SHEC,2022,2023-12-28,-27,2023-12-01,830.0,811
SHEC,2022,2023-12-28,-26,2023-12-02,,
SHEC,2022,2023-12-28,-25,2023-12-03,,
SHEC,2022,2023-12-28,-24,2023-12-04,810.0,20
SHEC,2022,2023-12-28,-23,2023-12-05,810.0,3206
SHEC,2022,2023-12-28,-22,2023-12-06,805.0,227
SHEC,2022,2023-12-28,-21,2023-12-07,805.0,710
SHEC,2022,2023-12-28,-20,2023-12-08,815.0,2786
SHEC,2022,2023-12-28,-19,2023-12-09,,
SHEC,2022,2023-12-28,-18,2023-12-10,,
SHEC,2022,2023-12-28,-17,2023-12-11,815.0,3868
SHEC,2022,2023-12-28,-16,2023-12-12,805.0,1861
SHEC,2022,2023-12-28,-15,2023-12-13,810.0,414
SHEC,2022,2023-12-28,-14,2023-12-14,810.0,3287
SHEC,2022,2023-12-28,-13,2023-12-15,810.0,279
SHEC,2022,2023-12-28,-12,2023-12-16,,
SHEC,2022,2023-12-28,-11,2023-12-17,,
SHEC,2022,2023-12-28,-10,2023-12-18,815.0,65
SHEC,2022,2023-12-28,-9,2023-12-19,810.0,810
SHEC,2022,2023-12-28,-8,2023-12-20,830.0,481
SHEC,2022,2023-12-28,-7,2023-12-21,830.0,728
SHEC,2022,2023-12-28,-6,2023-12-22,800.0,65
SHEC,2022,2023-12-28,-5,2023-12-23,,
SHEC,2022,2023-12-28,-4,2023-12-24,,
SHEC,2022,2023-12-28,-3,2023-12-25,,
SHEC,2022,2023-12-28,-2,2023-12-26,760.0,2043
SHEC,2022,2023-12-28,-1,2023-12-27,760.0,325
SHEC,2022,2023-12-28,0,2023-12-28,745.0,2776
SHEC,2022,2023-12-28,1,2023-12-29,790.0,1707
SHEC,2022,2023-12-28,2,2023-12-30,,
SHEC,2022,2023-12-28,3,2023-12-31,,
SHEC,2022,2023-12-28,4,2024-01-01,,
SHEC,2022,2023-12-28,5,2024-01-02,790.0,770
SHEC,2022,2023-12-28,6,2024-01-03,790.0,160
SHEC,2022,2023-12-28,7,2024-01-04,790.0,267
SHEC,2022,2023-12-28,8,2024-01-05,785.0,346
SHEC,2022,2023-12-28,9,2024-01-06,,
SHEC,2022,2023-12-28,10,2024-01-07,,
SHEC,2022,2023-12-28,11,2024-01-08,755.0,506
SHEC,2022,2023-12-28,12,2024-01-09,755.0,200
SHEC,2022,2023-12-28,13,2024-01-10,755.0,251
SHEC,2022,2023-12-28,14,2024-01-11,750.0,20233
SHEC,2022,2023-12-28,15,2024-01-12,755.0,211
SHEC,2022,2023-12-28,16,2024-01-13,,
SHEC,2022,2023-12-28,17,2024-01-14,,
SHEC,2022,2023-12-28,18,2024-01-15,710.0,1641
SHEC,2022,2023-12-28,19,2024-01-16,750.0,589
SHEC,2022,2023-12-28,20,2024-01-17,750.0,538
SHEC,2022,2023-12-28,21,2024-01-18,750.0,718
SHEC,2022,2023-12-28,22,2024-01-19,750.0,130
SHEC,2022,2023-12-28,23,2024-01-20,,
SHEC,2022,2023-12-28,24,2024-01-21,,
SHEC,2022,2023-12-28,25,2024-01-22,780.0,282
SHEC,2022,2023-12-28,26,2024-01-23,780.0,354
SHEC,2022,2023-12-28,27,2024-01-24,790.0,415
SHEC,2022,2023-12-28,28,2024-01-25,790.0,311
SHEC,2022,2023-12-28,29,2024-01-26,795.0,356
SHEC,2022,2023-12-28,30,2024-01-27,,
SHEC,2022,2023-12-28,31,2024-01-28,,
SHEC,2022,2023-12-28,32,2024-01-29,795.0,287
SHEC,2022,2023-12-28,33,2024-01-30,795.0,754
SHEC,2022,2023-12-28,34,2024-01-31,800.0,182
SHEC,2022,2023-12-28,35,2024-02-01,800.0,211
SHEC,2022,2023-12-28,36,2024-02-02,800.0,337
SHEC,2022,2023-12-28,37,2024-02-03,,
SHEC,2022,2023-12-28,38,2024-02-04,,
SHEC,2022,2023-12-28,39,2024-02-05,805.0,288
SHEC,2022,2023-12-28,40,2024-02-06,810.0,1015
SHEC,2022,2023-12-28,41,2024-02-07,800.0,913
SHEC,2022,2023-12-28,42,2024-02-08,810.0,1110
SHEC,2022,2023-12-28,43,2024-02-09,755.0,5795
SHEC,2022,2023-12-28,44,2024-02-10,,
SHEC,2022,2023-12-28,45,2024-02-11,,
SHEC,2022,2023-12-28,46,2024-02-12,,
SHEC,2022,2023-12-28,47,2024-02-13,805.0,190
SHEC,2022,2023-12-28,48,2024-02-14,805.0,2
SHEC,2022,2023-12-28,49,2024-02-15,780.0,618
SHEC,2022,2023-12-28,50,2024-02-16,780.0,557
SHEC,2022,2023-12-28,51,2024-02-17,,
SHEC,2022,2023-12-28,52,2024-02-18,,
SHEC,2022,2023-12-28,53,2024-02-19,780.0,1090
SHEC,2022,2023-12-28,54,2024-02-20,780.0,612
SHEC,2022,2023-12-28,55,2024-02-21,800.0,2696
SHEC,2022,2023-12-28,56,2024-02-22,785.0,50
SHEC,2022,2023-12-28,57,2024-02-23,730.0,1206
SHEC,2022,2023-12-28,58,2024-02-24,,
SHEC,2022,2023-12-28,59,2024-02-25,,
SHEC,2022,2023-12-28,60,2024-02-26,780.0,5
SHEC,2023,2024-09-27,-60,2024-07-29,,
SHEC,2023,2024-09-27,-59,2024-07-30,,
SHEC,2023,2024-09-27,-58,2024-07-31,,
SHEC,2023,2024-09-27,-57,2024-08-01,,
SHEC,2023,2024-09-27,-56,2024-08-02,,
SHEC,2023,2024-09-27,-55,2024-08-03,,
SHEC,2023,2024-09-27,-54,2024-08-04,,
SHEC,2023,2024-09-27,-53,2024-08-05,,
SHEC,2023,2024-09-27,-52,2024-08-06,,
SHEC,2023,2024-09-27,-51,2024-08-07,,
SHEC,2023,2024-09-27,-50,2024-08-08,,
SHEC,2023,2024-09-27,-49,2024-08-09,,
SHEC,2023,2024-09-27,-48,2024-08-10,,
SHEC,2023,2024-09-27,-47,2024-08-11,,
SHEC,2023,2024-09-27,-46,2024-08-12,,
SHEC,2023,2024-09-27,-45,2024-08-13,,
SHEC,2023,2024-09-27,-44,2024-08-14,,
SHEC,2023,2024-09-27,-43,2024-08-15,,
SHEC,2023,2024-09-27,-42,2024-08-16,,
SHEC,2023,2024-09-27,-41,2024-08-17,,
SHEC,2023,2024-09-27,-40,2024-08-18,,
SHEC,2023,2024-09-27,-39,2024-08-19,,
SHEC,2023,2024-09-27,-38,2024-08-20,,
SHEC,2023,2024-09-27,-37,2024-08-21,,
SHEC,2023,2024-09-27,-36,2024-08-22,,
SHEC,2023,2024-09-27,-35,2024-08-23,,
SHEC,2023,2024-09-27,-34,2024-08-24,,
SHEC,2023,2024-09-27,-33,2024-08-25,,
SHEC,2023,2024-09-27,-32,2024-08-26,,
SHEC,2023,2024-09-27,-31,2024-08-27,,
SHEC,2023,2024-09-27,-30,2024-08-28,,
SHEC,2023,2024-09-27,-29,2024-08-29,,
SHEC,2023,2024-09-27,-28,2024-08-30,,
SHEC,2023,2024-09-27,-27,2024-08-31,,
SHEC,2023,2024-09-27,-26,2024-09-01,,
SHEC,2023,2024-09-27,-25,2024-09-02,,
SHEC,2023,2024-09-27,-24,2024-09-03,,
SHEC,2023,2024-09-27,-23,2024-09-04,,
SHEC,2023,2024-09-27,-22,2024-09-05,,
SHEC,2023,2024-09-27,-21,2024-09-06,,
SHEC,2023,2024-09-27,-20,2024-09-07,,
SHEC,2023,2024-09-27,-19,2024-09-08,,
SHEC,2023,2024-09-27,-18,2024-09-09,,
SHEC,2023,2024-09-27,-17,2024-09-10,,
SHEC,2023,2024-09-27,-16,2024-09-11,,
SHEC,2023,2024-09-27,-15,2024-09-12,,
SHEC,2023,2024-09-27,-14,2024-09-13,,
SHEC,2023,2024-09-27,-13,2024-09-14,,
SHEC,2023,2024-09-27,-12,2024-09-15,,
SHEC,2023,2024-09-27,-11,2024-09-16,,
SHEC,2023,2024-09-27,-10,2024-09-17,,
SHEC,2023,2024-09-27,-9,2024-09-18,,
SHEC,2023,2024-09-27,-8,2024-09-19,,
SHEC,2023,2024-09-27,-7,2024-09-20,,
SHEC,2023,2024-09-27,-6,2024-09-21,,
SHEC,2023,2024-09-27,-5,2024-09-22,,
SHEC,2023,2024-09-27,-4,2024-09-23,,
SHEC,2023,2024-09-27,-3,2024-09-24,,
SHEC,2023,2024-09-27,-2,2024-09-25,,
SHEC,2023,2024-09-27,-1,2024-09-26,,
SHEC,2023,2024-09-27,0,2024-09-27,,
SHEC,2023,2024-09-27,1,2024-09-28,,
SHEC,2023,2024-09-27,2,2024-09-29,,
SHEC,2023,2024-09-27,3,2024-09-30,,
SHEC,2023,2024-09-27,4,2024-10-01,,
SHEC,2023,2024-09-27,5,2024-10-02,,
SHEC,2023,2024-09-27,6,2024-10-03,,
SHEC,2023,2024-09-27,7,2024-10-04,,
SHEC,2023,2024-09-27,8,2024-10-05,,
SHEC,2023,2024-09-27,9,2024-10-06,,
SHEC,2023,2024-09-27,10,2024-10-07,,
SHEC,2023,2024-09-27,11,2024-10-08,,
SHEC,2023,2024-09-27,12,2024-10-09,,
SHEC,2023,2024-09-27,13,2024-10-10,,
SHEC,2023,2024-09-27,14,2024-10-11,,
SHEC,2023,2024-09-27,15,2024-10-12,,
SHEC,2023,2024-09-27,16,2024-10-13,,
SHEC,2023,2024-09-27,17,2024-10-14,,
SHEC,2023,2024-09-27,18,2024-10-15,,
SHEC,2023,2024-09-27,19,2024-10-16,,
SHEC,2023,2024-09-27,20,2024-10-17,,
SHEC,2023,2024-09-27,21,2024-10-18,,
SHEC,2023,2024-09-27,22,2024-10-19,,
SHEC,2023,2024-09-27,23,2024-10-20,,
SHEC,2023,2024-09-27,24,2024-10-21,,
SHEC,2023,2024-09-27,25,2024-10-22,,
SHEC,2023,2024-09-27,26,2024-10-23,,
SHEC,2023,2024-09-27,27,2024-10-24,,
SHEC,2023,2024-09-27,28,2024-10-25,,
SHEC,2023,2024-09-27,29,2024-10-26,,
SHEC,2023,2024-09-27,30,2024-10-27,,
SHEC,2023,2024-09-27,31,2024-10-28,,
SHEC,2023,2024-09-27,32,2024-10-29,,
SHEC,2023,2024-09-27,33,2024-10-30,,
SHEC,2023,2024-09-27,34,2024-10-31,,
SHEC,2023,2024-09-27,35,2024-11-01,,
SHEC,2023,2024-09-27,36,2024-11-02,,
SHEC,2023,2024-09-27,37,2024-11-03,,
SHEC,2023,2024-09-27,38,2024-11-04,,
SHEC,2023,2024-09-27,39,2024-11-05,,
SHEC,2023,2024-09-27,40,2024-11-06,,
SHEC,2023,2024-09-27,41,2024-11-07,,
SHEC,2023,2024-09-27,42,2024-11-08,,
SHEC,2023,2024-09-27,43,2024-11-09,,
SHEC,2023,2024-09-27,44,2024-11-10,,
SHEC,2023,2024-09-27,45,2024-11-11,,
SHEC,2023,2024-09-27,46,2024-11-12,,
SHEC,2023,2024-09-27,47,2024-11-13,,
SHEC,2023,2024-09-27,48,2024-11-14,,
SHEC,2023,2024-09-27,49,2024-11-15,,
SHEC,2023,2024-09-27,50,2024-11-16,,
SHEC,2023,2024-09-27,51,2024-11-17,,
SHEC,2023,2024-09-27,52,2024-11-18,,
SHEC,2023,2024-09-27,53,2024-11-19,,
SHEC,2023,2024-09-27,54,2024-11-20,,
SHEC,2023,2024-09-27,55,2024-11-21,,
SHEC,2023,2024-09-27,56,2024-11-22,,
SHEC,2023,2024-09-27,57,2024-11-23,,
SHEC,2023,2024-09-27,58,2024-11-24,,
SHEC,2023,2024-09-27,59,2024-11-25,,
SHEC,2023,2024-09-27,60,2024-11-26,,
SHEC,2024,2025-10-22,-60,2025-08-23,,
SHEC,2024,2025-10-22,-59,2025-08-24,,
SHEC,2024,2025-10-22,-58,2025-08-25,,
SHEC,2024,2025-10-22,-57,2025-08-26,,
SHEC,2024,2025-10-22,-56,2025-08-27,,
SHEC,2024,2025-10-22,-55,2025-08-28,,
SHEC,2024,2025-10-22,-54,2025-08-29,,
SHEC,2024,2025-10-22,-53,2025-08-30,,
SHEC,2024,2025-10-22,-52,2025-08-31,,
SHEC,2024,2025-10-22,-51,2025-09-01,,
SHEC,2024,2025-10-22,-50,2025-09-02,,
SHEC,2024,2025-10-22,-49,2025-09-03,,
SHEC,2024,2025-10-22,-48,2025-09-04,,
SHEC,2024,2025-10-22,-47,2025-09-05,,
SHEC,2024,2025-10-22,-46,2025-09-06,,
SHEC,2024,2025-10-22,-45,2025-09-07,,
SHEC,2024,2025-10-22,-44,2025-09-08,,
SHEC,2024,2025-10-22,-43,2025-09-09,,
SHEC,2024,2025-10-22,-42,2025-09-10,,
SHEC,2024,2025-10-22,-41,2025-09-11,,
SHEC,2024,2025-10-22,-40,2025-09-12,,
SHEC,2024,2025-10-22,-39,2025-09-13,,
SHEC,2024,2025-10-22,-38,2025-09-14,,
SHEC,2024,2025-10-22,-37,2025-09-15,,
SHEC,2024,2025-10-22,-36,2025-09-16,,
SHEC,2024,2025-10-22,-35,2025-09-17,,
SHEC,2024,2025-10-22,-34,2025-09-18,,
SHEC,2024,2025-10-22,-33,2025-09-19,,
SHEC,2024,2025-10-22,-32,2025-09-20,,
SHEC,2024,2025-10-22,-31,2025-09-21,,
SHEC,2024,2025-10-22,-30,2025-09-22,,
SHEC,2024,2025-10-22,-29,2025-09-23,,
SHEC,2024,2025-10-22,-28,2025-09-24,,
SHEC,2024,2025-10-22,-27,2025-09-25,,
SHEC,2024,2025-10-22,-26,2025-09-26,,
SHEC,2024,2025-10-22,-25,2025-09-27,,
SHEC,2024,2025-10-22,-24,2025-09-28,,
SHEC,2024,2025-10-22,-23,2025-09-29,,
SHEC,2024,2025-10-22,-22,2025-09-30,,
SHEC,2024,2025-10-22,-21,2025-10-01,,
SHEC,2024,2025-10-22,-20,2025-10-02,,
SHEC,2024,2025-10-22,-19,2025-10-03,,
SHEC,2024,2025-10-22,-18,2025-10-04,,
SHEC,2024,2025-10-22,-17,2025-10-05,,
SHEC,2024,2025-10-22,-16,2025-10-06,,
SHEC,2024,2025-10-22,-15,2025-10-07,,
SHEC,2024,2025-10-22,-14,2025-10-08,,
SHEC,2024,2025-10-22,-13,2025-10-09,,
SHEC,2024,2025-10-22,-12,2025-10-10,,
SHEC,2024,2025-10-22,-11,2025-10-11,,
SHEC,2024,2025-10-22,-10,2025-10-12,,
SHEC,2024,2025-10-22,-9,2025-10-13,,
SHEC,2024,2025-10-22,-8,2025-10-14,,
SHEC,2024,2025-10-22,-7,2025-10-15,,
SHEC,2024,2025-10-22,-6,2025-10-16,,
SHEC,2024,2025-10-22,-5,2025-10-17,,
SHEC,2024,2025-10-22,-4,2025-10-18,,
SHEC,2024,2025-10-22,-3,2025-10-19,,
SHEC,2024,2025-10-22,-2,2025-10-20,,
SHEC,2024,2025-10-22,-1,2025-10-21,,
SHEC,2024,2025-10-22,0,2025-10-22,,
SHEC,2024,2025-10-22,1,2025-10-23,,
SHEC,2024,2025-10-22,2,2025-10-24,,
SHEC,2024,2025-10-22,3,2025-10-25,,
SHEC,2024,2025-10-22,4,2025-10-26,,
SHEC,2024,2025-10-22,5,2025-10-27,,
SHEC,2024,2025-10-22,6,2025-10-28,,
SHEC,2024,2025-10-22,7,2025-10-29,,
SHEC,2024,2025-10-22,8,2025-10-30,,
SHEC,2024,2025-10-22,9,2025-10-31,,
SHEC,2024,2025-10-22,10,2025-11-01,,
SHEC,2024,2025-10-22,11,2025-11-02,,
SHEC,2024,2025-10-22,12,2025-11-03,,
SHEC,2024,2025-10-22,13,2025-11-04,,
SHEC,2024,2025-10-22,14,2025-11-05,,
SHEC,2024,2025-10-22,15,2025-11-06,,
SHEC,2024,2025-10-22,16,2025-11-07,,
SHEC,2024,2025-10-22,17,2025-11-08,,
SHEC,2024,2025-10-22,18,2025-11-09,,
SHEC,2024,2025-10-22,19,2025-11-10,,
SHEC,2024,2025-10-22,20,2025-11-11,,
SHEC,2024,2025-10-22,21,2025-11-12,,
SHEC,2024,2025-10-22,22,2025-11-13,,
SHEC,2024,2025-10-22,23,2025-11-14,,
SHEC,2024,2025-10-22,24,2025-11-15,,
SHEC,2024,2025-10-22,25,2025-11-16,,
SHEC,2024,2025-10-22,26,2025-11-17,,
SHEC,2024,2025-10-22,27,2025-11-18,,
SHEC,2024,2025-10-22,28,2025-11-19,,
SHEC,2024,2025-10-22,29,2025-11-20,,
SHEC,2024,2025-10-22,30,2025-11-21,,
SHEC,2024,2025-10-22,31,2025-11-22,,
SHEC,2024,2025-10-22,32,2025-11-23,,
SHEC,2024,2025-10-22,33,2025-11-24,,
SHEC,2024,2025-10-22,34,2025-11-25,,
SHEC,2024,2025-10-22,35,2025-11-26,,
SHEC,2024,2025-10-22,36,2025-11-27,,
SHEC,2024,2025-10-22,37,2025-11-28,,
SHEC,2024,2025-10-22,38,2025-11-29,,
SHEC,2024,2025-10-22,39,2025-11-30,,
SHEC,2024,2025-10-22,40,2025-12-01,,
SHEC,2024,2025-10-22,41,2025-12-02,,
SHEC,2024,2025-10-22,42,2025-12-03,,
SHEC,2024,2025-10-22,43,2025-12-04,,
SHEC,2024,2025-10-22,44,2025-12-05,,
SHEC,2024,2025-10-22,45,2025-12-06,,
SHEC,2024,2025-10-22,46,2025-12-07,,
SHEC,2024,2025-10-22,47,2025-12-08,,
SHEC,2024,2025-10-22,48,2025-12-09,,
SHEC,2024,2025-10-22,49,2025-12-10,,
SHEC,2024,2025-10-22,50,2025-12-11,,
SHEC,2024,2025-10-22,51,2025-12-12,,
SHEC,2024,2025-10-22,52,2025-12-13,,
SHEC,2024,2025-10-22,53,2025-12-14,,
SHEC,2024,2025-10-22,54,2025-12-15,,
SHEC,2024,2025-10-22,55,2025-12-16,,
SHEC,2024,2025-10-22,56,2025-12-17,,
SHEC,2024,2025-10-22,57,2025-12-18,,
SHEC,2024,2025-10-22,58,2025-12-19,,
SHEC,2024,2025-10-22,59,2025-12-20,,
SHEC,2024,2025-10-22,60,2025-12-21,,
SIBC,2021,2022-06-30,-60,2022-05-01,,
SIBC,2021,2022-06-30,-59,2022-05-02,,
SIBC,2021,2022-06-30,-58,2022-05-03,2210.0,6473
SIBC,2021,2022-06-30,-57,2022-05-04,2220.0,13790
SIBC,2021,2022-06-30,-56,2022-05-05,2207.5,1612
SIBC,2021,2022-06-30,-55,2022-05-06,2210.0,4191
SIBC,2021,2022-06-30,-54,2022-05-07,,
SIBC,2021,2022-06-30,-53,2022-05-08,,
SIBC,2021,2022-06-30,-52,2022-05-09,2210.0,4976
SIBC,2021,2022-06-30,-51,2022-05-10,2222.5,4131
SIBC,2021,2022-06-30,-50,2022-05-11,2207.5,3083
SIBC,2021,2022-06-30,-49,2022-05-12,2210.0,2867
SIBC,2021,2022-06-30,-48,2022-05-13,2225.0,3667
SIBC,2021,2022-06-30,-47,2022-05-14,,
SIBC,2021,2022-06-30,-46,2022-05-15,,
SIBC,2021,2022-06-30,-45,2022-05-16,2237.5,4917
SIBC,2021,2022-06-30,-44,2022-05-17,2247.5,6262
SIBC,2021,2022-06-30,-43,2022-05-18,2250.0,2651
SIBC,2021,2022-06-30,-42,2022-05-19,2252.5,2296
SIBC,2021,2022-06-30,-41,2022-05-20,2325.0,1507
SIBC,2021,2022-06-30,-40,2022-05-21,,
SIBC,2021,2022-06-30,-39,2022-05-22,,
SIBC,2021,2022-06-30,-38,2022-05-23,2300.0,2147
SIBC,2021,2022-06-30,-37,2022-05-24,2300.0,1306
SIBC,2021,2022-06-30,-36,2022-05-25,2305.0,3832
SIBC,2021,2022-06-30,-35,2022-05-26,,
SIBC,2021,2022-06-30,-34,2022-05-27,2300.0,1678
SIBC,2021,2022-06-30,-33,2022-05-28,,
SIBC,2021,2022-06-30,-32,2022-05-29,,
SIBC,2021,2022-06-30,-31,2022-05-30,2305.0,5135
SIBC,2021,2022-06-30,-30,2022-05-31,2310.0,1325
SIBC,2021,2022-06-30,-29,2022-06-01,2310.0,2042
SIBC,2021,2022-06-30,-28,2022-06-02,2305.0,692
SIBC,2021,2022-06-30,-27,2022-06-03,2300.0,639
SIBC,2021,2022-06-30,-26,2022-06-04,,
SIBC,2021,2022-06-30,-25,2022-06-05,,
SIBC,2021,2022-06-30,-24,2022-06-06,,
SIBC,2021,2022-06-30,-23,2022-06-07,2310.0,5030
SIBC,2021,2022-06-30,-22,2022-06-08,2310.0,806
SIBC,2021,2022-06-30,-21,2022-06-09,2310.0,4159
SIBC,2021,2022-06-30,-20,2022-06-10,2305.0,5099
SIBC,2021,2022-06-30,-19,2022-06-11,,
SIBC,2021,2022-06-30,-18,2022-06-12,,
SIBC,2021,2022-06-30,-17,2022-06-13,2335.0,2977
SIBC,2021,2022-06-30,-16,2022-06-14,2330.0,6036
SIBC,2021,2022-06-30,-15,2022-06-15,2330.0,3486
SIBC,2021,2022-06-30,-14,2022-06-16,2330.0,3245
SIBC,2021,2022-06-30,-13,2022-06-17,2325.0,4828
SIBC,2021,2022-06-30,-12,2022-06-18,,
SIBC,2021,2022-06-30,-11,2022-06-19,,
SIBC,2021,2022-06-30,-10,2022-06-20,2325.0,8656
SIBC,2021,2022-06-30,-9,2022-06-21,2320.0,1445
SIBC,2021,2022-06-30,-8,2022-06-22,2330.0,5854
SIBC,2021,2022-06-30,-7,2022-06-23,2362.5,2567
SIBC,2021,2022-06-30,-6,2022-06-24,2340.0,2436
SIBC,2021,2022-06-30,-5,2022-06-25,,
SIBC,2021,2022-06-30,-4,2022-06-26,,
SIBC,2021,2022-06-30,-3,2022-06-27,2362.5,544
SIBC,2021,2022-06-30,-2,2022-06-28,2150.0,2909
SIBC,2021,2022-06-30,-1,2022-06-29,2107.5,10883
SIBC,2021,2022-06-30,0,2022-06-30,2100.0,10423
SIBC,2021,2022-06-30,1,2022-07-01,2100.0,2964
SIBC,2021,2022-06-30,2,2022-07-02,,
SIBC,2021,2022-06-30,3,2022-07-03,,
SIBC,2021,2022-06-30,4,2022-07-04,2155.0,53505
SIBC,2021,2022-06-30,5,2022-07-05,2150.0,53443
SIBC,2021,2022-06-30,6,2022-07-06,2147.5,2920
SIBC,2021,2022-06-30,7,2022-07-07,2150.0,2967
SIBC,2021,2022-06-30,8,2022-07-08,2127.5,461
SIBC,2021,2022-06-30,9,2022-07-09,,
SIBC,2021,2022-06-30,10,2022-07-10,,
SIBC,2021,2022-06-30,11,2022-07-11,2125.0,4056
SIBC,2021,2022-06-30,12,2022-07-12,2125.0,1304
SIBC,2021,2022-06-30,13,2022-07-13,2150.0,2419
SIBC,2021,2022-06-30,14,2022-07-14,2150.0,6322
SIBC,2021,2022-06-30,15,2022-07-15,2150.0,4498
SIBC,2021,2022-06-30,16,2022-07-16,,
SIBC,2021,2022-06-30,17,2022-07-17,,
SIBC,2021,2022-06-30,18,2022-07-18,2150.0,2261
SIBC,2021,2022-06-30,19,2022-07-19,2150.0,4799
SIBC,2021,2022-06-30,20,2022-07-20,2235.0,4377
SIBC,2021,2022-06-30,21,2022-07-21,2222.5,18787
SIBC,2021,2022-06-30,22,2022-07-22,2217.5,2823
SIBC,2021,2022-06-30,23,2022-07-23,,
SIBC,2021,2022-06-30,24,2022-07-24,,
SIBC,2021,2022-06-30,25,2022-07-25,2200.0,3351
SIBC,2021,2022-06-30,26,2022-07-26,2135.0,4429
SIBC,2021,2022-06-30,27,2022-07-27,2200.0,8474
SIBC,2021,2022-06-30,28,2022-07-28,2200.0,3008
SIBC,2021,2022-06-30,29,2022-07-29,2365.0,16185
SIBC,2021,2022-06-30,30,2022-07-30,,
SIBC,2021,2022-06-30,31,2022-07-31,,
SIBC,2021,2022-06-30,32,2022-08-01,2297.5,883
SIBC,2021,2022-06-30,33,2022-08-02,2250.0,6335
SIBC,2021,2022-06-30,34,2022-08-03,2250.0,4949
SIBC,2021,2022-06-30,35,2022-08-04,2175.0,2982
SIBC,2021,2022-06-30,36,2022-08-05,2300.0,9503
SIBC,2021,2022-06-30,37,2022-08-06,,
SIBC,2021,2022-06-30,38,2022-08-07,,
SIBC,2021,2022-06-30,39,2022-08-08,,
SIBC,2021,2022-06-30,40,2022-08-09,2225.0,2068
SIBC,2021,2022-06-30,41,2022-08-10,2277.5,2023
SIBC,2021,2022-06-30,42,2022-08-11,2275.0,4425
SIBC,2021,2022-06-30,43,2022-08-12,2295.0,1437
SIBC,2021,2022-06-30,44,2022-08-13,,
SIBC,2021,2022-06-30,45,2022-08-14,,
SIBC,2021,2022-06-30,46,2022-08-15,,
SIBC,2021,2022-06-30,47,2022-08-16,2275.0,5497
SIBC,2021,2022-06-30,48,2022-08-17,2250.0,2204
SIBC,2021,2022-06-30,49,2022-08-18,2200.0,2505
SIBC,2021,2022-06-30,50,2022-08-19,2152.5,4727
SIBC,2021,2022-06-30,51,2022-08-20,,
SIBC,2021,2022-06-30,52,2022-08-21,,
SIBC,2021,2022-06-30,53,2022-08-22,2200.0,7588
SIBC,2021,2022-06-30,54,2022-08-23,2200.0,5481
SIBC,2021,2022-06-30,55,2022-08-24,2245.0,6770
SIBC,2021,2022-06-30,56,2022-08-25,2247.5,5519
SIBC,2021,2022-06-30,57,2022-08-26,2247.5,2832
SIBC,2021,2022-06-30,58,2022-08-27,,
SIBC,2021,2022-06-30,59,2022-08-28,,
SIBC,2021,2022-06-30,60,2022-08-29,2272.5,3912
SIBC,2022,2023-08-11,-60,2023-06-12,2500.0,2743
SIBC,2022,2023-08-11,-59,2023-06-13,2535.0,1127
SIBC,2022,2023-08-11,-58,2023-06-14,2495.0,1640
SIBC,2022,2023-08-11,-57,2023-06-15,2500.0,355
SIBC,2022,2023-08-11,-56,2023-06-16,2497.5,3010
SIBC,2022,2023-08-11,-55,2023-06-17,,
SIBC,2022,2023-08-11,-54,2023-06-18,,
SIBC,2022,2023-08-11,-53,2023-06-19,2500.0,4449
SIBC,2022,2023-08-11,-52,2023-06-20,2472.5,2658
SIBC,2022,2023-08-11,-51,2023-06-21,2495.0,3989
SIBC,2022,2023-08-11,-50,2023-06-22,2495.0,3885
SIBC,2022,2023-08-11,-49,2023-06-23,2497.5,566
SIBC,2022,2023-08-11,-48,2023-06-24,,
SIBC,2022,2023-08-11,-47,2023-06-25,,
SIBC,2022,2023-08-11,-46,2023-06-26,2500.0,635
SIBC,2022,2023-08-11,-45,2023-06-27,2490.0,2653
SIBC,2022,2023-08-11,-44,2023-06-28,,
SIBC,2022,2023-08-11,-43,2023-06-29,2570.0,7272
SIBC,2022,2023-08-11,-42,2023-06-30,2565.0,7758
SIBC,2022,2023-08-11,-41,2023-07-01,,
SIBC,2022,2023-08-11,-40,2023-07-02,,
SIBC,2022,2023-08-11,-39,2023-07-03,2550.0,4017
SIBC,2022,2023-08-11,-38,2023-07-04,2550.0,20889
SIBC,2022,2023-08-11,-37,2023-07-05,2550.0,2223
SIBC,2022,2023-08-11,-36,2023-07-06,2572.5,5546
SIBC,2022,2023-08-11,-35,2023-07-07,2570.0,1163
SIBC,2022,2023-08-11,-34,2023-07-08,,
SIBC,2022,2023-08-11,-33,2023-07-09,,
SIBC,2022,2023-08-11,-32,2023-07-10,2577.5,8967
SIBC,2022,2023-08-11,-31,2023-07-11,2595.0,5462
SIBC,2022,2023-08-11,-30,2023-07-12,2597.5,1392
SIBC,2022,2023-08-11,-29,2023-07-13,2595.0,14476
SIBC,2022,2023-08-11,-28,2023-07-14,2625.0,4942
SIBC,2022,2023-08-11,-27,2023-07-15,,
SIBC,2022,2023-08-11,-26,2023-07-16,,
SIBC,2022,2023-08-11,-25,2023-07-17,2717.5,3686
SIBC,2022,2023-08-11,-24,2023-07-18,2717.5,3090
SIBC,2022,2023-08-11,-23,2023-07-19,2697.5,3024
SIBC,2022,2023-08-11,-22,2023-07-20,2640.0,1840
SIBC,2022,2023-08-11,-21,2023-07-21,2650.0,3949
SIBC,2022,2023-08-11,-20,2023-07-22,,
SIBC,2022,2023-08-11,-19,2023-07-23,,
SIBC,2022,2023-08-11,-18,2023-07-24,2650.0,6638
SIBC,2022,2023-08-11,-17,2023-07-25,2710.0,13771
SIBC,2022,2023-08-11,-16,2023-07-26,2745.0,3869
SIBC,2022,2023-08-11,-15,2023-07-27,2710.0,6175
SIBC,2022,2023-08-11,-14,2023-07-28,2725.0,2379
SIBC,2022,2023-08-11,-13,2023-07-29,,
SIBC,2022,2023-08-11,-12,2023-07-30,,
SIBC,2022,2023-08-11,-11,2023-07-31,2745.0,687
SIBC,2022,2023-08-11,-10,2023-08-01,2747.5,3378
SIBC,2022,2023-08-11,-9,2023-08-02,2747.5,10316
SIBC,2022,2023-08-11,-8,2023-08-03,2730.0,1602
SIBC,2022,2023-08-11,-7,2023-08-04,2795.0,6898
SIBC,2022,2023-08-11,-6,2023-08-05,,
SIBC,2022,2023-08-11,-5,2023-08-06,,
SIBC,2022,2023-08-11,-4,2023-08-07,,
SIBC,2022,2023-08-11,-3,2023-08-08,2827.5,3407
SIBC,2022,2023-08-11,-2,2023-08-09,2617.5,6127
SIBC,2022,2023-08-11,-1,2023-08-10,2600.0,2075
SIBC,2022,2023-08-11,0,2023-08-11,2617.5,2680
SIBC,2022,2023-08-11,1,2023-08-12,,
SIBC,2022,2023-08-11,2,2023-08-13,,
SIBC,2022,2023-08-11,3,2023-08-14,2610.0,259
SIBC,2022,2023-08-11,4,2023-08-15,,
SIBC,2022,2023-08-11,5,2023-08-16,2610.0,505
SIBC,2022,2023-08-11,6,2023-08-17,2550.0,6288
SIBC,2022,2023-08-11,7,2023-08-18,2525.0,2734
SIBC,2022,2023-08-11,8,2023-08-19,,
SIBC,2022,2023-08-11,9,2023-08-20,,
SIBC,2022,2023-08-11,10,2023-08-21,2550.0,2091
SIBC,2022,2023-08-11,11,2023-08-22,2585.0,4994
SIBC,2022,2023-08-11,12,2023-08-23,2615.0,4471
SIBC,2022,2023-08-11,13,2023-08-24,2600.0,4389
SIBC,2022,2023-08-11,14,2023-08-25,2560.0,6493
SIBC,2022,2023-08-11,15,2023-08-26,,
SIBC,2022,2023-08-11,16,2023-08-27,,
SIBC,2022,2023-08-11,17,2023-08-28,2550.0,7796
SIBC,2022,2023-08-11,18,2023-08-29,2575.0,3129
SIBC,2022,2023-08-11,19,2023-08-30,2597.5,1252
SIBC,2022,2023-08-11,20,2023-08-31,2600.0,6016
SIBC,2022,2023-08-11,21,2023-09-01,2667.5,13405
SIBC,2022,2023-08-11,22,2023-09-02,,
SIBC,2022,2023-08-11,23,2023-09-03,,
SIBC,2022,2023-08-11,24,2023-09-04,2647.5,2730
SIBC,2022,2023-08-11,25,2023-09-05,2647.5,1745
SIBC,2022,2023-08-11,26,2023-09-06,2700.0,4582
SIBC,2022,2023-08-11,27,2023-09-07,2675.0,5618
SIBC,2022,2023-08-11,28,2023-09-08,2675.0,2419
SIBC,2022,2023-08-11,29,2023-09-09,,
SIBC,2022,2023-08-11,30,2023-09-10,,
SIBC,2022,2023-08-11,31,2023-09-11,2647.5,1561
SIBC,2022,2023-08-11,32,2023-09-12,2650.0,3718
SIBC,2022,2023-08-11,33,2023-09-13,2700.0,4410
SIBC,2022,2023-08-11,34,2023-09-14,2652.5,3181
SIBC,2022,2023-08-11,35,2023-09-15,2655.0,29607
SIBC,2022,2023-08-11,36,2023-09-16,,
SIBC,2022,2023-08-11,37,2023-09-17,,
SIBC,2022,2023-08-11,38,2023-09-18,2655.0,3903
SIBC,2022,2023-08-11,39,2023-09-19,2655.0,381
SIBC,2022,2023-08-11,40,2023-09-20,2650.0,4117
SIBC,2022,2023-08-11,41,2023-09-21,2675.0,1218
SIBC,2022,2023-08-11,42,2023-09-22,2700.0,2425
SIBC,2022,2023-08-11,43,2023-09-23,,
SIBC,2022,2023-08-11,44,2023-09-24,,
SIBC,2022,2023-08-11,45,2023-09-25,2700.0,4932
SIBC,2022,2023-08-11,46,2023-09-26,2675.0,2166
SIBC,2022,2023-08-11,47,2023-09-27,,
SIBC,2022,2023-08-11,48,2023-09-28,2625.0,5744
SIBC,2022,2023-08-11,49,2023-09-29,2697.5,653
SIBC,2022,2023-08-11,50,2023-09-30,,
SIBC,2022,2023-08-11,51,2023-10-01,,
SIBC,2022,2023-08-11,52,2023-10-02,2697.5,3132
SIBC,2022,2023-08-11,53,2023-10-03,2650.0,5287
SIBC,2022,2023-08-11,54,2023-10-04,2635.0,4506
SIBC,2022,2023-08-11,55,2023-10-05,2625.0,4620
SIBC,2022,2023-08-11,56,2023-10-06,2650.0,5086
SIBC,2022,2023-08-11,57,2023-10-07,,
SIBC,2022,2023-08-11,58,2023-10-08,,
SIBC,2022,2023-08-11,59,2023-10-09,2675.0,7664
SIBC,2022,2023-08-11,60,2023-10-10,2670.0,5004
SIBC,2023,2024-07-31,-60,2024-06-01,,
SIBC,2023,2024-07-31,-59,2024-06-02,,
SIBC,2023,2024-07-31,-58,2024-06-03,2975.0,1475
SIBC,2023,2024-07-31,-57,2024-06-04,3075.0,3188
SIBC,2023,2024-07-31,-56,2024-06-05,3297.5,765
SIBC,2023,2024-07-31,-55,2024-06-06,3095.0,2329
SIBC,2023,2024-07-31,-54,2024-06-07,3152.5,2090
SIBC,2023,2024-07-31,-53,2024-06-08,,
SIBC,2023,2024-07-31,-52,2024-06-09,,
SIBC,2023,2024-07-31,-51,2024-06-10,3150.0,554
SIBC,2023,2024-07-31,-50,2024-06-11,3107.5,1198
SIBC,2023,2024-07-31,-49,2024-06-12,3175.0,2538
SIBC,2023,2024-07-31,-48,2024-06-13,3175.0,2157
SIBC,2023,2024-07-31,-47,2024-06-14,3175.0,653
SIBC,2023,2024-07-31,-46,2024-06-15,,
SIBC,2023,2024-07-31,-45,2024-06-16,,
SIBC,2023,2024-07-31,-44,2024-06-17,,
SIBC,2023,2024-07-31,-43,2024-06-18,3180.0,2828
SIBC,2023,2024-07-31,-42,2024-06-19,3210.0,2738
SIBC,2023,2024-07-31,-41,2024-06-20,3225.0,10332
SIBC,2023,2024-07-31,-40,2024-06-21,3212.5,3135
SIBC,2023,2024-07-31,-39,2024-06-22,,
SIBC,2023,2024-07-31,-38,2024-06-23,,
SIBC,2023,2024-07-31,-37,2024-06-24,3225.0,1185
SIBC,2023,2024-07-31,-36,2024-06-25,3227.5,3051
SIBC,2023,2024-07-31,-35,2024-06-26,3235.0,3274
SIBC,2023,2024-07-31,-34,2024-06-27,3237.5,1019
SIBC,2023,2024-07-31,-33,2024-06-28,3300.0,2497
SIBC,2023,2024-07-31,-32,2024-06-29,,
SIBC,2023,2024-07-31,-31,2024-06-30,,
SIBC,2023,2024-07-31,-30,2024-07-01,3245.0,1301
SIBC,2023,2024-07-31,-29,2024-07-02,3205.0,2938
SIBC,2023,2024-07-31,-28,2024-07-03,3237.5,1719
SIBC,2023,2024-07-31,-27,2024-07-04,3252.5,580
SIBC,2023,2024-07-31,-26,2024-07-05,3252.5,4803
SIBC,2023,2024-07-31,-25,2024-07-06,,
SIBC,2023,2024-07-31,-24,2024-07-07,,
SIBC,2023,2024-07-31,-23,2024-07-08,3262.5,735
SIBC,2023,2024-07-31,-22,2024-07-09,3262.5,1346
SIBC,2023,2024-07-31,-21,2024-07-10,3277.5,2582
SIBC,2023,2024-07-31,-20,2024-07-11,3280.0,859
SIBC,2023,2024-07-31,-19,2024-07-12,3280.0,2150
SIBC,2023,2024-07-31,-18,2024-07-13,,
SIBC,2023,2024-07-31,-17,2024-07-14,,
SIBC,2023,2024-07-31,-16,2024-07-15,3300.0,2230
SIBC,2023,2024-07-31,-15,2024-07-16,3350.0,1459
SIBC,2023,2024-07-31,-14,2024-07-17,3360.0,3038
SIBC,2023,2024-07-31,-13,2024-07-18,3395.0,1859
SIBC,2023,2024-07-31,-12,2024-07-19,3405.0,2006
SIBC,2023,2024-07-31,-11,2024-07-20,,
SIBC,2023,2024-07-31,-10,2024-07-21,,
SIBC,2023,2024-07-31,-9,2024-07-22,3360.0,11983
SIBC,2023,2024-07-31,-8,2024-07-23,3390.0,2012
SIBC,2023,2024-07-31,-7,2024-07-24,3360.0,4504
SIBC,2023,2024-07-31,-6,2024-07-25,3350.0,5091
SIBC,2023,2024-07-31,-5,2024-07-26,3365.0,901
SIBC,2023,2024-07-31,-4,2024-07-27,,
SIBC,2023,2024-07-31,-3,2024-07-28,,
SIBC,2023,2024-07-31,-2,2024-07-29,3250.0,1439
SIBC,2023,2024-07-31,-1,2024-07-30,3152.5,6388
SIBC,2023,2024-07-31,0,2024-07-31,3300.0,533
SIBC,2023,2024-07-31,1,2024-08-01,3245.0,6242
SIBC,2023,2024-07-31,2,2024-08-02,3175.0,1174
SIBC,2023,2024-07-31,3,2024-08-03,,
SIBC,2023,2024-07-31,4,2024-08-04,,
SIBC,2023,2024-07-31,5,2024-08-05,3220.0,1043
SIBC,2023,2024-07-31,6,2024-08-06,3192.5,2836
SIBC,2023,2024-07-31,7,2024-08-07,,
SIBC,2023,2024-07-31,8,2024-08-08,3197.5,5390
SIBC,2023,2024-07-31,9,2024-08-09,3215.0,3182
SIBC,2023,2024-07-31,10,2024-08-10,,
SIBC,2023,2024-07-31,11,2024-08-11,,
SIBC,2023,2024-07-31,12,2024-08-12,3162.5,4275
SIBC,2023,2024-07-31,13,2024-08-13,3197.5,10812
SIBC,2023,2024-07-31,14,2024-08-14,3160.0,1914
SIBC,2023,2024-07-31,15,2024-08-15,,
SIBC,2023,2024-07-31,16,2024-08-16,3000.0,12897
SIBC,2023,2024-07-31,17,2024-08-17,,
SIBC,2023,2024-07-31,18,2024-08-18,,
SIBC,2023,2024-07-31,19,2024-08-19,2997.5,3306
SIBC,2023,2024-07-31,20,2024-08-20,3142.5,5209
SIBC,2023,2024-07-31,21,2024-08-21,3002.5,1596
SIBC,2023,2024-07-31,22,2024-08-22,3052.5,2869
SIBC,2023,2024-07-31,23,2024-08-23,3147.5,951
SIBC,2023,2024-07-31,24,2024-08-24,,
SIBC,2023,2024-07-31,25,2024-08-25,,
SIBC,2023,2024-07-31,26,2024-08-26,3100.0,1655
SIBC,2023,2024-07-31,27,2024-08-27,3100.0,1918
SIBC,2023,2024-07-31,28,2024-08-28,3072.5,3393
SIBC,2023,2024-07-31,29,2024-08-29,3000.0,2137
SIBC,2023,2024-07-31,30,2024-08-30,,
SIBC,2023,2024-07-31,31,2024-08-31,,
SIBC,2023,2024-07-31,32,2024-09-01,,
SIBC,2023,2024-07-31,33,2024-09-02,3100.0,6788
SIBC,2023,2024-07-31,34,2024-09-03,3210.0,2752
SIBC,2023,2024-07-31,35,2024-09-04,3175.0,3657
SIBC,2023,2024-07-31,36,2024-09-05,3150.0,2806
SIBC,2023,2024-07-31,37,2024-09-06,3200.0,1728
SIBC,2023,2024-07-31,38,2024-09-07,,
SIBC,2023,2024-07-31,39,2024-09-08,,
SIBC,2023,2024-07-31,40,2024-09-09,3200.0,901
SIBC,2023,2024-07-31,41,2024-09-10,3200.0,2407
SIBC,2023,2024-07-31,42,2024-09-11,3160.0,1683
SIBC,2023,2024-07-31,43,2024-09-12,3177.5,417
SIBC,2023,2024-07-31,44,2024-09-13,3165.0,2345
SIBC,2023,2024-07-31,45,2024-09-14,,
SIBC,2023,2024-07-31,46,2024-09-15,,
SIBC,2023,2024-07-31,47,2024-09-16,3322.5,4967
SIBC,2023,2024-07-31,48,2024-09-17,3275.0,1775
SIBC,2023,2024-07-31,49,2024-09-18,3325.0,2567
SIBC,2023,2024-07-31,50,2024-09-19,3230.0,1827
SIBC,2023,2024-07-31,51,2024-09-20,3300.0,4425
SIBC,2023,2024-07-31,52,2024-09-21,,
SIBC,2023,2024-07-31,53,2024-09-22,,
SIBC,2023,2024-07-31,54,2024-09-23,3322.5,924
SIBC,2023,2024-07-31,55,2024-09-24,3322.5,1316
SIBC,2023,2024-07-31,56,2024-09-25,3325.0,1885
SIBC,2023,2024-07-31,57,2024-09-26,3320.0,1297
SIBC,2023,2024-07-31,58,2024-09-27,3300.0,2932
SIBC,2023,2024-07-31,59,2024-09-28,,
SIBC,2023,2024-07-31,60,2024-09-29,,
SIBC,2024,2025-07-31,-60,2025-06-01,,
SIBC,2024,2025-07-31,-59,2025-06-02,4900.0,3635
SIBC,2024,2025-07-31,-58,2025-06-03,4755.0,12829
SIBC,2024,2025-07-31,-57,2025-06-04,4800.0,3564
SIBC,2024,2025-07-31,-56,2025-06-05,4800.0,4413
SIBC,2024,2025-07-31,-55,2025-06-06,,
SIBC,2024,2025-07-31,-54,2025-06-07,,
SIBC,2024,2025-07-31,-53,2025-06-08,,
SIBC,2024,2025-07-31,-52,2025-06-09,,
SIBC,2024,2025-07-31,-51,2025-06-10,4800.0,48157
SIBC,2024,2025-07-31,-50,2025-06-11,4800.0,22894
SIBC,2024,2025-07-31,-49,2025-06-12,4800.0,14384
SIBC,2024,2025-07-31,-48,2025-06-13,4790.0,15204
SIBC,2024,2025-07-31,-47,2025-06-14,,
SIBC,2024,2025-07-31,-46,2025-06-15,,
SIBC,2024,2025-07-31,-45,2025-06-16,4800.0,21625
SIBC,2024,2025-07-31,-44,2025-06-17,4740.0,14454
SIBC,2024,2025-07-31,-43,2025-06-18,4800.0,12852
SIBC,2024,2025-07-31,-42,2025-06-19,4800.0,25362
SIBC,2024,2025-07-31,-41,2025-06-20,4800.0,10940
SIBC,2024,2025-07-31,-40,2025-06-21,,
SIBC,2024,2025-07-31,-39,2025-06-22,,
SIBC,2024,2025-07-31,-38,2025-06-23,4900.0,19976
SIBC,2024,2025-07-31,-37,2025-06-24,4795.0,16007
SIBC,2024,2025-07-31,-36,2025-06-25,4790.0,16473
SIBC,2024,2025-07-31,-35,2025-06-26,4800.0,20388
SIBC,2024,2025-07-31,-34,2025-06-27,4800.0,9164
SIBC,2024,2025-07-31,-33,2025-06-28,,
SIBC,2024,2025-07-31,-32,2025-06-29,,
SIBC,2024,2025-07-31,-31,2025-06-30,4800.0,10207
SIBC,2024,2025-07-31,-30,2025-07-01,4720.0,4901
SIBC,2024,2025-07-31,-29,2025-07-02,4785.0,7723
SIBC,2024,2025-07-31,-28,2025-07-03,4850.0,20176
SIBC,2024,2025-07-31,-27,2025-07-04,4900.0,22631
SIBC,2024,2025-07-31,-26,2025-07-05,,
SIBC,2024,2025-07-31,-25,2025-07-06,,
SIBC,2024,2025-07-31,-24,2025-07-07,4900.0,9832
SIBC,2024,2025-07-31,-23,2025-07-08,4900.0,10280
SIBC,2024,2025-07-31,-22,2025-07-09,4855.0,12642
SIBC,2024,2025-07-31,-21,2025-07-10,4920.0,2911
SIBC,2024,2025-07-31,-20,2025-07-11,5195.0,11293
SIBC,2024,2025-07-31,-19,2025-07-12,,
SIBC,2024,2025-07-31,-18,2025-07-13,,
SIBC,2024,2025-07-31,-17,2025-07-14,5095.0,19782
SIBC,2024,2025-07-31,-16,2025-07-15,5000.0,11046
SIBC,2024,2025-07-31,-15,2025-07-16,5000.0,10989
SIBC,2024,2025-07-31,-14,2025-07-17,4950.0,6752
SIBC,2024,2025-07-31,-13,2025-07-18,4955.0,6273
SIBC,2024,2025-07-31,-12,2025-07-19,,
SIBC,2024,2025-07-31,-11,2025-07-20,,
SIBC,2024,2025-07-31,-10,2025-07-21,5100.0,29253
SIBC,2024,2025-07-31,-9,2025-07-22,5000.0,9908
SIBC,2024,2025-07-31,-8,2025-07-23,4995.0,4267
SIBC,2024,2025-07-31,-7,2025-07-24,5000.0,11728
SIBC,2024,2025-07-31,-6,2025-07-25,5000.0,4346
SIBC,2024,2025-07-31,-5,2025-07-26,,
SIBC,2024,2025-07-31,-4,2025-07-27,,
SIBC,2024,2025-07-31,-3,2025-07-28,5000.0,4242
SIBC,2024,2025-07-31,-2,2025-07-29,4800.0,5863
SIBC,2024,2025-07-31,-1,2025-07-30,4950.0,8160
SIBC,2024,2025-07-31,0,2025-07-31,4800.0,5701
SIBC,2024,2025-07-31,1,2025-08-01,4900.0,13238
SIBC,2024,2025-07-31,2,2025-08-02,,
SIBC,2024,2025-07-31,3,2025-08-03,,
SIBC,2024,2025-07-31,4,2025-08-04,4810.0,3624
SIBC,2024,2025-07-31,5,2025-08-05,4800.0,9105
SIBC,2024,2025-07-31,6,2025-08-06,4795.0,1799
SIBC,2024,2025-07-31,7,2025-08-07,,
SIBC,2024,2025-07-31,8,2025-08-08,4795.0,8233
SIBC,2024,2025-07-31,9,2025-08-09,,
SIBC,2024,2025-07-31,10,2025-08-10,,
SIBC,2024,2025-07-31,11,2025-08-11,4790.0,8987
SIBC,2024,2025-07-31,12,2025-08-12,4790.0,4368
SIBC,2024,2025-07-31,13,2025-08-13,4800.0,3867
SIBC,2024,2025-07-31,14,2025-08-14,4790.0,7765
SIBC,2024,2025-07-31,15,2025-08-15,,
SIBC,2024,2025-07-31,16,2025-08-16,,
SIBC,2024,2025-07-31,17,2025-08-17,,
SIBC,2024,2025-07-31,18,2025-08-18,4790.0,6343
SIBC,2024,2025-07-31,19,2025-08-19,4810.0,9351
SIBC,2024,2025-07-31,20,2025-08-20,4850.0,5458
SIBC,2024,2025-07-31,21,2025-08-21,4810.0,6142
SIBC,2024,2025-07-31,22,2025-08-22,4810.0,4724
SIBC,2024,2025-07-31,23,2025-08-23,,
SIBC,2024,2025-07-31,24,2025-08-24,,
SIBC,2024,2025-07-31,25,2025-08-25,4850.0,8419
SIBC,2024,2025-07-31,26,2025-08-26,4945.0,3967
SIBC,2024,2025-07-31,27,2025-08-27,4945.0,3961
SIBC,2024,2025-07-31,28,2025-08-28,4885.0,4344
SIBC,2024,2025-07-31,29,2025-08-29,4975.0,6353
SIBC,2024,2025-07-31,30,2025-08-30,,
SIBC,2024,2025-07-31,31,2025-08-31,,
SIBC,2024,2025-07-31,32,2025-09-01,4995.0,4488
SIBC,2024,2025-07-31,33,2025-09-02,4995.0,13422
SIBC,2024,2025-07-31,34,2025-09-03,5000.0,13996
SIBC,2024,2025-07-31,35,2025-09-04,,
SIBC,2024,2025-07-31,36,2025-09-05,5055.0,1533
SIBC,2024,2025-07-31,37,2025-09-06,,
SIBC,2024,2025-07-31,38,2025-09-07,,
SIBC,2024,2025-07-31,39,2025-09-08,5100.0,2739
SIBC,2024,2025-07-31,40,2025-09-09,5150.0,4750
SIBC,2024,2025-07-31,41,2025-09-10,5405.0,4475
SIBC,2024,2025-07-31,42,2025-09-11,5405.0,9285
SIBC,2024,2025-07-31,43,2025-09-12,5390.0,2994
SIBC,2024,2025-07-31,44,2025-09-13,,
SIBC,2024,2025-07-31,45,2025-09-14,,
SIBC,2024,2025-07-31,46,2025-09-15,5410.0,4534
SIBC,2024,2025-07-31,47,2025-09-16,5405.0,8971
SIBC,2024,2025-07-31,48,2025-09-17,5810.0,6335
SIBC,2024,2025-07-31,49,2025-09-18,5820.0,4113
SIBC,2024,2025-07-31,50,2025-09-19,5805.0,7391
SIBC,2024,2025-07-31,51,2025-09-20,,
SIBC,2024,2025-07-31,52,2025-09-21,,
SIBC,2024,2025-07-31,53,2025-09-22,5705.0,8147
SIBC,2024,2025-07-31,54,2025-09-23,5510.0,19596
SIBC,2024,2025-07-31,55,2025-09-24,5500.0,4192
SIBC,2024,2025-07-31,56,2025-09-25,5405.0,10230
SIBC,2024,2025-07-31,57,2025-09-26,5450.0,2716
SIBC,2024,2025-07-31,58,2025-09-27,,
SIBC,2024,2025-07-31,59,2025-09-28,,
SIBC,2024,2025-07-31,60,2025-09-29,5505.0,14792
SIBC,2025,2026-07-31,-60,2026-06-01,8475.0,1239
SIBC,2025,2026-07-31,-59,2026-06-02,8500.0,0
SIBC,2025,2026-07-31,-58,2026-06-03,,
SIBC,2025,2026-07-31,-57,2026-06-04,8920.0,10256
SIBC,2025,2026-07-31,-56,2026-06-05,8920.0,10256
SIBC,2025,2026-07-31,-55,2026-06-06,9000.0,9533
SIBC,2025,2026-07-31,-54,2026-06-07,9000.0,9533
SIBC,2025,2026-07-31,-53,2026-06-08,8900.0,1438
SIBC,2025,2026-07-31,-52,2026-06-09,8875.0,5283
SIBC,2025,2026-07-31,-51,2026-06-10,8510.0,0
SIBC,2025,2026-07-31,-50,2026-06-11,8670.0,0
SIBC,2025,2026-07-31,-49,2026-06-12,8800.0,0
SIBC,2025,2026-07-31,-48,2026-06-13,8820.0,9109
SIBC,2025,2026-07-31,-47,2026-06-14,8820.0,9109
SIBC,2025,2026-07-31,-46,2026-06-15,8840.0,1169
SIBC,2025,2026-07-31,-45,2026-06-16,8900.0,967
SIBC,2025,2026-07-31,-44,2026-06-17,8670.0,1001
SIBC,2025,2026-07-31,-43,2026-06-18,8650.0,444
SIBC,2025,2026-07-31,-42,2026-06-19,8850.0,1409
SIBC,2025,2026-07-31,-41,2026-06-20,8845.0,10633
SIBC,2025,2026-07-31,-40,2026-06-21,8845.0,10633
SIBC,2025,2026-07-31,-39,2026-06-22,8880.0,621
SIBC,2025,2026-07-31,-38,2026-06-23,8840.0,9635
SIBC,2025,2026-07-31,-37,2026-06-24,8845.0,20643
SIBC,2025,2026-07-31,-36,2026-06-25,8845.0,16346
SIBC,2025,2026-07-31,-35,2026-06-26,8890.0,5429
SIBC,2025,2026-07-31,-34,2026-06-27,8890.0,3940
SIBC,2025,2026-07-31,-33,2026-06-28,8890.0,3940
SIBC,2025,2026-07-31,-32,2026-06-29,8900.0,1085
SIBC,2025,2026-07-31,-31,2026-06-30,8895.0,5464
SIBC,2025,2026-07-31,-30,2026-07-01,8890.0,8326
SIBC,2025,2026-07-31,-29,2026-07-02,9015.0,3484
SIBC,2025,2026-07-31,-28,2026-07-03,9000.0,11531
SIBC,2025,2026-07-31,-27,2026-07-04,8860.0,10995
SIBC,2025,2026-07-31,-26,2026-07-05,8860.0,10995
SIBC,2025,2026-07-31,-25,2026-07-06,8860.0,0
SIBC,2025,2026-07-31,-24,2026-07-07,9000.0,0
SIBC,2025,2026-07-31,-23,2026-07-08,9000.0,11143
SIBC,2025,2026-07-31,-22,2026-07-09,9000.0,10267
SIBC,2025,2026-07-31,-21,2026-07-10,9000.0,10267
SIBC,2025,2026-07-31,-20,2026-07-11,8950.0,5513
SIBC,2025,2026-07-31,-19,2026-07-12,8950.0,5513
SIBC,2025,2026-07-31,-18,2026-07-13,8950.0,5513
SIBC,2025,2026-07-31,-17,2026-07-14,8990.0,17916
SIBC,2025,2026-07-31,-16,2026-07-15,8900.0,20226
SIBC,2025,2026-07-31,-15,2026-07-16,8700.0,7675
SIBC,2025,2026-07-31,-14,2026-07-17,8700.0,15195
SIBC,2025,2026-07-31,-13,2026-07-18,8760.0,23204
SIBC,2025,2026-07-31,-12,2026-07-19,,
SIBC,2025,2026-07-31,-11,2026-07-20,,
SIBC,2025,2026-07-31,-10,2026-07-21,,
SIBC,2025,2026-07-31,-9,2026-07-22,,
SIBC,2025,2026-07-31,-8,2026-07-23,,
SIBC,2025,2026-07-31,-7,2026-07-24,,
SIBC,2025,2026-07-31,-6,2026-07-25,,
SIBC,2025,2026-07-31,-5,2026-07-26,,
SIBC,2025,2026-07-31,-4,2026-07-27,,
SIBC,2025,2026-07-31,-3,2026-07-28,,
SIBC,2025,2026-07-31,-2,2026-07-29,,
SIBC,2025,2026-07-31,-1,2026-07-30,,
SIBC,2025,2026-07-31,0,2026-07-31,,
SIBC,2025,2026-07-31,1,2026-08-01,,
SIBC,2025,2026-07-31,2,2026-08-02,,
SIBC,2025,2026-07-31,3,2026-08-03,,
SIBC,2025,2026-07-31,4,2026-08-04,,
SIBC,2025,2026-07-31,5,2026-08-05,,
SIBC,2025,2026-07-31,6,2026-08-06,,
SIBC,2025,2026-07-31,7,2026-08-07,,
SIBC,2025,2026-07-31,8,2026-08-08,,
SIBC,2025,2026-07-31,9,2026-08-09,,
SIBC,2025,2026-07-31,10,2026-08-10,,
SIBC,2025,2026-07-31,11,2026-08-11,,
SIBC,2025,2026-07-31,12,2026-08-12,,
SIBC,2025,2026-07-31,13,2026-08-13,,
SIBC,2025,2026-07-31,14,2026-08-14,,
SIBC,2025,2026-07-31,15,2026-08-15,,
SIBC,2025,2026-07-31,16,2026-08-16,,
SIBC,2025,2026-07-31,17,2026-08-17,,
SIBC,2025,2026-07-31,18,2026-08-18,,
SIBC,2025,2026-07-31,19,2026-08-19,,
SIBC,2025,2026-07-31,20,2026-08-20,,
SIBC,2025,2026-07-31,21,2026-08-21,,
SIBC,2025,2026-07-31,22,2026-08-22,,
SIBC,2025,2026-07-31,23,2026-08-23,,
SIBC,2025,2026-07-31,24,2026-08-24,,
SIBC,2025,2026-07-31,25,2026-08-25,,
SIBC,2025,2026-07-31,26,2026-08-26,,
SIBC,2025,2026-07-31,27,2026-08-27,,
SIBC,2025,2026-07-31,28,2026-08-28,,
SIBC,2025,2026-07-31,29,2026-08-29,,
SIBC,2025,2026-07-31,30,2026-08-30,,
SIBC,2025,2026-07-31,31,2026-08-31,,
SIBC,2025,2026-07-31,32,2026-09-01,,
SIBC,2025,2026-07-31,33,2026-09-02,,
SIBC,2025,2026-07-31,34,2026-09-03,,
SIBC,2025,2026-07-31,35,2026-09-04,,
SIBC,2025,2026-07-31,36,2026-09-05,,
SIBC,2025,2026-07-31,37,2026-09-06,,
SIBC,2025,2026-07-31,38,2026-09-07,,
SIBC,2025,2026-07-31,39,2026-09-08,,
SIBC,2025,2026-07-31,40,2026-09-09,,
SIBC,2025,2026-07-31,41,2026-09-10,,
SIBC,2025,2026-07-31,42,2026-09-11,,
SIBC,2025,2026-07-31,43,2026-09-12,,
SIBC,2025,2026-07-31,44,2026-09-13,,
SIBC,2025,2026-07-31,45,2026-09-14,,
SIBC,2025,2026-07-31,46,2026-09-15,,
SIBC,2025,2026-07-31,47,2026-09-16,,
SIBC,2025,2026-07-31,48,2026-09-17,,
SIBC,2025,2026-07-31,49,2026-09-18,,
SIBC,2025,2026-07-31,50,2026-09-19,,
SIBC,2025,2026-07-31,51,2026-09-20,,
SIBC,2025,2026-07-31,52,2026-09-21,,
SIBC,2025,2026-07-31,53,2026-09-22,,
SIBC,2025,2026-07-31,54,2026-09-23,,
SIBC,2025,2026-07-31,55,2026-09-24,,
SIBC,2025,2026-07-31,56,2026-09-25,,
SIBC,2025,2026-07-31,57,2026-09-26,,
SIBC,2025,2026-07-31,58,2026-09-27,,
SIBC,2025,2026-07-31,59,2026-09-28,,
SIBC,2025,2026-07-31,60,2026-09-29,,
SLBC,2021,2022-08-12,-60,2022-06-13,14500.0,2
SLBC,2021,2022-08-12,-59,2022-06-14,15587.5,3
SLBC,2021,2022-08-12,-58,2022-06-15,15587.5,0
SLBC,2021,2022-08-12,-57,2022-06-16,15587.5,0
SLBC,2021,2022-08-12,-56,2022-06-17,15587.5,0
SLBC,2021,2022-08-12,-55,2022-06-18,,
SLBC,2021,2022-08-12,-54,2022-06-19,,
SLBC,2021,2022-08-12,-53,2022-06-20,15587.5,0
SLBC,2021,2022-08-12,-52,2022-06-21,15587.5,0
SLBC,2021,2022-08-12,-51,2022-06-22,15587.0,1
SLBC,2021,2022-08-12,-50,2022-06-23,15587.0,0
SLBC,2021,2022-08-12,-49,2022-06-24,15000.0,1549
SLBC,2021,2022-08-12,-48,2022-06-25,,
SLBC,2021,2022-08-12,-47,2022-06-26,,
SLBC,2021,2022-08-12,-46,2022-06-27,15000.0,0
SLBC,2021,2022-08-12,-45,2022-06-28,15000.0,0
SLBC,2021,2022-08-12,-44,2022-06-29,15000.0,7
SLBC,2021,2022-08-12,-43,2022-06-30,15000.0,0
SLBC,2021,2022-08-12,-42,2022-07-01,15000.0,0
SLBC,2021,2022-08-12,-41,2022-07-02,,
SLBC,2021,2022-08-12,-40,2022-07-03,,
SLBC,2021,2022-08-12,-39,2022-07-04,15000.0,0
SLBC,2021,2022-08-12,-38,2022-07-05,15000.0,0
SLBC,2021,2022-08-12,-37,2022-07-06,15000.0,11
SLBC,2021,2022-08-12,-36,2022-07-07,15000.0,0
SLBC,2021,2022-08-12,-35,2022-07-08,14500.0,7
SLBC,2021,2022-08-12,-34,2022-07-09,,
SLBC,2021,2022-08-12,-33,2022-07-10,,
SLBC,2021,2022-08-12,-32,2022-07-11,15000.0,10
SLBC,2021,2022-08-12,-31,2022-07-12,15000.0,1
SLBC,2021,2022-08-12,-30,2022-07-13,15000.0,20
SLBC,2021,2022-08-12,-29,2022-07-14,15000.0,21
SLBC,2021,2022-08-12,-28,2022-07-15,15000.0,44
SLBC,2021,2022-08-12,-27,2022-07-16,,
SLBC,2021,2022-08-12,-26,2022-07-17,,
SLBC,2021,2022-08-12,-25,2022-07-18,15000.0,0
SLBC,2021,2022-08-12,-24,2022-07-19,14900.0,5
SLBC,2021,2022-08-12,-23,2022-07-20,14500.0,17
SLBC,2021,2022-08-12,-22,2022-07-21,14500.0,4
SLBC,2021,2022-08-12,-21,2022-07-22,14500.0,9
SLBC,2021,2022-08-12,-20,2022-07-23,,
SLBC,2021,2022-08-12,-19,2022-07-24,,
SLBC,2021,2022-08-12,-18,2022-07-25,14500.0,0
SLBC,2021,2022-08-12,-17,2022-07-26,14500.0,0
SLBC,2021,2022-08-12,-16,2022-07-27,14500.0,101
SLBC,2021,2022-08-12,-15,2022-07-28,14500.0,3
SLBC,2021,2022-08-12,-14,2022-07-29,13412.5,3
SLBC,2021,2022-08-12,-13,2022-07-30,,
SLBC,2021,2022-08-12,-12,2022-07-31,,
SLBC,2021,2022-08-12,-11,2022-08-01,13500.0,110
SLBC,2021,2022-08-12,-10,2022-08-02,13500.0,1
SLBC,2021,2022-08-12,-9,2022-08-03,13500.0,1
SLBC,2021,2022-08-12,-8,2022-08-04,13500.0,15
SLBC,2021,2022-08-12,-7,2022-08-05,13500.0,2
SLBC,2021,2022-08-12,-6,2022-08-06,,
SLBC,2021,2022-08-12,-5,2022-08-07,,
SLBC,2021,2022-08-12,-4,2022-08-08,,
SLBC,2021,2022-08-12,-3,2022-08-09,13500.0,1
SLBC,2021,2022-08-12,-2,2022-08-10,13500.0,0
SLBC,2021,2022-08-12,-1,2022-08-11,13500.0,0
SLBC,2021,2022-08-12,0,2022-08-12,13500.0,0
SLBC,2021,2022-08-12,1,2022-08-13,,
SLBC,2021,2022-08-12,2,2022-08-14,,
SLBC,2021,2022-08-12,3,2022-08-15,,
SLBC,2021,2022-08-12,4,2022-08-16,13500.0,0
SLBC,2021,2022-08-12,5,2022-08-17,13500.0,0
SLBC,2021,2022-08-12,6,2022-08-18,12113.0,8
SLBC,2021,2022-08-12,7,2022-08-19,12100.0,13
SLBC,2021,2022-08-12,8,2022-08-20,,
SLBC,2021,2022-08-12,9,2022-08-21,,
SLBC,2021,2022-08-12,10,2022-08-22,11205.0,11
SLBC,2021,2022-08-12,11,2022-08-23,11205.0,4
SLBC,2021,2022-08-12,12,2022-08-24,11205.0,0
SLBC,2021,2022-08-12,13,2022-08-25,11220.0,1
SLBC,2021,2022-08-12,14,2022-08-26,11200.5,13
SLBC,2021,2022-08-12,15,2022-08-27,,
SLBC,2021,2022-08-12,16,2022-08-28,,
SLBC,2021,2022-08-12,17,2022-08-29,10360.5,120
SLBC,2021,2022-08-12,18,2022-08-30,10000.0,21
SLBC,2021,2022-08-12,19,2022-08-31,10750.0,4
SLBC,2021,2022-08-12,20,2022-09-01,10000.0,69
SLBC,2021,2022-08-12,21,2022-09-02,10750.0,2
SLBC,2021,2022-08-12,22,2022-09-03,,
SLBC,2021,2022-08-12,23,2022-09-04,,
SLBC,2021,2022-08-12,24,2022-09-05,10750.0,0
SLBC,2021,2022-08-12,25,2022-09-06,11556.0,1
SLBC,2021,2022-08-12,26,2022-09-07,12420.0,3
SLBC,2021,2022-08-12,27,2022-09-08,11550.0,28
SLBC,2021,2022-08-12,28,2022-09-09,11556.0,3
SLBC,2021,2022-08-12,29,2022-09-10,,
SLBC,2021,2022-08-12,30,2022-09-11,,
SLBC,2021,2022-08-12,31,2022-09-12,11556.0,0
SLBC,2021,2022-08-12,32,2022-09-13,12000.0,18
SLBC,2021,2022-08-12,33,2022-09-14,12000.0,1
SLBC,2021,2022-08-12,34,2022-09-15,12000.0,5
SLBC,2021,2022-08-12,35,2022-09-16,12000.0,0
SLBC,2021,2022-08-12,36,2022-09-17,,
SLBC,2021,2022-08-12,37,2022-09-18,,
SLBC,2021,2022-08-12,38,2022-09-19,12000.0,4
SLBC,2021,2022-08-12,39,2022-09-20,12000.0,0
SLBC,2021,2022-08-12,40,2022-09-21,11950.0,2
SLBC,2021,2022-08-12,41,2022-09-22,11950.0,11
SLBC,2021,2022-08-12,42,2022-09-23,11900.0,1
SLBC,2021,2022-08-12,43,2022-09-24,,
SLBC,2021,2022-08-12,44,2022-09-25,,
SLBC,2021,2022-08-12,45,2022-09-26,11900.0,0
SLBC,2021,2022-08-12,46,2022-09-27,11200.0,22
SLBC,2021,2022-08-12,47,2022-09-28,11200.0,0
SLBC,2021,2022-08-12,48,2022-09-29,11200.0,1
SLBC,2021,2022-08-12,49,2022-09-30,10675.5,14
SLBC,2021,2022-08-12,50,2022-10-01,,
SLBC,2021,2022-08-12,51,2022-10-02,,
SLBC,2021,2022-08-12,52,2022-10-03,10675.5,50
SLBC,2021,2022-08-12,53,2022-10-04,10515.0,16
SLBC,2021,2022-08-12,54,2022-10-05,10305.0,24
SLBC,2021,2022-08-12,55,2022-10-06,10305.0,0
SLBC,2021,2022-08-12,56,2022-10-07,10500.0,6
SLBC,2021,2022-08-12,57,2022-10-08,,
SLBC,2021,2022-08-12,58,2022-10-09,,
SLBC,2021,2022-08-12,59,2022-10-10,10500.0,0
SLBC,2021,2022-08-12,60,2022-10-11,10500.0,0
SLBC,2023,2024-08-14,-60,2024-06-15,,
SLBC,2023,2024-08-14,-59,2024-06-16,,
SLBC,2023,2024-08-14,-58,2024-06-17,,
SLBC,2023,2024-08-14,-57,2024-06-18,8325.0,0
SLBC,2023,2024-08-14,-56,2024-06-19,8325.0,0
SLBC,2023,2024-08-14,-55,2024-06-20,8325.0,0
SLBC,2023,2024-08-14,-54,2024-06-21,8325.0,0
SLBC,2023,2024-08-14,-53,2024-06-22,,
SLBC,2023,2024-08-14,-52,2024-06-23,,
SLBC,2023,2024-08-14,-51,2024-06-24,8325.0,0
SLBC,2023,2024-08-14,-50,2024-06-25,8325.0,0
SLBC,2023,2024-08-14,-49,2024-06-26,8325.0,0
SLBC,2023,2024-08-14,-48,2024-06-27,8325.0,0
SLBC,2023,2024-08-14,-47,2024-06-28,8325.0,0
SLBC,2023,2024-08-14,-46,2024-06-29,,
SLBC,2023,2024-08-14,-45,2024-06-30,,
SLBC,2023,2024-08-14,-44,2024-07-01,8325.0,0
SLBC,2023,2024-08-14,-43,2024-07-02,8325.0,0
SLBC,2023,2024-08-14,-42,2024-07-03,8325.0,0
SLBC,2023,2024-08-14,-41,2024-07-04,8325.0,0
SLBC,2023,2024-08-14,-40,2024-07-05,8325.0,0
SLBC,2023,2024-08-14,-39,2024-07-06,,
SLBC,2023,2024-08-14,-38,2024-07-07,,
SLBC,2023,2024-08-14,-37,2024-07-08,8325.0,0
SLBC,2023,2024-08-14,-36,2024-07-09,8325.0,0
SLBC,2023,2024-08-14,-35,2024-07-10,8325.0,0
SLBC,2023,2024-08-14,-34,2024-07-11,8325.0,0
SLBC,2023,2024-08-14,-33,2024-07-12,8325.0,0
SLBC,2023,2024-08-14,-32,2024-07-13,,
SLBC,2023,2024-08-14,-31,2024-07-14,,
SLBC,2023,2024-08-14,-30,2024-07-15,8325.0,0
SLBC,2023,2024-08-14,-29,2024-07-16,8325.0,0
SLBC,2023,2024-08-14,-28,2024-07-17,8325.0,0
SLBC,2023,2024-08-14,-27,2024-07-18,8325.0,0
SLBC,2023,2024-08-14,-26,2024-07-19,8325.0,0
SLBC,2023,2024-08-14,-25,2024-07-20,,
SLBC,2023,2024-08-14,-24,2024-07-21,,
SLBC,2023,2024-08-14,-23,2024-07-22,8325.0,0
SLBC,2023,2024-08-14,-22,2024-07-23,8325.0,0
SLBC,2023,2024-08-14,-21,2024-07-24,8325.0,0
SLBC,2023,2024-08-14,-20,2024-07-25,8325.0,0
SLBC,2023,2024-08-14,-19,2024-07-26,8325.0,0
SLBC,2023,2024-08-14,-18,2024-07-27,,
SLBC,2023,2024-08-14,-17,2024-07-28,,
SLBC,2023,2024-08-14,-16,2024-07-29,8325.0,0
SLBC,2023,2024-08-14,-15,2024-07-30,8325.0,0
SLBC,2023,2024-08-14,-14,2024-07-31,8325.0,0
SLBC,2023,2024-08-14,-13,2024-08-01,8325.0,0
SLBC,2023,2024-08-14,-12,2024-08-02,8325.0,0
SLBC,2023,2024-08-14,-11,2024-08-03,,
SLBC,2023,2024-08-14,-10,2024-08-04,,
SLBC,2023,2024-08-14,-9,2024-08-05,8325.0,0
SLBC,2023,2024-08-14,-8,2024-08-06,8325.0,0
SLBC,2023,2024-08-14,-7,2024-08-07,,
SLBC,2023,2024-08-14,-6,2024-08-08,8325.0,0
SLBC,2023,2024-08-14,-5,2024-08-09,8325.0,0
SLBC,2023,2024-08-14,-4,2024-08-10,,
SLBC,2023,2024-08-14,-3,2024-08-11,,
SLBC,2023,2024-08-14,-2,2024-08-12,8325.0,0
SLBC,2023,2024-08-14,-1,2024-08-13,8325.0,0
SLBC,2023,2024-08-14,0,2024-08-14,8325.0,0
SLBC,2023,2024-08-14,1,2024-08-15,,
SLBC,2023,2024-08-14,2,2024-08-16,8325.0,0
SLBC,2023,2024-08-14,3,2024-08-17,,
SLBC,2023,2024-08-14,4,2024-08-18,,
SLBC,2023,2024-08-14,5,2024-08-19,8325.0,0
SLBC,2023,2024-08-14,6,2024-08-20,8325.0,0
SLBC,2023,2024-08-14,7,2024-08-21,8325.0,0
SLBC,2023,2024-08-14,8,2024-08-22,8325.0,0
SLBC,2023,2024-08-14,9,2024-08-23,8325.0,0
SLBC,2023,2024-08-14,10,2024-08-24,,
SLBC,2023,2024-08-14,11,2024-08-25,,
SLBC,2023,2024-08-14,12,2024-08-26,8325.0,0
SLBC,2023,2024-08-14,13,2024-08-27,8325.0,0
SLBC,2023,2024-08-14,14,2024-08-28,8325.0,0
SLBC,2023,2024-08-14,15,2024-08-29,8325.0,0
SLBC,2023,2024-08-14,16,2024-08-30,,
SLBC,2023,2024-08-14,17,2024-08-31,,
SLBC,2023,2024-08-14,18,2024-09-01,,
SLBC,2023,2024-08-14,19,2024-09-02,8325.0,0
SLBC,2023,2024-08-14,20,2024-09-03,8325.0,0
SLBC,2023,2024-08-14,21,2024-09-04,8325.0,0
SLBC,2023,2024-08-14,22,2024-09-05,8325.0,0
SLBC,2023,2024-08-14,23,2024-09-06,8325.0,0
SLBC,2023,2024-08-14,24,2024-09-07,,
SLBC,2023,2024-08-14,25,2024-09-08,,
SLBC,2023,2024-08-14,26,2024-09-09,8325.0,0
SLBC,2023,2024-08-14,27,2024-09-10,8325.0,0
SLBC,2023,2024-08-14,28,2024-09-11,8325.0,0
SLBC,2023,2024-08-14,29,2024-09-12,8659.0,12
SLBC,2023,2024-08-14,30,2024-09-13,8659.0,43
SLBC,2023,2024-08-14,31,2024-09-14,,
SLBC,2023,2024-08-14,32,2024-09-15,,
SLBC,2023,2024-08-14,33,2024-09-16,8650.0,71
SLBC,2023,2024-08-14,34,2024-09-17,8659.0,20
SLBC,2023,2024-08-14,35,2024-09-18,8650.0,18
SLBC,2023,2024-08-14,36,2024-09-19,8659.0,46
SLBC,2023,2024-08-14,37,2024-09-20,9307.5,80
SLBC,2023,2024-08-14,38,2024-09-21,,
SLBC,2023,2024-08-14,39,2024-09-22,,
SLBC,2023,2024-08-14,40,2024-09-23,9308.0,77
SLBC,2023,2024-08-14,41,2024-09-24,9500.0,14
SLBC,2023,2024-08-14,42,2024-09-25,9500.0,17
SLBC,2023,2024-08-14,43,2024-09-26,9500.0,38
SLBC,2023,2024-08-14,44,2024-09-27,10212.5,8
SLBC,2023,2024-08-14,45,2024-09-28,,
SLBC,2023,2024-08-14,46,2024-09-29,,
SLBC,2023,2024-08-14,47,2024-09-30,10975.0,125
SLBC,2023,2024-08-14,48,2024-10-01,11795.0,3357
SLBC,2023,2024-08-14,49,2024-10-02,12005.0,5938
SLBC,2023,2024-08-14,50,2024-10-03,12905.0,4023
SLBC,2023,2024-08-14,51,2024-10-04,13505.0,2002
SLBC,2023,2024-08-14,52,2024-10-05,,
SLBC,2023,2024-08-14,53,2024-10-06,,
SLBC,2023,2024-08-14,54,2024-10-07,14495.0,1601
SLBC,2023,2024-08-14,55,2024-10-08,15505.0,525
SLBC,2023,2024-08-14,56,2024-10-09,16600.0,5455
SLBC,2023,2024-08-14,57,2024-10-10,17100.0,5659
SLBC,2023,2024-08-14,58,2024-10-11,18200.0,940
SLBC,2023,2024-08-14,59,2024-10-12,,
SLBC,2023,2024-08-14,60,2024-10-13,,
SLBC,2024,2025-07-29,-60,2025-05-30,16900.0,33
SLBC,2024,2025-07-29,-59,2025-05-31,,
SLBC,2024,2025-07-29,-58,2025-06-01,,
SLBC,2024,2025-07-29,-57,2025-06-02,16900.0,52
SLBC,2024,2025-07-29,-56,2025-06-03,16900.0,450
SLBC,2024,2025-07-29,-55,2025-06-04,16900.0,35
SLBC,2024,2025-07-29,-54,2025-06-05,16205.0,38
SLBC,2024,2025-07-29,-53,2025-06-06,,
SLBC,2024,2025-07-29,-52,2025-06-07,,
SLBC,2024,2025-07-29,-51,2025-06-08,,
SLBC,2024,2025-07-29,-50,2025-06-09,,
SLBC,2024,2025-07-29,-49,2025-06-10,15765.0,122
SLBC,2024,2025-07-29,-48,2025-06-11,15805.0,55
SLBC,2024,2025-07-29,-47,2025-06-12,16975.0,49
SLBC,2024,2025-07-29,-46,2025-06-13,16300.0,92
SLBC,2024,2025-07-29,-45,2025-06-14,,
SLBC,2024,2025-07-29,-44,2025-06-15,,
SLBC,2024,2025-07-29,-43,2025-06-16,16975.0,56
SLBC,2024,2025-07-29,-42,2025-06-17,17200.0,1605
SLBC,2024,2025-07-29,-41,2025-06-18,18480.0,423
SLBC,2024,2025-07-29,-40,2025-06-19,18400.0,1781
SLBC,2024,2025-07-29,-39,2025-06-20,18375.0,22
SLBC,2024,2025-07-29,-38,2025-06-21,,
SLBC,2024,2025-07-29,-37,2025-06-22,,
SLBC,2024,2025-07-29,-36,2025-06-23,18040.0,49
SLBC,2024,2025-07-29,-35,2025-06-24,18040.0,8
SLBC,2024,2025-07-29,-34,2025-06-25,18000.0,110
SLBC,2024,2025-07-29,-33,2025-06-26,16800.0,8201
SLBC,2024,2025-07-29,-32,2025-06-27,16815.0,34
SLBC,2024,2025-07-29,-31,2025-06-28,,
SLBC,2024,2025-07-29,-30,2025-06-29,,
SLBC,2024,2025-07-29,-29,2025-06-30,16820.0,11
SLBC,2024,2025-07-29,-28,2025-07-01,16820.0,144
SLBC,2024,2025-07-29,-27,2025-07-02,17290.0,34
SLBC,2024,2025-07-29,-26,2025-07-03,17975.0,183
SLBC,2024,2025-07-29,-25,2025-07-04,19320.0,90
SLBC,2024,2025-07-29,-24,2025-07-05,,
SLBC,2024,2025-07-29,-23,2025-07-06,,
SLBC,2024,2025-07-29,-22,2025-07-07,19315.0,27
SLBC,2024,2025-07-29,-21,2025-07-08,17870.0,72
SLBC,2024,2025-07-29,-20,2025-07-09,17000.0,75
SLBC,2024,2025-07-29,-19,2025-07-10,17000.0,112
SLBC,2024,2025-07-29,-18,2025-07-11,18275.0,82
SLBC,2024,2025-07-29,-17,2025-07-12,,
SLBC,2024,2025-07-29,-16,2025-07-13,,
SLBC,2024,2025-07-29,-15,2025-07-14,19320.0,231
SLBC,2024,2025-07-29,-14,2025-07-15,19000.0,1448
SLBC,2024,2025-07-29,-13,2025-07-16,18950.0,260
SLBC,2024,2025-07-29,-12,2025-07-17,18300.0,351
SLBC,2024,2025-07-29,-11,2025-07-18,18400.0,40
SLBC,2024,2025-07-29,-10,2025-07-19,,
SLBC,2024,2025-07-29,-9,2025-07-20,,
SLBC,2024,2025-07-29,-8,2025-07-21,18300.0,35279
SLBC,2024,2025-07-29,-7,2025-07-22,18300.0,203
SLBC,2024,2025-07-29,-6,2025-07-23,19000.0,96
SLBC,2024,2025-07-29,-5,2025-07-24,19320.0,74
SLBC,2024,2025-07-29,-4,2025-07-25,18600.0,33
SLBC,2024,2025-07-29,-3,2025-07-26,,
SLBC,2024,2025-07-29,-2,2025-07-27,,
SLBC,2024,2025-07-29,-1,2025-07-28,18500.0,142
SLBC,2024,2025-07-29,0,2025-07-29,19000.0,25
SLBC,2024,2025-07-29,1,2025-07-30,19000.0,133
SLBC,2024,2025-07-29,2,2025-07-31,18600.0,152
SLBC,2024,2025-07-29,3,2025-08-01,18450.0,272
SLBC,2024,2025-07-29,4,2025-08-02,,
SLBC,2024,2025-07-29,5,2025-08-03,,
SLBC,2024,2025-07-29,6,2025-08-04,18500.0,303
SLBC,2024,2025-07-29,7,2025-08-05,18595.0,92
SLBC,2024,2025-07-29,8,2025-08-06,18600.0,94
SLBC,2024,2025-07-29,9,2025-08-07,,
SLBC,2024,2025-07-29,10,2025-08-08,18600.0,59
SLBC,2024,2025-07-29,11,2025-08-09,,
SLBC,2024,2025-07-29,12,2025-08-10,,
SLBC,2024,2025-07-29,13,2025-08-11,18000.0,1046
SLBC,2024,2025-07-29,14,2025-08-12,17645.0,165
SLBC,2024,2025-07-29,15,2025-08-13,18000.0,104
SLBC,2024,2025-07-29,16,2025-08-14,17645.0,90
SLBC,2024,2025-07-29,17,2025-08-15,,
SLBC,2024,2025-07-29,18,2025-08-16,,
SLBC,2024,2025-07-29,19,2025-08-17,,
SLBC,2024,2025-07-29,20,2025-08-18,17660.0,25
SLBC,2024,2025-07-29,21,2025-08-19,18595.0,177
SLBC,2024,2025-07-29,22,2025-08-20,17655.0,78
SLBC,2024,2025-07-29,23,2025-08-21,18000.0,9036
SLBC,2024,2025-07-29,24,2025-08-22,18690.0,118
SLBC,2024,2025-07-29,25,2025-08-23,,
SLBC,2024,2025-07-29,26,2025-08-24,,
SLBC,2024,2025-07-29,27,2025-08-25,18500.0,408
SLBC,2024,2025-07-29,28,2025-08-26,18745.0,55
SLBC,2024,2025-07-29,29,2025-08-27,18745.0,8
SLBC,2024,2025-07-29,30,2025-08-28,18730.0,48
SLBC,2024,2025-07-29,31,2025-08-29,18740.0,104
SLBC,2024,2025-07-29,32,2025-08-30,,
SLBC,2024,2025-07-29,33,2025-08-31,,
SLBC,2024,2025-07-29,34,2025-09-01,18700.0,8
SLBC,2024,2025-07-29,35,2025-09-02,18700.0,15
SLBC,2024,2025-07-29,36,2025-09-03,18680.0,260
SLBC,2024,2025-07-29,37,2025-09-04,,
SLBC,2024,2025-07-29,38,2025-09-05,18690.0,157
SLBC,2024,2025-07-29,39,2025-09-06,,
SLBC,2024,2025-07-29,40,2025-09-07,,
SLBC,2024,2025-07-29,41,2025-09-08,18600.0,25
SLBC,2024,2025-07-29,42,2025-09-09,18685.0,75
SLBC,2024,2025-07-29,43,2025-09-10,18600.0,83
SLBC,2024,2025-07-29,44,2025-09-11,18650.0,120
SLBC,2024,2025-07-29,45,2025-09-12,18530.0,70
SLBC,2024,2025-07-29,46,2025-09-13,,
SLBC,2024,2025-07-29,47,2025-09-14,,
SLBC,2024,2025-07-29,48,2025-09-15,18670.0,7
SLBC,2024,2025-07-29,49,2025-09-16,18665.0,61
SLBC,2024,2025-07-29,50,2025-09-17,18665.0,27
SLBC,2024,2025-07-29,51,2025-09-18,18665.0,209
SLBC,2024,2025-07-29,52,2025-09-19,18675.0,115
SLBC,2024,2025-07-29,53,2025-09-20,,
SLBC,2024,2025-07-29,54,2025-09-21,,
SLBC,2024,2025-07-29,55,2025-09-22,18675.0,569
SLBC,2024,2025-07-29,56,2025-09-23,18575.0,36
SLBC,2024,2025-07-29,57,2025-09-24,18000.0,102
SLBC,2024,2025-07-29,58,2025-09-25,18100.0,86
SLBC,2024,2025-07-29,59,2025-09-26,18450.0,133
SLBC,2024,2025-07-29,60,2025-09-27,,
SMBC,2021,2022-08-24,-60,2022-06-25,,
SMBC,2021,2022-08-24,-59,2022-06-26,,
SMBC,2021,2022-08-24,-58,2022-06-27,7260.0,215
SMBC,2021,2022-08-24,-57,2022-06-28,7350.0,96
SMBC,2021,2022-08-24,-56,2022-06-29,7350.0,133
SMBC,2021,2022-08-24,-55,2022-06-30,7350.0,35
SMBC,2021,2022-08-24,-54,2022-07-01,7395.0,181
SMBC,2021,2022-08-24,-53,2022-07-02,,
SMBC,2021,2022-08-24,-52,2022-07-03,,
SMBC,2021,2022-08-24,-51,2022-07-04,7450.0,161
SMBC,2021,2022-08-24,-50,2022-07-05,7445.0,245
SMBC,2021,2022-08-24,-49,2022-07-06,7445.0,1316
SMBC,2021,2022-08-24,-48,2022-07-07,7445.0,6010
SMBC,2021,2022-08-24,-47,2022-07-08,7445.0,29
SMBC,2021,2022-08-24,-46,2022-07-09,,
SMBC,2021,2022-08-24,-45,2022-07-10,,
SMBC,2021,2022-08-24,-44,2022-07-11,7440.0,100
SMBC,2021,2022-08-24,-43,2022-07-12,7440.0,5
SMBC,2021,2022-08-24,-42,2022-07-13,7440.0,878
SMBC,2021,2022-08-24,-41,2022-07-14,7390.0,201
SMBC,2021,2022-08-24,-40,2022-07-15,7400.0,227
SMBC,2021,2022-08-24,-39,2022-07-16,,
SMBC,2021,2022-08-24,-38,2022-07-17,,
SMBC,2021,2022-08-24,-37,2022-07-18,7250.0,110
SMBC,2021,2022-08-24,-36,2022-07-19,7250.0,83
SMBC,2021,2022-08-24,-35,2022-07-20,7200.0,775
SMBC,2021,2022-08-24,-34,2022-07-21,7200.0,275
SMBC,2021,2022-08-24,-33,2022-07-22,7200.0,47
SMBC,2021,2022-08-24,-32,2022-07-23,,
SMBC,2021,2022-08-24,-31,2022-07-24,,
SMBC,2021,2022-08-24,-30,2022-07-25,7190.0,266
SMBC,2021,2022-08-24,-29,2022-07-26,7185.0,212
SMBC,2021,2022-08-24,-28,2022-07-27,7100.0,78
SMBC,2021,2022-08-24,-27,2022-07-28,7100.0,547
SMBC,2021,2022-08-24,-26,2022-07-29,7050.0,144
SMBC,2021,2022-08-24,-25,2022-07-30,,
SMBC,2021,2022-08-24,-24,2022-07-31,,
SMBC,2021,2022-08-24,-23,2022-08-01,6990.0,87
SMBC,2021,2022-08-24,-22,2022-08-02,6990.0,157
SMBC,2021,2022-08-24,-21,2022-08-03,7000.0,442
SMBC,2021,2022-08-24,-20,2022-08-04,6990.0,40
SMBC,2021,2022-08-24,-19,2022-08-05,6810.0,2377
SMBC,2021,2022-08-24,-18,2022-08-06,,
SMBC,2021,2022-08-24,-17,2022-08-07,,
SMBC,2021,2022-08-24,-16,2022-08-08,,
SMBC,2021,2022-08-24,-15,2022-08-09,6570.0,1500
SMBC,2021,2022-08-24,-14,2022-08-10,6570.0,1363
SMBC,2021,2022-08-24,-13,2022-08-11,6500.0,1291
SMBC,2021,2022-08-24,-12,2022-08-12,6985.0,14
SMBC,2021,2022-08-24,-11,2022-08-13,,
SMBC,2021,2022-08-24,-10,2022-08-14,,
SMBC,2021,2022-08-24,-9,2022-08-15,,
SMBC,2021,2022-08-24,-8,2022-08-16,6800.0,518
SMBC,2021,2022-08-24,-7,2022-08-17,6800.0,364
SMBC,2021,2022-08-24,-6,2022-08-18,7000.0,727
SMBC,2021,2022-08-24,-5,2022-08-19,6800.0,1650
SMBC,2021,2022-08-24,-4,2022-08-20,,
SMBC,2021,2022-08-24,-3,2022-08-21,,
SMBC,2021,2022-08-24,-2,2022-08-22,5905.0,111
SMBC,2021,2022-08-24,-1,2022-08-23,6050.0,158
SMBC,2021,2022-08-24,0,2022-08-24,5930.0,596
SMBC,2021,2022-08-24,1,2022-08-25,5935.0,3630
SMBC,2021,2022-08-24,2,2022-08-26,6380.0,36
SMBC,2021,2022-08-24,3,2022-08-27,,
SMBC,2021,2022-08-24,4,2022-08-28,,
SMBC,2021,2022-08-24,5,2022-08-29,5955.0,127
SMBC,2021,2022-08-24,6,2022-08-30,6210.0,502
SMBC,2021,2022-08-24,7,2022-08-31,6310.0,73
SMBC,2021,2022-08-24,8,2022-09-01,6400.0,377
SMBC,2021,2022-08-24,9,2022-09-02,6400.0,145
SMBC,2021,2022-08-24,10,2022-09-03,,
SMBC,2021,2022-08-24,11,2022-09-04,,
SMBC,2021,2022-08-24,12,2022-09-05,6700.0,45
SMBC,2021,2022-08-24,13,2022-09-06,6700.0,70
SMBC,2021,2022-08-24,14,2022-09-07,6650.0,35
SMBC,2021,2022-08-24,15,2022-09-08,6155.0,345
SMBC,2021,2022-08-24,16,2022-09-09,6100.0,2734
SMBC,2021,2022-08-24,17,2022-09-10,,
SMBC,2021,2022-08-24,18,2022-09-11,,
SMBC,2021,2022-08-24,19,2022-09-12,6495.0,2123
SMBC,2021,2022-08-24,20,2022-09-13,6485.0,151
SMBC,2021,2022-08-24,21,2022-09-14,6400.0,25
SMBC,2021,2022-08-24,22,2022-09-15,6400.0,516
SMBC,2021,2022-08-24,23,2022-09-16,6400.0,485
SMBC,2021,2022-08-24,24,2022-09-17,,
SMBC,2021,2022-08-24,25,2022-09-18,,
SMBC,2021,2022-08-24,26,2022-09-19,6205.0,249
SMBC,2021,2022-08-24,27,2022-09-20,6200.0,3025
SMBC,2021,2022-08-24,28,2022-09-21,6200.0,242
SMBC,2021,2022-08-24,29,2022-09-22,6150.0,251
SMBC,2021,2022-08-24,30,2022-09-23,6050.0,375
SMBC,2021,2022-08-24,31,2022-09-24,,
SMBC,2021,2022-08-24,32,2022-09-25,,
SMBC,2021,2022-08-24,33,2022-09-26,6300.0,1983
SMBC,2021,2022-08-24,34,2022-09-27,6200.0,683
SMBC,2021,2022-08-24,35,2022-09-28,6060.0,907
SMBC,2021,2022-08-24,36,2022-09-29,6000.0,1571
SMBC,2021,2022-08-24,37,2022-09-30,6000.0,2637
SMBC,2021,2022-08-24,38,2022-10-01,,
SMBC,2021,2022-08-24,39,2022-10-02,,
SMBC,2021,2022-08-24,40,2022-10-03,5960.0,113
SMBC,2021,2022-08-24,41,2022-10-04,6405.0,1176
SMBC,2021,2022-08-24,42,2022-10-05,6885.0,488
SMBC,2021,2022-08-24,43,2022-10-06,7400.0,3532
SMBC,2021,2022-08-24,44,2022-10-07,7100.0,105
SMBC,2021,2022-08-24,45,2022-10-08,,
SMBC,2021,2022-08-24,46,2022-10-09,,
SMBC,2021,2022-08-24,47,2022-10-10,6800.0,1178
SMBC,2021,2022-08-24,48,2022-10-11,6995.0,1067
SMBC,2021,2022-08-24,49,2022-10-12,7035.0,275
SMBC,2021,2022-08-24,50,2022-10-13,6910.0,306
SMBC,2021,2022-08-24,51,2022-10-14,7000.0,295
SMBC,2021,2022-08-24,52,2022-10-15,,
SMBC,2021,2022-08-24,53,2022-10-16,,
SMBC,2021,2022-08-24,54,2022-10-17,6900.0,23
SMBC,2021,2022-08-24,55,2022-10-18,6900.0,398
SMBC,2021,2022-08-24,56,2022-10-19,6890.0,346
SMBC,2021,2022-08-24,57,2022-10-20,6900.0,1830
SMBC,2021,2022-08-24,58,2022-10-21,6900.0,560
SMBC,2021,2022-08-24,59,2022-10-22,,
SMBC,2021,2022-08-24,60,2022-10-23,,
SMBC,2022,2023-08-31,-60,2023-07-02,,
SMBC,2022,2023-08-31,-59,2023-07-03,7800.0,14232
SMBC,2022,2023-08-31,-58,2023-07-04,8000.0,662
SMBC,2022,2023-08-31,-57,2023-07-05,8000.0,1290
SMBC,2022,2023-08-31,-56,2023-07-06,8150.0,3262
SMBC,2022,2023-08-31,-55,2023-07-07,8155.0,902
SMBC,2022,2023-08-31,-54,2023-07-08,,
SMBC,2022,2023-08-31,-53,2023-07-09,,
SMBC,2022,2023-08-31,-52,2023-07-10,8390.0,3465
SMBC,2022,2023-08-31,-51,2023-07-11,8400.0,1770
SMBC,2022,2023-08-31,-50,2023-07-12,8250.0,2582
SMBC,2022,2023-08-31,-49,2023-07-13,8390.0,900
SMBC,2022,2023-08-31,-48,2023-07-14,8255.0,3941
SMBC,2022,2023-08-31,-47,2023-07-15,,
SMBC,2022,2023-08-31,-46,2023-07-16,,
SMBC,2022,2023-08-31,-45,2023-07-17,8400.0,1834
SMBC,2022,2023-08-31,-44,2023-07-18,8385.0,1314
SMBC,2022,2023-08-31,-43,2023-07-19,8390.0,2159
SMBC,2022,2023-08-31,-42,2023-07-20,8385.0,929
SMBC,2022,2023-08-31,-41,2023-07-21,8385.0,6090
SMBC,2022,2023-08-31,-40,2023-07-22,,
SMBC,2022,2023-08-31,-39,2023-07-23,,
SMBC,2022,2023-08-31,-38,2023-07-24,8705.0,1708
SMBC,2022,2023-08-31,-37,2023-07-25,8600.0,3967
SMBC,2022,2023-08-31,-36,2023-07-26,8600.0,290
SMBC,2022,2023-08-31,-35,2023-07-27,8780.0,942
SMBC,2022,2023-08-31,-34,2023-07-28,8750.0,882
SMBC,2022,2023-08-31,-33,2023-07-29,,
SMBC,2022,2023-08-31,-32,2023-07-30,,
SMBC,2022,2023-08-31,-31,2023-07-31,8800.0,1446
SMBC,2022,2023-08-31,-30,2023-08-01,8805.0,3027
SMBC,2022,2023-08-31,-29,2023-08-02,9000.0,196
SMBC,2022,2023-08-31,-28,2023-08-03,8960.0,1186
SMBC,2022,2023-08-31,-27,2023-08-04,9500.0,3313
SMBC,2022,2023-08-31,-26,2023-08-05,,
SMBC,2022,2023-08-31,-25,2023-08-06,,
SMBC,2022,2023-08-31,-24,2023-08-07,,
SMBC,2022,2023-08-31,-23,2023-08-08,9490.0,879
SMBC,2022,2023-08-31,-22,2023-08-09,9200.0,286
SMBC,2022,2023-08-31,-21,2023-08-10,9400.0,175
SMBC,2022,2023-08-31,-20,2023-08-11,9400.0,942
SMBC,2022,2023-08-31,-19,2023-08-12,,
SMBC,2022,2023-08-31,-18,2023-08-13,,
SMBC,2022,2023-08-31,-17,2023-08-14,9780.0,1696
SMBC,2022,2023-08-31,-16,2023-08-15,,
SMBC,2022,2023-08-31,-15,2023-08-16,9850.0,473
SMBC,2022,2023-08-31,-14,2023-08-17,9700.0,478
SMBC,2022,2023-08-31,-13,2023-08-18,9745.0,283
SMBC,2022,2023-08-31,-12,2023-08-19,,
SMBC,2022,2023-08-31,-11,2023-08-20,,
SMBC,2022,2023-08-31,-10,2023-08-21,9695.0,401
SMBC,2022,2023-08-31,-9,2023-08-22,9695.0,1050
SMBC,2022,2023-08-31,-8,2023-08-23,9515.0,573
SMBC,2022,2023-08-31,-7,2023-08-24,9550.0,779
SMBC,2022,2023-08-31,-6,2023-08-25,9550.0,1790
SMBC,2022,2023-08-31,-5,2023-08-26,,
SMBC,2022,2023-08-31,-4,2023-08-27,,
SMBC,2022,2023-08-31,-3,2023-08-28,9500.0,4520
SMBC,2022,2023-08-31,-2,2023-08-29,8850.0,1319
SMBC,2022,2023-08-31,-1,2023-08-30,9095.0,186
SMBC,2022,2023-08-31,0,2023-08-31,9100.0,1074
SMBC,2022,2023-08-31,1,2023-09-01,9050.0,179
SMBC,2022,2023-08-31,2,2023-09-02,,
SMBC,2022,2023-08-31,3,2023-09-03,,
SMBC,2022,2023-08-31,4,2023-09-04,9000.0,451
SMBC,2022,2023-08-31,5,2023-09-05,9055.0,553
SMBC,2022,2023-08-31,6,2023-09-06,9285.0,146
SMBC,2022,2023-08-31,7,2023-09-07,9285.0,3781
SMBC,2022,2023-08-31,8,2023-09-08,9010.0,666
SMBC,2022,2023-08-31,9,2023-09-09,,
SMBC,2022,2023-08-31,10,2023-09-10,,
SMBC,2022,2023-08-31,11,2023-09-11,9145.0,260
SMBC,2022,2023-08-31,12,2023-09-12,9200.0,775
SMBC,2022,2023-08-31,13,2023-09-13,9300.0,322
SMBC,2022,2023-08-31,14,2023-09-14,9140.0,476
SMBC,2022,2023-08-31,15,2023-09-15,9150.0,3964
SMBC,2022,2023-08-31,16,2023-09-16,,
SMBC,2022,2023-08-31,17,2023-09-17,,
SMBC,2022,2023-08-31,18,2023-09-18,9100.0,437
SMBC,2022,2023-08-31,19,2023-09-19,9100.0,587
SMBC,2022,2023-08-31,20,2023-09-20,9095.0,295
SMBC,2022,2023-08-31,21,2023-09-21,9150.0,1534
SMBC,2022,2023-08-31,22,2023-09-22,9150.0,2345
SMBC,2022,2023-08-31,23,2023-09-23,,
SMBC,2022,2023-08-31,24,2023-09-24,,
SMBC,2022,2023-08-31,25,2023-09-25,9105.0,87
SMBC,2022,2023-08-31,26,2023-09-26,9145.0,70
SMBC,2022,2023-08-31,27,2023-09-27,,
SMBC,2022,2023-08-31,28,2023-09-28,9115.0,288
SMBC,2022,2023-08-31,29,2023-09-29,9150.0,243
SMBC,2022,2023-08-31,30,2023-09-30,,
SMBC,2022,2023-08-31,31,2023-10-01,,
SMBC,2022,2023-08-31,32,2023-10-02,9005.0,1030
SMBC,2022,2023-08-31,33,2023-10-03,9145.0,1443
SMBC,2022,2023-08-31,34,2023-10-04,9150.0,2135
SMBC,2022,2023-08-31,35,2023-10-05,9150.0,298
SMBC,2022,2023-08-31,36,2023-10-06,9290.0,148
SMBC,2022,2023-08-31,37,2023-10-07,,
SMBC,2022,2023-08-31,38,2023-10-08,,
SMBC,2022,2023-08-31,39,2023-10-09,9135.0,67
SMBC,2022,2023-08-31,40,2023-10-10,9000.0,2489
SMBC,2022,2023-08-31,41,2023-10-11,9000.0,135
SMBC,2022,2023-08-31,42,2023-10-12,9000.0,411
SMBC,2022,2023-08-31,43,2023-10-13,9500.0,1457
SMBC,2022,2023-08-31,44,2023-10-14,,
SMBC,2022,2023-08-31,45,2023-10-15,,
SMBC,2022,2023-08-31,46,2023-10-16,9400.0,68
SMBC,2022,2023-08-31,47,2023-10-17,9790.0,1581
SMBC,2022,2023-08-31,48,2023-10-18,10170.0,536
SMBC,2022,2023-08-31,49,2023-10-19,10170.0,712
SMBC,2022,2023-08-31,50,2023-10-20,10450.0,12027
SMBC,2022,2023-08-31,51,2023-10-21,,
SMBC,2022,2023-08-31,52,2023-10-22,,
SMBC,2022,2023-08-31,53,2023-10-23,9995.0,451
SMBC,2022,2023-08-31,54,2023-10-24,9950.0,191
SMBC,2022,2023-08-31,55,2023-10-25,9950.0,313
SMBC,2022,2023-08-31,56,2023-10-26,9885.0,163
SMBC,2022,2023-08-31,57,2023-10-27,9875.0,68
SMBC,2022,2023-08-31,58,2023-10-28,,
SMBC,2022,2023-08-31,59,2023-10-29,,
SMBC,2022,2023-08-31,60,2023-10-30,9890.0,240
SMBC,2023,2024-09-30,-60,2024-08-01,12700.0,1279
SMBC,2023,2024-09-30,-59,2024-08-02,12845.0,234
SMBC,2023,2024-09-30,-58,2024-08-03,,
SMBC,2023,2024-09-30,-57,2024-08-04,,
SMBC,2023,2024-09-30,-56,2024-08-05,12900.0,104
SMBC,2023,2024-09-30,-55,2024-08-06,12500.0,825
SMBC,2023,2024-09-30,-54,2024-08-07,,
SMBC,2023,2024-09-30,-53,2024-08-08,12600.0,138
SMBC,2023,2024-09-30,-52,2024-08-09,12900.0,216
SMBC,2023,2024-09-30,-51,2024-08-10,,
SMBC,2023,2024-09-30,-50,2024-08-11,,
SMBC,2023,2024-09-30,-49,2024-08-12,12900.0,851
SMBC,2023,2024-09-30,-48,2024-08-13,13000.0,646
SMBC,2023,2024-09-30,-47,2024-08-14,13000.0,465
SMBC,2023,2024-09-30,-46,2024-08-15,,
SMBC,2023,2024-09-30,-45,2024-08-16,13200.0,560
SMBC,2023,2024-09-30,-44,2024-08-17,,
SMBC,2023,2024-09-30,-43,2024-08-18,,
SMBC,2023,2024-09-30,-42,2024-08-19,13000.0,122
SMBC,2023,2024-09-30,-41,2024-08-20,13050.0,515
SMBC,2023,2024-09-30,-40,2024-08-21,13200.0,684
SMBC,2023,2024-09-30,-39,2024-08-22,13400.0,385
SMBC,2023,2024-09-30,-38,2024-08-23,13500.0,1044
SMBC,2023,2024-09-30,-37,2024-08-24,,
SMBC,2023,2024-09-30,-36,2024-08-25,,
SMBC,2023,2024-09-30,-35,2024-08-26,13700.0,43
SMBC,2023,2024-09-30,-34,2024-08-27,13700.0,39
SMBC,2023,2024-09-30,-33,2024-08-28,13615.0,363
SMBC,2023,2024-09-30,-32,2024-08-29,13700.0,924
SMBC,2023,2024-09-30,-31,2024-08-30,,
SMBC,2023,2024-09-30,-30,2024-08-31,,
SMBC,2023,2024-09-30,-29,2024-09-01,,
SMBC,2023,2024-09-30,-28,2024-09-02,13855.0,166
SMBC,2023,2024-09-30,-27,2024-09-03,14890.0,2470
SMBC,2023,2024-09-30,-26,2024-09-04,14695.0,360
SMBC,2023,2024-09-30,-25,2024-09-05,14605.0,361
SMBC,2023,2024-09-30,-24,2024-09-06,14600.0,1050
SMBC,2023,2024-09-30,-23,2024-09-07,,
SMBC,2023,2024-09-30,-22,2024-09-08,,
SMBC,2023,2024-09-30,-21,2024-09-09,14405.0,270
SMBC,2023,2024-09-30,-20,2024-09-10,14410.0,719
SMBC,2023,2024-09-30,-19,2024-09-11,14600.0,128
SMBC,2023,2024-09-30,-18,2024-09-12,14600.0,542
SMBC,2023,2024-09-30,-17,2024-09-13,14600.0,7096
SMBC,2023,2024-09-30,-16,2024-09-14,,
SMBC,2023,2024-09-30,-15,2024-09-15,,
SMBC,2023,2024-09-30,-14,2024-09-16,14600.0,580
SMBC,2023,2024-09-30,-13,2024-09-17,14790.0,201
SMBC,2023,2024-09-30,-12,2024-09-18,14600.0,4383
SMBC,2023,2024-09-30,-11,2024-09-19,14900.0,365
SMBC,2023,2024-09-30,-10,2024-09-20,14510.0,239
SMBC,2023,2024-09-30,-9,2024-09-21,,
SMBC,2023,2024-09-30,-8,2024-09-22,,
SMBC,2023,2024-09-30,-7,2024-09-23,14600.0,1068
SMBC,2023,2024-09-30,-6,2024-09-24,14600.0,1474
SMBC,2023,2024-09-30,-5,2024-09-25,14600.0,919
SMBC,2023,2024-09-30,-4,2024-09-26,13540.0,1734
SMBC,2023,2024-09-30,-3,2024-09-27,13540.0,704
SMBC,2023,2024-09-30,-2,2024-09-28,,
SMBC,2023,2024-09-30,-1,2024-09-29,,
SMBC,2023,2024-09-30,0,2024-09-30,13540.0,1243
SMBC,2023,2024-09-30,1,2024-10-01,13500.0,709
SMBC,2023,2024-09-30,2,2024-10-02,13000.0,438
SMBC,2023,2024-09-30,3,2024-10-03,13200.0,991
SMBC,2023,2024-09-30,4,2024-10-04,13000.0,658
SMBC,2023,2024-09-30,5,2024-10-05,,
SMBC,2023,2024-09-30,6,2024-10-06,,
SMBC,2023,2024-09-30,7,2024-10-07,13005.0,754
SMBC,2023,2024-09-30,8,2024-10-08,13490.0,2423
SMBC,2023,2024-09-30,9,2024-10-09,12900.0,3577
SMBC,2023,2024-09-30,10,2024-10-10,11935.0,1245
SMBC,2023,2024-09-30,11,2024-10-11,12000.0,602
SMBC,2023,2024-09-30,12,2024-10-12,,
SMBC,2023,2024-09-30,13,2024-10-13,,
SMBC,2023,2024-09-30,14,2024-10-14,11900.0,561
SMBC,2023,2024-09-30,15,2024-10-15,12700.0,145
SMBC,2023,2024-09-30,16,2024-10-16,12700.0,665
SMBC,2023,2024-09-30,17,2024-10-17,13000.0,143
SMBC,2023,2024-09-30,18,2024-10-18,13100.0,271
SMBC,2023,2024-09-30,19,2024-10-19,,
SMBC,2023,2024-09-30,20,2024-10-20,,
SMBC,2023,2024-09-30,21,2024-10-21,13100.0,661
SMBC,2023,2024-09-30,22,2024-10-22,13100.0,239
SMBC,2023,2024-09-30,23,2024-10-23,13400.0,160
SMBC,2023,2024-09-30,24,2024-10-24,13400.0,933
SMBC,2023,2024-09-30,25,2024-10-25,13300.0,607
SMBC,2023,2024-09-30,26,2024-10-26,,
SMBC,2023,2024-09-30,27,2024-10-27,,
SMBC,2023,2024-09-30,28,2024-10-28,13300.0,12665
SMBC,2023,2024-09-30,29,2024-10-29,13250.0,388
SMBC,2023,2024-09-30,30,2024-10-30,13220.0,4824
SMBC,2023,2024-09-30,31,2024-10-31,12230.0,1504
SMBC,2023,2024-09-30,32,2024-11-01,,
SMBC,2023,2024-09-30,33,2024-11-02,,
SMBC,2023,2024-09-30,34,2024-11-03,,
SMBC,2023,2024-09-30,35,2024-11-04,11315.0,3388
SMBC,2023,2024-09-30,36,2024-11-05,10470.0,340
SMBC,2023,2024-09-30,37,2024-11-06,9685.0,3677
SMBC,2023,2024-09-30,38,2024-11-07,10405.0,903
SMBC,2023,2024-09-30,39,2024-11-08,11000.0,546
SMBC,2023,2024-09-30,40,2024-11-09,,
SMBC,2023,2024-09-30,41,2024-11-10,,
SMBC,2023,2024-09-30,42,2024-11-11,10500.0,709
SMBC,2023,2024-09-30,43,2024-11-12,10500.0,467
SMBC,2023,2024-09-30,44,2024-11-13,10495.0,440
SMBC,2023,2024-09-30,45,2024-11-14,10490.0,2100
SMBC,2023,2024-09-30,46,2024-11-15,,
SMBC,2023,2024-09-30,47,2024-11-16,,
SMBC,2023,2024-09-30,48,2024-11-17,,
SMBC,2023,2024-09-30,49,2024-11-18,10300.0,4587
SMBC,2023,2024-09-30,50,2024-11-19,9900.0,3685
SMBC,2023,2024-09-30,51,2024-11-20,9600.0,1346
SMBC,2023,2024-09-30,52,2024-11-21,9600.0,3758
SMBC,2023,2024-09-30,53,2024-11-22,9790.0,726
SMBC,2023,2024-09-30,54,2024-11-23,,
SMBC,2023,2024-09-30,55,2024-11-24,,
SMBC,2023,2024-09-30,56,2024-11-25,9780.0,1544
SMBC,2023,2024-09-30,57,2024-11-26,9650.0,763
SMBC,2023,2024-09-30,58,2024-11-27,9500.0,1411
SMBC,2023,2024-09-30,59,2024-11-28,9600.0,951
SMBC,2023,2024-09-30,60,2024-11-29,9515.0,888
SMBC,2024,2025-09-15,-60,2025-07-17,8800.0,2606
SMBC,2024,2025-09-15,-59,2025-07-18,9145.0,86
SMBC,2024,2025-09-15,-58,2025-07-19,,
SMBC,2024,2025-09-15,-57,2025-07-20,,
SMBC,2024,2025-09-15,-56,2025-07-21,9145.0,131
SMBC,2024,2025-09-15,-55,2025-07-22,9145.0,173
SMBC,2024,2025-09-15,-54,2025-07-23,9145.0,81
SMBC,2024,2025-09-15,-53,2025-07-24,9100.0,329
SMBC,2024,2025-09-15,-52,2025-07-25,9100.0,110
SMBC,2024,2025-09-15,-51,2025-07-26,,
SMBC,2024,2025-09-15,-50,2025-07-27,,
SMBC,2024,2025-09-15,-49,2025-07-28,9000.0,222
SMBC,2024,2025-09-15,-48,2025-07-29,9000.0,225
SMBC,2024,2025-09-15,-47,2025-07-30,9000.0,74
SMBC,2024,2025-09-15,-46,2025-07-31,9000.0,207
SMBC,2024,2025-09-15,-45,2025-08-01,9100.0,250
SMBC,2024,2025-09-15,-44,2025-08-02,,
SMBC,2024,2025-09-15,-43,2025-08-03,,
SMBC,2024,2025-09-15,-42,2025-08-04,9100.0,456
SMBC,2024,2025-09-15,-41,2025-08-05,9145.0,358
SMBC,2024,2025-09-15,-40,2025-08-06,9200.0,129
SMBC,2024,2025-09-15,-39,2025-08-07,,
SMBC,2024,2025-09-15,-38,2025-08-08,9250.0,518
SMBC,2024,2025-09-15,-37,2025-08-09,,
SMBC,2024,2025-09-15,-36,2025-08-10,,
SMBC,2024,2025-09-15,-35,2025-08-11,9500.0,166
SMBC,2024,2025-09-15,-34,2025-08-12,9695.0,898
SMBC,2024,2025-09-15,-33,2025-08-13,9700.0,210
SMBC,2024,2025-09-15,-32,2025-08-14,9700.0,267
SMBC,2024,2025-09-15,-31,2025-08-15,,
SMBC,2024,2025-09-15,-30,2025-08-16,,
SMBC,2024,2025-09-15,-29,2025-08-17,,
SMBC,2024,2025-09-15,-28,2025-08-18,9680.0,952
SMBC,2024,2025-09-15,-27,2025-08-19,9700.0,276
SMBC,2024,2025-09-15,-26,2025-08-20,9700.0,460
SMBC,2024,2025-09-15,-25,2025-08-21,9800.0,456
SMBC,2024,2025-09-15,-24,2025-08-22,9990.0,169
SMBC,2024,2025-09-15,-23,2025-08-23,,
SMBC,2024,2025-09-15,-22,2025-08-24,,
SMBC,2024,2025-09-15,-21,2025-08-25,9850.0,622
SMBC,2024,2025-09-15,-20,2025-08-26,9705.0,345
SMBC,2024,2025-09-15,-19,2025-08-27,9700.0,1375
SMBC,2024,2025-09-15,-18,2025-08-28,9700.0,3920
SMBC,2024,2025-09-15,-17,2025-08-29,9880.0,384
SMBC,2024,2025-09-15,-16,2025-08-30,,
SMBC,2024,2025-09-15,-15,2025-08-31,,
SMBC,2024,2025-09-15,-14,2025-09-01,9880.0,226
SMBC,2024,2025-09-15,-13,2025-09-02,9880.0,811
SMBC,2024,2025-09-15,-12,2025-09-03,9200.0,1201
SMBC,2024,2025-09-15,-11,2025-09-04,,
SMBC,2024,2025-09-15,-10,2025-09-05,9850.0,412
SMBC,2024,2025-09-15,-9,2025-09-06,,
SMBC,2024,2025-09-15,-8,2025-09-07,,
SMBC,2024,2025-09-15,-7,2025-09-08,9845.0,496
SMBC,2024,2025-09-15,-6,2025-09-09,10000.0,388
SMBC,2024,2025-09-15,-5,2025-09-10,10100.0,2055
SMBC,2024,2025-09-15,-4,2025-09-11,9740.0,135
SMBC,2024,2025-09-15,-3,2025-09-12,9695.0,260
SMBC,2024,2025-09-15,-2,2025-09-13,,
SMBC,2024,2025-09-15,-1,2025-09-14,,
SMBC,2024,2025-09-15,0,2025-09-15,9200.0,245
SMBC,2024,2025-09-15,1,2025-09-16,9400.0,392
SMBC,2024,2025-09-15,2,2025-09-17,9540.0,438
SMBC,2024,2025-09-15,3,2025-09-18,9405.0,491
SMBC,2024,2025-09-15,4,2025-09-19,9405.0,419
SMBC,2024,2025-09-15,5,2025-09-20,,
SMBC,2024,2025-09-15,6,2025-09-21,,
SMBC,2024,2025-09-15,7,2025-09-22,9405.0,858
SMBC,2024,2025-09-15,8,2025-09-23,9400.0,429
SMBC,2024,2025-09-15,9,2025-09-24,9200.0,173
SMBC,2024,2025-09-15,10,2025-09-25,9150.0,1045
SMBC,2024,2025-09-15,11,2025-09-26,9350.0,278
SMBC,2024,2025-09-15,12,2025-09-27,,
SMBC,2024,2025-09-15,13,2025-09-28,,
SMBC,2024,2025-09-15,14,2025-09-29,9350.0,147
SMBC,2024,2025-09-15,15,2025-09-30,9350.0,117
SMBC,2024,2025-09-15,16,2025-10-01,9350.0,55
SMBC,2024,2025-09-15,17,2025-10-02,9475.0,421
SMBC,2024,2025-09-15,18,2025-10-03,9600.0,423
SMBC,2024,2025-09-15,19,2025-10-04,,
SMBC,2024,2025-09-15,20,2025-10-05,,
SMBC,2024,2025-09-15,21,2025-10-06,9600.0,729
SMBC,2024,2025-09-15,22,2025-10-07,9695.0,201
SMBC,2024,2025-09-15,23,2025-10-08,9995.0,796
SMBC,2024,2025-09-15,24,2025-10-09,9995.0,1348
SMBC,2024,2025-09-15,25,2025-10-10,10000.0,899
SMBC,2024,2025-09-15,26,2025-10-11,,
SMBC,2024,2025-09-15,27,2025-10-12,,
SMBC,2024,2025-09-15,28,2025-10-13,10100.0,4426
SMBC,2024,2025-09-15,29,2025-10-14,10000.0,841
SMBC,2024,2025-09-15,30,2025-10-15,10000.0,709
SMBC,2024,2025-09-15,31,2025-10-16,9800.0,2880
SMBC,2024,2025-09-15,32,2025-10-17,9760.0,623
SMBC,2024,2025-09-15,33,2025-10-18,,
SMBC,2024,2025-09-15,34,2025-10-19,,
SMBC,2024,2025-09-15,35,2025-10-20,9780.0,113
SMBC,2024,2025-09-15,36,2025-10-21,9600.0,605
SMBC,2024,2025-09-15,37,2025-10-22,9800.0,995
SMBC,2024,2025-09-15,38,2025-10-23,9795.0,1190
SMBC,2024,2025-09-15,39,2025-10-24,9610.0,736
SMBC,2024,2025-09-15,40,2025-10-25,,
SMBC,2024,2025-09-15,41,2025-10-26,,
SMBC,2024,2025-09-15,42,2025-10-27,9800.0,926
SMBC,2024,2025-09-15,43,2025-10-28,9800.0,217
SMBC,2024,2025-09-15,44,2025-10-29,9800.0,594
SMBC,2024,2025-09-15,45,2025-10-30,9650.0,1960
SMBC,2024,2025-09-15,46,2025-10-31,9880.0,1085
SMBC,2024,2025-09-15,47,2025-11-01,,
SMBC,2024,2025-09-15,48,2025-11-02,,
SMBC,2024,2025-09-15,49,2025-11-03,9500.0,453
SMBC,2024,2025-09-15,50,2025-11-04,9500.0,1120
SMBC,2024,2025-09-15,51,2025-11-05,9500.0,86
SMBC,2024,2025-09-15,52,2025-11-06,9800.0,251
SMBC,2024,2025-09-15,53,2025-11-07,9800.0,217
SMBC,2024,2025-09-15,54,2025-11-08,,
SMBC,2024,2025-09-15,55,2025-11-09,,
SMBC,2024,2025-09-15,56,2025-11-10,9800.0,3568
SMBC,2024,2025-09-15,57,2025-11-11,9795.0,233
SMBC,2024,2025-09-15,58,2025-11-12,9800.0,74
SMBC,2024,2025-09-15,59,2025-11-13,9800.0,1089
SMBC,2024,2025-09-15,60,2025-11-14,9845.0,451
SMBC,2025,2026-09-15,-60,2026-07-17,15800.0,1965
SMBC,2025,2026-09-15,-59,2026-07-18,15195.0,3584
SMBC,2025,2026-09-15,-58,2026-07-19,,
SMBC,2025,2026-09-15,-57,2026-07-20,,
SMBC,2025,2026-09-15,-56,2026-07-21,,
SMBC,2025,2026-09-15,-55,2026-07-22,,
SMBC,2025,2026-09-15,-54,2026-07-23,,
SMBC,2025,2026-09-15,-53,2026-07-24,,
SMBC,2025,2026-09-15,-52,2026-07-25,,
SMBC,2025,2026-09-15,-51,2026-07-26,,
SMBC,2025,2026-09-15,-50,2026-07-27,,
SMBC,2025,2026-09-15,-49,2026-07-28,,
SMBC,2025,2026-09-15,-48,2026-07-29,,
SMBC,2025,2026-09-15,-47,2026-07-30,,
SMBC,2025,2026-09-15,-46,2026-07-31,,
SMBC,2025,2026-09-15,-45,2026-08-01,,
SMBC,2025,2026-09-15,-44,2026-08-02,,
SMBC,2025,2026-09-15,-43,2026-08-03,,
SMBC,2025,2026-09-15,-42,2026-08-04,,
SMBC,2025,2026-09-15,-41,2026-08-05,,
SMBC,2025,2026-09-15,-40,2026-08-06,,
SMBC,2025,2026-09-15,-39,2026-08-07,,
SMBC,2025,2026-09-15,-38,2026-08-08,,
SMBC,2025,2026-09-15,-37,2026-08-09,,
SMBC,2025,2026-09-15,-36,2026-08-10,,
SMBC,2025,2026-09-15,-35,2026-08-11,,
SMBC,2025,2026-09-15,-34,2026-08-12,,
SMBC,2025,2026-09-15,-33,2026-08-13,,
SMBC,2025,2026-09-15,-32,2026-08-14,,
SMBC,2025,2026-09-15,-31,2026-08-15,,
SMBC,2025,2026-09-15,-30,2026-08-16,,
SMBC,2025,2026-09-15,-29,2026-08-17,,
SMBC,2025,2026-09-15,-28,2026-08-18,,
SMBC,2025,2026-09-15,-27,2026-08-19,,
SMBC,2025,2026-09-15,-26,2026-08-20,,
SMBC,2025,2026-09-15,-25,2026-08-21,,
SMBC,2025,2026-09-15,-24,2026-08-22,,
SMBC,2025,2026-09-15,-23,2026-08-23,,
SMBC,2025,2026-09-15,-22,2026-08-24,,
SMBC,2025,2026-09-15,-21,2026-08-25,,
SMBC,2025,2026-09-15,-20,2026-08-26,,
SMBC,2025,2026-09-15,-19,2026-08-27,,
SMBC,2025,2026-09-15,-18,2026-08-28,,
SMBC,2025,2026-09-15,-17,2026-08-29,,
SMBC,2025,2026-09-15,-16,2026-08-30,,
SMBC,2025,2026-09-15,-15,2026-08-31,,
SMBC,2025,2026-09-15,-14,2026-09-01,,
SMBC,2025,2026-09-15,-13,2026-09-02,,
SMBC,2025,2026-09-15,-12,2026-09-03,,
SMBC,2025,2026-09-15,-11,2026-09-04,,
SMBC,2025,2026-09-15,-10,2026-09-05,,
SMBC,2025,2026-09-15,-9,2026-09-06,,
SMBC,2025,2026-09-15,-8,2026-09-07,,
SMBC,2025,2026-09-15,-7,2026-09-08,,
SMBC,2025,2026-09-15,-6,2026-09-09,,
SMBC,2025,2026-09-15,-5,2026-09-10,,
SMBC,2025,2026-09-15,-4,2026-09-11,,
SMBC,2025,2026-09-15,-3,2026-09-12,,
SMBC,2025,2026-09-15,-2,2026-09-13,,
SMBC,2025,2026-09-15,-1,2026-09-14,,
SMBC,2025,2026-09-15,0,2026-09-15,,
SMBC,2025,2026-09-15,1,2026-09-16,,
SMBC,2025,2026-09-15,2,2026-09-17,,
SMBC,2025,2026-09-15,3,2026-09-18,,
SMBC,2025,2026-09-15,4,2026-09-19,,
SMBC,2025,2026-09-15,5,2026-09-20,,
SMBC,2025,2026-09-15,6,2026-09-21,,
SMBC,2025,2026-09-15,7,2026-09-22,,
SMBC,2025,2026-09-15,8,2026-09-23,,
SMBC,2025,2026-09-15,9,2026-09-24,,
SMBC,2025,2026-09-15,10,2026-09-25,,
SMBC,2025,2026-09-15,11,2026-09-26,,
SMBC,2025,2026-09-15,12,2026-09-27,,
SMBC,2025,2026-09-15,13,2026-09-28,,
SMBC,2025,2026-09-15,14,2026-09-29,,
SMBC,2025,2026-09-15,15,2026-09-30,,
SMBC,2025,2026-09-15,16,2026-10-01,,
SMBC,2025,2026-09-15,17,2026-10-02,,
SMBC,2025,2026-09-15,18,2026-10-03,,
SMBC,2025,2026-09-15,19,2026-10-04,,
SMBC,2025,2026-09-15,20,2026-10-05,,
SMBC,2025,2026-09-15,21,2026-10-06,,
SMBC,2025,2026-09-15,22,2026-10-07,,
SMBC,2025,2026-09-15,23,2026-10-08,,
SMBC,2025,2026-09-15,24,2026-10-09,,
SMBC,2025,2026-09-15,25,2026-10-10,,
SMBC,2025,2026-09-15,26,2026-10-11,,
SMBC,2025,2026-09-15,27,2026-10-12,,
SMBC,2025,2026-09-15,28,2026-10-13,,
SMBC,2025,2026-09-15,29,2026-10-14,,
SMBC,2025,2026-09-15,30,2026-10-15,,
SMBC,2025,2026-09-15,31,2026-10-16,,
SMBC,2025,2026-09-15,32,2026-10-17,,
SMBC,2025,2026-09-15,33,2026-10-18,,
SMBC,2025,2026-09-15,34,2026-10-19,,
SMBC,2025,2026-09-15,35,2026-10-20,,
SMBC,2025,2026-09-15,36,2026-10-21,,
SMBC,2025,2026-09-15,37,2026-10-22,,
SMBC,2025,2026-09-15,38,2026-10-23,,
SMBC,2025,2026-09-15,39,2026-10-24,,
SMBC,2025,2026-09-15,40,2026-10-25,,
SMBC,2025,2026-09-15,41,2026-10-26,,
SMBC,2025,2026-09-15,42,2026-10-27,,
SMBC,2025,2026-09-15,43,2026-10-28,,
SMBC,2025,2026-09-15,44,2026-10-29,,
SMBC,2025,2026-09-15,45,2026-10-30,,
SMBC,2025,2026-09-15,46,2026-10-31,,
SMBC,2025,2026-09-15,47,2026-11-01,,
SMBC,2025,2026-09-15,48,2026-11-02,,
SMBC,2025,2026-09-15,49,2026-11-03,,
SMBC,2025,2026-09-15,50,2026-11-04,,
SMBC,2025,2026-09-15,51,2026-11-05,,
SMBC,2025,2026-09-15,52,2026-11-06,,
SMBC,2025,2026-09-15,53,2026-11-07,,
SMBC,2025,2026-09-15,54,2026-11-08,,
SMBC,2025,2026-09-15,55,2026-11-09,,
SMBC,2025,2026-09-15,56,2026-11-10,,
SMBC,2025,2026-09-15,57,2026-11-11,,
SMBC,2025,2026-09-15,58,2026-11-12,,
SMBC,2025,2026-09-15,59,2026-11-13,,
SMBC,2025,2026-09-15,60,2026-11-14,,
SNTS,2021,2022-05-18,-60,2022-03-19,,
SNTS,2021,2022-05-18,-59,2022-03-20,,
SNTS,2021,2022-05-18,-58,2022-03-21,15500.0,978
SNTS,2021,2022-05-18,-57,2022-03-22,15590.0,1216
SNTS,2021,2022-05-18,-56,2022-03-23,15500.0,5201
SNTS,2021,2022-05-18,-55,2022-03-24,15595.0,13881
SNTS,2021,2022-05-18,-54,2022-03-25,15900.0,673
SNTS,2021,2022-05-18,-53,2022-03-26,,
SNTS,2021,2022-05-18,-52,2022-03-27,,
SNTS,2021,2022-05-18,-51,2022-03-28,15505.0,577
SNTS,2021,2022-05-18,-50,2022-03-29,15600.0,679
SNTS,2021,2022-05-18,-49,2022-03-30,15895.0,7868
SNTS,2021,2022-05-18,-48,2022-03-31,15800.0,87
SNTS,2021,2022-05-18,-47,2022-04-01,15650.0,3455
SNTS,2021,2022-05-18,-46,2022-04-02,,
SNTS,2021,2022-05-18,-45,2022-04-03,,
SNTS,2021,2022-05-18,-44,2022-04-04,15775.0,2032
SNTS,2021,2022-05-18,-43,2022-04-05,15750.0,4532
SNTS,2021,2022-05-18,-42,2022-04-06,15800.0,2772
SNTS,2021,2022-05-18,-41,2022-04-07,15900.0,5533
SNTS,2021,2022-05-18,-40,2022-04-08,15900.0,3284
SNTS,2021,2022-05-18,-39,2022-04-09,,
SNTS,2021,2022-05-18,-38,2022-04-10,,
SNTS,2021,2022-05-18,-37,2022-04-11,15800.0,17562
SNTS,2021,2022-05-18,-36,2022-04-12,15800.0,3588
SNTS,2021,2022-05-18,-35,2022-04-13,15850.0,5403
SNTS,2021,2022-05-18,-34,2022-04-14,15900.0,2994
SNTS,2021,2022-05-18,-33,2022-04-15,15900.0,8281
SNTS,2021,2022-05-18,-32,2022-04-16,,
SNTS,2021,2022-05-18,-31,2022-04-17,,
SNTS,2021,2022-05-18,-30,2022-04-18,,
SNTS,2021,2022-05-18,-29,2022-04-19,15900.0,1214
SNTS,2021,2022-05-18,-28,2022-04-20,15990.0,4937
SNTS,2021,2022-05-18,-27,2022-04-21,15995.0,4987
SNTS,2021,2022-05-18,-26,2022-04-22,15995.0,588
SNTS,2021,2022-05-18,-25,2022-04-23,,
SNTS,2021,2022-05-18,-24,2022-04-24,,
SNTS,2021,2022-05-18,-23,2022-04-25,15990.0,47529
SNTS,2021,2022-05-18,-22,2022-04-26,15990.0,1440
SNTS,2021,2022-05-18,-21,2022-04-27,15915.0,14601
SNTS,2021,2022-05-18,-20,2022-04-28,,
SNTS,2021,2022-05-18,-19,2022-04-29,15950.0,8851
SNTS,2021,2022-05-18,-18,2022-04-30,,
SNTS,2021,2022-05-18,-17,2022-05-01,,
SNTS,2021,2022-05-18,-16,2022-05-02,,
SNTS,2021,2022-05-18,-15,2022-05-03,15945.0,4354
SNTS,2021,2022-05-18,-14,2022-05-04,15975.0,3249
SNTS,2021,2022-05-18,-13,2022-05-05,16000.0,3529
SNTS,2021,2022-05-18,-12,2022-05-06,16000.0,52751
SNTS,2021,2022-05-18,-11,2022-05-07,,
SNTS,2021,2022-05-18,-10,2022-05-08,,
SNTS,2021,2022-05-18,-9,2022-05-09,16000.0,8178
SNTS,2021,2022-05-18,-8,2022-05-10,16000.0,4535
SNTS,2021,2022-05-18,-7,2022-05-11,16000.0,2744
SNTS,2021,2022-05-18,-6,2022-05-12,15980.0,1861
SNTS,2021,2022-05-18,-5,2022-05-13,16430.0,2953
SNTS,2021,2022-05-18,-4,2022-05-14,,
SNTS,2021,2022-05-18,-3,2022-05-15,,
SNTS,2021,2022-05-18,-2,2022-05-16,15565.0,15314
SNTS,2021,2022-05-18,-1,2022-05-17,15000.0,5282
SNTS,2021,2022-05-18,0,2022-05-18,14725.0,1196
SNTS,2021,2022-05-18,1,2022-05-19,14720.0,5562
SNTS,2021,2022-05-18,2,2022-05-20,14500.0,1980
SNTS,2021,2022-05-18,3,2022-05-21,,
SNTS,2021,2022-05-18,4,2022-05-22,,
SNTS,2021,2022-05-18,5,2022-05-23,14500.0,9865
SNTS,2021,2022-05-18,6,2022-05-24,14510.0,2173
SNTS,2021,2022-05-18,7,2022-05-25,14600.0,3168
SNTS,2021,2022-05-18,8,2022-05-26,,
SNTS,2021,2022-05-18,9,2022-05-27,14600.0,8549
SNTS,2021,2022-05-18,10,2022-05-28,,
SNTS,2021,2022-05-18,11,2022-05-29,,
SNTS,2021,2022-05-18,12,2022-05-30,14650.0,15044
SNTS,2021,2022-05-18,13,2022-05-31,14750.0,1627
SNTS,2021,2022-05-18,14,2022-06-01,14650.0,6728
SNTS,2021,2022-05-18,15,2022-06-02,14650.0,13991
SNTS,2021,2022-05-18,16,2022-06-03,14560.0,9847
SNTS,2021,2022-05-18,17,2022-06-04,,
SNTS,2021,2022-05-18,18,2022-06-05,,
SNTS,2021,2022-05-18,19,2022-06-06,,
SNTS,2021,2022-05-18,20,2022-06-07,14600.0,6967
SNTS,2021,2022-05-18,21,2022-06-08,14610.0,50568
SNTS,2021,2022-05-18,22,2022-06-09,14605.0,4212
SNTS,2021,2022-05-18,23,2022-06-10,14750.0,18232
SNTS,2021,2022-05-18,24,2022-06-11,,
SNTS,2021,2022-05-18,25,2022-06-12,,
SNTS,2021,2022-05-18,26,2022-06-13,14700.0,2051
SNTS,2021,2022-05-18,27,2022-06-14,14700.0,4788
SNTS,2021,2022-05-18,28,2022-06-15,14605.0,3830
SNTS,2021,2022-05-18,29,2022-06-16,14700.0,1057
SNTS,2021,2022-05-18,30,2022-06-17,14600.0,3165
SNTS,2021,2022-05-18,31,2022-06-18,,
SNTS,2021,2022-05-18,32,2022-06-19,,
SNTS,2021,2022-05-18,33,2022-06-20,14500.0,10740
SNTS,2021,2022-05-18,34,2022-06-21,14600.0,5019
SNTS,2021,2022-05-18,35,2022-06-22,14495.0,2284
SNTS,2021,2022-05-18,36,2022-06-23,14600.0,5976
SNTS,2021,2022-05-18,37,2022-06-24,14495.0,5369
SNTS,2021,2022-05-18,38,2022-06-25,,
SNTS,2021,2022-05-18,39,2022-06-26,,
SNTS,2021,2022-05-18,40,2022-06-27,14495.0,2763
SNTS,2021,2022-05-18,41,2022-06-28,14500.0,759
SNTS,2021,2022-05-18,42,2022-06-29,14490.0,15320
SNTS,2021,2022-05-18,43,2022-06-30,14490.0,851
SNTS,2021,2022-05-18,44,2022-07-01,14445.0,10817
SNTS,2021,2022-05-18,45,2022-07-02,,
SNTS,2021,2022-05-18,46,2022-07-03,,
SNTS,2021,2022-05-18,47,2022-07-04,14300.0,3228
SNTS,2021,2022-05-18,48,2022-07-05,14485.0,17570
SNTS,2021,2022-05-18,49,2022-07-06,14400.0,2465
SNTS,2021,2022-05-18,50,2022-07-07,14395.0,1420
SNTS,2021,2022-05-18,51,2022-07-08,14485.0,581
SNTS,2021,2022-05-18,52,2022-07-09,,
SNTS,2021,2022-05-18,53,2022-07-10,,
SNTS,2021,2022-05-18,54,2022-07-11,14490.0,2581
SNTS,2021,2022-05-18,55,2022-07-12,14450.0,867
SNTS,2021,2022-05-18,56,2022-07-13,14450.0,12903
SNTS,2021,2022-05-18,57,2022-07-14,14450.0,9311
SNTS,2021,2022-05-18,58,2022-07-15,14490.0,8987
SNTS,2021,2022-05-18,59,2022-07-16,,
SNTS,2021,2022-05-18,60,2022-07-17,,
SNTS,2022,2023-05-17,-60,2023-03-18,,
SNTS,2022,2023-05-17,-59,2023-03-19,,
SNTS,2022,2023-05-17,-58,2023-03-20,15895.0,1103
SNTS,2022,2023-05-17,-57,2023-03-21,15790.0,486
SNTS,2022,2023-05-17,-56,2023-03-22,15900.0,4054
SNTS,2022,2023-05-17,-55,2023-03-23,15800.0,442
SNTS,2022,2023-05-17,-54,2023-03-24,15700.0,332
SNTS,2022,2023-05-17,-53,2023-03-25,,
SNTS,2022,2023-05-17,-52,2023-03-26,,
SNTS,2022,2023-05-17,-51,2023-03-27,15700.0,896
SNTS,2022,2023-05-17,-50,2023-03-28,15790.0,4467
SNTS,2022,2023-05-17,-49,2023-03-29,15845.0,1200
SNTS,2022,2023-05-17,-48,2023-03-30,15800.0,2493
SNTS,2022,2023-05-17,-47,2023-03-31,15800.0,549
SNTS,2022,2023-05-17,-46,2023-04-01,,
SNTS,2022,2023-05-17,-45,2023-04-02,,
SNTS,2022,2023-05-17,-44,2023-04-03,15785.0,174
SNTS,2022,2023-05-17,-43,2023-04-04,15780.0,712
SNTS,2022,2023-05-17,-42,2023-04-05,15775.0,704
SNTS,2022,2023-05-17,-41,2023-04-06,15800.0,922
SNTS,2022,2023-05-17,-40,2023-04-07,15840.0,169
SNTS,2022,2023-05-17,-39,2023-04-08,,
SNTS,2022,2023-05-17,-38,2023-04-09,,
SNTS,2022,2023-05-17,-37,2023-04-10,,
SNTS,2022,2023-05-17,-36,2023-04-11,15800.0,269
SNTS,2022,2023-05-17,-35,2023-04-12,15800.0,1283
SNTS,2022,2023-05-17,-34,2023-04-13,15710.0,1620
SNTS,2022,2023-05-17,-33,2023-04-14,15800.0,2131
SNTS,2022,2023-05-17,-32,2023-04-15,,
SNTS,2022,2023-05-17,-31,2023-04-16,,
SNTS,2022,2023-05-17,-30,2023-04-17,15800.0,1149
SNTS,2022,2023-05-17,-29,2023-04-18,,
SNTS,2022,2023-05-17,-28,2023-04-19,15800.0,1388
SNTS,2022,2023-05-17,-27,2023-04-20,15900.0,4689
SNTS,2022,2023-05-17,-26,2023-04-21,,
SNTS,2022,2023-05-17,-25,2023-04-22,,
SNTS,2022,2023-05-17,-24,2023-04-23,,
SNTS,2022,2023-05-17,-23,2023-04-24,15985.0,2760
SNTS,2022,2023-05-17,-22,2023-04-25,16000.0,2591
SNTS,2022,2023-05-17,-21,2023-04-26,16000.0,5546
SNTS,2022,2023-05-17,-20,2023-04-27,15990.0,3220
SNTS,2022,2023-05-17,-19,2023-04-28,15990.0,2935
SNTS,2022,2023-05-17,-18,2023-04-29,,
SNTS,2022,2023-05-17,-17,2023-04-30,,
SNTS,2022,2023-05-17,-16,2023-05-01,,
SNTS,2022,2023-05-17,-15,2023-05-02,15985.0,4961
SNTS,2022,2023-05-17,-14,2023-05-03,16000.0,2576
SNTS,2022,2023-05-17,-13,2023-05-04,15995.0,2233
SNTS,2022,2023-05-17,-12,2023-05-05,15980.0,1667
SNTS,2022,2023-05-17,-11,2023-05-06,,
SNTS,2022,2023-05-17,-10,2023-05-07,,
SNTS,2022,2023-05-17,-9,2023-05-08,15990.0,3293
SNTS,2022,2023-05-17,-8,2023-05-09,15990.0,2744
SNTS,2022,2023-05-17,-7,2023-05-10,16000.0,5061
SNTS,2022,2023-05-17,-6,2023-05-11,16300.0,4359
SNTS,2022,2023-05-17,-5,2023-05-12,16495.0,26603
SNTS,2022,2023-05-17,-4,2023-05-13,,
SNTS,2022,2023-05-17,-3,2023-05-14,,
SNTS,2022,2023-05-17,-2,2023-05-15,15000.0,4416
SNTS,2022,2023-05-17,-1,2023-05-16,15000.0,2061
SNTS,2022,2023-05-17,0,2023-05-17,15000.0,1180
SNTS,2022,2023-05-17,1,2023-05-18,,
SNTS,2022,2023-05-17,2,2023-05-19,14800.0,1202
SNTS,2022,2023-05-17,3,2023-05-20,,
SNTS,2022,2023-05-17,4,2023-05-21,,
SNTS,2022,2023-05-17,5,2023-05-22,14900.0,3168
SNTS,2022,2023-05-17,6,2023-05-23,14900.0,6316
SNTS,2022,2023-05-17,7,2023-05-24,14950.0,1948
SNTS,2022,2023-05-17,8,2023-05-25,15000.0,719
SNTS,2022,2023-05-17,9,2023-05-26,15000.0,7212
SNTS,2022,2023-05-17,10,2023-05-27,,
SNTS,2022,2023-05-17,11,2023-05-28,,
SNTS,2022,2023-05-17,12,2023-05-29,,
SNTS,2022,2023-05-17,13,2023-05-30,15000.0,3978
SNTS,2022,2023-05-17,14,2023-05-31,15000.0,5978
SNTS,2022,2023-05-17,15,2023-06-01,14990.0,8430
SNTS,2022,2023-05-17,16,2023-06-02,14990.0,3862
SNTS,2022,2023-05-17,17,2023-06-03,,
SNTS,2022,2023-05-17,18,2023-06-04,,
SNTS,2022,2023-05-17,19,2023-06-05,14995.0,19876
SNTS,2022,2023-05-17,20,2023-06-06,14995.0,29010
SNTS,2022,2023-05-17,21,2023-06-07,14990.0,1792
SNTS,2022,2023-05-17,22,2023-06-08,14995.0,3334
SNTS,2022,2023-05-17,23,2023-06-09,15400.0,3907
SNTS,2022,2023-05-17,24,2023-06-10,,
SNTS,2022,2023-05-17,25,2023-06-11,,
SNTS,2022,2023-05-17,26,2023-06-12,15300.0,4468
SNTS,2022,2023-05-17,27,2023-06-13,15150.0,7469
SNTS,2022,2023-05-17,28,2023-06-14,15000.0,1060
SNTS,2022,2023-05-17,29,2023-06-15,15100.0,4314
SNTS,2022,2023-05-17,30,2023-06-16,15100.0,1590
SNTS,2022,2023-05-17,31,2023-06-17,,
SNTS,2022,2023-05-17,32,2023-06-18,,
SNTS,2022,2023-05-17,33,2023-06-19,15150.0,2419
SNTS,2022,2023-05-17,34,2023-06-20,15150.0,6833
SNTS,2022,2023-05-17,35,2023-06-21,15200.0,2572
SNTS,2022,2023-05-17,36,2023-06-22,15285.0,3640
SNTS,2022,2023-05-17,37,2023-06-23,15285.0,756
SNTS,2022,2023-05-17,38,2023-06-24,,
SNTS,2022,2023-05-17,39,2023-06-25,,
SNTS,2022,2023-05-17,40,2023-06-26,15300.0,2761
SNTS,2022,2023-05-17,41,2023-06-27,15395.0,1938
SNTS,2022,2023-05-17,42,2023-06-28,,
SNTS,2022,2023-05-17,43,2023-06-29,15300.0,5728
SNTS,2022,2023-05-17,44,2023-06-30,15400.0,3314
SNTS,2022,2023-05-17,45,2023-07-01,,
SNTS,2022,2023-05-17,46,2023-07-02,,
SNTS,2022,2023-05-17,47,2023-07-03,15400.0,5357
SNTS,2022,2023-05-17,48,2023-07-04,15400.0,9010
SNTS,2022,2023-05-17,49,2023-07-05,15400.0,4060
SNTS,2022,2023-05-17,50,2023-07-06,15500.0,1713
SNTS,2022,2023-05-17,51,2023-07-07,15600.0,4872
SNTS,2022,2023-05-17,52,2023-07-08,,
SNTS,2022,2023-05-17,53,2023-07-09,,
SNTS,2022,2023-05-17,54,2023-07-10,15700.0,2387
SNTS,2022,2023-05-17,55,2023-07-11,15600.0,4056
SNTS,2022,2023-05-17,56,2023-07-12,15700.0,2045
SNTS,2022,2023-05-17,57,2023-07-13,15690.0,9608
SNTS,2022,2023-05-17,58,2023-07-14,15675.0,4861
SNTS,2022,2023-05-17,59,2023-07-15,,
SNTS,2022,2023-05-17,60,2023-07-16,,
SNTS,2023,2024-05-17,-60,2024-03-18,,
SNTS,2023,2024-05-17,-59,2024-03-19,,
SNTS,2023,2024-05-17,-58,2024-03-20,,
SNTS,2023,2024-05-17,-57,2024-03-21,,
SNTS,2023,2024-05-17,-56,2024-03-22,,
SNTS,2023,2024-05-17,-55,2024-03-23,,
SNTS,2023,2024-05-17,-54,2024-03-24,,
SNTS,2023,2024-05-17,-53,2024-03-25,,
SNTS,2023,2024-05-17,-52,2024-03-26,,
SNTS,2023,2024-05-17,-51,2024-03-27,,
SNTS,2023,2024-05-17,-50,2024-03-28,,
SNTS,2023,2024-05-17,-49,2024-03-29,,
SNTS,2023,2024-05-17,-48,2024-03-30,,
SNTS,2023,2024-05-17,-47,2024-03-31,,
SNTS,2023,2024-05-17,-46,2024-04-01,,
SNTS,2023,2024-05-17,-45,2024-04-02,,
SNTS,2023,2024-05-17,-44,2024-04-03,,
SNTS,2023,2024-05-17,-43,2024-04-04,,
SNTS,2023,2024-05-17,-42,2024-04-05,,
SNTS,2023,2024-05-17,-41,2024-04-06,,
SNTS,2023,2024-05-17,-40,2024-04-07,,
SNTS,2023,2024-05-17,-39,2024-04-08,,
SNTS,2023,2024-05-17,-38,2024-04-09,,
SNTS,2023,2024-05-17,-37,2024-04-10,,
SNTS,2023,2024-05-17,-36,2024-04-11,,
SNTS,2023,2024-05-17,-35,2024-04-12,,
SNTS,2023,2024-05-17,-34,2024-04-13,,
SNTS,2023,2024-05-17,-33,2024-04-14,,
SNTS,2023,2024-05-17,-32,2024-04-15,,
SNTS,2023,2024-05-17,-31,2024-04-16,,
SNTS,2023,2024-05-17,-30,2024-04-17,,
SNTS,2023,2024-05-17,-29,2024-04-18,,
SNTS,2023,2024-05-17,-28,2024-04-19,,
SNTS,2023,2024-05-17,-27,2024-04-20,,
SNTS,2023,2024-05-17,-26,2024-04-21,,
SNTS,2023,2024-05-17,-25,2024-04-22,,
SNTS,2023,2024-05-17,-24,2024-04-23,,
SNTS,2023,2024-05-17,-23,2024-04-24,,
SNTS,2023,2024-05-17,-22,2024-04-25,,
SNTS,2023,2024-05-17,-21,2024-04-26,,
SNTS,2023,2024-05-17,-20,2024-04-27,,
SNTS,2023,2024-05-17,-19,2024-04-28,,
SNTS,2023,2024-05-17,-18,2024-04-29,,
SNTS,2023,2024-05-17,-17,2024-04-30,,
SNTS,2023,2024-05-17,-16,2024-05-01,,
SNTS,2023,2024-05-17,-15,2024-05-02,,
SNTS,2023,2024-05-17,-14,2024-05-03,,
SNTS,2023,2024-05-17,-13,2024-05-04,,
SNTS,2023,2024-05-17,-12,2024-05-05,,
SNTS,2023,2024-05-17,-11,2024-05-06,,
SNTS,2023,2024-05-17,-10,2024-05-07,,
SNTS,2023,2024-05-17,-9,2024-05-08,,
SNTS,2023,2024-05-17,-8,2024-05-09,,
SNTS,2023,2024-05-17,-7,2024-05-10,,
SNTS,2023,2024-05-17,-6,2024-05-11,,
SNTS,2023,2024-05-17,-5,2024-05-12,,
SNTS,2023,2024-05-17,-4,2024-05-13,,
SNTS,2023,2024-05-17,-3,2024-05-14,,
SNTS,2023,2024-05-17,-2,2024-05-15,,
SNTS,2023,2024-05-17,-1,2024-05-16,,
SNTS,2023,2024-05-17,0,2024-05-17,,
SNTS,2023,2024-05-17,1,2024-05-18,,
SNTS,2023,2024-05-17,2,2024-05-19,,
SNTS,2023,2024-05-17,3,2024-05-20,,
SNTS,2023,2024-05-17,4,2024-05-21,,
SNTS,2023,2024-05-17,5,2024-05-22,,
SNTS,2023,2024-05-17,6,2024-05-23,,
SNTS,2023,2024-05-17,7,2024-05-24,,
SNTS,2023,2024-05-17,8,2024-05-25,,
SNTS,2023,2024-05-17,9,2024-05-26,,
SNTS,2023,2024-05-17,10,2024-05-27,,
SNTS,2023,2024-05-17,11,2024-05-28,,
SNTS,2023,2024-05-17,12,2024-05-29,,
SNTS,2023,2024-05-17,13,2024-05-30,,
SNTS,2023,2024-05-17,14,2024-05-31,,
SNTS,2023,2024-05-17,15,2024-06-01,,
SNTS,2023,2024-05-17,16,2024-06-02,,
SNTS,2023,2024-05-17,17,2024-06-03,,
SNTS,2023,2024-05-17,18,2024-06-04,,
SNTS,2023,2024-05-17,19,2024-06-05,,
SNTS,2023,2024-05-17,20,2024-06-06,,
SNTS,2023,2024-05-17,21,2024-06-07,,
SNTS,2023,2024-05-17,22,2024-06-08,,
SNTS,2023,2024-05-17,23,2024-06-09,,
SNTS,2023,2024-05-17,24,2024-06-10,,
SNTS,2023,2024-05-17,25,2024-06-11,,
SNTS,2023,2024-05-17,26,2024-06-12,,
SNTS,2023,2024-05-17,27,2024-06-13,,
SNTS,2023,2024-05-17,28,2024-06-14,,
SNTS,2023,2024-05-17,29,2024-06-15,,
SNTS,2023,2024-05-17,30,2024-06-16,,
SNTS,2023,2024-05-17,31,2024-06-17,,
SNTS,2023,2024-05-17,32,2024-06-18,,
SNTS,2023,2024-05-17,33,2024-06-19,,
SNTS,2023,2024-05-17,34,2024-06-20,,
SNTS,2023,2024-05-17,35,2024-06-21,,
SNTS,2023,2024-05-17,36,2024-06-22,,
SNTS,2023,2024-05-17,37,2024-06-23,,
SNTS,2023,2024-05-17,38,2024-06-24,,
SNTS,2023,2024-05-17,39,2024-06-25,,
SNTS,2023,2024-05-17,40,2024-06-26,,
SNTS,2023,2024-05-17,41,2024-06-27,,
SNTS,2023,2024-05-17,42,2024-06-28,,
SNTS,2023,2024-05-17,43,2024-06-29,,
SNTS,2023,2024-05-17,44,2024-06-30,,
SNTS,2023,2024-05-17,45,2024-07-01,,
SNTS,2023,2024-05-17,46,2024-07-02,,
SNTS,2023,2024-05-17,47,2024-07-03,,
SNTS,2023,2024-05-17,48,2024-07-04,,
SNTS,2023,2024-05-17,49,2024-07-05,,
SNTS,2023,2024-05-17,50,2024-07-06,,
SNTS,2023,2024-05-17,51,2024-07-07,,
SNTS,2023,2024-05-17,52,2024-07-08,,
SNTS,2023,2024-05-17,53,2024-07-09,,
SNTS,2023,2024-05-17,54,2024-07-10,,
SNTS,2023,2024-05-17,55,2024-07-11,,
SNTS,2023,2024-05-17,56,2024-07-12,,
SNTS,2023,2024-05-17,57,2024-07-13,,
SNTS,2023,2024-05-17,58,2024-07-14,,
SNTS,2023,2024-05-17,59,2024-07-15,,
SNTS,2023,2024-05-17,60,2024-07-16,,
SNTS,2024,2025-05-22,-60,2025-03-23,,
SNTS,2024,2025-05-22,-59,2025-03-24,,
SNTS,2024,2025-05-22,-58,2025-03-25,,
SNTS,2024,2025-05-22,-57,2025-03-26,,
SNTS,2024,2025-05-22,-56,2025-03-27,,
SNTS,2024,2025-05-22,-55,2025-03-28,,
SNTS,2024,2025-05-22,-54,2025-03-29,,
SNTS,2024,2025-05-22,-53,2025-03-30,,
SNTS,2024,2025-05-22,-52,2025-03-31,,
SNTS,2024,2025-05-22,-51,2025-04-01,,
SNTS,2024,2025-05-22,-50,2025-04-02,,
SNTS,2024,2025-05-22,-49,2025-04-03,,
SNTS,2024,2025-05-22,-48,2025-04-04,,
SNTS,2024,2025-05-22,-47,2025-04-05,,
SNTS,2024,2025-05-22,-46,2025-04-06,,
SNTS,2024,2025-05-22,-45,2025-04-07,,
SNTS,2024,2025-05-22,-44,2025-04-08,,
SNTS,2024,2025-05-22,-43,2025-04-09,,
SNTS,2024,2025-05-22,-42,2025-04-10,,
SNTS,2024,2025-05-22,-41,2025-04-11,,
SNTS,2024,2025-05-22,-40,2025-04-12,,
SNTS,2024,2025-05-22,-39,2025-04-13,,
SNTS,2024,2025-05-22,-38,2025-04-14,,
SNTS,2024,2025-05-22,-37,2025-04-15,,
SNTS,2024,2025-05-22,-36,2025-04-16,,
SNTS,2024,2025-05-22,-35,2025-04-17,,
SNTS,2024,2025-05-22,-34,2025-04-18,,
SNTS,2024,2025-05-22,-33,2025-04-19,,
SNTS,2024,2025-05-22,-32,2025-04-20,,
SNTS,2024,2025-05-22,-31,2025-04-21,,
SNTS,2024,2025-05-22,-30,2025-04-22,,
SNTS,2024,2025-05-22,-29,2025-04-23,,
SNTS,2024,2025-05-22,-28,2025-04-24,,
SNTS,2024,2025-05-22,-27,2025-04-25,,
SNTS,2024,2025-05-22,-26,2025-04-26,,
SNTS,2024,2025-05-22,-25,2025-04-27,,
SNTS,2024,2025-05-22,-24,2025-04-28,,
SNTS,2024,2025-05-22,-23,2025-04-29,,
SNTS,2024,2025-05-22,-22,2025-04-30,,
SNTS,2024,2025-05-22,-21,2025-05-01,,
SNTS,2024,2025-05-22,-20,2025-05-02,,
SNTS,2024,2025-05-22,-19,2025-05-03,,
SNTS,2024,2025-05-22,-18,2025-05-04,,
SNTS,2024,2025-05-22,-17,2025-05-05,,
SNTS,2024,2025-05-22,-16,2025-05-06,,
SNTS,2024,2025-05-22,-15,2025-05-07,,
SNTS,2024,2025-05-22,-14,2025-05-08,,
SNTS,2024,2025-05-22,-13,2025-05-09,,
SNTS,2024,2025-05-22,-12,2025-05-10,,
SNTS,2024,2025-05-22,-11,2025-05-11,,
SNTS,2024,2025-05-22,-10,2025-05-12,,
SNTS,2024,2025-05-22,-9,2025-05-13,,
SNTS,2024,2025-05-22,-8,2025-05-14,,
SNTS,2024,2025-05-22,-7,2025-05-15,,
SNTS,2024,2025-05-22,-6,2025-05-16,,
SNTS,2024,2025-05-22,-5,2025-05-17,,
SNTS,2024,2025-05-22,-4,2025-05-18,,
SNTS,2024,2025-05-22,-3,2025-05-19,,
SNTS,2024,2025-05-22,-2,2025-05-20,,
SNTS,2024,2025-05-22,-1,2025-05-21,,
SNTS,2024,2025-05-22,0,2025-05-22,,
SNTS,2024,2025-05-22,1,2025-05-23,,
SNTS,2024,2025-05-22,2,2025-05-24,,
SNTS,2024,2025-05-22,3,2025-05-25,,
SNTS,2024,2025-05-22,4,2025-05-26,,
SNTS,2024,2025-05-22,5,2025-05-27,,
SNTS,2024,2025-05-22,6,2025-05-28,,
SNTS,2024,2025-05-22,7,2025-05-29,,
SNTS,2024,2025-05-22,8,2025-05-30,,
SNTS,2024,2025-05-22,9,2025-05-31,,
SNTS,2024,2025-05-22,10,2025-06-01,,
SNTS,2024,2025-05-22,11,2025-06-02,,
SNTS,2024,2025-05-22,12,2025-06-03,,
SNTS,2024,2025-05-22,13,2025-06-04,,
SNTS,2024,2025-05-22,14,2025-06-05,,
SNTS,2024,2025-05-22,15,2025-06-06,,
SNTS,2024,2025-05-22,16,2025-06-07,,
SNTS,2024,2025-05-22,17,2025-06-08,,
SNTS,2024,2025-05-22,18,2025-06-09,,
SNTS,2024,2025-05-22,19,2025-06-10,,
SNTS,2024,2025-05-22,20,2025-06-11,,
SNTS,2024,2025-05-22,21,2025-06-12,,
SNTS,2024,2025-05-22,22,2025-06-13,,
SNTS,2024,2025-05-22,23,2025-06-14,,
SNTS,2024,2025-05-22,24,2025-06-15,,
SNTS,2024,2025-05-22,25,2025-06-16,,
SNTS,2024,2025-05-22,26,2025-06-17,,
SNTS,2024,2025-05-22,27,2025-06-18,,
SNTS,2024,2025-05-22,28,2025-06-19,,
SNTS,2024,2025-05-22,29,2025-06-20,,
SNTS,2024,2025-05-22,30,2025-06-21,,
SNTS,2024,2025-05-22,31,2025-06-22,,
SNTS,2024,2025-05-22,32,2025-06-23,,
SNTS,2024,2025-05-22,33,2025-06-24,,
SNTS,2024,2025-05-22,34,2025-06-25,,
SNTS,2024,2025-05-22,35,2025-06-26,,
SNTS,2024,2025-05-22,36,2025-06-27,,
SNTS,2024,2025-05-22,37,2025-06-28,,
SNTS,2024,2025-05-22,38,2025-06-29,,
SNTS,2024,2025-05-22,39,2025-06-30,,
SNTS,2024,2025-05-22,40,2025-07-01,,
SNTS,2024,2025-05-22,41,2025-07-02,,
SNTS,2024,2025-05-22,42,2025-07-03,,
SNTS,2024,2025-05-22,43,2025-07-04,,
SNTS,2024,2025-05-22,44,2025-07-05,,
SNTS,2024,2025-05-22,45,2025-07-06,,
SNTS,2024,2025-05-22,46,2025-07-07,,
SNTS,2024,2025-05-22,47,2025-07-08,,
SNTS,2024,2025-05-22,48,2025-07-09,,
SNTS,2024,2025-05-22,49,2025-07-10,,
SNTS,2024,2025-05-22,50,2025-07-11,,
SNTS,2024,2025-05-22,51,2025-07-12,,
SNTS,2024,2025-05-22,52,2025-07-13,,
SNTS,2024,2025-05-22,53,2025-07-14,,
SNTS,2024,2025-05-22,54,2025-07-15,,
SNTS,2024,2025-05-22,55,2025-07-16,,
SNTS,2024,2025-05-22,56,2025-07-17,,
SNTS,2024,2025-05-22,57,2025-07-18,,
SNTS,2024,2025-05-22,58,2025-07-19,,
SNTS,2024,2025-05-22,59,2025-07-20,,
SNTS,2024,2025-05-22,60,2025-07-21,,
SNTS,2025,2026-05-25,-60,2026-03-26,28425.0,1233
SNTS,2025,2026-05-25,-59,2026-03-27,28425.0,1233
SNTS,2025,2026-05-25,-58,2026-03-28,28400.0,7988
SNTS,2025,2026-05-25,-57,2026-03-29,28400.0,7988
SNTS,2025,2026-05-25,-56,2026-03-30,28400.0,7988
SNTS,2025,2026-05-25,-55,2026-03-31,28425.0,4872
SNTS,2025,2026-05-25,-54,2026-04-01,29000.0,3397
SNTS,2025,2026-05-25,-53,2026-04-02,28900.0,2101
SNTS,2025,2026-05-25,-52,2026-04-03,28900.0,2101
SNTS,2025,2026-05-25,-51,2026-04-04,29000.0,526
SNTS,2025,2026-05-25,-50,2026-04-05,29000.0,526
SNTS,2025,2026-05-25,-49,2026-04-06,29000.0,526
SNTS,2025,2026-05-25,-48,2026-04-07,29000.0,2263
SNTS,2025,2026-05-25,-47,2026-04-08,29000.0,2263
SNTS,2025,2026-05-25,-46,2026-04-09,28800.0,8598
SNTS,2025,2026-05-25,-45,2026-04-10,28795.0,3476
SNTS,2025,2026-05-25,-44,2026-04-11,28800.0,49298
SNTS,2025,2026-05-25,-43,2026-04-12,28800.0,49298
SNTS,2025,2026-05-25,-42,2026-04-13,28800.0,2934
SNTS,2025,2026-05-25,-41,2026-04-14,28800.0,2934
SNTS,2025,2026-05-25,-40,2026-04-15,28000.0,57899
SNTS,2025,2026-05-25,-39,2026-04-16,28500.0,19792
SNTS,2025,2026-05-25,-38,2026-04-17,27500.0,6225
SNTS,2025,2026-05-25,-37,2026-04-18,28495.0,1367
SNTS,2025,2026-05-25,-36,2026-04-19,28495.0,1367
SNTS,2025,2026-05-25,-35,2026-04-20,28495.0,1367
SNTS,2025,2026-05-25,-34,2026-04-21,28400.0,2611
SNTS,2025,2026-05-25,-33,2026-04-22,28500.0,8984
SNTS,2025,2026-05-25,-32,2026-04-23,28500.0,14307
SNTS,2025,2026-05-25,-31,2026-04-24,28500.0,4421
SNTS,2025,2026-05-25,-30,2026-04-25,28500.0,2367
SNTS,2025,2026-05-25,-29,2026-04-26,28500.0,2367
SNTS,2025,2026-05-25,-28,2026-04-27,28500.0,2367
SNTS,2025,2026-05-25,-27,2026-04-28,28500.0,6725
SNTS,2025,2026-05-25,-26,2026-04-29,28400.0,6428
SNTS,2025,2026-05-25,-25,2026-04-30,28700.0,12315
SNTS,2025,2026-05-25,-24,2026-05-01,28700.0,5534
SNTS,2025,2026-05-25,-23,2026-05-02,28700.0,5534
SNTS,2025,2026-05-25,-22,2026-05-03,28700.0,5534
SNTS,2025,2026-05-25,-21,2026-05-04,28700.0,5534
SNTS,2025,2026-05-25,-20,2026-05-05,28900.0,11179
SNTS,2025,2026-05-25,-19,2026-05-06,28900.0,7458
SNTS,2025,2026-05-25,-18,2026-05-07,28900.0,9322
SNTS,2025,2026-05-25,-17,2026-05-08,28900.0,9737
SNTS,2025,2026-05-25,-16,2026-05-09,28900.0,3362
SNTS,2025,2026-05-25,-15,2026-05-10,28900.0,3362
SNTS,2025,2026-05-25,-14,2026-05-11,28900.0,3362
SNTS,2025,2026-05-25,-13,2026-05-12,29000.0,16538
SNTS,2025,2026-05-25,-12,2026-05-13,28910.0,12483
SNTS,2025,2026-05-25,-11,2026-05-14,28950.0,5261
SNTS,2025,2026-05-25,-10,2026-05-15,28950.0,5261
SNTS,2025,2026-05-25,-9,2026-05-16,28900.0,19775
SNTS,2025,2026-05-25,-8,2026-05-17,28900.0,19775
SNTS,2025,2026-05-25,-7,2026-05-18,28900.0,0
SNTS,2025,2026-05-25,-6,2026-05-19,28800.0,14844
SNTS,2025,2026-05-25,-5,2026-05-20,29000.0,8403
SNTS,2025,2026-05-25,-4,2026-05-21,28850.0,9571
SNTS,2025,2026-05-25,-3,2026-05-22,28900.0,8016
SNTS,2025,2026-05-25,-2,2026-05-23,28500.0,2514
SNTS,2025,2026-05-25,-1,2026-05-24,28500.0,2514
SNTS,2025,2026-05-25,0,2026-05-25,28500.0,2514
SNTS,2025,2026-05-25,1,2026-05-26,28450.0,1415
SNTS,2025,2026-05-25,2,2026-05-27,28450.0,1415
SNTS,2025,2026-05-25,3,2026-05-28,28450.0,0
SNTS,2025,2026-05-25,4,2026-05-29,28200.0,0
SNTS,2025,2026-05-25,5,2026-05-30,28450.0,7613
SNTS,2025,2026-05-25,6,2026-05-31,28450.0,7613
SNTS,2025,2026-05-25,7,2026-06-01,28450.0,2130
SNTS,2025,2026-05-25,8,2026-06-02,28400.0,1055
SNTS,2025,2026-05-25,9,2026-06-03,,
SNTS,2025,2026-05-25,10,2026-06-04,29490.0,2830
SNTS,2025,2026-05-25,11,2026-06-05,29490.0,2830
SNTS,2025,2026-05-25,12,2026-06-06,28500.0,11752
SNTS,2025,2026-05-25,13,2026-06-07,28500.0,11752
SNTS,2025,2026-05-25,14,2026-06-08,28510.0,282
SNTS,2025,2026-05-25,15,2026-06-09,28500.0,4966
SNTS,2025,2026-05-25,16,2026-06-10,28420.0,0
SNTS,2025,2026-05-25,17,2026-06-11,28250.0,0
SNTS,2025,2026-05-25,18,2026-06-12,28400.0,0
SNTS,2025,2026-05-25,19,2026-06-13,28400.0,5490
SNTS,2025,2026-05-25,20,2026-06-14,28400.0,5490
SNTS,2025,2026-05-25,21,2026-06-15,28500.0,703
SNTS,2025,2026-05-25,22,2026-06-16,28400.0,1527
SNTS,2025,2026-05-25,23,2026-06-17,28205.0,7492
SNTS,2025,2026-05-25,24,2026-06-18,28170.0,946
SNTS,2025,2026-05-25,25,2026-06-19,28185.0,449
SNTS,2025,2026-05-25,26,2026-06-20,28150.0,21619
SNTS,2025,2026-05-25,27,2026-06-21,28150.0,21619
SNTS,2025,2026-05-25,28,2026-06-22,28400.0,849
SNTS,2025,2026-05-25,29,2026-06-23,28450.0,2392
SNTS,2025,2026-05-25,30,2026-06-24,28505.0,4703
SNTS,2025,2026-05-25,31,2026-06-25,28515.0,6582
SNTS,2025,2026-05-25,32,2026-06-26,28600.0,1483
SNTS,2025,2026-05-25,33,2026-06-27,29000.0,1441
SNTS,2025,2026-05-25,34,2026-06-28,29000.0,1441
SNTS,2025,2026-05-25,35,2026-06-29,28995.0,323
SNTS,2025,2026-05-25,36,2026-06-30,28300.0,7093
SNTS,2025,2026-05-25,37,2026-07-01,28500.0,1891
SNTS,2025,2026-05-25,38,2026-07-02,29300.0,1736
SNTS,2025,2026-05-25,39,2026-07-03,29495.0,2523
SNTS,2025,2026-05-25,40,2026-07-04,29500.0,3155
SNTS,2025,2026-05-25,41,2026-07-05,29500.0,3155
SNTS,2025,2026-05-25,42,2026-07-06,29500.0,0
SNTS,2025,2026-05-25,43,2026-07-07,29500.0,0
SNTS,2025,2026-05-25,44,2026-07-08,29900.0,2772
SNTS,2025,2026-05-25,45,2026-07-09,31000.0,14206
SNTS,2025,2026-05-25,46,2026-07-10,31000.0,14206
SNTS,2025,2026-05-25,47,2026-07-11,30900.0,1744
SNTS,2025,2026-05-25,48,2026-07-12,30900.0,1744
SNTS,2025,2026-05-25,49,2026-07-13,30900.0,1744
SNTS,2025,2026-05-25,50,2026-07-14,30900.0,6174
SNTS,2025,2026-05-25,51,2026-07-15,31505.0,49192
SNTS,2025,2026-05-25,52,2026-07-16,32500.0,35123
SNTS,2025,2026-05-25,53,2026-07-17,32000.0,3283
SNTS,2025,2026-05-25,54,2026-07-18,32000.0,1944
SNTS,2025,2026-05-25,55,2026-07-19,,
SNTS,2025,2026-05-25,56,2026-07-20,,
SNTS,2025,2026-05-25,57,2026-07-21,,
SNTS,2025,2026-05-25,58,2026-07-22,,
SNTS,2025,2026-05-25,59,2026-07-23,,
SNTS,2025,2026-05-25,60,2026-07-24,,
SOGC,2021,2022-07-21,-60,2022-05-22,,
SOGC,2021,2022-07-21,-59,2022-05-23,6600.0,3007
SOGC,2021,2022-07-21,-58,2022-05-24,6590.0,794
SOGC,2021,2022-07-21,-57,2022-05-25,6560.0,861
SOGC,2021,2022-07-21,-56,2022-05-26,,
SOGC,2021,2022-07-21,-55,2022-05-27,6590.0,1932
SOGC,2021,2022-07-21,-54,2022-05-28,,
SOGC,2021,2022-07-21,-53,2022-05-29,,
SOGC,2021,2022-07-21,-52,2022-05-30,6590.0,845
SOGC,2021,2022-07-21,-51,2022-05-31,6590.0,724
SOGC,2021,2022-07-21,-50,2022-06-01,6590.0,1698
SOGC,2021,2022-07-21,-49,2022-06-02,6600.0,1245
SOGC,2021,2022-07-21,-48,2022-06-03,6590.0,310
SOGC,2021,2022-07-21,-47,2022-06-04,,
SOGC,2021,2022-07-21,-46,2022-06-05,,
SOGC,2021,2022-07-21,-45,2022-06-06,,
SOGC,2021,2022-07-21,-44,2022-06-07,6500.0,254
SOGC,2021,2022-07-21,-43,2022-06-08,6500.0,698
SOGC,2021,2022-07-21,-42,2022-06-09,6500.0,10698
SOGC,2021,2022-07-21,-41,2022-06-10,6500.0,198
SOGC,2021,2022-07-21,-40,2022-06-11,,
SOGC,2021,2022-07-21,-39,2022-06-12,,
SOGC,2021,2022-07-21,-38,2022-06-13,6600.0,69
SOGC,2021,2022-07-21,-37,2022-06-14,6500.0,453
SOGC,2021,2022-07-21,-36,2022-06-15,6500.0,1807
SOGC,2021,2022-07-21,-35,2022-06-16,6505.0,2257
SOGC,2021,2022-07-21,-34,2022-06-17,6600.0,3220
SOGC,2021,2022-07-21,-33,2022-06-18,,
SOGC,2021,2022-07-21,-32,2022-06-19,,
SOGC,2021,2022-07-21,-31,2022-06-20,6550.0,67
SOGC,2021,2022-07-21,-30,2022-06-21,6590.0,227
SOGC,2021,2022-07-21,-29,2022-06-22,6600.0,582
SOGC,2021,2022-07-21,-28,2022-06-23,6500.0,445
SOGC,2021,2022-07-21,-27,2022-06-24,6595.0,1029
SOGC,2021,2022-07-21,-26,2022-06-25,,
SOGC,2021,2022-07-21,-25,2022-06-26,,
SOGC,2021,2022-07-21,-24,2022-06-27,6500.0,400
SOGC,2021,2022-07-21,-23,2022-06-28,6600.0,608
SOGC,2021,2022-07-21,-22,2022-06-29,6500.0,518
SOGC,2021,2022-07-21,-21,2022-06-30,6505.0,1256
SOGC,2021,2022-07-21,-20,2022-07-01,6500.0,38
SOGC,2021,2022-07-21,-19,2022-07-02,,
SOGC,2021,2022-07-21,-18,2022-07-03,,
SOGC,2021,2022-07-21,-17,2022-07-04,6500.0,536
SOGC,2021,2022-07-21,-16,2022-07-05,6450.0,1127
SOGC,2021,2022-07-21,-15,2022-07-06,6490.0,169
SOGC,2021,2022-07-21,-14,2022-07-07,6450.0,333
SOGC,2021,2022-07-21,-13,2022-07-08,6450.0,546
SOGC,2021,2022-07-21,-12,2022-07-09,,
SOGC,2021,2022-07-21,-11,2022-07-10,,
SOGC,2021,2022-07-21,-10,2022-07-11,6450.0,312
SOGC,2021,2022-07-21,-9,2022-07-12,6490.0,16
SOGC,2021,2022-07-21,-8,2022-07-13,6500.0,1810
SOGC,2021,2022-07-21,-7,2022-07-14,6460.0,1367
SOGC,2021,2022-07-21,-6,2022-07-15,6450.0,905
SOGC,2021,2022-07-21,-5,2022-07-16,,
SOGC,2021,2022-07-21,-4,2022-07-17,,
SOGC,2021,2022-07-21,-3,2022-07-18,6500.0,737
SOGC,2021,2022-07-21,-2,2022-07-19,6300.0,80
SOGC,2021,2022-07-21,-1,2022-07-20,6300.0,613
SOGC,2021,2022-07-21,0,2022-07-21,6270.0,177
SOGC,2021,2022-07-21,1,2022-07-22,6100.0,1053
SOGC,2021,2022-07-21,2,2022-07-23,,
SOGC,2021,2022-07-21,3,2022-07-24,,
SOGC,2021,2022-07-21,4,2022-07-25,6000.0,2440
SOGC,2021,2022-07-21,5,2022-07-26,6000.0,2125
SOGC,2021,2022-07-21,6,2022-07-27,6100.0,2587
SOGC,2021,2022-07-21,7,2022-07-28,5910.0,271
SOGC,2021,2022-07-21,8,2022-07-29,5915.0,419
SOGC,2021,2022-07-21,9,2022-07-30,,
SOGC,2021,2022-07-21,10,2022-07-31,,
SOGC,2021,2022-07-21,11,2022-08-01,6000.0,273
SOGC,2021,2022-07-21,12,2022-08-02,6000.0,317
SOGC,2021,2022-07-21,13,2022-08-03,6000.0,1025
SOGC,2021,2022-07-21,14,2022-08-04,5955.0,269
SOGC,2021,2022-07-21,15,2022-08-05,5955.0,4152
SOGC,2021,2022-07-21,16,2022-08-06,,
SOGC,2021,2022-07-21,17,2022-08-07,,
SOGC,2021,2022-07-21,18,2022-08-08,,
SOGC,2021,2022-07-21,19,2022-08-09,5910.0,624
SOGC,2021,2022-07-21,20,2022-08-10,6000.0,181
SOGC,2021,2022-07-21,21,2022-08-11,5955.0,818
SOGC,2021,2022-07-21,22,2022-08-12,6000.0,924
SOGC,2021,2022-07-21,23,2022-08-13,,
SOGC,2021,2022-07-21,24,2022-08-14,,
SOGC,2021,2022-07-21,25,2022-08-15,,
SOGC,2021,2022-07-21,26,2022-08-16,6000.0,1105
SOGC,2021,2022-07-21,27,2022-08-17,5955.0,977
SOGC,2021,2022-07-21,28,2022-08-18,5955.0,512
SOGC,2021,2022-07-21,29,2022-08-19,5990.0,444
SOGC,2021,2022-07-21,30,2022-08-20,,
SOGC,2021,2022-07-21,31,2022-08-21,,
SOGC,2021,2022-07-21,32,2022-08-22,5920.0,829
SOGC,2021,2022-07-21,33,2022-08-23,5995.0,441
SOGC,2021,2022-07-21,34,2022-08-24,5930.0,252
SOGC,2021,2022-07-21,35,2022-08-25,6000.0,94
SOGC,2021,2022-07-21,36,2022-08-26,5980.0,153
SOGC,2021,2022-07-21,37,2022-08-27,,
SOGC,2021,2022-07-21,38,2022-08-28,,
SOGC,2021,2022-07-21,39,2022-08-29,5950.0,189
SOGC,2021,2022-07-21,40,2022-08-30,5950.0,826
SOGC,2021,2022-07-21,41,2022-08-31,5915.0,1368
SOGC,2021,2022-07-21,42,2022-09-01,5900.0,442
SOGC,2021,2022-07-21,43,2022-09-02,5865.0,1160
SOGC,2021,2022-07-21,44,2022-09-03,,
SOGC,2021,2022-07-21,45,2022-09-04,,
SOGC,2021,2022-07-21,46,2022-09-05,5600.0,1024
SOGC,2021,2022-07-21,47,2022-09-06,5490.0,1582
SOGC,2021,2022-07-21,48,2022-09-07,5490.0,390
SOGC,2021,2022-07-21,49,2022-09-08,5700.0,1683
SOGC,2021,2022-07-21,50,2022-09-09,5700.0,147
SOGC,2021,2022-07-21,51,2022-09-10,,
SOGC,2021,2022-07-21,52,2022-09-11,,
SOGC,2021,2022-07-21,53,2022-09-12,5800.0,209
SOGC,2021,2022-07-21,54,2022-09-13,5900.0,953
SOGC,2021,2022-07-21,55,2022-09-14,5945.0,982
SOGC,2021,2022-07-21,56,2022-09-15,5945.0,301
SOGC,2021,2022-07-21,57,2022-09-16,6000.0,7616
SOGC,2021,2022-07-21,58,2022-09-17,,
SOGC,2021,2022-07-21,59,2022-09-18,,
SOGC,2021,2022-07-21,60,2022-09-19,5990.0,1136
SOGC,2022,2023-07-17,-60,2023-05-18,,
SOGC,2022,2023-07-17,-59,2023-05-19,4700.0,542
SOGC,2022,2023-07-17,-58,2023-05-20,,
SOGC,2022,2023-07-17,-57,2023-05-21,,
SOGC,2022,2023-07-17,-56,2023-05-22,4700.0,5611
SOGC,2022,2023-07-17,-55,2023-05-23,4700.0,3237
SOGC,2022,2023-07-17,-54,2023-05-24,5000.0,3916
SOGC,2022,2023-07-17,-53,2023-05-25,5000.0,360
SOGC,2022,2023-07-17,-52,2023-05-26,4945.0,1244
SOGC,2022,2023-07-17,-51,2023-05-27,,
SOGC,2022,2023-07-17,-50,2023-05-28,,
SOGC,2022,2023-07-17,-49,2023-05-29,,
SOGC,2022,2023-07-17,-48,2023-05-30,5280.0,46857
SOGC,2022,2023-07-17,-47,2023-05-31,5270.0,975
SOGC,2022,2023-07-17,-46,2023-06-01,5265.0,752
SOGC,2022,2023-07-17,-45,2023-06-02,5245.0,258
SOGC,2022,2023-07-17,-44,2023-06-03,,
SOGC,2022,2023-07-17,-43,2023-06-04,,
SOGC,2022,2023-07-17,-42,2023-06-05,5010.0,637
SOGC,2022,2023-07-17,-41,2023-06-06,5000.0,1144
SOGC,2022,2023-07-17,-40,2023-06-07,4800.0,2576
SOGC,2022,2023-07-17,-39,2023-06-08,4995.0,315
SOGC,2022,2023-07-17,-38,2023-06-09,4900.0,922
SOGC,2022,2023-07-17,-37,2023-06-10,,
SOGC,2022,2023-07-17,-36,2023-06-11,,
SOGC,2022,2023-07-17,-35,2023-06-12,4890.0,13024
SOGC,2022,2023-07-17,-34,2023-06-13,4850.0,150
SOGC,2022,2023-07-17,-33,2023-06-14,4850.0,144
SOGC,2022,2023-07-17,-32,2023-06-15,4850.0,602
SOGC,2022,2023-07-17,-31,2023-06-16,4830.0,110
SOGC,2022,2023-07-17,-30,2023-06-17,,
SOGC,2022,2023-07-17,-29,2023-06-18,,
SOGC,2022,2023-07-17,-28,2023-06-19,4800.0,1775
SOGC,2022,2023-07-17,-27,2023-06-20,4830.0,1045
SOGC,2022,2023-07-17,-26,2023-06-21,4800.0,500
SOGC,2022,2023-07-17,-25,2023-06-22,4795.0,123
SOGC,2022,2023-07-17,-24,2023-06-23,4795.0,1965
SOGC,2022,2023-07-17,-23,2023-06-24,,
SOGC,2022,2023-07-17,-22,2023-06-25,,
SOGC,2022,2023-07-17,-21,2023-06-26,4795.0,299
SOGC,2022,2023-07-17,-20,2023-06-27,4800.0,1387
SOGC,2022,2023-07-17,-19,2023-06-28,,
SOGC,2022,2023-07-17,-18,2023-06-29,4795.0,220
SOGC,2022,2023-07-17,-17,2023-06-30,4800.0,491
SOGC,2022,2023-07-17,-16,2023-07-01,,
SOGC,2022,2023-07-17,-15,2023-07-02,,
SOGC,2022,2023-07-17,-14,2023-07-03,4780.0,659
SOGC,2022,2023-07-17,-13,2023-07-04,4780.0,6399
SOGC,2022,2023-07-17,-12,2023-07-05,4775.0,7760
SOGC,2022,2023-07-17,-11,2023-07-06,4740.0,7292
SOGC,2022,2023-07-17,-10,2023-07-07,4730.0,9928
SOGC,2022,2023-07-17,-9,2023-07-08,,
SOGC,2022,2023-07-17,-8,2023-07-09,,
SOGC,2022,2023-07-17,-7,2023-07-10,4730.0,3419
SOGC,2022,2023-07-17,-6,2023-07-11,4700.0,18702
SOGC,2022,2023-07-17,-5,2023-07-12,4350.0,22638
SOGC,2022,2023-07-17,-4,2023-07-13,4075.0,2872
SOGC,2022,2023-07-17,-3,2023-07-14,4250.0,1970
SOGC,2022,2023-07-17,-2,2023-07-15,,
SOGC,2022,2023-07-17,-1,2023-07-16,,
SOGC,2022,2023-07-17,0,2023-07-17,4245.0,553
SOGC,2022,2023-07-17,1,2023-07-18,4205.0,666
SOGC,2022,2023-07-17,2,2023-07-19,4150.0,1203
SOGC,2022,2023-07-17,3,2023-07-20,4100.0,1481
SOGC,2022,2023-07-17,4,2023-07-21,4195.0,6781
SOGC,2022,2023-07-17,5,2023-07-22,,
SOGC,2022,2023-07-17,6,2023-07-23,,
SOGC,2022,2023-07-17,7,2023-07-24,4075.0,2035
SOGC,2022,2023-07-17,8,2023-07-25,4075.0,1402
SOGC,2022,2023-07-17,9,2023-07-26,3995.0,951
SOGC,2022,2023-07-17,10,2023-07-27,3935.0,1304
SOGC,2022,2023-07-17,11,2023-07-28,3895.0,1706
SOGC,2022,2023-07-17,12,2023-07-29,,
SOGC,2022,2023-07-17,13,2023-07-30,,
SOGC,2022,2023-07-17,14,2023-07-31,3890.0,4204
SOGC,2022,2023-07-17,15,2023-08-01,3800.0,2450
SOGC,2022,2023-07-17,16,2023-08-02,3600.0,1142
SOGC,2022,2023-07-17,17,2023-08-03,3825.0,3755
SOGC,2022,2023-07-17,18,2023-08-04,3800.0,1228
SOGC,2022,2023-07-17,19,2023-08-05,,
SOGC,2022,2023-07-17,20,2023-08-06,,
SOGC,2022,2023-07-17,21,2023-08-07,,
SOGC,2022,2023-07-17,22,2023-08-08,3825.0,360
SOGC,2022,2023-07-17,23,2023-08-09,3825.0,1327
SOGC,2022,2023-07-17,24,2023-08-10,3800.0,1597
SOGC,2022,2023-07-17,25,2023-08-11,3760.0,683
SOGC,2022,2023-07-17,26,2023-08-12,,
SOGC,2022,2023-07-17,27,2023-08-13,,
SOGC,2022,2023-07-17,28,2023-08-14,3780.0,818
SOGC,2022,2023-07-17,29,2023-08-15,,
SOGC,2022,2023-07-17,30,2023-08-16,3780.0,280
SOGC,2022,2023-07-17,31,2023-08-17,3890.0,7273
SOGC,2022,2023-07-17,32,2023-08-18,3805.0,8481
SOGC,2022,2023-07-17,33,2023-08-19,,
SOGC,2022,2023-07-17,34,2023-08-20,,
SOGC,2022,2023-07-17,35,2023-08-21,3870.0,3089
SOGC,2022,2023-07-17,36,2023-08-22,3995.0,465
SOGC,2022,2023-07-17,37,2023-08-23,3995.0,26
SOGC,2022,2023-07-17,38,2023-08-24,3985.0,2625
SOGC,2022,2023-07-17,39,2023-08-25,3985.0,155
SOGC,2022,2023-07-17,40,2023-08-26,,
SOGC,2022,2023-07-17,41,2023-08-27,,
SOGC,2022,2023-07-17,42,2023-08-28,3985.0,2542
SOGC,2022,2023-07-17,43,2023-08-29,3870.0,2199
SOGC,2022,2023-07-17,44,2023-08-30,3870.0,1195
SOGC,2022,2023-07-17,45,2023-08-31,3870.0,214
SOGC,2022,2023-07-17,46,2023-09-01,3800.0,553
SOGC,2022,2023-07-17,47,2023-09-02,,
SOGC,2022,2023-07-17,48,2023-09-03,,
SOGC,2022,2023-07-17,49,2023-09-04,3750.0,96
SOGC,2022,2023-07-17,50,2023-09-05,3735.0,166
SOGC,2022,2023-07-17,51,2023-09-06,3730.0,471
SOGC,2022,2023-07-17,52,2023-09-07,3800.0,4844
SOGC,2022,2023-07-17,53,2023-09-08,3795.0,408
SOGC,2022,2023-07-17,54,2023-09-09,,
SOGC,2022,2023-07-17,55,2023-09-10,,
SOGC,2022,2023-07-17,56,2023-09-11,3725.0,2991
SOGC,2022,2023-07-17,57,2023-09-12,3690.0,2357
SOGC,2022,2023-07-17,58,2023-09-13,3670.0,403
SOGC,2022,2023-07-17,59,2023-09-14,3730.0,2465
SOGC,2022,2023-07-17,60,2023-09-15,3700.0,2521
SOGC,2023,2024-08-06,-60,2024-06-07,3395.0,5714
SOGC,2023,2024-08-06,-59,2024-06-08,,
SOGC,2023,2024-08-06,-58,2024-06-09,,
SOGC,2023,2024-08-06,-57,2024-06-10,3600.0,709
SOGC,2023,2024-08-06,-56,2024-06-11,3585.0,291
SOGC,2023,2024-08-06,-55,2024-06-12,3350.0,5513
SOGC,2023,2024-08-06,-54,2024-06-13,3580.0,12211
SOGC,2023,2024-08-06,-53,2024-06-14,3580.0,62
SOGC,2023,2024-08-06,-52,2024-06-15,,
SOGC,2023,2024-08-06,-51,2024-06-16,,
SOGC,2023,2024-08-06,-50,2024-06-17,,
SOGC,2023,2024-08-06,-49,2024-06-18,3500.0,1811
SOGC,2023,2024-08-06,-48,2024-06-19,3500.0,472
SOGC,2023,2024-08-06,-47,2024-06-20,3745.0,248
SOGC,2023,2024-08-06,-46,2024-06-21,3725.0,87
SOGC,2023,2024-08-06,-45,2024-06-22,,
SOGC,2023,2024-08-06,-44,2024-06-23,,
SOGC,2023,2024-08-06,-43,2024-06-24,3725.0,647
SOGC,2023,2024-08-06,-42,2024-06-25,3700.0,4066
SOGC,2023,2024-08-06,-41,2024-06-26,3650.0,2633
SOGC,2023,2024-08-06,-40,2024-06-27,3600.0,1330
SOGC,2023,2024-08-06,-39,2024-06-28,3725.0,943
SOGC,2023,2024-08-06,-38,2024-06-29,,
SOGC,2023,2024-08-06,-37,2024-06-30,,
SOGC,2023,2024-08-06,-36,2024-07-01,3600.0,1558
SOGC,2023,2024-08-06,-35,2024-07-02,3600.0,796
SOGC,2023,2024-08-06,-34,2024-07-03,3700.0,189
SOGC,2023,2024-08-06,-33,2024-07-04,3700.0,144
SOGC,2023,2024-08-06,-32,2024-07-05,3700.0,556
SOGC,2023,2024-08-06,-31,2024-07-06,,
SOGC,2023,2024-08-06,-30,2024-07-07,,
SOGC,2023,2024-08-06,-29,2024-07-08,3750.0,4857
SOGC,2023,2024-08-06,-28,2024-07-09,3875.0,5734
SOGC,2023,2024-08-06,-27,2024-07-10,3875.0,3261
SOGC,2023,2024-08-06,-26,2024-07-11,3885.0,770
SOGC,2023,2024-08-06,-25,2024-07-12,3870.0,29
SOGC,2023,2024-08-06,-24,2024-07-13,,
SOGC,2023,2024-08-06,-23,2024-07-14,,
SOGC,2023,2024-08-06,-22,2024-07-15,3875.0,341
SOGC,2023,2024-08-06,-21,2024-07-16,3785.0,1160
SOGC,2023,2024-08-06,-20,2024-07-17,3785.0,183
SOGC,2023,2024-08-06,-19,2024-07-18,3790.0,843
SOGC,2023,2024-08-06,-18,2024-07-19,3790.0,1373
SOGC,2023,2024-08-06,-17,2024-07-20,,
SOGC,2023,2024-08-06,-16,2024-07-21,,
SOGC,2023,2024-08-06,-15,2024-07-22,3800.0,442
SOGC,2023,2024-08-06,-14,2024-07-23,3800.0,985
SOGC,2023,2024-08-06,-13,2024-07-24,3860.0,1197
SOGC,2023,2024-08-06,-12,2024-07-25,3860.0,177
SOGC,2023,2024-08-06,-11,2024-07-26,3875.0,1899
SOGC,2023,2024-08-06,-10,2024-07-27,,
SOGC,2023,2024-08-06,-9,2024-07-28,,
SOGC,2023,2024-08-06,-8,2024-07-29,3850.0,1231
SOGC,2023,2024-08-06,-7,2024-07-30,3885.0,1263
SOGC,2023,2024-08-06,-6,2024-07-31,3995.0,1855
SOGC,2023,2024-08-06,-5,2024-08-01,3990.0,185
SOGC,2023,2024-08-06,-4,2024-08-02,3850.0,2123
SOGC,2023,2024-08-06,-3,2024-08-03,,
SOGC,2023,2024-08-06,-2,2024-08-04,,
SOGC,2023,2024-08-06,-1,2024-08-05,3930.0,1104
SOGC,2023,2024-08-06,0,2024-08-06,3900.0,165
SOGC,2023,2024-08-06,1,2024-08-07,,
SOGC,2023,2024-08-06,2,2024-08-08,3850.0,1255
SOGC,2023,2024-08-06,3,2024-08-09,3895.0,610
SOGC,2023,2024-08-06,4,2024-08-10,,
SOGC,2023,2024-08-06,5,2024-08-11,,
SOGC,2023,2024-08-06,6,2024-08-12,3900.0,998
SOGC,2023,2024-08-06,7,2024-08-13,3895.0,2051
SOGC,2023,2024-08-06,8,2024-08-14,3860.0,1571
SOGC,2023,2024-08-06,9,2024-08-15,,
SOGC,2023,2024-08-06,10,2024-08-16,3800.0,767
SOGC,2023,2024-08-06,11,2024-08-17,,
SOGC,2023,2024-08-06,12,2024-08-18,,
SOGC,2023,2024-08-06,13,2024-08-19,3860.0,1726
SOGC,2023,2024-08-06,14,2024-08-20,3850.0,227
SOGC,2023,2024-08-06,15,2024-08-21,3860.0,485
SOGC,2023,2024-08-06,16,2024-08-22,3900.0,3104
SOGC,2023,2024-08-06,17,2024-08-23,3860.0,1620
SOGC,2023,2024-08-06,18,2024-08-24,,
SOGC,2023,2024-08-06,19,2024-08-25,,
SOGC,2023,2024-08-06,20,2024-08-26,3895.0,3170
SOGC,2023,2024-08-06,21,2024-08-27,3900.0,849
SOGC,2023,2024-08-06,22,2024-08-28,3900.0,687
SOGC,2023,2024-08-06,23,2024-08-29,3710.0,1814
SOGC,2023,2024-08-06,24,2024-08-30,,
SOGC,2023,2024-08-06,25,2024-08-31,,
SOGC,2023,2024-08-06,26,2024-09-01,,
SOGC,2023,2024-08-06,27,2024-09-02,3800.0,3461
SOGC,2023,2024-08-06,28,2024-09-03,3795.0,179
SOGC,2023,2024-08-06,29,2024-09-04,3990.0,2744
SOGC,2023,2024-08-06,30,2024-09-05,3985.0,369
SOGC,2023,2024-08-06,31,2024-09-06,3980.0,33
SOGC,2023,2024-08-06,32,2024-09-07,,
SOGC,2023,2024-08-06,33,2024-09-08,,
SOGC,2023,2024-08-06,34,2024-09-09,3900.0,246
SOGC,2023,2024-08-06,35,2024-09-10,3990.0,21026
SOGC,2023,2024-08-06,36,2024-09-11,3990.0,539
SOGC,2023,2024-08-06,37,2024-09-12,3985.0,103
SOGC,2023,2024-08-06,38,2024-09-13,3980.0,2789
SOGC,2023,2024-08-06,39,2024-09-14,,
SOGC,2023,2024-08-06,40,2024-09-15,,
SOGC,2023,2024-08-06,41,2024-09-16,3970.0,63
SOGC,2023,2024-08-06,42,2024-09-17,3970.0,27
SOGC,2023,2024-08-06,43,2024-09-18,3970.0,1389
SOGC,2023,2024-08-06,44,2024-09-19,3975.0,505
SOGC,2023,2024-08-06,45,2024-09-20,3960.0,317
SOGC,2023,2024-08-06,46,2024-09-21,,
SOGC,2023,2024-08-06,47,2024-09-22,,
SOGC,2023,2024-08-06,48,2024-09-23,3960.0,165
SOGC,2023,2024-08-06,49,2024-09-24,3940.0,153
SOGC,2023,2024-08-06,50,2024-09-25,3940.0,0
SOGC,2023,2024-08-06,51,2024-09-26,3900.0,3079
SOGC,2023,2024-08-06,52,2024-09-27,3920.0,167
SOGC,2023,2024-08-06,53,2024-09-28,,
SOGC,2023,2024-08-06,54,2024-09-29,,
SOGC,2023,2024-08-06,55,2024-09-30,3935.0,131
SOGC,2023,2024-08-06,56,2024-10-01,3940.0,949
SOGC,2023,2024-08-06,57,2024-10-02,3940.0,975
SOGC,2023,2024-08-06,58,2024-10-03,3960.0,18
SOGC,2023,2024-08-06,59,2024-10-04,3800.0,4421
SOGC,2023,2024-08-06,60,2024-10-05,,
SOGC,2024,2025-07-15,-60,2025-05-16,6850.0,6593
SOGC,2024,2025-07-15,-59,2025-05-17,,
SOGC,2024,2025-07-15,-58,2025-05-18,,
SOGC,2024,2025-07-15,-57,2025-05-19,6985.0,1149
SOGC,2024,2025-07-15,-56,2025-05-20,6985.0,4054
SOGC,2024,2025-07-15,-55,2025-05-21,6905.0,4786
SOGC,2024,2025-07-15,-54,2025-05-22,6990.0,5559
SOGC,2024,2025-07-15,-53,2025-05-23,6900.0,9317
SOGC,2024,2025-07-15,-52,2025-05-24,,
SOGC,2024,2025-07-15,-51,2025-05-25,,
SOGC,2024,2025-07-15,-50,2025-05-26,7005.0,6613
SOGC,2024,2025-07-15,-49,2025-05-27,7250.0,8805
SOGC,2024,2025-07-15,-48,2025-05-28,7150.0,4057
SOGC,2024,2025-07-15,-47,2025-05-29,,
SOGC,2024,2025-07-15,-46,2025-05-30,7200.0,4623
SOGC,2024,2025-07-15,-45,2025-05-31,,
SOGC,2024,2025-07-15,-44,2025-06-01,,
SOGC,2024,2025-07-15,-43,2025-06-02,7180.0,818
SOGC,2024,2025-07-15,-42,2025-06-03,7200.0,4074
SOGC,2024,2025-07-15,-41,2025-06-04,7200.0,14515
SOGC,2024,2025-07-15,-40,2025-06-05,7200.0,3693
SOGC,2024,2025-07-15,-39,2025-06-06,,
SOGC,2024,2025-07-15,-38,2025-06-07,,
SOGC,2024,2025-07-15,-37,2025-06-08,,
SOGC,2024,2025-07-15,-36,2025-06-09,,
SOGC,2024,2025-07-15,-35,2025-06-10,7190.0,3802
SOGC,2024,2025-07-15,-34,2025-06-11,7215.0,1708
SOGC,2024,2025-07-15,-33,2025-06-12,7270.0,680
SOGC,2024,2025-07-15,-32,2025-06-13,7600.0,8715
SOGC,2024,2025-07-15,-31,2025-06-14,,
SOGC,2024,2025-07-15,-30,2025-06-15,,
SOGC,2024,2025-07-15,-29,2025-06-16,7605.0,2687
SOGC,2024,2025-07-15,-28,2025-06-17,7740.0,2598
SOGC,2024,2025-07-15,-27,2025-06-18,7985.0,407
SOGC,2024,2025-07-15,-26,2025-06-19,8500.0,6331
SOGC,2024,2025-07-15,-25,2025-06-20,8390.0,2245
SOGC,2024,2025-07-15,-24,2025-06-21,,
SOGC,2024,2025-07-15,-23,2025-06-22,,
SOGC,2024,2025-07-15,-22,2025-06-23,8450.0,2281
SOGC,2024,2025-07-15,-21,2025-06-24,8450.0,2093
SOGC,2024,2025-07-15,-20,2025-06-25,8250.0,2368
SOGC,2024,2025-07-15,-19,2025-06-26,8195.0,4333
SOGC,2024,2025-07-15,-18,2025-06-27,8250.0,2940
SOGC,2024,2025-07-15,-17,2025-06-28,,
SOGC,2024,2025-07-15,-16,2025-06-29,,
SOGC,2024,2025-07-15,-15,2025-06-30,8100.0,6920
SOGC,2024,2025-07-15,-14,2025-07-01,8150.0,3075
SOGC,2024,2025-07-15,-13,2025-07-02,8200.0,3405
SOGC,2024,2025-07-15,-12,2025-07-03,8100.0,2497
SOGC,2024,2025-07-15,-11,2025-07-04,8090.0,10224
SOGC,2024,2025-07-15,-10,2025-07-05,,
SOGC,2024,2025-07-15,-9,2025-07-06,,
SOGC,2024,2025-07-15,-8,2025-07-07,7950.0,18387
SOGC,2024,2025-07-15,-7,2025-07-08,7840.0,12539
SOGC,2024,2025-07-15,-6,2025-07-09,7665.0,3342
SOGC,2024,2025-07-15,-5,2025-07-10,7640.0,5384
SOGC,2024,2025-07-15,-4,2025-07-11,7155.0,14082
SOGC,2024,2025-07-15,-3,2025-07-12,,
SOGC,2024,2025-07-15,-2,2025-07-13,,
SOGC,2024,2025-07-15,-1,2025-07-14,7400.0,5846
SOGC,2024,2025-07-15,0,2025-07-15,7175.0,3154
SOGC,2024,2025-07-15,1,2025-07-16,7100.0,13699
SOGC,2024,2025-07-15,2,2025-07-17,7090.0,1916
SOGC,2024,2025-07-15,3,2025-07-18,7300.0,7420
SOGC,2024,2025-07-15,4,2025-07-19,,
SOGC,2024,2025-07-15,5,2025-07-20,,
SOGC,2024,2025-07-15,6,2025-07-21,7300.0,3625
SOGC,2024,2025-07-15,7,2025-07-22,7250.0,11616
SOGC,2024,2025-07-15,8,2025-07-23,7200.0,8605
SOGC,2024,2025-07-15,9,2025-07-24,7290.0,3148
SOGC,2024,2025-07-15,10,2025-07-25,7210.0,429
SOGC,2024,2025-07-15,11,2025-07-26,,
SOGC,2024,2025-07-15,12,2025-07-27,,
SOGC,2024,2025-07-15,13,2025-07-28,7340.0,2315
SOGC,2024,2025-07-15,14,2025-07-29,7345.0,478
SOGC,2024,2025-07-15,15,2025-07-30,7400.0,538
SOGC,2024,2025-07-15,16,2025-07-31,7600.0,1937
SOGC,2024,2025-07-15,17,2025-08-01,7550.0,974
SOGC,2024,2025-07-15,18,2025-08-02,,
SOGC,2024,2025-07-15,19,2025-08-03,,
SOGC,2024,2025-07-15,20,2025-08-04,7550.0,4174
SOGC,2024,2025-07-15,21,2025-08-05,7500.0,15446
SOGC,2024,2025-07-15,22,2025-08-06,7600.0,784
SOGC,2024,2025-07-15,23,2025-08-07,,
SOGC,2024,2025-07-15,24,2025-08-08,7750.0,1899
SOGC,2024,2025-07-15,25,2025-08-09,,
SOGC,2024,2025-07-15,26,2025-08-10,,
SOGC,2024,2025-07-15,27,2025-08-11,7500.0,15338
SOGC,2024,2025-07-15,28,2025-08-12,7700.0,14299
SOGC,2024,2025-07-15,29,2025-08-13,7750.0,3260
SOGC,2024,2025-07-15,30,2025-08-14,7745.0,417
SOGC,2024,2025-07-15,31,2025-08-15,,
SOGC,2024,2025-07-15,32,2025-08-16,,
SOGC,2024,2025-07-15,33,2025-08-17,,
SOGC,2024,2025-07-15,34,2025-08-18,7500.0,10317
SOGC,2024,2025-07-15,35,2025-08-19,7500.0,6805
SOGC,2024,2025-07-15,36,2025-08-20,7495.0,5542
SOGC,2024,2025-07-15,37,2025-08-21,7495.0,7265
SOGC,2024,2025-07-15,38,2025-08-22,7530.0,3509
SOGC,2024,2025-07-15,39,2025-08-23,,
SOGC,2024,2025-07-15,40,2025-08-24,,
SOGC,2024,2025-07-15,41,2025-08-25,7490.0,2898
SOGC,2024,2025-07-15,42,2025-08-26,7500.0,13018
SOGC,2024,2025-07-15,43,2025-08-27,7530.0,852
SOGC,2024,2025-07-15,44,2025-08-28,7745.0,4512
SOGC,2024,2025-07-15,45,2025-08-29,7690.0,3733
SOGC,2024,2025-07-15,46,2025-08-30,,
SOGC,2024,2025-07-15,47,2025-08-31,,
SOGC,2024,2025-07-15,48,2025-09-01,7500.0,9561
SOGC,2024,2025-07-15,49,2025-09-02,7500.0,5719
SOGC,2024,2025-07-15,50,2025-09-03,7495.0,5538
SOGC,2024,2025-07-15,51,2025-09-04,,
SOGC,2024,2025-07-15,52,2025-09-05,7500.0,1960
SOGC,2024,2025-07-15,53,2025-09-06,,
SOGC,2024,2025-07-15,54,2025-09-07,,
SOGC,2024,2025-07-15,55,2025-09-08,7840.0,12252
SOGC,2024,2025-07-15,56,2025-09-09,7850.0,1225
SOGC,2024,2025-07-15,57,2025-09-10,7900.0,81332
SOGC,2024,2025-07-15,58,2025-09-11,7795.0,753
SOGC,2024,2025-07-15,59,2025-09-12,7800.0,12383
SOGC,2024,2025-07-15,60,2025-09-13,,
SOGC,2025,2026-09-30,-60,2026-08-01,,
SOGC,2025,2026-09-30,-59,2026-08-02,,
SOGC,2025,2026-09-30,-58,2026-08-03,,
SOGC,2025,2026-09-30,-57,2026-08-04,,
SOGC,2025,2026-09-30,-56,2026-08-05,,
SOGC,2025,2026-09-30,-55,2026-08-06,,
SOGC,2025,2026-09-30,-54,2026-08-07,,
SOGC,2025,2026-09-30,-53,2026-08-08,,
SOGC,2025,2026-09-30,-52,2026-08-09,,
SOGC,2025,2026-09-30,-51,2026-08-10,,
SOGC,2025,2026-09-30,-50,2026-08-11,,
SOGC,2025,2026-09-30,-49,2026-08-12,,
SOGC,2025,2026-09-30,-48,2026-08-13,,
SOGC,2025,2026-09-30,-47,2026-08-14,,
SOGC,2025,2026-09-30,-46,2026-08-15,,
SOGC,2025,2026-09-30,-45,2026-08-16,,
SOGC,2025,2026-09-30,-44,2026-08-17,,
SOGC,2025,2026-09-30,-43,2026-08-18,,
SOGC,2025,2026-09-30,-42,2026-08-19,,
SOGC,2025,2026-09-30,-41,2026-08-20,,
SOGC,2025,2026-09-30,-40,2026-08-21,,
SOGC,2025,2026-09-30,-39,2026-08-22,,
SOGC,2025,2026-09-30,-38,2026-08-23,,
SOGC,2025,2026-09-30,-37,2026-08-24,,
SOGC,2025,2026-09-30,-36,2026-08-25,,
SOGC,2025,2026-09-30,-35,2026-08-26,,
SOGC,2025,2026-09-30,-34,2026-08-27,,
SOGC,2025,2026-09-30,-33,2026-08-28,,
SOGC,2025,2026-09-30,-32,2026-08-29,,
SOGC,2025,2026-09-30,-31,2026-08-30,,
SOGC,2025,2026-09-30,-30,2026-08-31,,
SOGC,2025,2026-09-30,-29,2026-09-01,,
SOGC,2025,2026-09-30,-28,2026-09-02,,
SOGC,2025,2026-09-30,-27,2026-09-03,,
SOGC,2025,2026-09-30,-26,2026-09-04,,
SOGC,2025,2026-09-30,-25,2026-09-05,,
SOGC,2025,2026-09-30,-24,2026-09-06,,
SOGC,2025,2026-09-30,-23,2026-09-07,,
SOGC,2025,2026-09-30,-22,2026-09-08,,
SOGC,2025,2026-09-30,-21,2026-09-09,,
SOGC,2025,2026-09-30,-20,2026-09-10,,
SOGC,2025,2026-09-30,-19,2026-09-11,,
SOGC,2025,2026-09-30,-18,2026-09-12,,
SOGC,2025,2026-09-30,-17,2026-09-13,,
SOGC,2025,2026-09-30,-16,2026-09-14,,
SOGC,2025,2026-09-30,-15,2026-09-15,,
SOGC,2025,2026-09-30,-14,2026-09-16,,
SOGC,2025,2026-09-30,-13,2026-09-17,,
SOGC,2025,2026-09-30,-12,2026-09-18,,
SOGC,2025,2026-09-30,-11,2026-09-19,,
SOGC,2025,2026-09-30,-10,2026-09-20,,
SOGC,2025,2026-09-30,-9,2026-09-21,,
SOGC,2025,2026-09-30,-8,2026-09-22,,
SOGC,2025,2026-09-30,-7,2026-09-23,,
SOGC,2025,2026-09-30,-6,2026-09-24,,
SOGC,2025,2026-09-30,-5,2026-09-25,,
SOGC,2025,2026-09-30,-4,2026-09-26,,
SOGC,2025,2026-09-30,-3,2026-09-27,,
SOGC,2025,2026-09-30,-2,2026-09-28,,
SOGC,2025,2026-09-30,-1,2026-09-29,,
SOGC,2025,2026-09-30,0,2026-09-30,,
SOGC,2025,2026-09-30,1,2026-10-01,,
SOGC,2025,2026-09-30,2,2026-10-02,,
SOGC,2025,2026-09-30,3,2026-10-03,,
SOGC,2025,2026-09-30,4,2026-10-04,,
SOGC,2025,2026-09-30,5,2026-10-05,,
SOGC,2025,2026-09-30,6,2026-10-06,,
SOGC,2025,2026-09-30,7,2026-10-07,,
SOGC,2025,2026-09-30,8,2026-10-08,,
SOGC,2025,2026-09-30,9,2026-10-09,,
SOGC,2025,2026-09-30,10,2026-10-10,,
SOGC,2025,2026-09-30,11,2026-10-11,,
SOGC,2025,2026-09-30,12,2026-10-12,,
SOGC,2025,2026-09-30,13,2026-10-13,,
SOGC,2025,2026-09-30,14,2026-10-14,,
SOGC,2025,2026-09-30,15,2026-10-15,,
SOGC,2025,2026-09-30,16,2026-10-16,,
SOGC,2025,2026-09-30,17,2026-10-17,,
SOGC,2025,2026-09-30,18,2026-10-18,,
SOGC,2025,2026-09-30,19,2026-10-19,,
SOGC,2025,2026-09-30,20,2026-10-20,,
SOGC,2025,2026-09-30,21,2026-10-21,,
SOGC,2025,2026-09-30,22,2026-10-22,,
SOGC,2025,2026-09-30,23,2026-10-23,,
SOGC,2025,2026-09-30,24,2026-10-24,,
SOGC,2025,2026-09-30,25,2026-10-25,,
SOGC,2025,2026-09-30,26,2026-10-26,,
SOGC,2025,2026-09-30,27,2026-10-27,,
SOGC,2025,2026-09-30,28,2026-10-28,,
SOGC,2025,2026-09-30,29,2026-10-29,,
SOGC,2025,2026-09-30,30,2026-10-30,,
SOGC,2025,2026-09-30,31,2026-10-31,,
SOGC,2025,2026-09-30,32,2026-11-01,,
SOGC,2025,2026-09-30,33,2026-11-02,,
SOGC,2025,2026-09-30,34,2026-11-03,,
SOGC,2025,2026-09-30,35,2026-11-04,,
SOGC,2025,2026-09-30,36,2026-11-05,,
SOGC,2025,2026-09-30,37,2026-11-06,,
SOGC,2025,2026-09-30,38,2026-11-07,,
SOGC,2025,2026-09-30,39,2026-11-08,,
SOGC,2025,2026-09-30,40,2026-11-09,,
SOGC,2025,2026-09-30,41,2026-11-10,,
SOGC,2025,2026-09-30,42,2026-11-11,,
SOGC,2025,2026-09-30,43,2026-11-12,,
SOGC,2025,2026-09-30,44,2026-11-13,,
SOGC,2025,2026-09-30,45,2026-11-14,,
SOGC,2025,2026-09-30,46,2026-11-15,,
SOGC,2025,2026-09-30,47,2026-11-16,,
SOGC,2025,2026-09-30,48,2026-11-17,,
SOGC,2025,2026-09-30,49,2026-11-18,,
SOGC,2025,2026-09-30,50,2026-11-19,,
SOGC,2025,2026-09-30,51,2026-11-20,,
SOGC,2025,2026-09-30,52,2026-11-21,,
SOGC,2025,2026-09-30,53,2026-11-22,,
SOGC,2025,2026-09-30,54,2026-11-23,,
SOGC,2025,2026-09-30,55,2026-11-24,,
SOGC,2025,2026-09-30,56,2026-11-25,,
SOGC,2025,2026-09-30,57,2026-11-26,,
SOGC,2025,2026-09-30,58,2026-11-27,,
SOGC,2025,2026-09-30,59,2026-11-28,,
SOGC,2025,2026-09-30,60,2026-11-29,,
SPHC,2021,2022-08-04,-60,2022-06-05,,
SPHC,2021,2022-08-04,-59,2022-06-06,,
SPHC,2021,2022-08-04,-58,2022-06-07,5800.0,0
SPHC,2021,2022-08-04,-57,2022-06-08,5800.0,349
SPHC,2021,2022-08-04,-56,2022-06-09,5800.0,257
SPHC,2021,2022-08-04,-55,2022-06-10,5900.0,64
SPHC,2021,2022-08-04,-54,2022-06-11,,
SPHC,2021,2022-08-04,-53,2022-06-12,,
SPHC,2021,2022-08-04,-52,2022-06-13,6000.0,127
SPHC,2021,2022-08-04,-51,2022-06-14,6000.0,1457
SPHC,2021,2022-08-04,-50,2022-06-15,6145.0,63
SPHC,2021,2022-08-04,-49,2022-06-16,6350.0,135
SPHC,2021,2022-08-04,-48,2022-06-17,6350.0,1310
SPHC,2021,2022-08-04,-47,2022-06-18,,
SPHC,2021,2022-08-04,-46,2022-06-19,,
SPHC,2021,2022-08-04,-45,2022-06-20,6350.0,6031
SPHC,2021,2022-08-04,-44,2022-06-21,6345.0,184
SPHC,2021,2022-08-04,-43,2022-06-22,6350.0,29801
SPHC,2021,2022-08-04,-42,2022-06-23,6375.0,21
SPHC,2021,2022-08-04,-41,2022-06-24,6200.0,581
SPHC,2021,2022-08-04,-40,2022-06-25,,
SPHC,2021,2022-08-04,-39,2022-06-26,,
SPHC,2021,2022-08-04,-38,2022-06-27,6200.0,200
SPHC,2021,2022-08-04,-37,2022-06-28,6200.0,20
SPHC,2021,2022-08-04,-36,2022-06-29,6200.0,20
SPHC,2021,2022-08-04,-35,2022-06-30,6200.0,10759
SPHC,2021,2022-08-04,-34,2022-07-01,6200.0,105
SPHC,2021,2022-08-04,-33,2022-07-02,,
SPHC,2021,2022-08-04,-32,2022-07-03,,
SPHC,2021,2022-08-04,-31,2022-07-04,6200.0,28
SPHC,2021,2022-08-04,-30,2022-07-05,6345.0,254
SPHC,2021,2022-08-04,-29,2022-07-06,6250.0,10
SPHC,2021,2022-08-04,-28,2022-07-07,6250.0,1
SPHC,2021,2022-08-04,-27,2022-07-08,6200.0,128
SPHC,2021,2022-08-04,-26,2022-07-09,,
SPHC,2021,2022-08-04,-25,2022-07-10,,
SPHC,2021,2022-08-04,-24,2022-07-11,6200.0,310
SPHC,2021,2022-08-04,-23,2022-07-12,6075.0,254
SPHC,2021,2022-08-04,-22,2022-07-13,6250.0,242
SPHC,2021,2022-08-04,-21,2022-07-14,6225.0,2136
SPHC,2021,2022-08-04,-20,2022-07-15,6250.0,76
SPHC,2021,2022-08-04,-19,2022-07-16,,
SPHC,2021,2022-08-04,-18,2022-07-17,,
SPHC,2021,2022-08-04,-17,2022-07-18,6250.0,649
SPHC,2021,2022-08-04,-16,2022-07-19,6200.0,15539
SPHC,2021,2022-08-04,-15,2022-07-20,6250.0,113
SPHC,2021,2022-08-04,-14,2022-07-21,6245.0,341
SPHC,2021,2022-08-04,-13,2022-07-22,6200.0,25
SPHC,2021,2022-08-04,-12,2022-07-23,,
SPHC,2021,2022-08-04,-11,2022-07-24,,
SPHC,2021,2022-08-04,-10,2022-07-25,6100.0,3971
SPHC,2021,2022-08-04,-9,2022-07-26,6245.0,965
SPHC,2021,2022-08-04,-8,2022-07-27,6200.0,12307
SPHC,2021,2022-08-04,-7,2022-07-28,6100.0,406
SPHC,2021,2022-08-04,-6,2022-07-29,6245.0,171
SPHC,2021,2022-08-04,-5,2022-07-30,,
SPHC,2021,2022-08-04,-4,2022-07-31,,
SPHC,2021,2022-08-04,-3,2022-08-01,6245.0,483
SPHC,2021,2022-08-04,-2,2022-08-02,6235.0,116
SPHC,2021,2022-08-04,-1,2022-08-03,6235.0,648
SPHC,2021,2022-08-04,0,2022-08-04,5995.0,500
SPHC,2021,2022-08-04,1,2022-08-05,5995.0,15012
SPHC,2021,2022-08-04,2,2022-08-06,,
SPHC,2021,2022-08-04,3,2022-08-07,,
SPHC,2021,2022-08-04,4,2022-08-08,,
SPHC,2021,2022-08-04,5,2022-08-09,5995.0,984
SPHC,2021,2022-08-04,6,2022-08-10,5995.0,96
SPHC,2021,2022-08-04,7,2022-08-11,5995.0,0
SPHC,2021,2022-08-04,8,2022-08-12,5975.0,197
SPHC,2021,2022-08-04,9,2022-08-13,,
SPHC,2021,2022-08-04,10,2022-08-14,,
SPHC,2021,2022-08-04,11,2022-08-15,,
SPHC,2021,2022-08-04,12,2022-08-16,5900.0,108
SPHC,2021,2022-08-04,13,2022-08-17,5800.0,181
SPHC,2021,2022-08-04,14,2022-08-18,5880.0,315
SPHC,2021,2022-08-04,15,2022-08-19,5875.0,5896
SPHC,2021,2022-08-04,16,2022-08-20,,
SPHC,2021,2022-08-04,17,2022-08-21,,
SPHC,2021,2022-08-04,18,2022-08-22,5875.0,2739
SPHC,2021,2022-08-04,19,2022-08-23,5875.0,241
SPHC,2021,2022-08-04,20,2022-08-24,5875.0,630
SPHC,2021,2022-08-04,21,2022-08-25,5875.0,152
SPHC,2021,2022-08-04,22,2022-08-26,5900.0,122
SPHC,2021,2022-08-04,23,2022-08-27,,
SPHC,2021,2022-08-04,24,2022-08-28,,
SPHC,2021,2022-08-04,25,2022-08-29,5875.0,6
SPHC,2021,2022-08-04,26,2022-08-30,5800.0,6488
SPHC,2021,2022-08-04,27,2022-08-31,5850.0,1396
SPHC,2021,2022-08-04,28,2022-09-01,5700.0,464
SPHC,2021,2022-08-04,29,2022-09-02,5700.0,104
SPHC,2021,2022-08-04,30,2022-09-03,,
SPHC,2021,2022-08-04,31,2022-09-04,,
SPHC,2021,2022-08-04,32,2022-09-05,5700.0,1310
SPHC,2021,2022-08-04,33,2022-09-06,5700.0,183
SPHC,2021,2022-08-04,34,2022-09-07,5700.0,306
SPHC,2021,2022-08-04,35,2022-09-08,5650.0,904
SPHC,2021,2022-08-04,36,2022-09-09,5655.0,101
SPHC,2021,2022-08-04,37,2022-09-10,,
SPHC,2021,2022-08-04,38,2022-09-11,,
SPHC,2021,2022-08-04,39,2022-09-12,5500.0,22438
SPHC,2021,2022-08-04,40,2022-09-13,5450.0,2794
SPHC,2021,2022-08-04,41,2022-09-14,5700.0,27468
SPHC,2021,2022-08-04,42,2022-09-15,5700.0,0
SPHC,2021,2022-08-04,43,2022-09-16,5695.0,73
SPHC,2021,2022-08-04,44,2022-09-17,,
SPHC,2021,2022-08-04,45,2022-09-18,,
SPHC,2021,2022-08-04,46,2022-09-19,5700.0,176
SPHC,2021,2022-08-04,47,2022-09-20,5700.0,43
SPHC,2021,2022-08-04,48,2022-09-21,5445.0,985
SPHC,2021,2022-08-04,49,2022-09-22,5400.0,144
SPHC,2021,2022-08-04,50,2022-09-23,5400.0,27
SPHC,2021,2022-08-04,51,2022-09-24,,
SPHC,2021,2022-08-04,52,2022-09-25,,
SPHC,2021,2022-08-04,53,2022-09-26,5400.0,204
SPHC,2021,2022-08-04,54,2022-09-27,5350.0,293
SPHC,2021,2022-08-04,55,2022-09-28,5555.0,5632
SPHC,2021,2022-08-04,56,2022-09-29,5900.0,50
SPHC,2021,2022-08-04,57,2022-09-30,5800.0,5650
SPHC,2021,2022-08-04,58,2022-10-01,,
SPHC,2021,2022-08-04,59,2022-10-02,,
SPHC,2021,2022-08-04,60,2022-10-03,5800.0,29
SPHC,2022,2023-09-29,-60,2023-07-31,3200.0,1986
SPHC,2022,2023-09-29,-59,2023-08-01,3200.0,296
SPHC,2022,2023-09-29,-58,2023-08-02,3190.0,134
SPHC,2022,2023-09-29,-57,2023-08-03,3190.0,2294
SPHC,2022,2023-09-29,-56,2023-08-04,3150.0,580
SPHC,2022,2023-09-29,-55,2023-08-05,,
SPHC,2022,2023-09-29,-54,2023-08-06,,
SPHC,2022,2023-09-29,-53,2023-08-07,,
SPHC,2022,2023-09-29,-52,2023-08-08,3150.0,935
SPHC,2022,2023-09-29,-51,2023-08-09,3150.0,771
SPHC,2022,2023-09-29,-50,2023-08-10,3140.0,125
SPHC,2022,2023-09-29,-49,2023-08-11,3150.0,2320
SPHC,2022,2023-09-29,-48,2023-08-12,,
SPHC,2022,2023-09-29,-47,2023-08-13,,
SPHC,2022,2023-09-29,-46,2023-08-14,3150.0,1386
SPHC,2022,2023-09-29,-45,2023-08-15,,
SPHC,2022,2023-09-29,-44,2023-08-16,3100.0,22
SPHC,2022,2023-09-29,-43,2023-08-17,3100.0,6074
SPHC,2022,2023-09-29,-42,2023-08-18,3100.0,1036
SPHC,2022,2023-09-29,-41,2023-08-19,,
SPHC,2022,2023-09-29,-40,2023-08-20,,
SPHC,2022,2023-09-29,-39,2023-08-21,3095.0,531
SPHC,2022,2023-09-29,-38,2023-08-22,3095.0,1371
SPHC,2022,2023-09-29,-37,2023-08-23,3010.0,572
SPHC,2022,2023-09-29,-36,2023-08-24,3095.0,10026
SPHC,2022,2023-09-29,-35,2023-08-25,3050.0,3000
SPHC,2022,2023-09-29,-34,2023-08-26,,
SPHC,2022,2023-09-29,-33,2023-08-27,,
SPHC,2022,2023-09-29,-32,2023-08-28,3050.0,4520
SPHC,2022,2023-09-29,-31,2023-08-29,3050.0,1572
SPHC,2022,2023-09-29,-30,2023-08-30,3050.0,2844
SPHC,2022,2023-09-29,-29,2023-08-31,3050.0,1538
SPHC,2022,2023-09-29,-28,2023-09-01,3095.0,692
SPHC,2022,2023-09-29,-27,2023-09-02,,
SPHC,2022,2023-09-29,-26,2023-09-03,,
SPHC,2022,2023-09-29,-25,2023-09-04,3095.0,808
SPHC,2022,2023-09-29,-24,2023-09-05,3150.0,720
SPHC,2022,2023-09-29,-23,2023-09-06,3150.0,1140
SPHC,2022,2023-09-29,-22,2023-09-07,3100.0,4893
SPHC,2022,2023-09-29,-21,2023-09-08,3150.0,492
SPHC,2022,2023-09-29,-20,2023-09-09,,
SPHC,2022,2023-09-29,-19,2023-09-10,,
SPHC,2022,2023-09-29,-18,2023-09-11,3150.0,533
SPHC,2022,2023-09-29,-17,2023-09-12,3150.0,4618
SPHC,2022,2023-09-29,-16,2023-09-13,3245.0,4569
SPHC,2022,2023-09-29,-15,2023-09-14,3390.0,1504
SPHC,2022,2023-09-29,-14,2023-09-15,3295.0,1058
SPHC,2022,2023-09-29,-13,2023-09-16,,
SPHC,2022,2023-09-29,-12,2023-09-17,,
SPHC,2022,2023-09-29,-11,2023-09-18,3295.0,2341
SPHC,2022,2023-09-29,-10,2023-09-19,3345.0,662
SPHC,2022,2023-09-29,-9,2023-09-20,3390.0,6032
SPHC,2022,2023-09-29,-8,2023-09-21,3340.0,12014
SPHC,2022,2023-09-29,-7,2023-09-22,3145.0,6689
SPHC,2022,2023-09-29,-6,2023-09-23,,
SPHC,2022,2023-09-29,-5,2023-09-24,,
SPHC,2022,2023-09-29,-4,2023-09-25,3095.0,4475
SPHC,2022,2023-09-29,-3,2023-09-26,2900.0,3103
SPHC,2022,2023-09-29,-2,2023-09-27,,
SPHC,2022,2023-09-29,-1,2023-09-28,2890.0,6055
SPHC,2022,2023-09-29,0,2023-09-29,2700.0,539
SPHC,2022,2023-09-29,1,2023-09-30,,
SPHC,2022,2023-09-29,2,2023-10-01,,
SPHC,2022,2023-09-29,3,2023-10-02,2800.0,186
SPHC,2022,2023-09-29,4,2023-10-03,2700.0,676
SPHC,2022,2023-09-29,5,2023-10-04,2650.0,881
SPHC,2022,2023-09-29,6,2023-10-05,2500.0,678
SPHC,2022,2023-09-29,7,2023-10-06,2500.0,7638
SPHC,2022,2023-09-29,8,2023-10-07,,
SPHC,2022,2023-09-29,9,2023-10-08,,
SPHC,2022,2023-09-29,10,2023-10-09,2600.0,287
SPHC,2022,2023-09-29,11,2023-10-10,2600.0,1836
SPHC,2022,2023-09-29,12,2023-10-11,2600.0,1769
SPHC,2022,2023-09-29,13,2023-10-12,2500.0,685
SPHC,2022,2023-09-29,14,2023-10-13,2600.0,887
SPHC,2022,2023-09-29,15,2023-10-14,,
SPHC,2022,2023-09-29,16,2023-10-15,,
SPHC,2022,2023-09-29,17,2023-10-16,2600.0,392
SPHC,2022,2023-09-29,18,2023-10-17,2600.0,218
SPHC,2022,2023-09-29,19,2023-10-18,2640.0,680
SPHC,2022,2023-09-29,20,2023-10-19,2600.0,708
SPHC,2022,2023-09-29,21,2023-10-20,2600.0,225
SPHC,2022,2023-09-29,22,2023-10-21,,
SPHC,2022,2023-09-29,23,2023-10-22,,
SPHC,2022,2023-09-29,24,2023-10-23,2590.0,2
SPHC,2022,2023-09-29,25,2023-10-24,2590.0,1815
SPHC,2022,2023-09-29,26,2023-10-25,2600.0,319
SPHC,2022,2023-09-29,27,2023-10-26,2600.0,85
SPHC,2022,2023-09-29,28,2023-10-27,2600.0,1273
SPHC,2022,2023-09-29,29,2023-10-28,,
SPHC,2022,2023-09-29,30,2023-10-29,,
SPHC,2022,2023-09-29,31,2023-10-30,2450.0,839
SPHC,2022,2023-09-29,32,2023-10-31,2500.0,609
SPHC,2022,2023-09-29,33,2023-11-01,,
SPHC,2022,2023-09-29,34,2023-11-02,2450.0,412
SPHC,2022,2023-09-29,35,2023-11-03,2400.0,295
SPHC,2022,2023-09-29,36,2023-11-04,,
SPHC,2022,2023-09-29,37,2023-11-05,,
SPHC,2022,2023-09-29,38,2023-11-06,2390.0,196
SPHC,2022,2023-09-29,39,2023-11-07,2390.0,371
SPHC,2022,2023-09-29,40,2023-11-08,2350.0,661
SPHC,2022,2023-09-29,41,2023-11-09,2390.0,344
SPHC,2022,2023-09-29,42,2023-11-10,2390.0,17
SPHC,2022,2023-09-29,43,2023-11-11,,
SPHC,2022,2023-09-29,44,2023-11-12,,
SPHC,2022,2023-09-29,45,2023-11-13,2370.0,492
SPHC,2022,2023-09-29,46,2023-11-14,2370.0,759
SPHC,2022,2023-09-29,47,2023-11-15,,
SPHC,2022,2023-09-29,48,2023-11-16,2325.0,208
SPHC,2022,2023-09-29,49,2023-11-17,2300.0,424
SPHC,2022,2023-09-29,50,2023-11-18,,
SPHC,2022,2023-09-29,51,2023-11-19,,
SPHC,2022,2023-09-29,52,2023-11-20,2200.0,1012
SPHC,2022,2023-09-29,53,2023-11-21,2140.0,3044
SPHC,2022,2023-09-29,54,2023-11-22,2000.0,1492
SPHC,2022,2023-09-29,55,2023-11-23,2000.0,1346
SPHC,2022,2023-09-29,56,2023-11-24,2000.0,305
SPHC,2022,2023-09-29,57,2023-11-25,,
SPHC,2022,2023-09-29,58,2023-11-26,,
SPHC,2022,2023-09-29,59,2023-11-27,2000.0,24826
SPHC,2022,2023-09-29,60,2023-11-28,2000.0,2585
SPHC,2023,2024-08-12,-60,2024-06-13,2505.0,2351
SPHC,2023,2024-08-12,-59,2024-06-14,2495.0,1389
SPHC,2023,2024-08-12,-58,2024-06-15,,
SPHC,2023,2024-08-12,-57,2024-06-16,,
SPHC,2023,2024-08-12,-56,2024-06-17,,
SPHC,2023,2024-08-12,-55,2024-06-18,2475.0,1419
SPHC,2023,2024-08-12,-54,2024-06-19,2475.0,756
SPHC,2023,2024-08-12,-53,2024-06-20,2530.0,6202
SPHC,2023,2024-08-12,-52,2024-06-21,2580.0,2936
SPHC,2023,2024-08-12,-51,2024-06-22,,
SPHC,2023,2024-08-12,-50,2024-06-23,,
SPHC,2023,2024-08-12,-49,2024-06-24,2580.0,1
SPHC,2023,2024-08-12,-48,2024-06-25,2600.0,2403
SPHC,2023,2024-08-12,-47,2024-06-26,2645.0,954
SPHC,2023,2024-08-12,-46,2024-06-27,2645.0,166
SPHC,2023,2024-08-12,-45,2024-06-28,2800.0,2407
SPHC,2023,2024-08-12,-44,2024-06-29,,
SPHC,2023,2024-08-12,-43,2024-06-30,,
SPHC,2023,2024-08-12,-42,2024-07-01,2750.0,36
SPHC,2023,2024-08-12,-41,2024-07-02,2800.0,616
SPHC,2023,2024-08-12,-40,2024-07-03,2895.0,582
SPHC,2023,2024-08-12,-39,2024-07-04,2890.0,134
SPHC,2023,2024-08-12,-38,2024-07-05,2995.0,553
SPHC,2023,2024-08-12,-37,2024-07-06,,
SPHC,2023,2024-08-12,-36,2024-07-07,,
SPHC,2023,2024-08-12,-35,2024-07-08,2980.0,302
SPHC,2023,2024-08-12,-34,2024-07-09,2980.0,7350
SPHC,2023,2024-08-12,-33,2024-07-10,3000.0,23317
SPHC,2023,2024-08-12,-32,2024-07-11,2990.0,1431
SPHC,2023,2024-08-12,-31,2024-07-12,3000.0,337
SPHC,2023,2024-08-12,-30,2024-07-13,,
SPHC,2023,2024-08-12,-29,2024-07-14,,
SPHC,2023,2024-08-12,-28,2024-07-15,3000.0,48
SPHC,2023,2024-08-12,-27,2024-07-16,3000.0,630
SPHC,2023,2024-08-12,-26,2024-07-17,2995.0,992
SPHC,2023,2024-08-12,-25,2024-07-18,2995.0,157
SPHC,2023,2024-08-12,-24,2024-07-19,2995.0,248
SPHC,2023,2024-08-12,-23,2024-07-20,,
SPHC,2023,2024-08-12,-22,2024-07-21,,
SPHC,2023,2024-08-12,-21,2024-07-22,2990.0,20
SPHC,2023,2024-08-12,-20,2024-07-23,3000.0,1331
SPHC,2023,2024-08-12,-19,2024-07-24,3030.0,653
SPHC,2023,2024-08-12,-18,2024-07-25,3000.0,326
SPHC,2023,2024-08-12,-17,2024-07-26,2990.0,1799
SPHC,2023,2024-08-12,-16,2024-07-27,,
SPHC,2023,2024-08-12,-15,2024-07-28,,
SPHC,2023,2024-08-12,-14,2024-07-29,3000.0,3200
SPHC,2023,2024-08-12,-13,2024-07-30,2995.0,387
SPHC,2023,2024-08-12,-12,2024-07-31,2810.0,665
SPHC,2023,2024-08-12,-11,2024-08-01,3020.0,3474
SPHC,2023,2024-08-12,-10,2024-08-02,3000.0,4287
SPHC,2023,2024-08-12,-9,2024-08-03,,
SPHC,2023,2024-08-12,-8,2024-08-04,,
SPHC,2023,2024-08-12,-7,2024-08-05,3010.0,218
SPHC,2023,2024-08-12,-6,2024-08-06,3010.0,184
SPHC,2023,2024-08-12,-5,2024-08-07,,
SPHC,2023,2024-08-12,-4,2024-08-08,2900.0,71
SPHC,2023,2024-08-12,-3,2024-08-09,2800.0,108
SPHC,2023,2024-08-12,-2,2024-08-10,,
SPHC,2023,2024-08-12,-1,2024-08-11,,
SPHC,2023,2024-08-12,0,2024-08-12,2995.0,714
SPHC,2023,2024-08-12,1,2024-08-13,2995.0,10985
SPHC,2023,2024-08-12,2,2024-08-14,3020.0,1150
SPHC,2023,2024-08-12,3,2024-08-15,,
SPHC,2023,2024-08-12,4,2024-08-16,3000.0,694
SPHC,2023,2024-08-12,5,2024-08-17,,
SPHC,2023,2024-08-12,6,2024-08-18,,
SPHC,2023,2024-08-12,7,2024-08-19,2990.0,2917
SPHC,2023,2024-08-12,8,2024-08-20,2990.0,102
SPHC,2023,2024-08-12,9,2024-08-21,3100.0,7105
SPHC,2023,2024-08-12,10,2024-08-22,3060.0,110
SPHC,2023,2024-08-12,11,2024-08-23,3040.0,248
SPHC,2023,2024-08-12,12,2024-08-24,,
SPHC,2023,2024-08-12,13,2024-08-25,,
SPHC,2023,2024-08-12,14,2024-08-26,3045.0,1253
SPHC,2023,2024-08-12,15,2024-08-27,3085.0,1217
SPHC,2023,2024-08-12,16,2024-08-28,3305.0,1506
SPHC,2023,2024-08-12,17,2024-08-29,3295.0,175
SPHC,2023,2024-08-12,18,2024-08-30,,
SPHC,2023,2024-08-12,19,2024-08-31,,
SPHC,2023,2024-08-12,20,2024-09-01,,
SPHC,2023,2024-08-12,21,2024-09-02,3305.0,1873
SPHC,2023,2024-08-12,22,2024-09-03,3500.0,506
SPHC,2023,2024-08-12,23,2024-09-04,3480.0,1075
SPHC,2023,2024-08-12,24,2024-09-05,3475.0,285
SPHC,2023,2024-08-12,25,2024-09-06,3475.0,2020
SPHC,2023,2024-08-12,26,2024-09-07,,
SPHC,2023,2024-08-12,27,2024-09-08,,
SPHC,2023,2024-08-12,28,2024-09-09,3395.0,1046
SPHC,2023,2024-08-12,29,2024-09-10,3395.0,90
SPHC,2023,2024-08-12,30,2024-09-11,3200.0,1104
SPHC,2023,2024-08-12,31,2024-09-12,3365.0,165
SPHC,2023,2024-08-12,32,2024-09-13,3400.0,361
SPHC,2023,2024-08-12,33,2024-09-14,,
SPHC,2023,2024-08-12,34,2024-09-15,,
SPHC,2023,2024-08-12,35,2024-09-16,3200.0,2472
SPHC,2023,2024-08-12,36,2024-09-17,3350.0,1571
SPHC,2023,2024-08-12,37,2024-09-18,3400.0,489
SPHC,2023,2024-08-12,38,2024-09-19,3400.0,567
SPHC,2023,2024-08-12,39,2024-09-20,3340.0,530
SPHC,2023,2024-08-12,40,2024-09-21,,
SPHC,2023,2024-08-12,41,2024-09-22,,
SPHC,2023,2024-08-12,42,2024-09-23,3400.0,267
SPHC,2023,2024-08-12,43,2024-09-24,3400.0,411
SPHC,2023,2024-08-12,44,2024-09-25,3400.0,1154
SPHC,2023,2024-08-12,45,2024-09-26,3400.0,7
SPHC,2023,2024-08-12,46,2024-09-27,3350.0,308
SPHC,2023,2024-08-12,47,2024-09-28,,
SPHC,2023,2024-08-12,48,2024-09-29,,
SPHC,2023,2024-08-12,49,2024-09-30,3475.0,5689
SPHC,2023,2024-08-12,50,2024-10-01,3480.0,2374
SPHC,2023,2024-08-12,51,2024-10-02,3450.0,167
SPHC,2023,2024-08-12,52,2024-10-03,3500.0,6939
SPHC,2023,2024-08-12,53,2024-10-04,3600.0,714
SPHC,2023,2024-08-12,54,2024-10-05,,
SPHC,2023,2024-08-12,55,2024-10-06,,
SPHC,2023,2024-08-12,56,2024-10-07,3600.0,817
SPHC,2023,2024-08-12,57,2024-10-08,3800.0,1399
SPHC,2023,2024-08-12,58,2024-10-09,4000.0,3037
SPHC,2023,2024-08-12,59,2024-10-10,4295.0,1429
SPHC,2023,2024-08-12,60,2024-10-11,4250.0,458
SPHC,2024,2025-07-17,-60,2025-05-18,,
SPHC,2024,2025-07-17,-59,2025-05-19,6150.0,707
SPHC,2024,2025-07-17,-58,2025-05-20,6100.0,1249
SPHC,2024,2025-07-17,-57,2025-05-21,6050.0,1619
SPHC,2024,2025-07-17,-56,2025-05-22,5970.0,2021
SPHC,2024,2025-07-17,-55,2025-05-23,5910.0,2546
SPHC,2024,2025-07-17,-54,2025-05-24,,
SPHC,2024,2025-07-17,-53,2025-05-25,,
SPHC,2024,2025-07-17,-52,2025-05-26,6000.0,4646
SPHC,2024,2025-07-17,-51,2025-05-27,6300.0,1727
SPHC,2024,2025-07-17,-50,2025-05-28,6305.0,3846
SPHC,2024,2025-07-17,-49,2025-05-29,,
SPHC,2024,2025-07-17,-48,2025-05-30,6195.0,3567
SPHC,2024,2025-07-17,-47,2025-05-31,,
SPHC,2024,2025-07-17,-46,2025-06-01,,
SPHC,2024,2025-07-17,-45,2025-06-02,6030.0,6697
SPHC,2024,2025-07-17,-44,2025-06-03,6000.0,2145
SPHC,2024,2025-07-17,-43,2025-06-04,5990.0,1948
SPHC,2024,2025-07-17,-42,2025-06-05,5960.0,1867
SPHC,2024,2025-07-17,-41,2025-06-06,,
SPHC,2024,2025-07-17,-40,2025-06-07,,
SPHC,2024,2025-07-17,-39,2025-06-08,,
SPHC,2024,2025-07-17,-38,2025-06-09,,
SPHC,2024,2025-07-17,-37,2025-06-10,6295.0,8395
SPHC,2024,2025-07-17,-36,2025-06-11,6195.0,6318
SPHC,2024,2025-07-17,-35,2025-06-12,6260.0,1518
SPHC,2024,2025-07-17,-34,2025-06-13,6500.0,3676
SPHC,2024,2025-07-17,-33,2025-06-14,,
SPHC,2024,2025-07-17,-32,2025-06-15,,
SPHC,2024,2025-07-17,-31,2025-06-16,6540.0,1779
SPHC,2024,2025-07-17,-30,2025-06-17,6600.0,3162
SPHC,2024,2025-07-17,-29,2025-06-18,6605.0,805
SPHC,2024,2025-07-17,-28,2025-06-19,6900.0,4496
SPHC,2024,2025-07-17,-27,2025-06-20,7000.0,6194
SPHC,2024,2025-07-17,-26,2025-06-21,,
SPHC,2024,2025-07-17,-25,2025-06-22,,
SPHC,2024,2025-07-17,-24,2025-06-23,7200.0,1856
SPHC,2024,2025-07-17,-23,2025-06-24,7275.0,1692
SPHC,2024,2025-07-17,-22,2025-06-25,7100.0,3936
SPHC,2024,2025-07-17,-21,2025-06-26,7050.0,2511
SPHC,2024,2025-07-17,-20,2025-06-27,7250.0,2560
SPHC,2024,2025-07-17,-19,2025-06-28,,
SPHC,2024,2025-07-17,-18,2025-06-29,,
SPHC,2024,2025-07-17,-17,2025-06-30,7195.0,586
SPHC,2024,2025-07-17,-16,2025-07-01,7140.0,6041
SPHC,2024,2025-07-17,-15,2025-07-02,7100.0,2031
SPHC,2024,2025-07-17,-14,2025-07-03,7050.0,6990
SPHC,2024,2025-07-17,-13,2025-07-04,7100.0,1929
SPHC,2024,2025-07-17,-12,2025-07-05,,
SPHC,2024,2025-07-17,-11,2025-07-06,,
SPHC,2024,2025-07-17,-10,2025-07-07,7050.0,1432
SPHC,2024,2025-07-17,-9,2025-07-08,6970.0,11078
SPHC,2024,2025-07-17,-8,2025-07-09,6450.0,11891
SPHC,2024,2025-07-17,-7,2025-07-10,6500.0,5064
SPHC,2024,2025-07-17,-6,2025-07-11,6500.0,1211
SPHC,2024,2025-07-17,-5,2025-07-12,,
SPHC,2024,2025-07-17,-4,2025-07-13,,
SPHC,2024,2025-07-17,-3,2025-07-14,6455.0,1033
SPHC,2024,2025-07-17,-2,2025-07-15,6335.0,1535
SPHC,2024,2025-07-17,-1,2025-07-16,6200.0,175836
SPHC,2024,2025-07-17,0,2025-07-17,6200.0,4726
SPHC,2024,2025-07-17,1,2025-07-18,6290.0,568
SPHC,2024,2025-07-17,2,2025-07-19,,
SPHC,2024,2025-07-17,3,2025-07-20,,
SPHC,2024,2025-07-17,4,2025-07-21,6300.0,6782
SPHC,2024,2025-07-17,5,2025-07-22,6290.0,678
SPHC,2024,2025-07-17,6,2025-07-23,6195.0,2287
SPHC,2024,2025-07-17,7,2025-07-24,6285.0,919
SPHC,2024,2025-07-17,8,2025-07-25,6255.0,132
SPHC,2024,2025-07-17,9,2025-07-26,,
SPHC,2024,2025-07-17,10,2025-07-27,,
SPHC,2024,2025-07-17,11,2025-07-28,6205.0,13359
SPHC,2024,2025-07-17,12,2025-07-29,6210.0,633
SPHC,2024,2025-07-17,13,2025-07-30,6490.0,1001
SPHC,2024,2025-07-17,14,2025-07-31,6500.0,30037
SPHC,2024,2025-07-17,15,2025-08-01,6470.0,12210
SPHC,2024,2025-07-17,16,2025-08-02,,
SPHC,2024,2025-07-17,17,2025-08-03,,
SPHC,2024,2025-07-17,18,2025-08-04,6400.0,8254
SPHC,2024,2025-07-17,19,2025-08-05,6700.0,1984
SPHC,2024,2025-07-17,20,2025-08-06,6700.0,1788
SPHC,2024,2025-07-17,21,2025-08-07,,
SPHC,2024,2025-07-17,22,2025-08-08,6695.0,3780
SPHC,2024,2025-07-17,23,2025-08-09,,
SPHC,2024,2025-07-17,24,2025-08-10,,
SPHC,2024,2025-07-17,25,2025-08-11,6510.0,630
SPHC,2024,2025-07-17,26,2025-08-12,6335.0,4276
SPHC,2024,2025-07-17,27,2025-08-13,6590.0,1581
SPHC,2024,2025-07-17,28,2025-08-14,6645.0,882
SPHC,2024,2025-07-17,29,2025-08-15,,
SPHC,2024,2025-07-17,30,2025-08-16,,
SPHC,2024,2025-07-17,31,2025-08-17,,
SPHC,2024,2025-07-17,32,2025-08-18,6595.0,8216
SPHC,2024,2025-07-17,33,2025-08-19,6600.0,455
SPHC,2024,2025-07-17,34,2025-08-20,6690.0,3456
SPHC,2024,2025-07-17,35,2025-08-21,6720.0,8907
SPHC,2024,2025-07-17,36,2025-08-22,6795.0,3848
SPHC,2024,2025-07-17,37,2025-08-23,,
SPHC,2024,2025-07-17,38,2025-08-24,,
SPHC,2024,2025-07-17,39,2025-08-25,6790.0,1937
SPHC,2024,2025-07-17,40,2025-08-26,6760.0,528
SPHC,2024,2025-07-17,41,2025-08-27,6945.0,2471
SPHC,2024,2025-07-17,42,2025-08-28,6900.0,548
SPHC,2024,2025-07-17,43,2025-08-29,6890.0,183
SPHC,2024,2025-07-17,44,2025-08-30,,
SPHC,2024,2025-07-17,45,2025-08-31,,
SPHC,2024,2025-07-17,46,2025-09-01,6845.0,5458
SPHC,2024,2025-07-17,47,2025-09-02,6840.0,785
SPHC,2024,2025-07-17,48,2025-09-03,6840.0,9071
SPHC,2024,2025-07-17,49,2025-09-04,,
SPHC,2024,2025-07-17,50,2025-09-05,6880.0,502
SPHC,2024,2025-07-17,51,2025-09-06,,
SPHC,2024,2025-07-17,52,2025-09-07,,
SPHC,2024,2025-07-17,53,2025-09-08,6860.0,1361
SPHC,2024,2025-07-17,54,2025-09-09,6855.0,8144
SPHC,2024,2025-07-17,55,2025-09-10,6900.0,5313
SPHC,2024,2025-07-17,56,2025-09-11,6930.0,859
SPHC,2024,2025-07-17,57,2025-09-12,6935.0,274
SPHC,2024,2025-07-17,58,2025-09-13,,
SPHC,2024,2025-07-17,59,2025-09-14,,
SPHC,2024,2025-07-17,60,2025-09-15,6990.0,163
STAC,2021,2022-07-18,-60,2022-05-19,1200.0,4
STAC,2021,2022-07-18,-59,2022-05-20,1200.0,130
STAC,2021,2022-07-18,-58,2022-05-21,,
STAC,2021,2022-07-18,-57,2022-05-22,,
STAC,2021,2022-07-18,-56,2022-05-23,1200.0,5766
STAC,2021,2022-07-18,-55,2022-05-24,1160.0,51
STAC,2021,2022-07-18,-54,2022-05-25,1159.0,6
STAC,2021,2022-07-18,-53,2022-05-26,,
STAC,2021,2022-07-18,-52,2022-05-27,1182.0,1215
STAC,2021,2022-07-18,-51,2022-05-28,,
STAC,2021,2022-07-18,-50,2022-05-29,,
STAC,2021,2022-07-18,-49,2022-05-30,1230.0,417
STAC,2021,2022-07-18,-48,2022-05-31,1260.0,414
STAC,2021,2022-07-18,-47,2022-06-01,1200.0,373
STAC,2021,2022-07-18,-46,2022-06-02,1160.0,28900
STAC,2021,2022-07-18,-45,2022-06-03,1160.0,3505
STAC,2021,2022-07-18,-44,2022-06-04,,
STAC,2021,2022-07-18,-43,2022-06-05,,
STAC,2021,2022-07-18,-42,2022-06-06,,
STAC,2021,2022-07-18,-41,2022-06-07,1247.0,3
STAC,2021,2022-07-18,-40,2022-06-08,1270.0,75
STAC,2021,2022-07-18,-39,2022-06-09,1247.0,10
STAC,2021,2022-07-18,-38,2022-06-10,1161.0,1
STAC,2021,2022-07-18,-37,2022-06-11,,
STAC,2021,2022-07-18,-36,2022-06-12,,
STAC,2021,2022-07-18,-35,2022-06-13,1230.0,540
STAC,2021,2022-07-18,-34,2022-06-14,1230.0,0
STAC,2021,2022-07-18,-33,2022-06-15,1270.0,1010
STAC,2021,2022-07-18,-32,2022-06-16,1270.0,39
STAC,2021,2022-07-18,-31,2022-06-17,1270.0,0
STAC,2021,2022-07-18,-30,2022-06-18,,
STAC,2021,2022-07-18,-29,2022-06-19,,
STAC,2021,2022-07-18,-28,2022-06-20,1270.0,4
STAC,2021,2022-07-18,-27,2022-06-21,1270.0,150
STAC,2021,2022-07-18,-26,2022-06-22,1270.0,0
STAC,2021,2022-07-18,-25,2022-06-23,1232.0,23
STAC,2021,2022-07-18,-24,2022-06-24,1232.0,0
STAC,2021,2022-07-18,-23,2022-06-25,,
STAC,2021,2022-07-18,-22,2022-06-26,,
STAC,2021,2022-07-18,-21,2022-06-27,1200.0,818
STAC,2021,2022-07-18,-20,2022-06-28,1180.0,1644
STAC,2021,2022-07-18,-19,2022-06-29,1180.0,2231
STAC,2021,2022-07-18,-18,2022-06-30,1250.0,1700
STAC,2021,2022-07-18,-17,2022-07-01,1245.0,856
STAC,2021,2022-07-18,-16,2022-07-02,,
STAC,2021,2022-07-18,-15,2022-07-03,,
STAC,2021,2022-07-18,-14,2022-07-04,1275.0,1390
STAC,2021,2022-07-18,-13,2022-07-05,1275.0,0
STAC,2021,2022-07-18,-12,2022-07-06,1274.0,193
STAC,2021,2022-07-18,-11,2022-07-07,1275.0,347
STAC,2021,2022-07-18,-10,2022-07-08,1201.0,400
STAC,2021,2022-07-18,-9,2022-07-09,,
STAC,2021,2022-07-18,-8,2022-07-10,,
STAC,2021,2022-07-18,-7,2022-07-11,1275.0,39
STAC,2021,2022-07-18,-6,2022-07-12,1270.0,12
STAC,2021,2022-07-18,-5,2022-07-13,1190.0,425
STAC,2021,2022-07-18,-4,2022-07-14,1200.0,2046
STAC,2021,2022-07-18,-3,2022-07-15,1190.0,907
STAC,2021,2022-07-18,-2,2022-07-16,,
STAC,2021,2022-07-18,-1,2022-07-17,,
STAC,2021,2022-07-18,0,2022-07-18,1190.0,1204
STAC,2021,2022-07-18,1,2022-07-19,1162.0,90
STAC,2021,2022-07-18,2,2022-07-20,1200.0,76
STAC,2021,2022-07-18,3,2022-07-21,1200.0,65
STAC,2021,2022-07-18,4,2022-07-22,1190.0,105
STAC,2021,2022-07-18,5,2022-07-23,,
STAC,2021,2022-07-18,6,2022-07-24,,
STAC,2021,2022-07-18,7,2022-07-25,1200.0,557
STAC,2021,2022-07-18,8,2022-07-26,1200.0,11
STAC,2021,2022-07-18,9,2022-07-27,1200.0,2605
STAC,2021,2022-07-18,10,2022-07-28,1200.0,500
STAC,2021,2022-07-18,11,2022-07-29,1198.0,5475
STAC,2021,2022-07-18,12,2022-07-30,,
STAC,2021,2022-07-18,13,2022-07-31,,
STAC,2021,2022-07-18,14,2022-08-01,1199.0,800
STAC,2021,2022-07-18,15,2022-08-02,1179.0,3469
STAC,2021,2022-07-18,16,2022-08-03,1178.0,2541
STAC,2021,2022-07-18,17,2022-08-04,1168.0,1
STAC,2021,2022-07-18,18,2022-08-05,1170.0,1730
STAC,2021,2022-07-18,19,2022-08-06,,
STAC,2021,2022-07-18,20,2022-08-07,,
STAC,2021,2022-07-18,21,2022-08-08,,
STAC,2021,2022-07-18,22,2022-08-09,1159.0,61
STAC,2021,2022-07-18,23,2022-08-10,1142.0,2112
STAC,2021,2022-07-18,24,2022-08-11,1142.0,178
STAC,2021,2022-07-18,25,2022-08-12,1142.0,0
STAC,2021,2022-07-18,26,2022-08-13,,
STAC,2021,2022-07-18,27,2022-08-14,,
STAC,2021,2022-07-18,28,2022-08-15,,
STAC,2021,2022-07-18,29,2022-08-16,1140.0,170
STAC,2021,2022-07-18,30,2022-08-17,1060.0,3099
STAC,2021,2022-07-18,31,2022-08-18,1070.0,2359
STAC,2021,2022-07-18,32,2022-08-19,1140.0,3830
STAC,2021,2022-07-18,33,2022-08-20,,
STAC,2021,2022-07-18,34,2022-08-21,,
STAC,2021,2022-07-18,35,2022-08-22,1120.0,143
STAC,2021,2022-07-18,36,2022-08-23,1120.0,2920
STAC,2021,2022-07-18,37,2022-08-24,1040.0,3945
STAC,2021,2022-07-18,38,2022-08-25,1000.0,3171
STAC,2021,2022-07-18,39,2022-08-26,980.0,20732
STAC,2021,2022-07-18,40,2022-08-27,,
STAC,2021,2022-07-18,41,2022-08-28,,
STAC,2021,2022-07-18,42,2022-08-29,1000.0,54
STAC,2021,2022-07-18,43,2022-08-30,1000.0,23
STAC,2021,2022-07-18,44,2022-08-31,1038.0,20599
STAC,2021,2022-07-18,45,2022-09-01,1020.0,60
STAC,2021,2022-07-18,46,2022-09-02,1020.0,300
STAC,2021,2022-07-18,47,2022-09-03,,
STAC,2021,2022-07-18,48,2022-09-04,,
STAC,2021,2022-07-18,49,2022-09-05,1020.0,101
STAC,2021,2022-07-18,50,2022-09-06,1019.0,346
STAC,2021,2022-07-18,51,2022-09-07,1000.0,13
STAC,2021,2022-07-18,52,2022-09-08,1000.0,143
STAC,2021,2022-07-18,53,2022-09-09,1000.0,97
STAC,2021,2022-07-18,54,2022-09-10,,
STAC,2021,2022-07-18,55,2022-09-11,,
STAC,2021,2022-07-18,56,2022-09-12,1000.0,63674
STAC,2021,2022-07-18,57,2022-09-13,990.0,1720
STAC,2021,2022-07-18,58,2022-09-14,1020.0,2590
STAC,2021,2022-07-18,59,2022-09-15,1080.0,1718
STAC,2021,2022-07-18,60,2022-09-16,1159.0,110
STBC,2021,2022-07-21,-60,2022-05-22,,
STBC,2021,2022-07-21,-59,2022-05-23,6000.0,5766
STBC,2021,2022-07-21,-58,2022-05-24,5800.0,51
STBC,2021,2022-07-21,-57,2022-05-25,5795.0,6
STBC,2021,2022-07-21,-56,2022-05-26,,
STBC,2021,2022-07-21,-55,2022-05-27,5910.0,1215
STBC,2021,2022-07-21,-54,2022-05-28,,
STBC,2021,2022-07-21,-53,2022-05-29,,
STBC,2021,2022-07-21,-52,2022-05-30,6150.0,417
STBC,2021,2022-07-21,-51,2022-05-31,6300.0,414
STBC,2021,2022-07-21,-50,2022-06-01,6000.0,373
STBC,2021,2022-07-21,-49,2022-06-02,5800.0,28900
STBC,2021,2022-07-21,-48,2022-06-03,5800.0,3505
STBC,2021,2022-07-21,-47,2022-06-04,,
STBC,2021,2022-07-21,-46,2022-06-05,,
STBC,2021,2022-07-21,-45,2022-06-06,,
STBC,2021,2022-07-21,-44,2022-06-07,6235.0,3
STBC,2021,2022-07-21,-43,2022-06-08,6350.0,75
STBC,2021,2022-07-21,-42,2022-06-09,6235.0,10
STBC,2021,2022-07-21,-41,2022-06-10,5805.0,1
STBC,2021,2022-07-21,-40,2022-06-11,,
STBC,2021,2022-07-21,-39,2022-06-12,,
STBC,2021,2022-07-21,-38,2022-06-13,6150.0,540
STBC,2021,2022-07-21,-37,2022-06-14,6150.0,0
STBC,2021,2022-07-21,-36,2022-06-15,6350.0,1010
STBC,2021,2022-07-21,-35,2022-06-16,6350.0,39
STBC,2021,2022-07-21,-34,2022-06-17,6350.0,0
STBC,2021,2022-07-21,-33,2022-06-18,,
STBC,2021,2022-07-21,-32,2022-06-19,,
STBC,2021,2022-07-21,-31,2022-06-20,6350.0,4
STBC,2021,2022-07-21,-30,2022-06-21,6350.0,150
STBC,2021,2022-07-21,-29,2022-06-22,6350.0,0
STBC,2021,2022-07-21,-28,2022-06-23,6160.0,23
STBC,2021,2022-07-21,-27,2022-06-24,6160.0,0
STBC,2021,2022-07-21,-26,2022-06-25,,
STBC,2021,2022-07-21,-25,2022-06-26,,
STBC,2021,2022-07-21,-24,2022-06-27,6000.0,818
STBC,2021,2022-07-21,-23,2022-06-28,5900.0,1644
STBC,2021,2022-07-21,-22,2022-06-29,5900.0,2231
STBC,2021,2022-07-21,-21,2022-06-30,6250.0,1700
STBC,2021,2022-07-21,-20,2022-07-01,6225.0,856
STBC,2021,2022-07-21,-19,2022-07-02,,
STBC,2021,2022-07-21,-18,2022-07-03,,
STBC,2021,2022-07-21,-17,2022-07-04,6375.0,1390
STBC,2021,2022-07-21,-16,2022-07-05,6375.0,0
STBC,2021,2022-07-21,-15,2022-07-06,6370.0,193
STBC,2021,2022-07-21,-14,2022-07-07,6375.0,347
STBC,2021,2022-07-21,-13,2022-07-08,6005.0,400
STBC,2021,2022-07-21,-12,2022-07-09,,
STBC,2021,2022-07-21,-11,2022-07-10,,
STBC,2021,2022-07-21,-10,2022-07-11,6375.0,39
STBC,2021,2022-07-21,-9,2022-07-12,6350.0,12
STBC,2021,2022-07-21,-8,2022-07-13,5950.0,425
STBC,2021,2022-07-21,-7,2022-07-14,6000.0,2046
STBC,2021,2022-07-21,-6,2022-07-15,5950.0,907
STBC,2021,2022-07-21,-5,2022-07-16,,
STBC,2021,2022-07-21,-4,2022-07-17,,
STBC,2021,2022-07-21,-3,2022-07-18,5950.0,1204
STBC,2021,2022-07-21,-2,2022-07-19,5810.0,90
STBC,2021,2022-07-21,-1,2022-07-20,6000.0,76
STBC,2021,2022-07-21,0,2022-07-21,6000.0,65
STBC,2021,2022-07-21,1,2022-07-22,5950.0,105
STBC,2021,2022-07-21,2,2022-07-23,,
STBC,2021,2022-07-21,3,2022-07-24,,
STBC,2021,2022-07-21,4,2022-07-25,6000.0,557
STBC,2021,2022-07-21,5,2022-07-26,6000.0,11
STBC,2021,2022-07-21,6,2022-07-27,6000.0,2605
STBC,2021,2022-07-21,7,2022-07-28,6000.0,500
STBC,2021,2022-07-21,8,2022-07-29,5990.0,5475
STBC,2021,2022-07-21,9,2022-07-30,,
STBC,2021,2022-07-21,10,2022-07-31,,
STBC,2021,2022-07-21,11,2022-08-01,5995.0,800
STBC,2021,2022-07-21,12,2022-08-02,5895.0,3469
STBC,2021,2022-07-21,13,2022-08-03,5890.0,2541
STBC,2021,2022-07-21,14,2022-08-04,5840.0,1
STBC,2021,2022-07-21,15,2022-08-05,5850.0,1730
STBC,2021,2022-07-21,16,2022-08-06,,
STBC,2021,2022-07-21,17,2022-08-07,,
STBC,2021,2022-07-21,18,2022-08-08,,
STBC,2021,2022-07-21,19,2022-08-09,5795.0,61
STBC,2021,2022-07-21,20,2022-08-10,5710.0,2112
STBC,2021,2022-07-21,21,2022-08-11,5710.0,178
STBC,2021,2022-07-21,22,2022-08-12,5710.0,0
STBC,2021,2022-07-21,23,2022-08-13,,
STBC,2021,2022-07-21,24,2022-08-14,,
STBC,2021,2022-07-21,25,2022-08-15,,
STBC,2021,2022-07-21,26,2022-08-16,5700.0,170
STBC,2021,2022-07-21,27,2022-08-17,5300.0,3099
STBC,2021,2022-07-21,28,2022-08-18,5350.0,2359
STBC,2021,2022-07-21,29,2022-08-19,5700.0,3830
STBC,2021,2022-07-21,30,2022-08-20,,
STBC,2021,2022-07-21,31,2022-08-21,,
STBC,2021,2022-07-21,32,2022-08-22,5600.0,143
STBC,2021,2022-07-21,33,2022-08-23,5600.0,2920
STBC,2021,2022-07-21,34,2022-08-24,5200.0,3945
STBC,2021,2022-07-21,35,2022-08-25,5000.0,3171
STBC,2021,2022-07-21,36,2022-08-26,4900.0,20732
STBC,2021,2022-07-21,37,2022-08-27,,
STBC,2021,2022-07-21,38,2022-08-28,,
STBC,2021,2022-07-21,39,2022-08-29,5000.0,54
STBC,2021,2022-07-21,40,2022-08-30,5000.0,23
STBC,2021,2022-07-21,41,2022-08-31,5190.0,20599
STBC,2021,2022-07-21,42,2022-09-01,5100.0,60
STBC,2021,2022-07-21,43,2022-09-02,5100.0,300
STBC,2021,2022-07-21,44,2022-09-03,,
STBC,2021,2022-07-21,45,2022-09-04,,
STBC,2021,2022-07-21,46,2022-09-05,5100.0,101
STBC,2021,2022-07-21,47,2022-09-06,5095.0,346
STBC,2021,2022-07-21,48,2022-09-07,5000.0,13
STBC,2021,2022-07-21,49,2022-09-08,5000.0,143
STBC,2021,2022-07-21,50,2022-09-09,5000.0,97
STBC,2021,2022-07-21,51,2022-09-10,,
STBC,2021,2022-07-21,52,2022-09-11,,
STBC,2021,2022-07-21,53,2022-09-12,5000.0,63674
STBC,2021,2022-07-21,54,2022-09-13,4950.0,1720
STBC,2021,2022-07-21,55,2022-09-14,5100.0,2590
STBC,2021,2022-07-21,56,2022-09-15,5400.0,1718
STBC,2021,2022-07-21,57,2022-09-16,5795.0,110
STBC,2021,2022-07-21,58,2022-09-17,,
STBC,2021,2022-07-21,59,2022-09-18,,
STBC,2021,2022-07-21,60,2022-09-19,5700.0,111
STBC,2022,2023-07-27,-60,2023-05-28,,
STBC,2022,2023-07-27,-59,2023-05-29,,
STBC,2022,2023-07-27,-58,2023-05-30,6445.0,512
STBC,2022,2023-07-27,-57,2023-05-31,6445.0,0
STBC,2022,2023-07-27,-56,2023-06-01,6400.0,30
STBC,2022,2023-07-27,-55,2023-06-02,5975.0,60
STBC,2022,2023-07-27,-54,2023-06-03,,
STBC,2022,2023-07-27,-53,2023-06-04,,
STBC,2022,2023-07-27,-52,2023-06-05,6400.0,272
STBC,2022,2023-07-27,-51,2023-06-06,6400.0,1055
STBC,2022,2023-07-27,-50,2023-06-07,6400.0,0
STBC,2022,2023-07-27,-49,2023-06-08,6350.0,82
STBC,2022,2023-07-27,-48,2023-06-09,6015.0,96
STBC,2022,2023-07-27,-47,2023-06-10,,
STBC,2022,2023-07-27,-46,2023-06-11,,
STBC,2022,2023-07-27,-45,2023-06-12,6050.0,56
STBC,2022,2023-07-27,-44,2023-06-13,6350.0,3574
STBC,2022,2023-07-27,-43,2023-06-14,6350.0,20
STBC,2022,2023-07-27,-42,2023-06-15,6335.0,240
STBC,2022,2023-07-27,-41,2023-06-16,6335.0,0
STBC,2022,2023-07-27,-40,2023-06-17,,
STBC,2022,2023-07-27,-39,2023-06-18,,
STBC,2022,2023-07-27,-38,2023-06-19,6335.0,0
STBC,2022,2023-07-27,-37,2023-06-20,6335.0,0
STBC,2022,2023-07-27,-36,2023-06-21,6340.0,171
STBC,2022,2023-07-27,-35,2023-06-22,6335.0,3
STBC,2022,2023-07-27,-34,2023-06-23,6335.0,0
STBC,2022,2023-07-27,-33,2023-06-24,,
STBC,2022,2023-07-27,-32,2023-06-25,,
STBC,2022,2023-07-27,-31,2023-06-26,6310.0,94
STBC,2022,2023-07-27,-30,2023-06-27,6330.0,100
STBC,2022,2023-07-27,-29,2023-06-28,,
STBC,2022,2023-07-27,-28,2023-06-29,6330.0,994
STBC,2022,2023-07-27,-27,2023-06-30,6330.0,12505
STBC,2022,2023-07-27,-26,2023-07-01,,
STBC,2022,2023-07-27,-25,2023-07-02,,
STBC,2022,2023-07-27,-24,2023-07-03,6325.0,305
STBC,2022,2023-07-27,-23,2023-07-04,6330.0,820
STBC,2022,2023-07-27,-22,2023-07-05,6330.0,1854
STBC,2022,2023-07-27,-21,2023-07-06,6330.0,2243
STBC,2022,2023-07-27,-20,2023-07-07,6350.0,715
STBC,2022,2023-07-27,-19,2023-07-08,,
STBC,2022,2023-07-27,-18,2023-07-09,,
STBC,2022,2023-07-27,-17,2023-07-10,6500.0,5419
STBC,2022,2023-07-27,-16,2023-07-11,6500.0,583
STBC,2022,2023-07-27,-15,2023-07-12,6500.0,7
STBC,2022,2023-07-27,-14,2023-07-13,6675.0,18816
STBC,2022,2023-07-27,-13,2023-07-14,6675.0,181
STBC,2022,2023-07-27,-12,2023-07-15,,
STBC,2022,2023-07-27,-11,2023-07-16,,
STBC,2022,2023-07-27,-10,2023-07-17,7100.0,633
STBC,2022,2023-07-27,-9,2023-07-18,7095.0,572
STBC,2022,2023-07-27,-8,2023-07-19,7000.0,15
STBC,2022,2023-07-27,-7,2023-07-20,7000.0,488
STBC,2022,2023-07-27,-6,2023-07-21,6995.0,313
STBC,2022,2023-07-27,-5,2023-07-22,,
STBC,2022,2023-07-27,-4,2023-07-23,,
STBC,2022,2023-07-27,-3,2023-07-24,6950.0,407
STBC,2022,2023-07-27,-2,2023-07-25,6790.0,627
STBC,2022,2023-07-27,-1,2023-07-26,6800.0,756
STBC,2022,2023-07-27,0,2023-07-27,6800.0,50
STBC,2022,2023-07-27,1,2023-07-28,6650.0,5698
STBC,2022,2023-07-27,2,2023-07-29,,
STBC,2022,2023-07-27,3,2023-07-30,,
STBC,2022,2023-07-27,4,2023-07-31,6650.0,1
STBC,2022,2023-07-27,5,2023-08-01,6200.0,536
STBC,2022,2023-07-27,6,2023-08-02,6195.0,19
STBC,2022,2023-07-27,7,2023-08-03,6490.0,4136
STBC,2022,2023-07-27,8,2023-08-04,6500.0,303
STBC,2022,2023-07-27,9,2023-08-05,,
STBC,2022,2023-07-27,10,2023-08-06,,
STBC,2022,2023-07-27,11,2023-08-07,,
STBC,2022,2023-07-27,12,2023-08-08,6200.0,110
STBC,2022,2023-07-27,13,2023-08-09,6400.0,7
STBC,2022,2023-07-27,14,2023-08-10,5920.0,606
STBC,2022,2023-07-27,15,2023-08-11,6355.0,10
STBC,2022,2023-07-27,16,2023-08-12,,
STBC,2022,2023-07-27,17,2023-08-13,,
STBC,2022,2023-07-27,18,2023-08-14,6355.0,0
STBC,2022,2023-07-27,19,2023-08-15,,
STBC,2022,2023-07-27,20,2023-08-16,5880.0,401
STBC,2022,2023-07-27,21,2023-08-17,6100.0,10405
STBC,2022,2023-07-27,22,2023-08-18,6100.0,0
STBC,2022,2023-07-27,23,2023-08-19,,
STBC,2022,2023-07-27,24,2023-08-20,,
STBC,2022,2023-07-27,25,2023-08-21,6150.0,594
STBC,2022,2023-07-27,26,2023-08-22,6150.0,17
STBC,2022,2023-07-27,27,2023-08-23,6150.0,0
STBC,2022,2023-07-27,28,2023-08-24,6150.0,175
STBC,2022,2023-07-27,29,2023-08-25,6200.0,25
STBC,2022,2023-07-27,30,2023-08-26,,
STBC,2022,2023-07-27,31,2023-08-27,,
STBC,2022,2023-07-27,32,2023-08-28,5815.0,200
STBC,2022,2023-07-27,33,2023-08-29,5815.0,211
STBC,2022,2023-07-27,34,2023-08-30,5830.0,284
STBC,2022,2023-07-27,35,2023-08-31,6095.0,270
STBC,2022,2023-07-27,36,2023-09-01,6300.0,257
STBC,2022,2023-07-27,37,2023-09-02,,
STBC,2022,2023-07-27,38,2023-09-03,,
STBC,2022,2023-07-27,39,2023-09-04,6300.0,0
STBC,2022,2023-07-27,40,2023-09-05,6000.0,550
STBC,2022,2023-07-27,41,2023-09-06,6100.0,515
STBC,2022,2023-07-27,42,2023-09-07,6100.0,320
STBC,2022,2023-07-27,43,2023-09-08,6000.0,506
STBC,2022,2023-07-27,44,2023-09-09,,
STBC,2022,2023-07-27,45,2023-09-10,,
STBC,2022,2023-07-27,46,2023-09-11,6000.0,0
STBC,2022,2023-07-27,47,2023-09-12,6300.0,586
STBC,2022,2023-07-27,48,2023-09-13,5995.0,1705
STBC,2022,2023-07-27,49,2023-09-14,6100.0,1063
STBC,2022,2023-07-27,50,2023-09-15,6100.0,0
STBC,2022,2023-07-27,51,2023-09-16,,
STBC,2022,2023-07-27,52,2023-09-17,,
STBC,2022,2023-07-27,53,2023-09-18,6200.0,2529
STBC,2022,2023-07-27,54,2023-09-19,6100.0,259
STBC,2022,2023-07-27,55,2023-09-20,6000.0,244
STBC,2022,2023-07-27,56,2023-09-21,5900.0,3536
STBC,2022,2023-07-27,57,2023-09-22,6000.0,73
STBC,2022,2023-07-27,58,2023-09-23,,
STBC,2022,2023-07-27,59,2023-09-24,,
STBC,2022,2023-07-27,60,2023-09-25,6200.0,354
STBC,2023,2024-07-29,-60,2024-05-30,7000.0,124
STBC,2023,2024-07-29,-59,2024-05-31,7195.0,439
STBC,2023,2024-07-29,-58,2024-06-01,,
STBC,2023,2024-07-29,-57,2024-06-02,,
STBC,2023,2024-07-29,-56,2024-06-03,6700.0,520
STBC,2023,2024-07-29,-55,2024-06-04,7195.0,22461
STBC,2023,2024-07-29,-54,2024-06-05,7500.0,88
STBC,2023,2024-07-29,-53,2024-06-06,7400.0,504
STBC,2023,2024-07-29,-52,2024-06-07,7000.0,15708
STBC,2023,2024-07-29,-51,2024-06-08,,
STBC,2023,2024-07-29,-50,2024-06-09,,
STBC,2023,2024-07-29,-49,2024-06-10,7495.0,2
STBC,2023,2024-07-29,-48,2024-06-11,7300.0,3395
STBC,2023,2024-07-29,-47,2024-06-12,7300.0,186
STBC,2023,2024-07-29,-46,2024-06-13,7200.0,1029
STBC,2023,2024-07-29,-45,2024-06-14,7350.0,66
STBC,2023,2024-07-29,-44,2024-06-15,,
STBC,2023,2024-07-29,-43,2024-06-16,,
STBC,2023,2024-07-29,-42,2024-06-17,,
STBC,2023,2024-07-29,-41,2024-06-18,7200.0,1231
STBC,2023,2024-07-29,-40,2024-06-19,7000.0,1094
STBC,2023,2024-07-29,-39,2024-06-20,6995.0,230
STBC,2023,2024-07-29,-38,2024-06-21,7000.0,10023
STBC,2023,2024-07-29,-37,2024-06-22,,
STBC,2023,2024-07-29,-36,2024-06-23,,
STBC,2023,2024-07-29,-35,2024-06-24,7200.0,2298
STBC,2023,2024-07-29,-34,2024-06-25,7000.0,440
STBC,2023,2024-07-29,-33,2024-06-26,7200.0,4578
STBC,2023,2024-07-29,-32,2024-06-27,7000.0,661
STBC,2023,2024-07-29,-31,2024-06-28,7495.0,1861
STBC,2023,2024-07-29,-30,2024-06-29,,
STBC,2023,2024-07-29,-29,2024-06-30,,
STBC,2023,2024-07-29,-28,2024-07-01,7195.0,1427
STBC,2023,2024-07-29,-27,2024-07-02,7195.0,3179
STBC,2023,2024-07-29,-26,2024-07-03,7000.0,1577
STBC,2023,2024-07-29,-25,2024-07-04,7000.0,613
STBC,2023,2024-07-29,-24,2024-07-05,7000.0,967
STBC,2023,2024-07-29,-23,2024-07-06,,
STBC,2023,2024-07-29,-22,2024-07-07,,
STBC,2023,2024-07-29,-21,2024-07-08,7000.0,10214
STBC,2023,2024-07-29,-20,2024-07-09,7000.0,2438
STBC,2023,2024-07-29,-19,2024-07-10,7000.0,8535
STBC,2023,2024-07-29,-18,2024-07-11,7000.0,1323
STBC,2023,2024-07-29,-17,2024-07-12,7000.0,992
STBC,2023,2024-07-29,-16,2024-07-13,,
STBC,2023,2024-07-29,-15,2024-07-14,,
STBC,2023,2024-07-29,-14,2024-07-15,7000.0,4731
STBC,2023,2024-07-29,-13,2024-07-16,7000.0,6597
STBC,2023,2024-07-29,-12,2024-07-17,7000.0,3936
STBC,2023,2024-07-29,-11,2024-07-18,7000.0,2954
STBC,2023,2024-07-29,-10,2024-07-19,7000.0,6630
STBC,2023,2024-07-29,-9,2024-07-20,,
STBC,2023,2024-07-29,-8,2024-07-21,,
STBC,2023,2024-07-29,-7,2024-07-22,7000.0,6057
STBC,2023,2024-07-29,-6,2024-07-23,7000.0,1985
STBC,2023,2024-07-29,-5,2024-07-24,7000.0,918
STBC,2023,2024-07-29,-4,2024-07-25,6790.0,707
STBC,2023,2024-07-29,-3,2024-07-26,6785.0,636
STBC,2023,2024-07-29,-2,2024-07-27,,
STBC,2023,2024-07-29,-1,2024-07-28,,
STBC,2023,2024-07-29,0,2024-07-29,6780.0,262
STBC,2023,2024-07-29,1,2024-07-30,6780.0,1049
STBC,2023,2024-07-29,2,2024-07-31,6780.0,1712
STBC,2023,2024-07-29,3,2024-08-01,6700.0,297
STBC,2023,2024-07-29,4,2024-08-02,6700.0,148
STBC,2023,2024-07-29,5,2024-08-03,,
STBC,2023,2024-07-29,6,2024-08-04,,
STBC,2023,2024-07-29,7,2024-08-05,6695.0,18
STBC,2023,2024-07-29,8,2024-08-06,6695.0,244
STBC,2023,2024-07-29,9,2024-08-07,,
STBC,2023,2024-07-29,10,2024-08-08,6700.0,270
STBC,2023,2024-07-29,11,2024-08-09,6700.0,1799
STBC,2023,2024-07-29,12,2024-08-10,,
STBC,2023,2024-07-29,13,2024-08-11,,
STBC,2023,2024-07-29,14,2024-08-12,6695.0,213
STBC,2023,2024-07-29,15,2024-08-13,6600.0,731
STBC,2023,2024-07-29,16,2024-08-14,6600.0,120
STBC,2023,2024-07-29,17,2024-08-15,,
STBC,2023,2024-07-29,18,2024-08-16,6600.0,406
STBC,2023,2024-07-29,19,2024-08-17,,
STBC,2023,2024-07-29,20,2024-08-18,,
STBC,2023,2024-07-29,21,2024-08-19,6550.0,1556
STBC,2023,2024-07-29,22,2024-08-20,6555.0,5281
STBC,2023,2024-07-29,23,2024-08-21,6895.0,450
STBC,2023,2024-07-29,24,2024-08-22,6900.0,455
STBC,2023,2024-07-29,25,2024-08-23,6900.0,39
STBC,2023,2024-07-29,26,2024-08-24,,
STBC,2023,2024-07-29,27,2024-08-25,,
STBC,2023,2024-07-29,28,2024-08-26,6900.0,539
STBC,2023,2024-07-29,29,2024-08-27,7000.0,656
STBC,2023,2024-07-29,30,2024-08-28,6990.0,47
STBC,2023,2024-07-29,31,2024-08-29,7000.0,3527
STBC,2023,2024-07-29,32,2024-08-30,,
STBC,2023,2024-07-29,33,2024-08-31,,
STBC,2023,2024-07-29,34,2024-09-01,,
STBC,2023,2024-07-29,35,2024-09-02,6900.0,52
STBC,2023,2024-07-29,36,2024-09-03,7000.0,1545
STBC,2023,2024-07-29,37,2024-09-04,7000.0,203
STBC,2023,2024-07-29,38,2024-09-05,7000.0,133
STBC,2023,2024-07-29,39,2024-09-06,6990.0,50161
STBC,2023,2024-07-29,40,2024-09-07,,
STBC,2023,2024-07-29,41,2024-09-08,,
STBC,2023,2024-07-29,42,2024-09-09,6900.0,5623
STBC,2023,2024-07-29,43,2024-09-10,7000.0,80
STBC,2023,2024-07-29,44,2024-09-11,7000.0,656
STBC,2023,2024-07-29,45,2024-09-12,7000.0,0
STBC,2023,2024-07-29,46,2024-09-13,6770.0,410
STBC,2023,2024-07-29,47,2024-09-14,,
STBC,2023,2024-07-29,48,2024-09-15,,
STBC,2023,2024-07-29,49,2024-09-16,7000.0,741
STBC,2023,2024-07-29,50,2024-09-17,7000.0,69
STBC,2023,2024-07-29,51,2024-09-18,6605.0,650
STBC,2023,2024-07-29,52,2024-09-19,7000.0,1659
STBC,2023,2024-07-29,53,2024-09-20,7300.0,2410
STBC,2023,2024-07-29,54,2024-09-21,,
STBC,2023,2024-07-29,55,2024-09-22,,
STBC,2023,2024-07-29,56,2024-09-23,7250.0,146
STBC,2023,2024-07-29,57,2024-09-24,7250.0,180
STBC,2023,2024-07-29,58,2024-09-25,7250.0,437
STBC,2023,2024-07-29,59,2024-09-26,7250.0,26
STBC,2023,2024-07-29,60,2024-09-27,7245.0,82
STBC,2024,2025-08-29,-60,2025-06-30,17950.0,893
STBC,2024,2025-08-29,-59,2025-07-01,17905.0,936
STBC,2024,2025-08-29,-58,2025-07-02,17950.0,1238
STBC,2024,2025-08-29,-57,2025-07-03,17965.0,652
STBC,2024,2025-08-29,-56,2025-07-04,18300.0,2813
STBC,2024,2025-08-29,-55,2025-07-05,,
STBC,2024,2025-08-29,-54,2025-07-06,,
STBC,2024,2025-08-29,-53,2025-07-07,18300.0,1256
STBC,2024,2025-08-29,-52,2025-07-08,18300.0,28780
STBC,2024,2025-08-29,-51,2025-07-09,18740.0,724
STBC,2024,2025-08-29,-50,2025-07-10,18510.0,884
STBC,2024,2025-08-29,-49,2025-07-11,18600.0,3120
STBC,2024,2025-08-29,-48,2025-07-12,,
STBC,2024,2025-08-29,-47,2025-07-13,,
STBC,2024,2025-08-29,-46,2025-07-14,18350.0,679
STBC,2024,2025-08-29,-45,2025-07-15,18330.0,2581
STBC,2024,2025-08-29,-44,2025-07-16,18190.0,652
STBC,2024,2025-08-29,-43,2025-07-17,18250.0,7186
STBC,2024,2025-08-29,-42,2025-07-18,18500.0,2820
STBC,2024,2025-08-29,-41,2025-07-19,,
STBC,2024,2025-08-29,-40,2025-07-20,,
STBC,2024,2025-08-29,-39,2025-07-21,18430.0,5512
STBC,2024,2025-08-29,-38,2025-07-22,19600.0,6974
STBC,2024,2025-08-29,-37,2025-07-23,19995.0,11659
STBC,2024,2025-08-29,-36,2025-07-24,20000.0,5039
STBC,2024,2025-08-29,-35,2025-07-25,19995.0,2466
STBC,2024,2025-08-29,-34,2025-07-26,,
STBC,2024,2025-08-29,-33,2025-07-27,,
STBC,2024,2025-08-29,-32,2025-07-28,20000.0,4250
STBC,2024,2025-08-29,-31,2025-07-29,20000.0,9033
STBC,2024,2025-08-29,-30,2025-07-30,19500.0,3892
STBC,2024,2025-08-29,-29,2025-07-31,19690.0,2833
STBC,2024,2025-08-29,-28,2025-08-01,19890.0,3937
STBC,2024,2025-08-29,-27,2025-08-02,,
STBC,2024,2025-08-29,-26,2025-08-03,,
STBC,2024,2025-08-29,-25,2025-08-04,19850.0,403
STBC,2024,2025-08-29,-24,2025-08-05,19840.0,2804
STBC,2024,2025-08-29,-23,2025-08-06,19995.0,835
STBC,2024,2025-08-29,-22,2025-08-07,,
STBC,2024,2025-08-29,-21,2025-08-08,20085.0,5272
STBC,2024,2025-08-29,-20,2025-08-09,,
STBC,2024,2025-08-29,-19,2025-08-10,,
STBC,2024,2025-08-29,-18,2025-08-11,20700.0,7081
STBC,2024,2025-08-29,-17,2025-08-12,20660.0,182
STBC,2024,2025-08-29,-16,2025-08-13,20700.0,719
STBC,2024,2025-08-29,-15,2025-08-14,20700.0,1403
STBC,2024,2025-08-29,-14,2025-08-15,,
STBC,2024,2025-08-29,-13,2025-08-16,,
STBC,2024,2025-08-29,-12,2025-08-17,,
STBC,2024,2025-08-29,-11,2025-08-18,20985.0,2730
STBC,2024,2025-08-29,-10,2025-08-19,21485.0,3524
STBC,2024,2025-08-29,-9,2025-08-20,21500.0,1075
STBC,2024,2025-08-29,-8,2025-08-21,21490.0,1997
STBC,2024,2025-08-29,-7,2025-08-22,21450.0,1231
STBC,2024,2025-08-29,-6,2025-08-23,,
STBC,2024,2025-08-29,-5,2025-08-24,,
STBC,2024,2025-08-29,-4,2025-08-25,21490.0,3095
STBC,2024,2025-08-29,-3,2025-08-26,21450.0,3478
STBC,2024,2025-08-29,-2,2025-08-27,19600.0,3524
STBC,2024,2025-08-29,-1,2025-08-28,19005.0,1238
STBC,2024,2025-08-29,0,2025-08-29,18900.0,1655
STBC,2024,2025-08-29,1,2025-08-30,,
STBC,2024,2025-08-29,2,2025-08-31,,
STBC,2024,2025-08-29,3,2025-09-01,18700.0,2413
STBC,2024,2025-08-29,4,2025-09-02,18900.0,2324
STBC,2024,2025-08-29,5,2025-09-03,18900.0,2439
STBC,2024,2025-08-29,6,2025-09-04,,
STBC,2024,2025-08-29,7,2025-09-05,19300.0,791
STBC,2024,2025-08-29,8,2025-09-06,,
STBC,2024,2025-08-29,9,2025-09-07,,
STBC,2024,2025-08-29,10,2025-09-08,19270.0,781
STBC,2024,2025-08-29,11,2025-09-09,19100.0,842
STBC,2024,2025-08-29,12,2025-09-10,18900.0,2301
STBC,2024,2025-08-29,13,2025-09-11,19295.0,760
STBC,2024,2025-08-29,14,2025-09-12,19250.0,461
STBC,2024,2025-08-29,15,2025-09-13,,
STBC,2024,2025-08-29,16,2025-09-14,,
STBC,2024,2025-08-29,17,2025-09-15,19250.0,1154
STBC,2024,2025-08-29,18,2025-09-16,19260.0,906
STBC,2024,2025-08-29,19,2025-09-17,19195.0,982
STBC,2024,2025-08-29,20,2025-09-18,18910.0,3084
STBC,2024,2025-08-29,21,2025-09-19,19200.0,1143
STBC,2024,2025-08-29,22,2025-09-20,,
STBC,2024,2025-08-29,23,2025-09-21,,
STBC,2024,2025-08-29,24,2025-09-22,19200.0,4368
STBC,2024,2025-08-29,25,2025-09-23,19140.0,2660
STBC,2024,2025-08-29,26,2025-09-24,19140.0,132
STBC,2024,2025-08-29,27,2025-09-25,19100.0,272
STBC,2024,2025-08-29,28,2025-09-26,18995.0,4656
STBC,2024,2025-08-29,29,2025-09-27,,
STBC,2024,2025-08-29,30,2025-09-28,,
STBC,2024,2025-08-29,31,2025-09-29,18995.0,1457
STBC,2024,2025-08-29,32,2025-09-30,19000.0,3773
STBC,2024,2025-08-29,33,2025-10-01,19095.0,1096
STBC,2024,2025-08-29,34,2025-10-02,19195.0,12884
STBC,2024,2025-08-29,35,2025-10-03,19190.0,376
STBC,2024,2025-08-29,36,2025-10-04,,
STBC,2024,2025-08-29,37,2025-10-05,,
STBC,2024,2025-08-29,38,2025-10-06,19225.0,3430
STBC,2024,2025-08-29,39,2025-10-07,19485.0,562
STBC,2024,2025-08-29,40,2025-10-08,19480.0,504
STBC,2024,2025-08-29,41,2025-10-09,19990.0,1168
STBC,2024,2025-08-29,42,2025-10-10,19900.0,1134
STBC,2024,2025-08-29,43,2025-10-11,,
STBC,2024,2025-08-29,44,2025-10-12,,
STBC,2024,2025-08-29,45,2025-10-13,19850.0,1044
STBC,2024,2025-08-29,46,2025-10-14,19900.0,3721
STBC,2024,2025-08-29,47,2025-10-15,20000.0,1255
STBC,2024,2025-08-29,48,2025-10-16,19550.0,1268
STBC,2024,2025-08-29,49,2025-10-17,19985.0,579
STBC,2024,2025-08-29,50,2025-10-18,,
STBC,2024,2025-08-29,51,2025-10-19,,
STBC,2024,2025-08-29,52,2025-10-20,19950.0,2619
STBC,2024,2025-08-29,53,2025-10-21,19950.0,1007
STBC,2024,2025-08-29,54,2025-10-22,19800.0,3383
STBC,2024,2025-08-29,55,2025-10-23,19400.0,1437
STBC,2024,2025-08-29,56,2025-10-24,19250.0,1341
STBC,2024,2025-08-29,57,2025-10-25,,
STBC,2024,2025-08-29,58,2025-10-26,,
STBC,2024,2025-08-29,59,2025-10-27,19500.0,1522
STBC,2024,2025-08-29,60,2025-10-28,19780.0,2844
STBC,2025,2026-08-28,-60,2026-06-29,24500.0,2170
STBC,2025,2026-08-28,-59,2026-06-30,24500.0,7247
STBC,2025,2026-08-28,-58,2026-07-01,25000.0,2761
STBC,2025,2026-08-28,-57,2026-07-02,24450.0,3596
STBC,2025,2026-08-28,-56,2026-07-03,24550.0,3141
STBC,2025,2026-08-28,-55,2026-07-04,24350.0,1570
STBC,2025,2026-08-28,-54,2026-07-05,24350.0,1570
STBC,2025,2026-08-28,-53,2026-07-06,24350.0,0
STBC,2025,2026-08-28,-52,2026-07-07,24350.0,0
STBC,2025,2026-08-28,-51,2026-07-08,24550.0,7134
STBC,2025,2026-08-28,-50,2026-07-09,24300.0,4657
STBC,2025,2026-08-28,-49,2026-07-10,24300.0,4657
STBC,2025,2026-08-28,-48,2026-07-11,24105.0,1733
STBC,2025,2026-08-28,-47,2026-07-12,24105.0,1733
STBC,2025,2026-08-28,-46,2026-07-13,24105.0,1733
STBC,2025,2026-08-28,-45,2026-07-14,24200.0,3937
STBC,2025,2026-08-28,-44,2026-07-15,24195.0,2627
STBC,2025,2026-08-28,-43,2026-07-16,23005.0,2303
STBC,2025,2026-08-28,-42,2026-07-17,22235.0,5756
STBC,2025,2026-08-28,-41,2026-07-18,23900.0,3211
STBC,2025,2026-08-28,-40,2026-07-19,,
STBC,2025,2026-08-28,-39,2026-07-20,,
STBC,2025,2026-08-28,-38,2026-07-21,,
STBC,2025,2026-08-28,-37,2026-07-22,,
STBC,2025,2026-08-28,-36,2026-07-23,,
STBC,2025,2026-08-28,-35,2026-07-24,,
STBC,2025,2026-08-28,-34,2026-07-25,,
STBC,2025,2026-08-28,-33,2026-07-26,,
STBC,2025,2026-08-28,-32,2026-07-27,,
STBC,2025,2026-08-28,-31,2026-07-28,,
STBC,2025,2026-08-28,-30,2026-07-29,,
STBC,2025,2026-08-28,-29,2026-07-30,,
STBC,2025,2026-08-28,-28,2026-07-31,,
STBC,2025,2026-08-28,-27,2026-08-01,,
STBC,2025,2026-08-28,-26,2026-08-02,,
STBC,2025,2026-08-28,-25,2026-08-03,,
STBC,2025,2026-08-28,-24,2026-08-04,,
STBC,2025,2026-08-28,-23,2026-08-05,,
STBC,2025,2026-08-28,-22,2026-08-06,,
STBC,2025,2026-08-28,-21,2026-08-07,,
STBC,2025,2026-08-28,-20,2026-08-08,,
STBC,2025,2026-08-28,-19,2026-08-09,,
STBC,2025,2026-08-28,-18,2026-08-10,,
STBC,2025,2026-08-28,-17,2026-08-11,,
STBC,2025,2026-08-28,-16,2026-08-12,,
STBC,2025,2026-08-28,-15,2026-08-13,,
STBC,2025,2026-08-28,-14,2026-08-14,,
STBC,2025,2026-08-28,-13,2026-08-15,,
STBC,2025,2026-08-28,-12,2026-08-16,,
STBC,2025,2026-08-28,-11,2026-08-17,,
STBC,2025,2026-08-28,-10,2026-08-18,,
STBC,2025,2026-08-28,-9,2026-08-19,,
STBC,2025,2026-08-28,-8,2026-08-20,,
STBC,2025,2026-08-28,-7,2026-08-21,,
STBC,2025,2026-08-28,-6,2026-08-22,,
STBC,2025,2026-08-28,-5,2026-08-23,,
STBC,2025,2026-08-28,-4,2026-08-24,,
STBC,2025,2026-08-28,-3,2026-08-25,,
STBC,2025,2026-08-28,-2,2026-08-26,,
STBC,2025,2026-08-28,-1,2026-08-27,,
STBC,2025,2026-08-28,0,2026-08-28,,
STBC,2025,2026-08-28,1,2026-08-29,,
STBC,2025,2026-08-28,2,2026-08-30,,
STBC,2025,2026-08-28,3,2026-08-31,,
STBC,2025,2026-08-28,4,2026-09-01,,
STBC,2025,2026-08-28,5,2026-09-02,,
STBC,2025,2026-08-28,6,2026-09-03,,
STBC,2025,2026-08-28,7,2026-09-04,,
STBC,2025,2026-08-28,8,2026-09-05,,
STBC,2025,2026-08-28,9,2026-09-06,,
STBC,2025,2026-08-28,10,2026-09-07,,
STBC,2025,2026-08-28,11,2026-09-08,,
STBC,2025,2026-08-28,12,2026-09-09,,
STBC,2025,2026-08-28,13,2026-09-10,,
STBC,2025,2026-08-28,14,2026-09-11,,
STBC,2025,2026-08-28,15,2026-09-12,,
STBC,2025,2026-08-28,16,2026-09-13,,
STBC,2025,2026-08-28,17,2026-09-14,,
STBC,2025,2026-08-28,18,2026-09-15,,
STBC,2025,2026-08-28,19,2026-09-16,,
STBC,2025,2026-08-28,20,2026-09-17,,
STBC,2025,2026-08-28,21,2026-09-18,,
STBC,2025,2026-08-28,22,2026-09-19,,
STBC,2025,2026-08-28,23,2026-09-20,,
STBC,2025,2026-08-28,24,2026-09-21,,
STBC,2025,2026-08-28,25,2026-09-22,,
STBC,2025,2026-08-28,26,2026-09-23,,
STBC,2025,2026-08-28,27,2026-09-24,,
STBC,2025,2026-08-28,28,2026-09-25,,
STBC,2025,2026-08-28,29,2026-09-26,,
STBC,2025,2026-08-28,30,2026-09-27,,
STBC,2025,2026-08-28,31,2026-09-28,,
STBC,2025,2026-08-28,32,2026-09-29,,
STBC,2025,2026-08-28,33,2026-09-30,,
STBC,2025,2026-08-28,34,2026-10-01,,
STBC,2025,2026-08-28,35,2026-10-02,,
STBC,2025,2026-08-28,36,2026-10-03,,
STBC,2025,2026-08-28,37,2026-10-04,,
STBC,2025,2026-08-28,38,2026-10-05,,
STBC,2025,2026-08-28,39,2026-10-06,,
STBC,2025,2026-08-28,40,2026-10-07,,
STBC,2025,2026-08-28,41,2026-10-08,,
STBC,2025,2026-08-28,42,2026-10-09,,
STBC,2025,2026-08-28,43,2026-10-10,,
STBC,2025,2026-08-28,44,2026-10-11,,
STBC,2025,2026-08-28,45,2026-10-12,,
STBC,2025,2026-08-28,46,2026-10-13,,
STBC,2025,2026-08-28,47,2026-10-14,,
STBC,2025,2026-08-28,48,2026-10-15,,
STBC,2025,2026-08-28,49,2026-10-16,,
STBC,2025,2026-08-28,50,2026-10-17,,
STBC,2025,2026-08-28,51,2026-10-18,,
STBC,2025,2026-08-28,52,2026-10-19,,
STBC,2025,2026-08-28,53,2026-10-20,,
STBC,2025,2026-08-28,54,2026-10-21,,
STBC,2025,2026-08-28,55,2026-10-22,,
STBC,2025,2026-08-28,56,2026-10-23,,
STBC,2025,2026-08-28,57,2026-10-24,,
STBC,2025,2026-08-28,58,2026-10-25,,
STBC,2025,2026-08-28,59,2026-10-26,,
STBC,2025,2026-08-28,60,2026-10-27,,
TTLC,2021,2022-08-25,-60,2022-06-26,,
TTLC,2021,2022-08-25,-59,2022-06-27,2215.0,4697
TTLC,2021,2022-08-25,-58,2022-06-28,2380.0,333
TTLC,2021,2022-08-25,-57,2022-06-29,2375.0,828
TTLC,2021,2022-08-25,-56,2022-06-30,2355.0,188
TTLC,2021,2022-08-25,-55,2022-07-01,2345.0,119
TTLC,2021,2022-08-25,-54,2022-07-02,,
TTLC,2021,2022-08-25,-53,2022-07-03,,
TTLC,2021,2022-08-25,-52,2022-07-04,2220.0,995
TTLC,2021,2022-08-25,-51,2022-07-05,2345.0,1251
TTLC,2021,2022-08-25,-50,2022-07-06,2255.0,5193
TTLC,2021,2022-08-25,-49,2022-07-07,2250.0,725
TTLC,2021,2022-08-25,-48,2022-07-08,2220.0,307
TTLC,2021,2022-08-25,-47,2022-07-09,,
TTLC,2021,2022-08-25,-46,2022-07-10,,
TTLC,2021,2022-08-25,-45,2022-07-11,2250.0,2982
TTLC,2021,2022-08-25,-44,2022-07-12,2200.0,1324
TTLC,2021,2022-08-25,-43,2022-07-13,2150.0,2413
TTLC,2021,2022-08-25,-42,2022-07-14,2200.0,1555
TTLC,2021,2022-08-25,-41,2022-07-15,2200.0,3382
TTLC,2021,2022-08-25,-40,2022-07-16,,
TTLC,2021,2022-08-25,-39,2022-07-17,,
TTLC,2021,2022-08-25,-38,2022-07-18,2200.0,912
TTLC,2021,2022-08-25,-37,2022-07-19,2200.0,3851
TTLC,2021,2022-08-25,-36,2022-07-20,2200.0,4184
TTLC,2021,2022-08-25,-35,2022-07-21,2200.0,4397
TTLC,2021,2022-08-25,-34,2022-07-22,2200.0,2120
TTLC,2021,2022-08-25,-33,2022-07-23,,
TTLC,2021,2022-08-25,-32,2022-07-24,,
TTLC,2021,2022-08-25,-31,2022-07-25,2220.0,2587
TTLC,2021,2022-08-25,-30,2022-07-26,2215.0,39
TTLC,2021,2022-08-25,-29,2022-07-27,2335.0,196
TTLC,2021,2022-08-25,-28,2022-07-28,2300.0,746
TTLC,2021,2022-08-25,-27,2022-07-29,2300.0,2351
TTLC,2021,2022-08-25,-26,2022-07-30,,
TTLC,2021,2022-08-25,-25,2022-07-31,,
TTLC,2021,2022-08-25,-24,2022-08-01,2290.0,334
TTLC,2021,2022-08-25,-23,2022-08-02,2235.0,12398
TTLC,2021,2022-08-25,-22,2022-08-03,2250.0,1185
TTLC,2021,2022-08-25,-21,2022-08-04,2235.0,1242
TTLC,2021,2022-08-25,-20,2022-08-05,2290.0,2624
TTLC,2021,2022-08-25,-19,2022-08-06,,
TTLC,2021,2022-08-25,-18,2022-08-07,,
TTLC,2021,2022-08-25,-17,2022-08-08,,
TTLC,2021,2022-08-25,-16,2022-08-09,2290.0,827
TTLC,2021,2022-08-25,-15,2022-08-10,2290.0,1323
TTLC,2021,2022-08-25,-14,2022-08-11,2280.0,371
TTLC,2021,2022-08-25,-13,2022-08-12,2270.0,230
TTLC,2021,2022-08-25,-12,2022-08-13,,
TTLC,2021,2022-08-25,-11,2022-08-14,,
TTLC,2021,2022-08-25,-10,2022-08-15,,
TTLC,2021,2022-08-25,-9,2022-08-16,2270.0,998
TTLC,2021,2022-08-25,-8,2022-08-17,2280.0,31
TTLC,2021,2022-08-25,-7,2022-08-18,2280.0,1365
TTLC,2021,2022-08-25,-6,2022-08-19,2265.0,4133
TTLC,2021,2022-08-25,-5,2022-08-20,,
TTLC,2021,2022-08-25,-4,2022-08-21,,
TTLC,2021,2022-08-25,-3,2022-08-22,2270.0,1491
TTLC,2021,2022-08-25,-2,2022-08-23,2265.0,1146
TTLC,2021,2022-08-25,-1,2022-08-24,2200.0,352
TTLC,2021,2022-08-25,0,2022-08-25,2200.0,1686
TTLC,2021,2022-08-25,1,2022-08-26,2250.0,156
TTLC,2021,2022-08-25,2,2022-08-27,,
TTLC,2021,2022-08-25,3,2022-08-28,,
TTLC,2021,2022-08-25,4,2022-08-29,2250.0,279
TTLC,2021,2022-08-25,5,2022-08-30,2225.0,127
TTLC,2021,2022-08-25,6,2022-08-31,2250.0,2023
TTLC,2021,2022-08-25,7,2022-09-01,2250.0,1044
TTLC,2021,2022-08-25,8,2022-09-02,2250.0,284
TTLC,2021,2022-08-25,9,2022-09-03,,
TTLC,2021,2022-08-25,10,2022-09-04,,
TTLC,2021,2022-08-25,11,2022-09-05,2240.0,161
TTLC,2021,2022-08-25,12,2022-09-06,2240.0,300
TTLC,2021,2022-08-25,13,2022-09-07,2230.0,215
TTLC,2021,2022-08-25,14,2022-09-08,2215.0,290
TTLC,2021,2022-08-25,15,2022-09-09,2240.0,18
TTLC,2021,2022-08-25,16,2022-09-10,,
TTLC,2021,2022-08-25,17,2022-09-11,,
TTLC,2021,2022-08-25,18,2022-09-12,2240.0,114
TTLC,2021,2022-08-25,19,2022-09-13,2145.0,2429
TTLC,2021,2022-08-25,20,2022-09-14,2235.0,799
TTLC,2021,2022-08-25,21,2022-09-15,2230.0,354
TTLC,2021,2022-08-25,22,2022-09-16,2250.0,7934
TTLC,2021,2022-08-25,23,2022-09-17,,
TTLC,2021,2022-08-25,24,2022-09-18,,
TTLC,2021,2022-08-25,25,2022-09-19,2250.0,301
TTLC,2021,2022-08-25,26,2022-09-20,2320.0,7166
TTLC,2021,2022-08-25,27,2022-09-21,2300.0,19
TTLC,2021,2022-08-25,28,2022-09-22,2300.0,7462
TTLC,2021,2022-08-25,29,2022-09-23,2300.0,84
TTLC,2021,2022-08-25,30,2022-09-24,,
TTLC,2021,2022-08-25,31,2022-09-25,,
TTLC,2021,2022-08-25,32,2022-09-26,2250.0,21250
TTLC,2021,2022-08-25,33,2022-09-27,2300.0,216
TTLC,2021,2022-08-25,34,2022-09-28,2375.0,406
TTLC,2021,2022-08-25,35,2022-09-29,2330.0,180
TTLC,2021,2022-08-25,36,2022-09-30,2295.0,226
TTLC,2021,2022-08-25,37,2022-10-01,,
TTLC,2021,2022-08-25,38,2022-10-02,,
TTLC,2021,2022-08-25,39,2022-10-03,2300.0,21464
TTLC,2021,2022-08-25,40,2022-10-04,2295.0,680
TTLC,2021,2022-08-25,41,2022-10-05,2250.0,587
TTLC,2021,2022-08-25,42,2022-10-06,2240.0,556
TTLC,2021,2022-08-25,43,2022-10-07,2350.0,2407
TTLC,2021,2022-08-25,44,2022-10-08,,
TTLC,2021,2022-08-25,45,2022-10-09,,
TTLC,2021,2022-08-25,46,2022-10-10,2345.0,771
TTLC,2021,2022-08-25,47,2022-10-11,2330.0,194
TTLC,2021,2022-08-25,48,2022-10-12,2235.0,19988
TTLC,2021,2022-08-25,49,2022-10-13,2350.0,4260
TTLC,2021,2022-08-25,50,2022-10-14,2300.0,21
TTLC,2021,2022-08-25,51,2022-10-15,,
TTLC,2021,2022-08-25,52,2022-10-16,,
TTLC,2021,2022-08-25,53,2022-10-17,2300.0,50
TTLC,2021,2022-08-25,54,2022-10-18,2250.0,99
TTLC,2021,2022-08-25,55,2022-10-19,2340.0,135
TTLC,2021,2022-08-25,56,2022-10-20,2250.0,2950
TTLC,2021,2022-08-25,57,2022-10-21,2250.0,0
TTLC,2021,2022-08-25,58,2022-10-22,,
TTLC,2021,2022-08-25,59,2022-10-23,,
TTLC,2021,2022-08-25,60,2022-10-24,2250.0,617
TTLC,2022,2023-09-21,-60,2023-07-23,,
TTLC,2022,2023-09-21,-59,2023-07-24,2230.0,762
TTLC,2022,2023-09-21,-58,2023-07-25,2240.0,9682
TTLC,2022,2023-09-21,-57,2023-07-26,2240.0,1010
TTLC,2022,2023-09-21,-56,2023-07-27,2265.0,4612
TTLC,2022,2023-09-21,-55,2023-07-28,2265.0,725
TTLC,2022,2023-09-21,-54,2023-07-29,,
TTLC,2022,2023-09-21,-53,2023-07-30,,
TTLC,2022,2023-09-21,-52,2023-07-31,2380.0,2560
TTLC,2022,2023-09-21,-51,2023-08-01,2370.0,1608
TTLC,2022,2023-09-21,-50,2023-08-02,2310.0,501
TTLC,2022,2023-09-21,-49,2023-08-03,2370.0,804
TTLC,2022,2023-09-21,-48,2023-08-04,2230.0,1406
TTLC,2022,2023-09-21,-47,2023-08-05,,
TTLC,2022,2023-09-21,-46,2023-08-06,,
TTLC,2022,2023-09-21,-45,2023-08-07,,
TTLC,2022,2023-09-21,-44,2023-08-08,2150.0,6901
TTLC,2022,2023-09-21,-43,2023-08-09,2150.0,2364
TTLC,2022,2023-09-21,-42,2023-08-10,2160.0,815
TTLC,2022,2023-09-21,-41,2023-08-11,2150.0,1246
TTLC,2022,2023-09-21,-40,2023-08-12,,
TTLC,2022,2023-09-21,-39,2023-08-13,,
TTLC,2022,2023-09-21,-38,2023-08-14,2150.0,372
TTLC,2022,2023-09-21,-37,2023-08-15,,
TTLC,2022,2023-09-21,-36,2023-08-16,2150.0,498
TTLC,2022,2023-09-21,-35,2023-08-17,2150.0,27819
TTLC,2022,2023-09-21,-34,2023-08-18,2150.0,2637
TTLC,2022,2023-09-21,-33,2023-08-19,,
TTLC,2022,2023-09-21,-32,2023-08-20,,
TTLC,2022,2023-09-21,-31,2023-08-21,2150.0,1687
TTLC,2022,2023-09-21,-30,2023-08-22,2150.0,1445
TTLC,2022,2023-09-21,-29,2023-08-23,2145.0,2005
TTLC,2022,2023-09-21,-28,2023-08-24,2145.0,2832
TTLC,2022,2023-09-21,-27,2023-08-25,2150.0,456783
TTLC,2022,2023-09-21,-26,2023-08-26,,
TTLC,2022,2023-09-21,-25,2023-08-27,,
TTLC,2022,2023-09-21,-24,2023-08-28,2145.0,11046
TTLC,2022,2023-09-21,-23,2023-08-29,2130.0,38844
TTLC,2022,2023-09-21,-22,2023-08-30,2145.0,865
TTLC,2022,2023-09-21,-21,2023-08-31,2150.0,9970
TTLC,2022,2023-09-21,-20,2023-09-01,2150.0,275
TTLC,2022,2023-09-21,-19,2023-09-02,,
TTLC,2022,2023-09-21,-18,2023-09-03,,
TTLC,2022,2023-09-21,-17,2023-09-04,2150.0,3274
TTLC,2022,2023-09-21,-16,2023-09-05,2150.0,990
TTLC,2022,2023-09-21,-15,2023-09-06,2175.0,12993
TTLC,2022,2023-09-21,-14,2023-09-07,2170.0,4128
TTLC,2022,2023-09-21,-13,2023-09-08,2160.0,3679
TTLC,2022,2023-09-21,-12,2023-09-09,,
TTLC,2022,2023-09-21,-11,2023-09-10,,
TTLC,2022,2023-09-21,-10,2023-09-11,2155.0,1680
TTLC,2022,2023-09-21,-9,2023-09-12,2155.0,2332
TTLC,2022,2023-09-21,-8,2023-09-13,2310.0,22027
TTLC,2022,2023-09-21,-7,2023-09-14,2300.0,3419
TTLC,2022,2023-09-21,-6,2023-09-15,2300.0,12188
TTLC,2022,2023-09-21,-5,2023-09-16,,
TTLC,2022,2023-09-21,-4,2023-09-17,,
TTLC,2022,2023-09-21,-3,2023-09-18,2295.0,1053
TTLC,2022,2023-09-21,-2,2023-09-19,2150.0,5840
TTLC,2022,2023-09-21,-1,2023-09-20,2155.0,4631
TTLC,2022,2023-09-21,0,2023-09-21,2155.0,303
TTLC,2022,2023-09-21,1,2023-09-22,2155.0,2061
TTLC,2022,2023-09-21,2,2023-09-23,,
TTLC,2022,2023-09-21,3,2023-09-24,,
TTLC,2022,2023-09-21,4,2023-09-25,2145.0,476
TTLC,2022,2023-09-21,5,2023-09-26,2010.0,1275
TTLC,2022,2023-09-21,6,2023-09-27,,
TTLC,2022,2023-09-21,7,2023-09-28,2150.0,1230
TTLC,2022,2023-09-21,8,2023-09-29,2160.0,1313
TTLC,2022,2023-09-21,9,2023-09-30,,
TTLC,2022,2023-09-21,10,2023-10-01,,
TTLC,2022,2023-09-21,11,2023-10-02,2180.0,4643
TTLC,2022,2023-09-21,12,2023-10-03,2100.0,6494
TTLC,2022,2023-09-21,13,2023-10-04,2100.0,3114
TTLC,2022,2023-09-21,14,2023-10-05,2100.0,418
TTLC,2022,2023-09-21,15,2023-10-06,2100.0,9352
TTLC,2022,2023-09-21,16,2023-10-07,,
TTLC,2022,2023-09-21,17,2023-10-08,,
TTLC,2022,2023-09-21,18,2023-10-09,2085.0,3726
TTLC,2022,2023-09-21,19,2023-10-10,2105.0,12379
TTLC,2022,2023-09-21,20,2023-10-11,2095.0,989
TTLC,2022,2023-09-21,21,2023-10-12,2120.0,2605
TTLC,2022,2023-09-21,22,2023-10-13,2110.0,635
TTLC,2022,2023-09-21,23,2023-10-14,,
TTLC,2022,2023-09-21,24,2023-10-15,,
TTLC,2022,2023-09-21,25,2023-10-16,2100.0,3390
TTLC,2022,2023-09-21,26,2023-10-17,2090.0,7077
TTLC,2022,2023-09-21,27,2023-10-18,2010.0,2914
TTLC,2022,2023-09-21,28,2023-10-19,2000.0,666
TTLC,2022,2023-09-21,29,2023-10-20,2000.0,3617
TTLC,2022,2023-09-21,30,2023-10-21,,
TTLC,2022,2023-09-21,31,2023-10-22,,
TTLC,2022,2023-09-21,32,2023-10-23,1950.0,4939
TTLC,2022,2023-09-21,33,2023-10-24,1990.0,3328
TTLC,2022,2023-09-21,34,2023-10-25,1950.0,936
TTLC,2022,2023-09-21,35,2023-10-26,1950.0,2147
TTLC,2022,2023-09-21,36,2023-10-27,2000.0,5695
TTLC,2022,2023-09-21,37,2023-10-28,,
TTLC,2022,2023-09-21,38,2023-10-29,,
TTLC,2022,2023-09-21,39,2023-10-30,2000.0,795
TTLC,2022,2023-09-21,40,2023-10-31,1900.0,3710
TTLC,2022,2023-09-21,41,2023-11-01,,
TTLC,2022,2023-09-21,42,2023-11-02,1915.0,1302
TTLC,2022,2023-09-21,43,2023-11-03,1990.0,445
TTLC,2022,2023-09-21,44,2023-11-04,,
TTLC,2022,2023-09-21,45,2023-11-05,,
TTLC,2022,2023-09-21,46,2023-11-06,1995.0,163
TTLC,2022,2023-09-21,47,2023-11-07,1995.0,434
TTLC,2022,2023-09-21,48,2023-11-08,1905.0,7921
TTLC,2022,2023-09-21,49,2023-11-09,1900.0,9874
TTLC,2022,2023-09-21,50,2023-11-10,1850.0,6094
TTLC,2022,2023-09-21,51,2023-11-11,,
TTLC,2022,2023-09-21,52,2023-11-12,,
TTLC,2022,2023-09-21,53,2023-11-13,1855.0,1167
TTLC,2022,2023-09-21,54,2023-11-14,1855.0,8
TTLC,2022,2023-09-21,55,2023-11-15,,
TTLC,2022,2023-09-21,56,2023-11-16,1850.0,2220
TTLC,2022,2023-09-21,57,2023-11-17,1850.0,10733
TTLC,2022,2023-09-21,58,2023-11-18,,
TTLC,2022,2023-09-21,59,2023-11-19,,
TTLC,2022,2023-09-21,60,2023-11-20,1855.0,994
TTLC,2023,2024-09-17,-60,2024-07-19,2175.0,10695
TTLC,2023,2024-09-17,-59,2024-07-20,,
TTLC,2023,2024-09-17,-58,2024-07-21,,
TTLC,2023,2024-09-17,-57,2024-07-22,2195.0,6251
TTLC,2023,2024-09-17,-56,2024-07-23,2180.0,623
TTLC,2023,2024-09-17,-55,2024-07-24,2180.0,1397
TTLC,2023,2024-09-17,-54,2024-07-25,2175.0,126
TTLC,2023,2024-09-17,-53,2024-07-26,2180.0,10418
TTLC,2023,2024-09-17,-52,2024-07-27,,
TTLC,2023,2024-09-17,-51,2024-07-28,,
TTLC,2023,2024-09-17,-50,2024-07-29,2250.0,3259
TTLC,2023,2024-09-17,-49,2024-07-30,2240.0,863
TTLC,2023,2024-09-17,-48,2024-07-31,2190.0,8905
TTLC,2023,2024-09-17,-47,2024-08-01,2250.0,2373
TTLC,2023,2024-09-17,-46,2024-08-02,2255.0,1883
TTLC,2023,2024-09-17,-45,2024-08-03,,
TTLC,2023,2024-09-17,-44,2024-08-04,,
TTLC,2023,2024-09-17,-43,2024-08-05,2270.0,2879
TTLC,2023,2024-09-17,-42,2024-08-06,2385.0,1704
TTLC,2023,2024-09-17,-41,2024-08-07,,
TTLC,2023,2024-09-17,-40,2024-08-08,2435.0,18480
TTLC,2023,2024-09-17,-39,2024-08-09,2435.0,2580
TTLC,2023,2024-09-17,-38,2024-08-10,,
TTLC,2023,2024-09-17,-37,2024-08-11,,
TTLC,2023,2024-09-17,-36,2024-08-12,2425.0,23673
TTLC,2023,2024-09-17,-35,2024-08-13,2385.0,5017
TTLC,2023,2024-09-17,-34,2024-08-14,2385.0,3669
TTLC,2023,2024-09-17,-33,2024-08-15,,
TTLC,2023,2024-09-17,-32,2024-08-16,2380.0,5281
TTLC,2023,2024-09-17,-31,2024-08-17,,
TTLC,2023,2024-09-17,-30,2024-08-18,,
TTLC,2023,2024-09-17,-29,2024-08-19,2425.0,1002
TTLC,2023,2024-09-17,-28,2024-08-20,2385.0,20535
TTLC,2023,2024-09-17,-27,2024-08-21,2415.0,4029
TTLC,2023,2024-09-17,-26,2024-08-22,2425.0,1440
TTLC,2023,2024-09-17,-25,2024-08-23,2425.0,26566
TTLC,2023,2024-09-17,-24,2024-08-24,,
TTLC,2023,2024-09-17,-23,2024-08-25,,
TTLC,2023,2024-09-17,-22,2024-08-26,2445.0,18243
TTLC,2023,2024-09-17,-21,2024-08-27,2300.0,57363
TTLC,2023,2024-09-17,-20,2024-08-28,2400.0,13582
TTLC,2023,2024-09-17,-19,2024-08-29,2450.0,26440
TTLC,2023,2024-09-17,-18,2024-08-30,,
TTLC,2023,2024-09-17,-17,2024-08-31,,
TTLC,2023,2024-09-17,-16,2024-09-01,,
TTLC,2023,2024-09-17,-15,2024-09-02,2535.0,2376
TTLC,2023,2024-09-17,-14,2024-09-03,2620.0,8662
TTLC,2023,2024-09-17,-13,2024-09-04,2600.0,7720
TTLC,2023,2024-09-17,-12,2024-09-05,2615.0,18191
TTLC,2023,2024-09-17,-11,2024-09-06,2630.0,17281
TTLC,2023,2024-09-17,-10,2024-09-07,,
TTLC,2023,2024-09-17,-9,2024-09-08,,
TTLC,2023,2024-09-17,-8,2024-09-09,2615.0,1479
TTLC,2023,2024-09-17,-7,2024-09-10,2650.0,12870
TTLC,2023,2024-09-17,-6,2024-09-11,2650.0,4706
TTLC,2023,2024-09-17,-5,2024-09-12,2690.0,5756
TTLC,2023,2024-09-17,-4,2024-09-13,2490.0,772
TTLC,2023,2024-09-17,-3,2024-09-14,,
TTLC,2023,2024-09-17,-2,2024-09-15,,
TTLC,2023,2024-09-17,-1,2024-09-16,2420.0,2461
TTLC,2023,2024-09-17,0,2024-09-17,2385.0,1455
TTLC,2023,2024-09-17,1,2024-09-18,2300.0,1701
TTLC,2023,2024-09-17,2,2024-09-19,2300.0,6103
TTLC,2023,2024-09-17,3,2024-09-20,2375.0,7752
TTLC,2023,2024-09-17,4,2024-09-21,,
TTLC,2023,2024-09-17,5,2024-09-22,,
TTLC,2023,2024-09-17,6,2024-09-23,2490.0,4319
TTLC,2023,2024-09-17,7,2024-09-24,2395.0,5016
TTLC,2023,2024-09-17,8,2024-09-25,2365.0,3518
TTLC,2023,2024-09-17,9,2024-09-26,2360.0,12362
TTLC,2023,2024-09-17,10,2024-09-27,2350.0,833
TTLC,2023,2024-09-17,11,2024-09-28,,
TTLC,2023,2024-09-17,12,2024-09-29,,
TTLC,2023,2024-09-17,13,2024-09-30,2290.0,8149
TTLC,2023,2024-09-17,14,2024-10-01,2395.0,5808
TTLC,2023,2024-09-17,15,2024-10-02,2300.0,2067
TTLC,2023,2024-09-17,16,2024-10-03,2340.0,109
TTLC,2023,2024-09-17,17,2024-10-04,2330.0,742
TTLC,2023,2024-09-17,18,2024-10-05,,
TTLC,2023,2024-09-17,19,2024-10-06,,
TTLC,2023,2024-09-17,20,2024-10-07,2260.0,1646
TTLC,2023,2024-09-17,21,2024-10-08,2250.0,2838
TTLC,2023,2024-09-17,22,2024-10-09,2230.0,1523
TTLC,2023,2024-09-17,23,2024-10-10,2160.0,8593
TTLC,2023,2024-09-17,24,2024-10-11,2290.0,1638
TTLC,2023,2024-09-17,25,2024-10-12,,
TTLC,2023,2024-09-17,26,2024-10-13,,
TTLC,2023,2024-09-17,27,2024-10-14,2285.0,412
TTLC,2023,2024-09-17,28,2024-10-15,2300.0,44678
TTLC,2023,2024-09-17,29,2024-10-16,2260.0,860
TTLC,2023,2024-09-17,30,2024-10-17,2335.0,632
TTLC,2023,2024-09-17,31,2024-10-18,2340.0,4319
TTLC,2023,2024-09-17,32,2024-10-19,,
TTLC,2023,2024-09-17,33,2024-10-20,,
TTLC,2023,2024-09-17,34,2024-10-21,2365.0,2953
TTLC,2023,2024-09-17,35,2024-10-22,2375.0,1292
TTLC,2023,2024-09-17,36,2024-10-23,2375.0,517
TTLC,2023,2024-09-17,37,2024-10-24,2405.0,1373
TTLC,2023,2024-09-17,38,2024-10-25,2525.0,5713
TTLC,2023,2024-09-17,39,2024-10-26,,
TTLC,2023,2024-09-17,40,2024-10-27,,
TTLC,2023,2024-09-17,41,2024-10-28,2525.0,14654
TTLC,2023,2024-09-17,42,2024-10-29,2505.0,7151
TTLC,2023,2024-09-17,43,2024-10-30,2500.0,2360
TTLC,2023,2024-09-17,44,2024-10-31,2450.0,542
TTLC,2023,2024-09-17,45,2024-11-01,,
TTLC,2023,2024-09-17,46,2024-11-02,,
TTLC,2023,2024-09-17,47,2024-11-03,,
TTLC,2023,2024-09-17,48,2024-11-04,2460.0,4366
TTLC,2023,2024-09-17,49,2024-11-05,2460.0,8750
TTLC,2023,2024-09-17,50,2024-11-06,2480.0,1258
TTLC,2023,2024-09-17,51,2024-11-07,2485.0,1112
TTLC,2023,2024-09-17,52,2024-11-08,2485.0,782
TTLC,2023,2024-09-17,53,2024-11-09,,
TTLC,2023,2024-09-17,54,2024-11-10,,
TTLC,2023,2024-09-17,55,2024-11-11,2490.0,2254
TTLC,2023,2024-09-17,56,2024-11-12,2490.0,5816
TTLC,2023,2024-09-17,57,2024-11-13,2495.0,1306
TTLC,2023,2024-09-17,58,2024-11-14,2490.0,550
TTLC,2023,2024-09-17,59,2024-11-15,,
TTLC,2023,2024-09-17,60,2024-11-16,,
TTLC,2024,2025-09-03,-60,2025-07-05,,
TTLC,2024,2025-09-03,-59,2025-07-06,,
TTLC,2024,2025-09-03,-58,2025-07-07,2670.0,768
TTLC,2024,2025-09-03,-57,2025-07-08,2645.0,6550
TTLC,2024,2025-09-03,-56,2025-07-09,2645.0,7538
TTLC,2024,2025-09-03,-55,2025-07-10,2620.0,1112
TTLC,2024,2025-09-03,-54,2025-07-11,2660.0,2861
TTLC,2024,2025-09-03,-53,2025-07-12,,
TTLC,2024,2025-09-03,-52,2025-07-13,,
TTLC,2024,2025-09-03,-51,2025-07-14,2665.0,4530
TTLC,2024,2025-09-03,-50,2025-07-15,2665.0,4358
TTLC,2024,2025-09-03,-49,2025-07-16,2600.0,1685
TTLC,2024,2025-09-03,-48,2025-07-17,2550.0,7131
TTLC,2024,2025-09-03,-47,2025-07-18,2540.0,758
TTLC,2024,2025-09-03,-46,2025-07-19,,
TTLC,2024,2025-09-03,-45,2025-07-20,,
TTLC,2024,2025-09-03,-44,2025-07-21,2605.0,1886
TTLC,2024,2025-09-03,-43,2025-07-22,2500.0,12542
TTLC,2024,2025-09-03,-42,2025-07-23,2500.0,16456
TTLC,2024,2025-09-03,-41,2025-07-24,2500.0,773
TTLC,2024,2025-09-03,-40,2025-07-25,2500.0,3689
TTLC,2024,2025-09-03,-39,2025-07-26,,
TTLC,2024,2025-09-03,-38,2025-07-27,,
TTLC,2024,2025-09-03,-37,2025-07-28,2500.0,2636
TTLC,2024,2025-09-03,-36,2025-07-29,2500.0,1898
TTLC,2024,2025-09-03,-35,2025-07-30,2460.0,1967
TTLC,2024,2025-09-03,-34,2025-07-31,2525.0,5410
TTLC,2024,2025-09-03,-33,2025-08-01,2600.0,2366
TTLC,2024,2025-09-03,-32,2025-08-02,,
TTLC,2024,2025-09-03,-31,2025-08-03,,
TTLC,2024,2025-09-03,-30,2025-08-04,2570.0,1194
TTLC,2024,2025-09-03,-29,2025-08-05,2595.0,1780
TTLC,2024,2025-09-03,-28,2025-08-06,2595.0,500
TTLC,2024,2025-09-03,-27,2025-08-07,,
TTLC,2024,2025-09-03,-26,2025-08-08,2595.0,2338
TTLC,2024,2025-09-03,-25,2025-08-09,,
TTLC,2024,2025-09-03,-24,2025-08-10,,
TTLC,2024,2025-09-03,-23,2025-08-11,2425.0,49595
TTLC,2024,2025-09-03,-22,2025-08-12,2500.0,1021
TTLC,2024,2025-09-03,-21,2025-08-13,2520.0,448
TTLC,2024,2025-09-03,-20,2025-08-14,2550.0,923
TTLC,2024,2025-09-03,-19,2025-08-15,,
TTLC,2024,2025-09-03,-18,2025-08-16,,
TTLC,2024,2025-09-03,-17,2025-08-17,,
TTLC,2024,2025-09-03,-16,2025-08-18,2595.0,2725
TTLC,2024,2025-09-03,-15,2025-08-19,2600.0,26547
TTLC,2024,2025-09-03,-14,2025-08-20,2590.0,10924
TTLC,2024,2025-09-03,-13,2025-08-21,2575.0,48344
TTLC,2024,2025-09-03,-12,2025-08-22,2580.0,24720
TTLC,2024,2025-09-03,-11,2025-08-23,,
TTLC,2024,2025-09-03,-10,2025-08-24,,
TTLC,2024,2025-09-03,-9,2025-08-25,2455.0,69828
TTLC,2024,2025-09-03,-8,2025-08-26,2580.0,6915
TTLC,2024,2025-09-03,-7,2025-08-27,2540.0,27591
TTLC,2024,2025-09-03,-6,2025-08-28,2540.0,2264
TTLC,2024,2025-09-03,-5,2025-08-29,2540.0,2688
TTLC,2024,2025-09-03,-4,2025-08-30,,
TTLC,2024,2025-09-03,-3,2025-08-31,,
TTLC,2024,2025-09-03,-2,2025-09-01,2445.0,5607
TTLC,2024,2025-09-03,-1,2025-09-02,2440.0,2797
TTLC,2024,2025-09-03,0,2025-09-03,2440.0,2852
TTLC,2024,2025-09-03,1,2025-09-04,,
TTLC,2024,2025-09-03,2,2025-09-05,2440.0,6692
TTLC,2024,2025-09-03,3,2025-09-06,,
TTLC,2024,2025-09-03,4,2025-09-07,,
TTLC,2024,2025-09-03,5,2025-09-08,2435.0,6106
TTLC,2024,2025-09-03,6,2025-09-09,2400.0,7322
TTLC,2024,2025-09-03,7,2025-09-10,2395.0,12832
TTLC,2024,2025-09-03,8,2025-09-11,2380.0,7781
TTLC,2024,2025-09-03,9,2025-09-12,2350.0,13623
TTLC,2024,2025-09-03,10,2025-09-13,,
TTLC,2024,2025-09-03,11,2025-09-14,,
TTLC,2024,2025-09-03,12,2025-09-15,2395.0,4046
TTLC,2024,2025-09-03,13,2025-09-16,2300.0,34966
TTLC,2024,2025-09-03,14,2025-09-17,2385.0,2516
TTLC,2024,2025-09-03,15,2025-09-18,2410.0,2090
TTLC,2024,2025-09-03,16,2025-09-19,2425.0,1948
TTLC,2024,2025-09-03,17,2025-09-20,,
TTLC,2024,2025-09-03,18,2025-09-21,,
TTLC,2024,2025-09-03,19,2025-09-22,2450.0,13475
TTLC,2024,2025-09-03,20,2025-09-23,2460.0,1603
TTLC,2024,2025-09-03,21,2025-09-24,2450.0,2648
TTLC,2024,2025-09-03,22,2025-09-25,2450.0,12738
TTLC,2024,2025-09-03,23,2025-09-26,2450.0,5335
TTLC,2024,2025-09-03,24,2025-09-27,,
TTLC,2024,2025-09-03,25,2025-09-28,,
TTLC,2024,2025-09-03,26,2025-09-29,2450.0,2897
TTLC,2024,2025-09-03,27,2025-09-30,2400.0,2829
TTLC,2024,2025-09-03,28,2025-10-01,2400.0,2842
TTLC,2024,2025-09-03,29,2025-10-02,2425.0,1134
TTLC,2024,2025-09-03,30,2025-10-03,2445.0,6717
TTLC,2024,2025-09-03,31,2025-10-04,,
TTLC,2024,2025-09-03,32,2025-10-05,,
TTLC,2024,2025-09-03,33,2025-10-06,2500.0,21653
TTLC,2024,2025-09-03,34,2025-10-07,2450.0,14054
TTLC,2024,2025-09-03,35,2025-10-08,2480.0,1333
TTLC,2024,2025-09-03,36,2025-10-09,2490.0,4326
TTLC,2024,2025-09-03,37,2025-10-10,2490.0,2000
TTLC,2024,2025-09-03,38,2025-10-11,,
TTLC,2024,2025-09-03,39,2025-10-12,,
TTLC,2024,2025-09-03,40,2025-10-13,2500.0,4403
TTLC,2024,2025-09-03,41,2025-10-14,2325.0,119261
TTLC,2024,2025-09-03,42,2025-10-15,2445.0,52095
TTLC,2024,2025-09-03,43,2025-10-16,2450.0,26355
TTLC,2024,2025-09-03,44,2025-10-17,2270.0,17624
TTLC,2024,2025-09-03,45,2025-10-18,,
TTLC,2024,2025-09-03,46,2025-10-19,,
TTLC,2024,2025-09-03,47,2025-10-20,2300.0,15882
TTLC,2024,2025-09-03,48,2025-10-21,2400.0,11077
TTLC,2024,2025-09-03,49,2025-10-22,2350.0,5129
TTLC,2024,2025-09-03,50,2025-10-23,2345.0,8715
TTLC,2024,2025-09-03,51,2025-10-24,2390.0,2846
TTLC,2024,2025-09-03,52,2025-10-25,,
TTLC,2024,2025-09-03,53,2025-10-26,,
TTLC,2024,2025-09-03,54,2025-10-27,2390.0,5468
TTLC,2024,2025-09-03,55,2025-10-28,2350.0,11083
TTLC,2024,2025-09-03,56,2025-10-29,2355.0,8067
TTLC,2024,2025-09-03,57,2025-10-30,2350.0,7440
TTLC,2024,2025-09-03,58,2025-10-31,2380.0,8270
TTLC,2024,2025-09-03,59,2025-11-01,,
TTLC,2024,2025-09-03,60,2025-11-02,,
TTLC,2025,2026-09-30,-60,2026-08-01,,
TTLC,2025,2026-09-30,-59,2026-08-02,,
TTLC,2025,2026-09-30,-58,2026-08-03,,
TTLC,2025,2026-09-30,-57,2026-08-04,,
TTLC,2025,2026-09-30,-56,2026-08-05,,
TTLC,2025,2026-09-30,-55,2026-08-06,,
TTLC,2025,2026-09-30,-54,2026-08-07,,
TTLC,2025,2026-09-30,-53,2026-08-08,,
TTLC,2025,2026-09-30,-52,2026-08-09,,
TTLC,2025,2026-09-30,-51,2026-08-10,,
TTLC,2025,2026-09-30,-50,2026-08-11,,
TTLC,2025,2026-09-30,-49,2026-08-12,,
TTLC,2025,2026-09-30,-48,2026-08-13,,
TTLC,2025,2026-09-30,-47,2026-08-14,,
TTLC,2025,2026-09-30,-46,2026-08-15,,
TTLC,2025,2026-09-30,-45,2026-08-16,,
TTLC,2025,2026-09-30,-44,2026-08-17,,
TTLC,2025,2026-09-30,-43,2026-08-18,,
TTLC,2025,2026-09-30,-42,2026-08-19,,
TTLC,2025,2026-09-30,-41,2026-08-20,,
TTLC,2025,2026-09-30,-40,2026-08-21,,
TTLC,2025,2026-09-30,-39,2026-08-22,,
TTLC,2025,2026-09-30,-38,2026-08-23,,
TTLC,2025,2026-09-30,-37,2026-08-24,,
TTLC,2025,2026-09-30,-36,2026-08-25,,
TTLC,2025,2026-09-30,-35,2026-08-26,,
TTLC,2025,2026-09-30,-34,2026-08-27,,
TTLC,2025,2026-09-30,-33,2026-08-28,,
TTLC,2025,2026-09-30,-32,2026-08-29,,
TTLC,2025,2026-09-30,-31,2026-08-30,,
TTLC,2025,2026-09-30,-30,2026-08-31,,
TTLC,2025,2026-09-30,-29,2026-09-01,,
TTLC,2025,2026-09-30,-28,2026-09-02,,
TTLC,2025,2026-09-30,-27,2026-09-03,,
TTLC,2025,2026-09-30,-26,2026-09-04,,
TTLC,2025,2026-09-30,-25,2026-09-05,,
TTLC,2025,2026-09-30,-24,2026-09-06,,
TTLC,2025,2026-09-30,-23,2026-09-07,,
TTLC,2025,2026-09-30,-22,2026-09-08,,
TTLC,2025,2026-09-30,-21,2026-09-09,,
TTLC,2025,2026-09-30,-20,2026-09-10,,
TTLC,2025,2026-09-30,-19,2026-09-11,,
TTLC,2025,2026-09-30,-18,2026-09-12,,
TTLC,2025,2026-09-30,-17,2026-09-13,,
TTLC,2025,2026-09-30,-16,2026-09-14,,
TTLC,2025,2026-09-30,-15,2026-09-15,,
TTLC,2025,2026-09-30,-14,2026-09-16,,
TTLC,2025,2026-09-30,-13,2026-09-17,,
TTLC,2025,2026-09-30,-12,2026-09-18,,
TTLC,2025,2026-09-30,-11,2026-09-19,,
TTLC,2025,2026-09-30,-10,2026-09-20,,
TTLC,2025,2026-09-30,-9,2026-09-21,,
TTLC,2025,2026-09-30,-8,2026-09-22,,
TTLC,2025,2026-09-30,-7,2026-09-23,,
TTLC,2025,2026-09-30,-6,2026-09-24,,
TTLC,2025,2026-09-30,-5,2026-09-25,,
TTLC,2025,2026-09-30,-4,2026-09-26,,
TTLC,2025,2026-09-30,-3,2026-09-27,,
TTLC,2025,2026-09-30,-2,2026-09-28,,
TTLC,2025,2026-09-30,-1,2026-09-29,,
TTLC,2025,2026-09-30,0,2026-09-30,,
TTLC,2025,2026-09-30,1,2026-10-01,,
TTLC,2025,2026-09-30,2,2026-10-02,,
TTLC,2025,2026-09-30,3,2026-10-03,,
TTLC,2025,2026-09-30,4,2026-10-04,,
TTLC,2025,2026-09-30,5,2026-10-05,,
TTLC,2025,2026-09-30,6,2026-10-06,,
TTLC,2025,2026-09-30,7,2026-10-07,,
TTLC,2025,2026-09-30,8,2026-10-08,,
TTLC,2025,2026-09-30,9,2026-10-09,,
TTLC,2025,2026-09-30,10,2026-10-10,,
TTLC,2025,2026-09-30,11,2026-10-11,,
TTLC,2025,2026-09-30,12,2026-10-12,,
TTLC,2025,2026-09-30,13,2026-10-13,,
TTLC,2025,2026-09-30,14,2026-10-14,,
TTLC,2025,2026-09-30,15,2026-10-15,,
TTLC,2025,2026-09-30,16,2026-10-16,,
TTLC,2025,2026-09-30,17,2026-10-17,,
TTLC,2025,2026-09-30,18,2026-10-18,,
TTLC,2025,2026-09-30,19,2026-10-19,,
TTLC,2025,2026-09-30,20,2026-10-20,,
TTLC,2025,2026-09-30,21,2026-10-21,,
TTLC,2025,2026-09-30,22,2026-10-22,,
TTLC,2025,2026-09-30,23,2026-10-23,,
TTLC,2025,2026-09-30,24,2026-10-24,,
TTLC,2025,2026-09-30,25,2026-10-25,,
TTLC,2025,2026-09-30,26,2026-10-26,,
TTLC,2025,2026-09-30,27,2026-10-27,,
TTLC,2025,2026-09-30,28,2026-10-28,,
TTLC,2025,2026-09-30,29,2026-10-29,,
TTLC,2025,2026-09-30,30,2026-10-30,,
TTLC,2025,2026-09-30,31,2026-10-31,,
TTLC,2025,2026-09-30,32,2026-11-01,,
TTLC,2025,2026-09-30,33,2026-11-02,,
TTLC,2025,2026-09-30,34,2026-11-03,,
TTLC,2025,2026-09-30,35,2026-11-04,,
TTLC,2025,2026-09-30,36,2026-11-05,,
TTLC,2025,2026-09-30,37,2026-11-06,,
TTLC,2025,2026-09-30,38,2026-11-07,,
TTLC,2025,2026-09-30,39,2026-11-08,,
TTLC,2025,2026-09-30,40,2026-11-09,,
TTLC,2025,2026-09-30,41,2026-11-10,,
TTLC,2025,2026-09-30,42,2026-11-11,,
TTLC,2025,2026-09-30,43,2026-11-12,,
TTLC,2025,2026-09-30,44,2026-11-13,,
TTLC,2025,2026-09-30,45,2026-11-14,,
TTLC,2025,2026-09-30,46,2026-11-15,,
TTLC,2025,2026-09-30,47,2026-11-16,,
TTLC,2025,2026-09-30,48,2026-11-17,,
TTLC,2025,2026-09-30,49,2026-11-18,,
TTLC,2025,2026-09-30,50,2026-11-19,,
TTLC,2025,2026-09-30,51,2026-11-20,,
TTLC,2025,2026-09-30,52,2026-11-21,,
TTLC,2025,2026-09-30,53,2026-11-22,,
TTLC,2025,2026-09-30,54,2026-11-23,,
TTLC,2025,2026-09-30,55,2026-11-24,,
TTLC,2025,2026-09-30,56,2026-11-25,,
TTLC,2025,2026-09-30,57,2026-11-26,,
TTLC,2025,2026-09-30,58,2026-11-27,,
TTLC,2025,2026-09-30,59,2026-11-28,,
TTLC,2025,2026-09-30,60,2026-11-29,,
