ticker,run_date,prediction_date,horizon,predicted,naive,actual,ae_gru,ae_naive,direction_correct
ABJC,2026-05-04,2026-05-18,14,2865.71,3215.0,2850.0,15.710000000000036,365.0,True
BICB,2026-05-04,2026-05-18,14,5045.73,5310.0,5200.0,154.27000000000044,110.0,True
BICC,2026-05-04,2026-05-18,14,23465.64,24850.0,26450.0,2984.3600000000006,1600.0,False
BNBC,2026-05-04,2026-05-18,14,1603.79,1565.0,1545.0,58.789999999999964,20.0,False
BOAB,2026-05-04,2026-05-18,14,7830.31,8850.0,9400.0,1569.6899999999996,550.0,False
BOABF,2026-05-04,2026-05-18,14,5442.69,5650.0,5400.0,42.6899999999996,250.0,True
BOAC,2026-05-04,2026-05-18,14,7889.94,9190.0,8630.0,740.0600000000004,560.0,True
BOAM,2026-05-04,2026-05-18,14,4457.74,4670.0,4690.0,232.26000000000022,20.0,False
BOAN,2026-05-04,2026-05-18,14,3679.78,3660.0,3445.0,234.7800000000002,215.0,False
BOAS,2026-05-04,2026-05-18,14,6396.36,7045.0,7595.0,1198.6400000000003,550.0,False
CABC,2026-05-04,2026-05-18,14,6184.75,3600.0,3495.0,2689.75,105.0,False
CBIBF,2026-05-04,2026-05-18,14,14383.19,16100.0,19905.0,5521.8099999999995,3805.0,False
CFAC,2026-05-04,2026-05-18,14,1261.24,1430.0,1555.0,293.76,125.0,False
CIEC,2026-05-04,2026-05-18,14,2859.58,3250.0,3290.0,430.4200000000001,40.0,False
ECOC,2026-05-04,2026-05-18,14,16132.11,16300.0,16300.0,167.88999999999942,0.0,True
ETIT,2026-05-04,2026-05-18,14,24.28,29.0,29.0,4.719999999999999,0.0,True
FTSC,2026-05-04,2026-05-18,14,2284.53,2195.0,2250.0,34.5300000000002,55.0,True
NEIC,2026-05-04,2026-05-18,14,1300.0,1900.0,1920.0,620.0,20.0,False
NSBC,2026-05-04,2026-05-18,14,15011.05,13900.0,15000.0,11.049999999999272,1100.0,True
NTLC,2026-05-04,2026-05-18,14,12477.46,12340.0,11750.0,727.4599999999991,590.0,False
ONTBF,2026-05-04,2026-05-18,14,2752.72,2795.0,2795.0,42.2800000000002,0.0,True
ORAC,2026-05-04,2026-05-18,14,15137.85,15200.0,15150.0,12.149999999999636,50.0,True
ORGT,2026-05-04,2026-05-18,14,3222.89,3250.0,2435.0,787.8899999999999,815.0,True
PALC,2026-05-04,2026-05-18,14,7572.94,7310.0,7700.0,127.0600000000004,390.0,True
SAFC,2026-05-04,2026-05-18,14,1416.42,3610.0,3990.0,2573.58,380.0,False
SDSC,2026-05-04,2026-05-18,14,1749.19,1775.0,1750.0,0.8099999999999454,25.0,True
SEMC,2026-05-04,2026-05-18,14,1429.02,1600.0,1505.0,75.98000000000002,95.0,True
SGBC,2026-05-04,2026-05-18,14,33802.96,34095.0,35985.0,2182.040000000001,1890.0,False
SHEC,2026-05-04,2026-05-18,14,1574.74,1970.0,1980.0,405.26,10.0,False
SIBC,2026-05-04,2026-05-18,14,6395.59,7080.0,7500.0,1104.4099999999999,420.0,False
SICC,2026-05-04,2026-05-18,14,4153.57,4290.0,4305.0,151.4300000000003,15.0,False
SLBC,2026-05-04,2026-05-18,14,35296.96,35540.0,37900.0,2603.040000000001,2360.0,False
SMBC,2026-05-04,2026-05-18,14,11610.52,11700.0,12895.0,1284.4799999999996,1195.0,False
SNTS,2026-05-04,2026-05-18,14,28440.62,28700.0,28900.0,459.380000000001,200.0,False
SOGC,2026-05-04,2026-05-18,14,7292.71,7100.0,7485.0,192.28999999999996,385.0,True
SPHC,2026-05-04,2026-05-18,14,6769.07,6800.0,6985.0,215.9300000000003,185.0,False
STAC,2026-05-04,2026-05-18,14,1679.34,3050.0,2660.0,980.6600000000001,390.0,True
TTLC,2026-05-04,2026-05-18,14,2713.75,2740.0,2910.0,196.25,170.0,False
TTLS,2026-05-04,2026-05-18,14,3010.23,3250.0,3005.0,5.230000000000018,245.0,True
UNLC,2026-05-04,2026-05-18,14,66827.83,60500.0,59950.0,6877.830000000002,550.0,False
UNXC,2026-05-04,2026-05-18,14,1814.46,1900.0,1835.0,20.539999999999964,65.0,True
SIBC,2026-05-06,2026-05-18,12,6546.12,7150.0,7500.0,953.8800000000001,350.0,False
SICC,2026-05-06,2026-05-18,12,4164.63,4280.0,4305.0,140.3699999999999,25.0,False
SLBC,2026-05-06,2026-05-18,12,36857.83,37400.0,37900.0,1042.1699999999983,500.0,False
SMBC,2026-05-06,2026-05-18,12,11495.57,11500.0,12895.0,1399.4300000000003,1395.0,False
SNTS,2026-05-06,2026-05-18,12,28607.92,28900.0,28900.0,292.08000000000175,0.0,True
SOGC,2026-05-06,2026-05-18,12,7584.71,7500.0,7485.0,99.71000000000004,15.0,False
SPHC,2026-05-06,2026-05-18,12,6739.9,6800.0,6985.0,245.10000000000036,185.0,False
STAC,2026-05-06,2026-05-18,12,1744.15,2800.0,2660.0,915.8499999999999,140.0,True
ABJC,2026-05-05,2026-05-18,13,2832.04,3095.0,2850.0,17.960000000000036,245.0,True
BICB,2026-05-05,2026-05-18,13,5051.66,5250.0,5200.0,148.34000000000015,50.0,True
BICC,2026-05-05,2026-05-18,13,23445.25,24445.0,26450.0,3004.75,2005.0,False
BNBC,2026-05-05,2026-05-18,13,1453.98,1345.0,1545.0,91.01999999999998,200.0,True
BOAB,2026-05-05,2026-05-18,13,8024.68,9250.0,9400.0,1375.3199999999997,150.0,False
BOABF,2026-05-05,2026-05-18,13,5348.6,5410.0,5400.0,51.399999999999636,10.0,True
BOAC,2026-05-05,2026-05-18,13,7841.07,8850.0,8630.0,788.9300000000003,220.0,True
BOAM,2026-05-05,2026-05-18,13,4503.54,4700.0,4690.0,186.46000000000004,10.0,True
BOAN,2026-05-05,2026-05-18,13,3583.62,3500.0,3445.0,138.6199999999999,55.0,False
BOAS,2026-05-05,2026-05-18,13,6538.57,7225.0,7595.0,1056.4300000000003,370.0,False
CABC,2026-05-05,2026-05-18,13,5400.28,3500.0,3495.0,1905.2799999999997,5.0,False
CBIBF,2026-05-05,2026-05-18,13,14629.03,16550.0,19905.0,5275.969999999999,3355.0,False
CFAC,2026-05-05,2026-05-18,13,1227.94,1325.0,1555.0,327.05999999999995,230.0,False
CIEC,2026-05-05,2026-05-18,13,2821.55,3010.0,3290.0,468.4499999999998,280.0,False
ECOC,2026-05-05,2026-05-18,13,16046.8,16000.0,16300.0,253.20000000000073,300.0,True
ETIT,2026-05-05,2026-05-18,13,24.63,29.0,29.0,4.370000000000001,0.0,True
FTSC,2026-05-05,2026-05-18,13,2297.04,2220.0,2250.0,47.039999999999964,30.0,True
NSBC,2026-05-05,2026-05-06,1,14122.71,14000.0,14000.0,122.70999999999913,0.0,False
NTLC,2026-05-05,2026-05-06,1,12286.98,11900.0,11700.0,586.9799999999996,200.0,False
ONTBF,2026-05-05,2026-05-06,1,2779.62,2780.0,2710.0,69.61999999999989,70.0,True
ORAC,2026-05-05,2026-05-06,1,15113.32,15000.0,15200.0,86.68000000000029,200.0,True
ORGT,2026-05-05,2026-05-06,1,3230.19,3215.0,2975.0,255.19000000000005,240.0,False
PALC,2026-05-05,2026-05-06,1,7356.71,7310.0,6995.0,361.71000000000004,315.0,False
SAFC,2026-05-05,2026-05-06,1,3174.56,3500.0,3500.0,325.44000000000005,0.0,True
SGBC,2026-05-05,2026-05-06,1,33685.52,33000.0,33100.0,585.5199999999968,100.0,True
SIBC,2026-05-05,2026-05-06,1,6982.14,7100.0,7150.0,167.85999999999967,50.0,False
SNTS,2026-05-05,2026-05-06,1,28673.77,28900.0,28900.0,226.22999999999956,0.0,True
SOGC,2026-05-05,2026-05-06,1,7419.34,7600.0,7500.0,80.65999999999985,100.0,True
SGBC,2026-05-06,2026-05-15,9,33364.09,33100.0,34995.0,1630.9100000000035,1895.0,True
SGBC,2026-05-13,2026-05-15,2,34486.7,34990.0,34995.0,508.3000000000029,5.0,False
SGBC,2026-05-14,2026-05-15,1,34608.62,34995.0,34995.0,386.3799999999974,0.0,True
NEIC,2026-05-05,2026-05-18,13,1306.49,1790.0,1920.0,613.51,130.0,False
NSBC,2026-05-05,2026-05-18,13,14968.23,14000.0,15000.0,31.770000000000437,1000.0,True
NTLC,2026-05-05,2026-05-18,13,12359.59,11900.0,11750.0,609.5900000000001,150.0,False
ONTBF,2026-05-05,2026-05-18,13,2748.06,2780.0,2795.0,46.940000000000055,15.0,False
ORAC,2026-05-05,2026-05-18,13,15080.48,15000.0,15150.0,69.52000000000044,150.0,True
ORGT,2026-05-05,2026-05-18,13,3209.84,3215.0,2435.0,774.8400000000001,780.0,True
PALC,2026-05-05,2026-05-18,13,7543.61,7310.0,7700.0,156.39000000000033,390.0,True
SAFC,2026-05-05,2026-05-18,13,1460.74,3500.0,3990.0,2529.26,490.0,False
SDSC,2026-05-05,2026-05-18,13,1718.86,1725.0,1750.0,31.1400000000001,25.0,False
SEMC,2026-05-05,2026-05-18,13,1414.9,1500.0,1505.0,90.09999999999991,5.0,False
SGBC,2026-05-05,2026-05-18,13,33514.19,33000.0,35985.0,2470.8099999999977,2985.0,True
SHEC,2026-05-05,2026-05-18,13,1561.01,1850.0,1980.0,418.99,130.0,False
SIBC,2026-05-05,2026-05-18,13,6460.45,7100.0,7500.0,1039.5500000000002,400.0,False
SICC,2026-05-05,2026-05-18,13,4159.47,4290.0,4305.0,145.52999999999975,15.0,False
SLBC,2026-05-05,2026-05-18,13,36164.48,37050.0,37900.0,1735.5199999999968,850.0,False
SMBC,2026-05-05,2026-05-18,13,11549.71,11550.0,12895.0,1345.2900000000009,1345.0,False
SNTS,2026-05-05,2026-05-18,13,28534.64,28900.0,28900.0,365.3600000000006,0.0,True
SOGC,2026-05-05,2026-05-18,13,7540.36,7600.0,7485.0,55.35999999999967,115.0,True
SPHC,2026-05-05,2026-05-18,13,6723.31,6720.0,6985.0,261.6899999999996,265.0,True
STAC,2026-05-05,2026-05-18,13,1715.18,2950.0,2660.0,944.8199999999999,290.0,True
TTLC,2026-05-05,2026-05-18,13,2720.25,2745.0,2910.0,189.75,165.0,False
TTLS,2026-05-05,2026-05-18,13,2953.1,3000.0,3005.0,51.90000000000009,5.0,False
UNLC,2026-05-05,2026-05-18,13,66114.56,60500.0,59950.0,6164.559999999998,550.0,False
UNXC,2026-05-05,2026-05-18,13,1813.9,1885.0,1835.0,21.09999999999991,50.0,True
TTLC,2026-05-06,2026-05-18,12,2690.27,2700.0,2910.0,219.73000000000002,210.0,False
TTLS,2026-05-06,2026-05-18,12,2932.52,3005.0,3005.0,72.48000000000002,0.0,True
UNLC,2026-05-06,2026-05-18,12,64666.74,59000.0,59950.0,4716.739999999998,950.0,True
UNXC,2026-05-06,2026-05-18,12,1812.92,1875.0,1835.0,22.079999999999927,40.0,True
CBIBF,2026-05-07,2026-05-18,11,15003.01,16700.0,19905.0,4901.99,3205.0,False
ABJC,2026-05-07,2026-05-18,11,2817.85,3015.0,2850.0,32.15000000000009,165.0,True
BICB,2026-05-07,2026-05-18,11,5053.26,5200.0,5200.0,146.73999999999978,0.0,True
BICC,2026-05-07,2026-05-18,11,23887.49,24995.0,26450.0,2562.5099999999984,1455.0,False
ABJC,2026-05-06,2026-05-18,12,2801.31,3015.0,2850.0,48.690000000000055,165.0,True
BICB,2026-05-06,2026-05-18,12,5047.49,5125.0,5200.0,152.51000000000022,75.0,False
BICC,2026-05-06,2026-05-18,12,23680.71,24990.0,26450.0,2769.290000000001,1460.0,False
BNBC,2026-05-06,2026-05-18,12,1350.3,1280.0,1545.0,194.70000000000005,265.0,True
BOAB,2026-05-06,2026-05-18,12,8144.61,9200.0,9400.0,1255.3900000000003,200.0,False
BOABF,2026-05-06,2026-05-18,12,5325.9,5405.0,5400.0,74.10000000000036,5.0,True
SDSC,2026-05-05,2026-05-06,1,1731.18,1725.0,1700.0,31.180000000000064,25.0,False
SEMC,2026-05-05,2026-05-06,1,1525.61,1500.0,1495.0,30.6099999999999,5.0,False
SHEC,2026-05-05,2026-05-06,1,1806.05,1850.0,1845.0,38.950000000000045,5.0,True
SICC,2026-05-05,2026-05-06,1,4273.18,4290.0,4280.0,6.819999999999709,10.0,True
SLBC,2026-05-05,2026-05-06,1,36144.61,37050.0,37400.0,1255.3899999999994,350.0,False
SMBC,2026-05-05,2026-05-06,1,11611.39,11550.0,11500.0,111.38999999999942,50.0,False
SPHC,2026-05-05,2026-05-06,1,6765.21,6720.0,6800.0,34.789999999999964,80.0,True
STAC,2026-05-05,2026-05-06,1,2728.66,2950.0,2800.0,71.34000000000015,150.0,True
TTLC,2026-05-05,2026-05-06,1,2740.53,2745.0,2700.0,40.5300000000002,45.0,True
TTLS,2026-05-05,2026-05-06,1,3067.14,3000.0,3005.0,62.13999999999987,5.0,True
UNLC,2026-05-05,2026-05-06,1,61808.83,60500.0,59000.0,2808.8300000000017,1500.0,False
UNXC,2026-05-05,2026-05-06,1,1877.3,1885.0,1875.0,2.2999999999999545,10.0,True
BICB,2026-05-04,2026-05-07,3,5140.42,5310.0,5200.0,59.57999999999993,110.0,True
BICC,2026-05-04,2026-05-07,3,24226.31,24850.0,24995.0,768.6899999999987,145.0,False
BOAB,2026-05-04,2026-05-07,3,8337.62,8850.0,9340.0,1002.3799999999992,490.0,False
BOABF,2026-05-04,2026-05-07,3,5552.12,5650.0,5405.0,147.1199999999999,245.0,True
BOAC,2026-05-04,2026-05-07,3,8650.32,9190.0,8785.0,134.6800000000003,405.0,True
BOAM,2026-05-04,2026-05-07,3,4590.93,4670.0,4680.0,89.06999999999971,10.0,False
BOAN,2026-05-04,2026-05-07,3,3670.42,3660.0,3500.0,170.42000000000007,160.0,False
BOAS,2026-05-04,2026-05-07,3,6776.58,7045.0,7225.0,448.4200000000001,180.0,False
CBIBF,2026-05-04,2026-05-07,3,15228.38,16100.0,16700.0,1471.6200000000008,600.0,False
ECOC,2026-05-04,2026-05-07,3,16213.1,16300.0,16100.0,113.10000000000036,200.0,True
ETIT,2026-05-04,2026-05-07,3,26.89,29.0,29.0,2.1099999999999994,0.0,True
SGBC,2026-05-05,2026-05-07,2,33635.25,33000.0,33400.0,235.25,400.0,True
SIBC,2026-05-05,2026-05-07,2,6890.92,7100.0,7050.0,159.07999999999993,50.0,True
SOGC,2026-05-05,2026-05-07,2,7448.04,7600.0,7500.0,51.960000000000036,100.0,True
BICB,2026-05-06,2026-05-07,1,5146.09,5125.0,5200.0,53.909999999999854,75.0,True
BICC,2026-05-06,2026-05-07,1,24447.94,24990.0,24995.0,547.0600000000013,5.0,False
BOAB,2026-05-06,2026-05-07,1,8871.3,9200.0,9340.0,468.7000000000007,140.0,False
BOABF,2026-05-06,2026-05-07,1,5399.6,5405.0,5405.0,5.399999999999636,0.0,True
BOAC,2026-05-06,2026-05-07,1,8481.27,8590.0,8785.0,303.72999999999956,195.0,False
BOAM,2026-05-06,2026-05-07,1,4662.09,4690.0,4680.0,17.909999999999854,10.0,True
BOAN,2026-05-06,2026-05-07,1,3572.59,3580.0,3500.0,72.59000000000015,80.0,True
BOAS,2026-05-06,2026-05-07,1,7094.95,7240.0,7225.0,130.05000000000018,15.0,True
CBIBF,2026-05-06,2026-05-07,1,16159.84,16700.0,16700.0,540.1599999999999,0.0,True
ECOC,2026-05-06,2026-05-07,1,16102.39,16100.0,16100.0,2.389999999999418,0.0,False
ETIT,2026-05-06,2026-05-07,1,27.93,29.0,29.0,1.0700000000000003,0.0,True
NSBC,2026-05-06,2026-05-07,1,14143.51,14000.0,14010.0,133.51000000000022,10.0,True
ORGT,2026-05-06,2026-05-07,1,3114.29,2975.0,2975.0,139.28999999999996,0.0,False
SAFC,2026-05-06,2026-05-07,1,3178.53,3500.0,3500.0,321.4699999999998,0.0,True
SGBC,2026-05-06,2026-05-07,1,33459.13,33100.0,33400.0,59.12999999999738,300.0,True
BOAC,2026-05-06,2026-05-18,12,7765.58,8590.0,8630.0,864.4200000000001,40.0,False
BOAM,2026-05-06,2026-05-18,12,4508.38,4690.0,4690.0,181.6199999999999,0.0,True
BOAN,2026-05-06,2026-05-18,12,3575.59,3580.0,3445.0,130.59000000000015,135.0,True
BOAS,2026-05-06,2026-05-18,12,6635.8,7240.0,7595.0,959.1999999999998,355.0,False
CABC,2026-05-06,2026-05-18,12,4804.86,3410.0,3495.0,1309.8599999999997,85.0,True
CBIBF,2026-05-06,2026-05-18,12,14827.13,16700.0,19905.0,5077.870000000001,3205.0,False
CFAC,2026-05-06,2026-05-18,12,1251.05,1395.0,1555.0,303.95000000000005,160.0,False
CIEC,2026-05-06,2026-05-18,12,2825.04,3000.0,3290.0,464.96000000000004,290.0,False
ECOC,2026-05-06,2026-05-18,12,16031.6,16100.0,16300.0,268.39999999999964,200.0,False
ETIT,2026-05-06,2026-05-18,12,25.02,29.0,29.0,3.9800000000000004,0.0,True
FTSC,2026-05-06,2026-05-18,12,2266.8,2195.0,2250.0,16.800000000000182,55.0,True
NEIC,2026-05-06,2026-05-18,12,1368.97,1880.0,1920.0,551.03,40.0,False
NSBC,2026-05-06,2026-05-18,12,14861.75,14000.0,15000.0,138.25,1000.0,True
NTLC,2026-05-06,2026-05-18,12,12204.04,11700.0,11750.0,454.0400000000009,50.0,True
ONTBF,2026-05-06,2026-05-18,12,2707.76,2710.0,2795.0,87.23999999999978,85.0,False
ORAC,2026-05-06,2026-05-18,12,15112.94,15200.0,15150.0,37.05999999999949,50.0,True
ORGT,2026-05-06,2026-05-18,12,3102.91,2975.0,2435.0,667.9099999999999,540.0,False
PALC,2026-05-06,2026-05-18,12,7330.42,6995.0,7700.0,369.5799999999999,705.0,True
SAFC,2026-05-06,2026-05-18,12,1590.78,3500.0,3990.0,2399.2200000000003,490.0,False
SDSC,2026-05-06,2026-05-18,12,1698.22,1700.0,1750.0,51.77999999999997,50.0,False
SEMC,2026-05-06,2026-05-18,12,1405.7,1495.0,1505.0,99.29999999999995,10.0,False
SGBC,2026-05-06,2026-05-18,12,33343.63,33100.0,35985.0,2641.3700000000026,2885.0,True
SHEC,2026-05-06,2026-05-18,12,1575.9,1845.0,1980.0,404.0999999999999,135.0,False
BNBC,2026-05-07,2026-05-18,11,1368.43,1350.0,1545.0,176.56999999999994,195.0,True
BOAB,2026-05-07,2026-05-18,11,8297.57,9340.0,9400.0,1102.4300000000003,60.0,False
BOABF,2026-05-07,2026-05-18,11,5328.67,5405.0,5400.0,71.32999999999993,5.0,True
BOAC,2026-05-07,2026-05-18,11,7926.97,8785.0,8630.0,703.0299999999997,155.0,True
BOAM,2026-05-07,2026-05-18,11,4525.12,4680.0,4690.0,164.8800000000001,10.0,False
BOAN,2026-05-07,2026-05-18,11,3533.5,3500.0,3445.0,88.5,55.0,False
BOAS,2026-05-07,2026-05-18,11,6703.21,7225.0,7595.0,891.79,370.0,False
CABC,2026-05-07,2026-05-18,11,4517.9,3410.0,3495.0,1022.8999999999996,85.0,True
CFAC,2026-05-07,2026-05-18,11,1277.0,1400.0,1555.0,278.0,155.0,False
CIEC,2026-05-07,2026-05-18,11,2900.56,3200.0,3290.0,389.44000000000005,90.0,False
ECOC,2026-05-07,2026-05-18,11,16030.74,16100.0,16300.0,269.2600000000002,200.0,False
SHEC,2026-05-05,2026-05-07,2,1754.97,1850.0,1840.0,85.02999999999997,10.0,True
SICC,2026-05-05,2026-05-07,2,4259.58,4290.0,4285.0,25.420000000000073,5.0,True
SLBC,2026-05-05,2026-05-07,2,36303.38,37050.0,37500.0,1196.6200000000026,450.0,False
SMBC,2026-05-05,2026-05-07,2,11595.18,11550.0,11500.0,95.18000000000029,50.0,False
SNTS,2026-05-05,2026-05-07,2,28669.27,28900.0,28900.0,230.72999999999956,0.0,True
SPHC,2026-05-05,2026-05-07,2,6754.06,6720.0,7175.0,420.9399999999996,455.0,True
STAC,2026-05-05,2026-05-07,2,2507.65,2950.0,2850.0,342.3499999999999,100.0,True
TTLC,2026-05-05,2026-05-07,2,2737.45,2745.0,2740.0,2.550000000000182,5.0,True
TTLS,2026-05-05,2026-05-07,2,3046.79,3000.0,3005.0,41.789999999999964,5.0,True
UNLC,2026-05-05,2026-05-07,2,62277.72,60500.0,59000.0,3277.720000000001,1500.0,False
UNXC,2026-05-05,2026-05-07,2,1868.13,1885.0,1865.0,3.130000000000109,20.0,True
TTLS,2026-05-06,2026-05-07,1,3016.79,3005.0,3005.0,11.789999999999964,0.0,False
UNLC,2026-05-06,2026-05-07,1,61204.27,59000.0,59000.0,2204.269999999997,0.0,False
UNXC,2026-05-06,2026-05-07,1,1867.22,1875.0,1865.0,2.2200000000000273,10.0,True
ABJC,2026-05-06,2026-05-07,1,2985.77,3015.0,3015.0,29.230000000000018,0.0,True
BNBC,2026-05-06,2026-05-07,1,1323.5,1280.0,1350.0,26.5,70.0,True
CABC,2026-05-06,2026-05-07,1,3559.84,3410.0,3410.0,149.84000000000015,0.0,False
CFAC,2026-05-06,2026-05-07,1,1346.82,1395.0,1400.0,53.180000000000064,5.0,False
CIEC,2026-05-06,2026-05-07,1,2953.65,3000.0,3200.0,246.3499999999999,200.0,False
FTSC,2026-05-06,2026-05-07,1,2208.05,2195.0,2200.0,8.050000000000182,5.0,True
NEIC,2026-05-06,2026-05-07,1,1736.54,1880.0,1715.0,21.539999999999964,165.0,True
NTLC,2026-05-06,2026-05-07,1,12160.41,11700.0,11900.0,260.40999999999985,200.0,True
ONTBF,2026-05-06,2026-05-07,1,2736.84,2710.0,2710.0,26.840000000000146,0.0,False
ORAC,2026-05-06,2026-05-07,1,15127.49,15200.0,15200.0,72.51000000000022,0.0,True
PALC,2026-05-06,2026-05-07,1,7200.6,6995.0,7800.0,599.3999999999996,805.0,True
SDSC,2026-05-06,2026-05-07,1,1705.06,1700.0,1685.0,20.059999999999945,15.0,False
SEMC,2026-05-06,2026-05-07,1,1499.65,1495.0,1450.0,49.65000000000009,45.0,False
SHEC,2026-05-06,2026-05-07,1,1781.93,1845.0,1840.0,58.069999999999936,5.0,True
BICC,2026-05-04,2026-05-08,4,24085.46,24850.0,25200.0,1114.5400000000009,350.0,False
ECOC,2026-05-04,2026-05-08,4,16198.66,16300.0,16300.0,101.34000000000015,0.0,True
NSBC,2026-05-04,2026-05-08,4,14387.66,13900.0,14000.0,387.65999999999985,100.0,True
SGBC,2026-05-04,2026-05-08,4,33934.56,34095.0,33800.0,134.55999999999767,295.0,True
BICC,2026-05-05,2026-05-08,3,24061.06,24445.0,25200.0,1138.9399999999987,755.0,False
ECOC,2026-05-05,2026-05-08,3,16106.88,16000.0,16300.0,193.1200000000008,300.0,True
NSBC,2026-05-05,2026-05-08,3,14350.25,14000.0,14000.0,350.25,0.0,False
SGBC,2026-05-05,2026-05-08,3,33616.03,33000.0,33800.0,183.97000000000116,800.0,True
BICC,2026-05-07,2026-05-08,1,24561.75,24995.0,25200.0,638.25,205.0,False
BICC,2026-05-06,2026-05-08,2,24349.68,24990.0,25200.0,850.3199999999997,210.0,False
ECOC,2026-05-06,2026-05-08,2,16090.03,16100.0,16300.0,209.96999999999935,200.0,False
NSBC,2026-05-06,2026-05-08,2,14255.66,14000.0,14000.0,255.65999999999985,0.0,False
SGBC,2026-05-06,2026-05-08,2,33426.27,33100.0,33800.0,373.7300000000032,700.0,True
BOAC,2026-05-07,2026-05-08,1,8510.74,8785.0,8650.0,139.26000000000022,135.0,True
ECOC,2026-05-07,2026-05-08,1,16089.18,16100.0,16300.0,210.8199999999997,200.0,False
NSBC,2026-05-07,2026-05-08,1,14155.54,14010.0,14000.0,155.54000000000087,10.0,False
SGBC,2026-05-07,2026-05-08,1,33408.47,33400.0,33800.0,391.52999999999884,400.0,True
ETIT,2026-05-07,2026-05-18,11,25.43,29.0,29.0,3.5700000000000003,0.0,True
FTSC,2026-05-07,2026-05-18,11,2259.61,2200.0,2250.0,9.610000000000127,50.0,True
NEIC,2026-05-07,2026-05-18,11,1360.65,1715.0,1920.0,559.3499999999999,205.0,False
NSBC,2026-05-07,2026-05-18,11,14749.09,14010.0,15000.0,250.90999999999985,990.0,True
NTLC,2026-05-07,2026-05-18,11,12133.85,11900.0,11750.0,383.85000000000036,150.0,False
ONTBF,2026-05-07,2026-05-18,11,2692.08,2710.0,2795.0,102.92000000000007,85.0,False
ORAC,2026-05-07,2026-05-18,11,15140.37,15200.0,15150.0,9.6299999999992,50.0,True
ORGT,2026-05-07,2026-05-18,11,3043.3,2975.0,2435.0,608.3000000000002,540.0,False
PALC,2026-05-07,2026-05-18,11,7681.04,7800.0,7700.0,18.960000000000036,100.0,True
SAFC,2026-05-07,2026-05-18,11,1753.14,3500.0,3990.0,2236.8599999999997,490.0,False
SDSC,2026-05-07,2026-05-18,11,1684.69,1685.0,1750.0,65.30999999999995,65.0,False
SEMC,2026-05-07,2026-05-18,11,1390.38,1450.0,1505.0,114.61999999999989,55.0,False
SGBC,2026-05-07,2026-05-18,11,33326.14,33400.0,35985.0,2658.8600000000006,2585.0,False
SHEC,2026-05-07,2026-05-18,11,1600.21,1840.0,1980.0,379.78999999999996,140.0,False
SIBC,2026-05-07,2026-05-18,11,6559.9,7050.0,7500.0,940.1000000000004,450.0,False
SICC,2026-05-07,2026-05-18,11,4181.09,4285.0,4305.0,123.90999999999985,20.0,False
SLBC,2026-05-07,2026-05-18,11,37215.83,37500.0,37900.0,684.1699999999983,400.0,False
SMBC,2026-05-07,2026-05-18,11,11473.8,11500.0,12895.0,1421.2000000000007,1395.0,False
SNTS,2026-05-07,2026-05-18,11,28662.36,28900.0,28900.0,237.63999999999942,0.0,True
SOGC,2026-05-07,2026-05-18,11,7588.59,7500.0,7485.0,103.59000000000015,15.0,False
SPHC,2026-05-07,2026-05-18,11,6932.38,7175.0,6985.0,52.61999999999989,190.0,True
STAC,2026-05-07,2026-05-18,11,1880.32,2850.0,2660.0,779.6800000000001,190.0,True
TTLC,2026-05-07,2026-05-18,11,2717.78,2740.0,2910.0,192.2199999999998,170.0,False
TTLS,2026-05-07,2026-05-18,11,2928.4,3005.0,3005.0,76.59999999999991,0.0,True
UNLC,2026-05-07,2026-05-18,11,63531.18,59000.0,59950.0,3581.1800000000003,950.0,True
UNXC,2026-05-07,2026-05-18,11,1811.96,1865.0,1835.0,23.039999999999964,30.0,True
ABJC,2026-05-08,2026-05-18,10,2848.09,3020.0,2850.0,1.9099999999998545,170.0,True
BICB,2026-05-08,2026-05-18,10,5051.99,5120.0,5200.0,148.01000000000022,80.0,False
BICC,2026-05-08,2026-05-18,10,24135.11,25200.0,26450.0,2314.8899999999994,1250.0,False
BNBC,2026-05-08,2026-05-18,10,1369.51,1335.0,1545.0,175.49,210.0,True
BOAB,2026-05-08,2026-05-18,10,8417.46,9300.0,9400.0,982.5400000000009,100.0,False
BOABF,2026-05-08,2026-05-18,10,5332.92,5400.0,5400.0,67.07999999999993,0.0,True
BOAC,2026-05-08,2026-05-18,10,8006.13,8650.0,8630.0,623.8699999999999,20.0,True
BOAM,2026-05-08,2026-05-18,10,4560.84,4690.0,4690.0,129.15999999999985,0.0,True
BOAN,2026-05-08,2026-05-18,10,3512.26,3500.0,3445.0,67.26000000000022,55.0,False
BOAS,2026-05-08,2026-05-18,10,6795.23,7265.0,7595.0,799.7700000000004,330.0,False
CABC,2026-05-08,2026-05-18,10,4272.91,3400.0,3495.0,777.9099999999999,95.0,True
CBIBF,2026-05-08,2026-05-18,10,15153.88,16600.0,19905.0,4751.120000000001,3305.0,False
CFAC,2026-05-08,2026-05-18,10,1298.76,1400.0,1555.0,256.24,155.0,False
CIEC,2026-05-08,2026-05-18,10,2976.57,3345.0,3290.0,313.42999999999984,55.0,True
ECOC,2026-05-08,2026-05-18,10,16107.14,16300.0,16300.0,192.86000000000058,0.0,True
ETIT,2026-05-08,2026-05-18,10,26.29,30.0,29.0,2.710000000000001,1.0,True
FTSC,2026-05-08,2026-05-18,10,2250.83,2200.0,2250.0,0.8299999999999272,50.0,True
NEIC,2026-05-08,2026-05-18,10,1403.66,1745.0,1920.0,516.3399999999999,175.0,False
NSBC,2026-05-08,2026-05-18,10,14621.37,14000.0,15000.0,378.6299999999992,1000.0,True
NTLC,2026-05-08,2026-05-18,10,12030.65,11700.0,11750.0,280.64999999999964,50.0,True
ONTBF,2026-05-08,2026-05-18,10,2728.34,2775.0,2795.0,66.65999999999985,20.0,False
ORAC,2026-05-08,2026-05-18,10,15044.25,14900.0,15150.0,105.75,250.0,True
BOABF,2026-05-05,2026-05-08,3,5417.13,5410.0,5400.0,17.13000000000011,10.0,False
BOAC,2026-05-05,2026-05-08,3,8427.33,8850.0,8650.0,222.67000000000007,200.0,True
BOAM,2026-05-05,2026-05-08,3,4624.49,4700.0,4690.0,65.51000000000022,10.0,True
BOAN,2026-05-05,2026-05-08,3,3576.87,3500.0,3500.0,76.86999999999989,0.0,False
BOAS,2026-05-05,2026-05-08,3,6884.86,7225.0,7265.0,380.1400000000003,40.0,False
CBIBF,2026-05-05,2026-05-08,3,15425.85,16550.0,16600.0,1174.1499999999996,50.0,False
ETIT,2026-05-05,2026-05-08,3,26.89,29.0,30.0,3.1099999999999994,1.0,False
NTLC,2026-05-05,2026-05-08,3,12277.75,11900.0,11700.0,577.75,200.0,False
ONTBF,2026-05-05,2026-05-08,3,2769.99,2780.0,2775.0,5.010000000000218,5.0,True
ORAC,2026-05-05,2026-05-08,3,15095.95,15000.0,14900.0,195.95000000000073,100.0,False
ORGT,2026-05-05,2026-05-08,3,3224.29,3215.0,2755.0,469.28999999999996,460.0,False
PALC,2026-05-05,2026-05-08,3,7406.49,7310.0,7900.0,493.5100000000002,590.0,True
SAFC,2026-05-05,2026-05-08,3,2409.27,3500.0,3500.0,1090.73,0.0,True
SIBC,2026-05-05,2026-05-08,3,6803.12,7100.0,7150.0,346.8800000000001,50.0,False
SICC,2026-05-05,2026-05-08,3,4243.99,4290.0,4300.0,56.01000000000022,10.0,False
SLBC,2026-05-05,2026-05-08,3,36314.44,37050.0,37500.0,1185.5599999999977,450.0,False
SNTS,2026-05-05,2026-05-08,3,28645.89,28900.0,28900.0,254.11000000000058,0.0,True
SOGC,2026-05-05,2026-05-08,3,7459.93,7600.0,7400.0,59.93000000000029,200.0,True
SPHC,2026-05-05,2026-05-08,3,6748.25,6720.0,7100.0,351.75,380.0,True
UNLC,2026-05-05,2026-05-08,3,62871.18,60500.0,59000.0,3871.1800000000003,1500.0,False
UNLC,2026-05-06,2026-05-08,2,61552.75,59000.0,59000.0,2552.75,0.0,False
CBIBF,2026-05-07,2026-05-08,1,16173.99,16700.0,16600.0,426.0100000000002,100.0,True
BICB,2026-05-07,2026-05-08,1,5130.43,5200.0,5120.0,10.430000000000291,80.0,True
BICB,2026-05-06,2026-05-08,2,5124.09,5125.0,5120.0,4.0900000000001455,5.0,True
BOAB,2026-05-06,2026-05-08,2,8697.4,9200.0,9300.0,602.6000000000004,100.0,False
BOABF,2026-05-06,2026-05-08,2,5388.46,5405.0,5400.0,11.539999999999964,5.0,True
BOAC,2026-05-06,2026-05-08,2,8323.7,8590.0,8650.0,326.2999999999993,60.0,False
SLBC,2026-05-07,2026-05-08,1,37291.82,37500.0,37500.0,208.1800000000003,0.0,True
SNTS,2026-05-07,2026-05-08,1,28771.13,28900.0,28900.0,128.86999999999898,0.0,True
SOGC,2026-05-07,2026-05-08,1,7510.53,7500.0,7400.0,110.52999999999975,100.0,False
SPHC,2026-05-07,2026-05-08,1,6946.39,7175.0,7100.0,153.60999999999967,75.0,True
UNLC,2026-05-07,2026-05-08,1,60709.98,59000.0,59000.0,1709.9800000000032,0.0,False
ORGT,2026-05-08,2026-05-18,10,2915.79,2755.0,2435.0,480.78999999999996,320.0,False
PALC,2026-05-08,2026-05-18,10,7916.54,7900.0,7700.0,216.53999999999996,200.0,False
SAFC,2026-05-08,2026-05-18,10,1938.79,3500.0,3990.0,2051.21,490.0,False
SDSC,2026-05-08,2026-05-18,10,1760.35,1800.0,1750.0,10.349999999999909,50.0,True
SEMC,2026-05-08,2026-05-18,10,1408.14,1525.0,1505.0,96.8599999999999,20.0,True
SGBC,2026-05-08,2026-05-18,10,33443.54,33800.0,35985.0,2541.459999999999,2185.0,False
SHEC,2026-05-08,2026-05-18,10,1653.72,1895.0,1980.0,326.28,85.0,False
SIBC,2026-05-08,2026-05-18,10,6677.16,7150.0,7500.0,822.8400000000001,350.0,False
SICC,2026-05-08,2026-05-18,10,4210.93,4300.0,4305.0,94.06999999999971,5.0,False
SLBC,2026-05-08,2026-05-18,10,37333.2,37500.0,37900.0,566.8000000000029,400.0,False
SMBC,2026-05-08,2026-05-18,10,11665.14,11900.0,12895.0,1229.8600000000006,995.0,False
SNTS,2026-05-08,2026-05-18,10,28704.7,28900.0,28900.0,195.29999999999927,0.0,True
SOGC,2026-05-08,2026-05-18,10,7527.06,7400.0,7485.0,42.0600000000004,85.0,True
SPHC,2026-05-08,2026-05-18,10,7005.16,7100.0,6985.0,20.159999999999854,115.0,True
STAC,2026-05-08,2026-05-18,10,2008.37,2845.0,2660.0,651.6300000000001,185.0,True
TTLC,2026-05-08,2026-05-18,10,2709.36,2720.0,2910.0,200.63999999999987,190.0,False
TTLS,2026-05-08,2026-05-18,10,2929.4,3000.0,3005.0,75.59999999999991,5.0,False
UNLC,2026-05-08,2026-05-18,10,62654.56,59000.0,59950.0,2704.5599999999977,950.0,True
UNXC,2026-05-08,2026-05-18,10,1793.48,1815.0,1835.0,41.51999999999998,20.0,False
ABJC,2026-05-09,2026-05-18,9,2818.56,2975.0,2850.0,31.440000000000055,125.0,True
BICB,2026-05-09,2026-05-18,9,5055.25,5225.0,5200.0,144.75,25.0,True
BICC,2026-05-09,2026-05-18,9,24502.47,26000.0,26450.0,1947.5299999999988,450.0,False
BNBC,2026-05-09,2026-05-18,9,1345.35,1300.0,1545.0,199.6500000000001,245.0,True
BOAB,2026-05-09,2026-05-18,9,8465.36,9400.0,9400.0,934.6399999999994,0.0,True
BOABF,2026-05-09,2026-05-18,9,5326.37,5400.0,5400.0,73.63000000000011,0.0,True
BOAC,2026-05-09,2026-05-18,9,8029.02,8705.0,8630.0,600.9799999999996,75.0,True
BOAM,2026-05-09,2026-05-18,9,4567.13,4700.0,4690.0,122.86999999999989,10.0,True
BOAN,2026-05-09,2026-05-18,9,3497.35,3485.0,3445.0,52.34999999999991,40.0,False
BOAS,2026-05-09,2026-05-18,9,6869.15,7390.0,7595.0,725.8500000000004,205.0,False
CABC,2026-05-05,2026-05-08,3,3993.52,3500.0,3400.0,593.52,100.0,False
CFAC,2026-05-05,2026-05-08,3,1306.83,1325.0,1400.0,93.17000000000007,75.0,False
CIEC,2026-05-05,2026-05-08,3,2925.5,3010.0,3345.0,419.5,335.0,False
FTSC,2026-05-05,2026-05-08,3,2248.84,2220.0,2200.0,48.840000000000146,20.0,False
NEIC,2026-05-05,2026-05-08,3,1542.76,1790.0,1745.0,202.24,45.0,True
SDSC,2026-05-05,2026-05-08,3,1728.86,1725.0,1800.0,71.1400000000001,75.0,True
SEMC,2026-05-05,2026-05-08,3,1490.01,1500.0,1525.0,34.99000000000001,25.0,False
SHEC,2026-05-05,2026-05-08,3,1712.18,1850.0,1895.0,182.81999999999994,45.0,False
SMBC,2026-05-05,2026-05-08,3,11587.76,11550.0,11900.0,312.2399999999998,350.0,True
STAC,2026-05-05,2026-05-08,3,2294.2,2950.0,2845.0,550.8000000000002,105.0,True
TTLC,2026-05-05,2026-05-08,3,2734.2,2745.0,2720.0,14.199999999999818,25.0,True
TTLS,2026-05-05,2026-05-08,3,3031.21,3000.0,3000.0,31.210000000000036,0.0,False
UNXC,2026-05-05,2026-05-08,3,1858.93,1885.0,1815.0,43.930000000000064,70.0,True
TTLC,2026-05-06,2026-05-08,2,2700.09,2700.0,2720.0,19.909999999999854,20.0,True
TTLS,2026-05-06,2026-05-08,2,3002.98,3005.0,3000.0,2.980000000000018,5.0,True
SMBC,2026-05-07,2026-05-08,1,11510.32,11500.0,11900.0,389.6800000000003,400.0,True
STAC,2026-05-07,2026-05-08,1,2627.0,2850.0,2845.0,218.0,5.0,True
TTLC,2026-05-07,2026-05-08,1,2731.08,2740.0,2720.0,11.079999999999927,20.0,True
TTLS,2026-05-07,2026-05-08,1,2997.29,3005.0,3000.0,2.7100000000000364,5.0,True
UNXC,2026-05-07,2026-05-08,1,1857.0,1865.0,1815.0,42.0,50.0,True
BICC,2026-05-04,2026-05-11,7,23953.12,24850.0,26000.0,2046.880000000001,1150.0,False
ECOC,2026-05-04,2026-05-11,7,16184.99,16300.0,16800.0,615.0100000000002,500.0,False
NSBC,2026-05-04,2026-05-11,7,14505.64,13900.0,14010.0,495.6399999999994,110.0,True
SGBC,2026-05-04,2026-05-11,7,33908.02,34095.0,34500.0,591.9800000000032,405.0,False
BICC,2026-05-05,2026-05-11,6,23930.09,24445.0,26000.0,2069.91,1555.0,False
ECOC,2026-05-05,2026-05-11,6,16095.93,16000.0,16800.0,704.0699999999997,800.0,True
NSBC,2026-05-05,2026-05-11,6,14467.32,14000.0,14010.0,457.3199999999997,10.0,True
SGBC,2026-05-05,2026-05-11,6,33598.98,33000.0,34500.0,901.0199999999968,1500.0,True
BICC,2026-05-07,2026-05-11,4,24451.74,24995.0,26000.0,1548.2599999999984,1005.0,False
BICC,2026-05-06,2026-05-11,5,24204.49,24990.0,26000.0,1795.5099999999984,1010.0,False
BOAC,2026-05-06,2026-05-11,5,8191.22,8590.0,8705.0,513.7799999999997,115.0,False
ECOC,2026-05-06,2026-05-11,5,16079.73,16100.0,16800.0,720.2700000000004,700.0,False
NSBC,2026-05-06,2026-05-11,5,14371.59,14000.0,14010.0,361.59000000000015,10.0,True
SGBC,2026-05-06,2026-05-11,5,33413.61,33100.0,34500.0,1086.3899999999994,1400.0,True
ECOC,2026-05-07,2026-05-11,4,16078.78,16100.0,16800.0,721.2199999999993,700.0,False
NSBC,2026-05-07,2026-05-11,4,14268.66,14010.0,14010.0,258.65999999999985,0.0,False
SGBC,2026-05-07,2026-05-11,4,33394.43,33400.0,34500.0,1105.5699999999997,1100.0,False
BICC,2026-05-08,2026-05-11,3,24698.93,25200.0,26000.0,1301.0699999999997,800.0,False
ECOC,2026-05-08,2026-05-11,3,16153.79,16300.0,16800.0,646.2099999999991,500.0,False
NSBC,2026-05-08,2026-05-11,3,14152.0,14000.0,14010.0,142.0,10.0,True
SGBC,2026-05-08,2026-05-11,3,33512.11,33800.0,34500.0,987.8899999999994,700.0,False
BICC,2026-05-09,2026-05-11,2,25088.03,26000.0,26000.0,911.9700000000012,0.0,True
BOAC,2026-05-09,2026-05-11,2,8499.22,8705.0,8705.0,205.78000000000065,0.0,True
ECOC,2026-05-09,2026-05-11,2,16379.54,16800.0,16800.0,420.4599999999991,0.0,True
NSBC,2026-05-09,2026-05-11,2,14158.72,14010.0,14010.0,148.71999999999935,0.0,False
SGBC,2026-05-09,2026-05-11,2,33803.64,34500.0,34500.0,696.3600000000006,0.0,True
BICC,2026-05-10,2026-05-11,1,25360.0,26000.0,26000.0,640.0,0.0,True
ECOC,2026-05-10,2026-05-11,1,16537.1,16800.0,16800.0,262.90000000000146,0.0,True
NSBC,2026-05-10,2026-05-11,1,14160.91,14010.0,14010.0,150.90999999999985,0.0,False
SGBC,2026-05-10,2026-05-11,1,34014.16,34500.0,34500.0,485.8399999999965,0.0,True
CABC,2026-05-09,2026-05-18,9,4432.61,3500.0,3495.0,937.6099999999997,5.0,False
CBIBF,2026-05-09,2026-05-18,9,15233.92,16800.0,19905.0,4671.08,3105.0,False
CFAC,2026-05-09,2026-05-18,9,1293.88,1385.0,1555.0,261.1199999999999,170.0,False
CIEC,2026-05-09,2026-05-18,9,2979.68,3330.0,3290.0,310.32000000000016,40.0,True
ECOC,2026-05-09,2026-05-18,9,16326.84,16800.0,16300.0,26.840000000000146,500.0,True
ETIT,2026-05-09,2026-05-18,9,26.47,30.0,29.0,2.530000000000001,1.0,True
FTSC,2026-05-09,2026-05-18,9,2268.63,2220.0,2250.0,18.63000000000011,30.0,True
NEIC,2026-05-09,2026-05-18,9,1408.53,1745.0,1920.0,511.47,175.0,False
NSBC,2026-05-09,2026-05-18,9,14629.25,14010.0,15000.0,370.75,990.0,True
NTLC,2026-05-09,2026-05-18,9,11957.17,11650.0,11750.0,207.17000000000007,100.0,True
ONTBF,2026-05-09,2026-05-18,9,2735.94,2760.0,2795.0,59.059999999999945,35.0,False
ORAC,2026-05-09,2026-05-18,9,14981.48,14920.0,15150.0,168.52000000000044,230.0,True
ORGT,2026-05-09,2026-05-18,9,2749.7,2550.0,2435.0,314.6999999999998,115.0,False
PALC,2026-05-09,2026-05-18,9,7962.69,7800.0,7700.0,262.6899999999996,100.0,False
SAFC,2026-05-09,2026-05-18,9,1925.73,3500.0,3990.0,2064.27,490.0,False
SDSC,2026-05-09,2026-05-18,9,1734.4,1745.0,1750.0,15.599999999999909,5.0,False
SEMC,2026-05-09,2026-05-18,9,1414.31,1525.0,1505.0,90.69000000000005,20.0,True
SGBC,2026-05-09,2026-05-18,9,33714.68,34500.0,35985.0,2270.3199999999997,1485.0,False
SHEC,2026-05-09,2026-05-18,9,1679.3,1945.0,1980.0,300.70000000000005,35.0,False
SIBC,2026-05-09,2026-05-18,9,6653.55,7095.0,7500.0,846.4499999999998,405.0,False
SICC,2026-05-09,2026-05-18,9,4208.62,4290.0,4305.0,96.38000000000011,15.0,False
SLBC,2026-05-09,2026-05-18,9,37319.88,37500.0,37900.0,580.1200000000026,400.0,False
SMBC,2026-05-09,2026-05-18,9,11811.71,11995.0,12895.0,1083.2900000000009,900.0,False
SNTS,2026-05-09,2026-05-18,9,28717.92,28900.0,28900.0,182.08000000000175,0.0,True
SOGC,2026-05-09,2026-05-18,9,7502.49,7390.0,7485.0,17.48999999999978,95.0,True
SPHC,2026-05-09,2026-05-18,9,7009.71,7050.0,6985.0,24.710000000000036,65.0,True
STAC,2026-05-09,2026-05-18,9,1893.86,2660.0,2660.0,766.1400000000001,0.0,True
TTLC,2026-05-09,2026-05-18,9,2729.36,2750.0,2910.0,180.63999999999987,160.0,False
CBIBF,2026-05-07,2026-05-11,4,15805.16,16700.0,16800.0,994.8400000000001,100.0,False
BICB,2026-05-07,2026-05-11,4,5112.55,5200.0,5225.0,112.44999999999982,25.0,False
BICB,2026-05-06,2026-05-11,5,5104.46,5125.0,5225.0,120.53999999999996,100.0,False
BOAB,2026-05-06,2026-05-11,5,8548.71,9200.0,9400.0,851.2900000000009,200.0,False
BOABF,2026-05-06,2026-05-11,5,5378.1,5405.0,5400.0,21.899999999999636,5.0,True
BOAM,2026-05-06,2026-05-11,5,4602.4,4690.0,4700.0,97.60000000000036,10.0,False
BOAN,2026-05-06,2026-05-11,5,3569.76,3580.0,3485.0,84.76000000000022,95.0,True
BOAS,2026-05-06,2026-05-11,5,6926.13,7240.0,7390.0,463.8699999999999,150.0,False
CBIBF,2026-05-06,2026-05-11,5,15513.7,16700.0,16800.0,1286.2999999999993,100.0,False
ETIT,2026-05-06,2026-05-11,5,26.89,29.0,30.0,3.1099999999999994,1.0,False
ORGT,2026-05-06,2026-05-11,5,3107.82,2975.0,2550.0,557.8200000000002,425.0,False
SAFC,2026-05-06,2026-05-11,5,2484.36,3500.0,3500.0,1015.6399999999999,0.0,True
BOAB,2026-05-07,2026-05-11,4,8780.24,9340.0,9400.0,619.7600000000002,60.0,False
BOABF,2026-05-07,2026-05-11,4,5381.51,5405.0,5400.0,18.48999999999978,5.0,True
BOAC,2026-05-07,2026-05-11,4,8396.48,8785.0,8705.0,308.52000000000044,80.0,True
BOAM,2026-05-07,2026-05-11,4,4624.26,4680.0,4700.0,75.73999999999978,20.0,False
BOAN,2026-05-07,2026-05-11,4,3529.79,3500.0,3485.0,44.789999999999964,15.0,False
BOAS,2026-05-07,2026-05-11,4,7009.95,7225.0,7390.0,380.0500000000002,165.0,False
ETIT,2026-05-07,2026-05-11,4,27.44,29.0,30.0,2.5599999999999987,1.0,False
ORGT,2026-05-07,2026-05-11,4,3043.1,2975.0,2550.0,493.0999999999999,425.0,False
SAFC,2026-05-07,2026-05-11,4,2922.02,3500.0,3500.0,577.98,0.0,True
SIBC,2026-05-07,2026-05-11,4,6859.39,7050.0,7095.0,235.60999999999967,45.0,False
SOGC,2026-05-07,2026-05-11,4,7524.56,7500.0,7390.0,134.5600000000004,110.0,False
BICB,2026-05-08,2026-05-11,3,5111.32,5120.0,5225.0,113.68000000000029,105.0,False
SIBC,2026-05-08,2026-05-11,3,7017.82,7150.0,7095.0,77.18000000000029,55.0,True
SOGC,2026-05-08,2026-05-11,3,7462.95,7400.0,7390.0,72.94999999999982,10.0,False
BICB,2026-05-09,2026-05-11,2,5107.05,5225.0,5225.0,117.94999999999982,0.0,True
BOAB,2026-05-09,2026-05-11,2,9032.62,9400.0,9400.0,367.3799999999992,0.0,True
BOABF,2026-05-09,2026-05-11,2,5382.77,5400.0,5400.0,17.229999999999563,0.0,True
BOAM,2026-05-09,2026-05-11,2,4678.83,4700.0,4700.0,21.170000000000073,0.0,True
BOAN,2026-05-09,2026-05-11,2,3496.64,3485.0,3485.0,11.639999999999873,0.0,False
BOAS,2026-05-09,2026-05-11,2,7210.56,7390.0,7390.0,179.4399999999996,0.0,True
CBIBF,2026-05-09,2026-05-11,2,16278.82,16800.0,16800.0,521.1800000000003,0.0,True
ETIT,2026-05-09,2026-05-11,2,28.7,30.0,30.0,1.3000000000000007,0.0,True
ORGT,2026-05-09,2026-05-11,2,2751.16,2550.0,2550.0,201.15999999999985,0.0,False
SAFC,2026-05-09,2026-05-11,2,3224.4,3500.0,3500.0,275.5999999999999,0.0,True
SIBC,2026-05-09,2026-05-11,2,6987.59,7095.0,7095.0,107.40999999999985,0.0,True
SOGC,2026-05-09,2026-05-11,2,7435.62,7390.0,7390.0,45.61999999999989,0.0,False
BICB,2026-05-10,2026-05-11,1,5108.86,5225.0,5225.0,116.14000000000033,0.0,True
BOAB,2026-05-10,2026-05-11,1,9060.33,9400.0,9400.0,339.6700000000001,0.0,True
BOABF,2026-05-10,2026-05-11,1,5379.97,5400.0,5400.0,20.029999999999745,0.0,True
BOAC,2026-05-10,2026-05-11,1,8513.26,8705.0,8705.0,191.73999999999978,0.0,True
BOAM,2026-05-10,2026-05-11,1,4675.36,4700.0,4700.0,24.640000000000327,0.0,True
BOAN,2026-05-10,2026-05-11,1,3488.82,3485.0,3485.0,3.8200000000001637,0.0,False
BOAS,2026-05-10,2026-05-11,1,7240.46,7390.0,7390.0,149.53999999999996,0.0,True
CBIBF,2026-05-10,2026-05-11,1,16279.83,16800.0,16800.0,520.1700000000001,0.0,True
ETIT,2026-05-10,2026-05-11,1,28.81,30.0,30.0,1.1900000000000013,0.0,True
ORGT,2026-05-10,2026-05-11,1,2654.67,2550.0,2550.0,104.67000000000007,0.0,False
SAFC,2026-05-10,2026-05-11,1,3220.8,3500.0,3500.0,279.1999999999998,0.0,True
SIBC,2026-05-10,2026-05-11,1,6980.89,7095.0,7095.0,114.10999999999967,0.0,True
SOGC,2026-05-10,2026-05-11,1,7426.24,7390.0,7390.0,36.23999999999978,0.0,False
TTLS,2026-05-09,2026-05-18,9,2903.18,2950.0,3005.0,101.82000000000016,55.0,False
UNLC,2026-05-09,2026-05-18,9,61029.54,56000.0,59950.0,1079.5400000000009,3950.0,True
UNXC,2026-05-09,2026-05-18,9,1773.41,1805.0,1835.0,61.58999999999992,30.0,False
ABJC,2026-05-10,2026-05-18,8,2808.53,2975.0,2850.0,41.4699999999998,125.0,True
BICB,2026-05-10,2026-05-18,8,5058.69,5225.0,5200.0,141.3100000000004,25.0,True
BICC,2026-05-10,2026-05-18,8,24706.22,26000.0,26450.0,1743.7799999999988,450.0,False
BNBC,2026-05-10,2026-05-18,8,1334.49,1300.0,1545.0,210.51,245.0,True
BOAB,2026-05-10,2026-05-18,8,8489.19,9400.0,9400.0,910.8099999999995,0.0,True
BOABF,2026-05-10,2026-05-18,8,5321.94,5400.0,5400.0,78.0600000000004,0.0,True
BOAC,2026-05-10,2026-05-18,8,8040.72,8705.0,8630.0,589.2799999999997,75.0,True
BOAM,2026-05-10,2026-05-18,8,4564.5,4700.0,4690.0,125.5,10.0,True
BOAN,2026-05-10,2026-05-18,8,3492.14,3485.0,3445.0,47.13999999999987,40.0,False
BOAS,2026-05-10,2026-05-18,8,6890.28,7390.0,7595.0,704.7200000000003,205.0,False
CABC,2026-05-10,2026-05-18,8,4436.76,3500.0,3495.0,941.7600000000002,5.0,False
CBIBF,2026-05-10,2026-05-18,8,15250.66,16800.0,19905.0,4654.34,3105.0,False
CFAC,2026-05-10,2026-05-18,8,1291.07,1385.0,1555.0,263.93000000000006,170.0,False
CIEC,2026-05-10,2026-05-18,8,2986.16,3330.0,3290.0,303.84000000000015,40.0,True
ECOC,2026-05-10,2026-05-18,8,16462.11,16800.0,16300.0,162.11000000000058,500.0,True
ETIT,2026-05-10,2026-05-18,8,26.51,30.0,29.0,2.4899999999999984,1.0,True
FTSC,2026-05-10,2026-05-18,8,2269.94,2220.0,2250.0,19.940000000000055,30.0,True
NEIC,2026-05-10,2026-05-18,8,1408.92,1745.0,1920.0,511.0799999999999,175.0,False
NSBC,2026-05-10,2026-05-18,8,14631.86,14010.0,15000.0,368.1399999999994,990.0,True
NTLC,2026-05-10,2026-05-18,8,11906.08,11650.0,11750.0,156.07999999999993,100.0,True
ONTBF,2026-05-10,2026-05-18,8,2737.45,2760.0,2795.0,57.55000000000018,35.0,False
ORAC,2026-05-10,2026-05-18,8,14945.3,14920.0,15150.0,204.70000000000073,230.0,True
ORGT,2026-05-10,2026-05-18,8,2657.71,2550.0,2435.0,222.71000000000004,115.0,False
PALC,2026-05-10,2026-05-18,8,7963.23,7800.0,7700.0,263.22999999999956,100.0,False
SAFC,2026-05-10,2026-05-18,8,1927.19,3500.0,3990.0,2062.81,490.0,False
SDSC,2026-05-10,2026-05-18,8,1730.87,1745.0,1750.0,19.13000000000011,5.0,False
SEMC,2026-05-10,2026-05-18,8,1419.45,1525.0,1505.0,85.54999999999995,20.0,True
TTLC,2026-05-06,2026-05-11,5,2698.85,2700.0,2750.0,51.15000000000009,50.0,False
TTLS,2026-05-06,2026-05-11,5,2989.58,3005.0,2950.0,39.57999999999993,55.0,True
UNLC,2026-05-06,2026-05-11,5,62110.48,59000.0,56000.0,6110.480000000003,3000.0,False
CIEC,2026-05-06,2026-05-11,5,2908.99,3000.0,3330.0,421.0100000000002,330.0,False
NTLC,2026-05-06,2026-05-11,5,12130.09,11700.0,11650.0,480.09000000000015,50.0,False
ONTBF,2026-05-06,2026-05-11,5,2723.31,2710.0,2760.0,36.690000000000055,50.0,True
ORAC,2026-05-06,2026-05-11,5,15126.06,15200.0,14920.0,206.0599999999995,280.0,True
PALC,2026-05-06,2026-05-11,5,7221.46,6995.0,7800.0,578.54,805.0,True
SHEC,2026-05-06,2026-05-11,5,1698.1,1845.0,1945.0,246.9000000000001,100.0,False
NTLC,2026-05-07,2026-05-11,4,12062.31,11900.0,11650.0,412.3099999999995,250.0,False
ONTBF,2026-05-07,2026-05-11,4,2707.17,2710.0,2760.0,52.82999999999993,50.0,False
ORAC,2026-05-07,2026-05-11,4,15153.24,15200.0,14920.0,233.23999999999978,280.0,True
PALC,2026-05-07,2026-05-11,4,7568.02,7800.0,7800.0,231.97999999999956,0.0,True
SHEC,2026-05-07,2026-05-11,4,1736.39,1840.0,1945.0,208.6099999999999,105.0,False
SICC,2026-05-07,2026-05-11,4,4248.32,4285.0,4290.0,41.68000000000029,5.0,False
SLBC,2026-05-07,2026-05-11,4,37361.43,37500.0,37500.0,138.5699999999997,0.0,True
SNTS,2026-05-07,2026-05-11,4,28757.15,28900.0,28900.0,142.84999999999854,0.0,True
SPHC,2026-05-07,2026-05-11,4,6959.39,7175.0,7050.0,90.60999999999967,125.0,True
TTLC,2026-05-07,2026-05-11,4,2729.78,2740.0,2750.0,20.2199999999998,10.0,False
TTLS,2026-05-07,2026-05-11,4,2984.22,3005.0,2950.0,34.2199999999998,55.0,True
UNLC,2026-05-07,2026-05-11,4,61074.91,59000.0,56000.0,5074.9100000000035,3000.0,False
CIEC,2026-05-08,2026-05-11,3,3219.91,3345.0,3330.0,110.09000000000015,15.0,True
NTLC,2026-05-08,2026-05-11,3,11991.82,11700.0,11650.0,341.8199999999997,50.0,False
ONTBF,2026-05-08,2026-05-11,3,2740.4,2775.0,2760.0,19.59999999999991,15.0,True
ORAC,2026-05-08,2026-05-11,3,15076.64,14900.0,14920.0,156.63999999999942,20.0,True
PALC,2026-05-08,2026-05-11,3,7769.81,7900.0,7800.0,30.1899999999996,100.0,True
SHEC,2026-05-08,2026-05-11,3,1817.13,1895.0,1945.0,127.86999999999989,50.0,False
SICC,2026-05-08,2026-05-11,3,4270.79,4300.0,4290.0,19.210000000000036,10.0,True
SLBC,2026-05-08,2026-05-11,3,37453.76,37500.0,37500.0,46.23999999999796,0.0,True
SNTS,2026-05-08,2026-05-11,3,28793.29,28900.0,28900.0,106.70999999999913,0.0,True
SPHC,2026-05-08,2026-05-11,3,7027.7,7100.0,7050.0,22.300000000000182,50.0,True
TTLC,2026-05-08,2026-05-11,3,2720.42,2720.0,2750.0,29.579999999999927,30.0,True
TTLS,2026-05-08,2026-05-11,3,2985.53,3000.0,2950.0,35.5300000000002,50.0,True
UNLC,2026-05-08,2026-05-11,3,60420.95,59000.0,56000.0,4420.949999999997,3000.0,False
NTLC,2026-05-09,2026-05-11,2,11912.74,11650.0,11650.0,262.7399999999998,0.0,False
ONTBF,2026-05-09,2026-05-11,2,2750.56,2760.0,2760.0,9.440000000000055,0.0,True
ORAC,2026-05-09,2026-05-11,2,15009.09,14920.0,14920.0,89.09000000000015,0.0,False
PALC,2026-05-09,2026-05-11,2,7848.45,7800.0,7800.0,48.44999999999982,0.0,False
SHEC,2026-05-09,2026-05-11,2,1862.44,1945.0,1945.0,82.55999999999995,0.0,True
SICC,2026-05-09,2026-05-11,2,4271.51,4290.0,4290.0,18.48999999999978,0.0,True
SLBC,2026-05-09,2026-05-11,2,37474.88,37500.0,37500.0,25.12000000000262,0.0,True
SNTS,2026-05-09,2026-05-11,2,28806.34,28900.0,28900.0,93.65999999999985,0.0,True
SPHC,2026-05-09,2026-05-11,2,7035.94,7050.0,7050.0,14.0600000000004,0.0,True
TTLC,2026-05-09,2026-05-11,2,2742.04,2750.0,2750.0,7.960000000000036,0.0,True
TTLS,2026-05-09,2026-05-11,2,2954.31,2950.0,2950.0,4.309999999999945,0.0,False
UNLC,2026-05-09,2026-05-11,2,59137.59,56000.0,56000.0,3137.5899999999965,0.0,False
CIEC,2026-05-10,2026-05-11,1,3205.08,3330.0,3330.0,124.92000000000007,0.0,True
NTLC,2026-05-10,2026-05-11,1,11851.12,11650.0,11650.0,201.1200000000008,0.0,False
ONTBF,2026-05-10,2026-05-11,1,2753.27,2760.0,2760.0,6.730000000000018,0.0,True
SGBC,2026-05-10,2026-05-18,8,33892.78,34500.0,35985.0,2092.220000000001,1485.0,False
SHEC,2026-05-10,2026-05-18,8,1681.58,1945.0,1980.0,298.4200000000001,35.0,False
SIBC,2026-05-10,2026-05-18,8,6649.87,7095.0,7500.0,850.1300000000001,405.0,False
SICC,2026-05-10,2026-05-18,8,4205.72,4290.0,4305.0,99.27999999999975,15.0,False
SLBC,2026-05-10,2026-05-18,8,37296.46,37500.0,37900.0,603.5400000000009,400.0,False
SMBC,2026-05-10,2026-05-18,8,11878.9,11995.0,12895.0,1016.1000000000004,900.0,False
SNTS,2026-05-10,2026-05-18,8,28726.9,28900.0,28900.0,173.09999999999854,0.0,True
SOGC,2026-05-10,2026-05-18,8,7493.29,7390.0,7485.0,8.289999999999964,95.0,True
SPHC,2026-05-10,2026-05-18,8,7010.15,7050.0,6985.0,25.149999999999636,65.0,True
STAC,2026-05-10,2026-05-18,8,1914.99,2660.0,2660.0,745.01,0.0,True
TTLC,2026-05-10,2026-05-18,8,2732.62,2750.0,2910.0,177.3800000000001,160.0,False
TTLS,2026-05-10,2026-05-18,8,2889.58,2950.0,3005.0,115.42000000000007,55.0,False
UNLC,2026-05-10,2026-05-18,8,60048.12,56000.0,59950.0,98.12000000000262,3950.0,True
UNXC,2026-05-10,2026-05-18,8,1763.18,1805.0,1835.0,71.81999999999994,30.0,False
ABJC,2026-05-11,2026-05-18,7,2835.82,2975.0,2850.0,14.179999999999836,125.0,True
BICB,2026-05-11,2026-05-18,7,5074.55,5225.0,5200.0,125.44999999999982,25.0,True
BICC,2026-05-11,2026-05-18,7,24959.48,26000.0,26450.0,1490.5200000000004,450.0,False
BNBC,2026-05-11,2026-05-18,7,1326.06,1300.0,1545.0,218.94000000000005,245.0,True
BOAB,2026-05-11,2026-05-18,7,8614.5,9400.0,9400.0,785.5,0.0,True
BOABF,2026-05-11,2026-05-18,7,5332.91,5400.0,5400.0,67.09000000000015,0.0,True
BOAC,2026-05-11,2026-05-18,7,8157.07,8705.0,8630.0,472.9300000000003,75.0,True
BOAM,2026-05-11,2026-05-18,7,4590.0,4700.0,4690.0,100.0,10.0,True
BOAN,2026-05-11,2026-05-18,7,3489.93,3485.0,3445.0,44.929999999999836,40.0,False
UNXC,2026-05-06,2026-05-11,5,1848.73,1875.0,1805.0,43.73000000000002,70.0,True
CFAC,2026-05-07,2026-05-11,4,1342.57,1400.0,1385.0,42.430000000000064,15.0,True
ABJC,2026-05-07,2026-05-11,4,2939.81,3015.0,2975.0,35.190000000000055,40.0,True
ABJC,2026-05-06,2026-05-11,5,2918.13,3015.0,2975.0,56.86999999999989,40.0,True
BNBC,2026-05-06,2026-05-11,5,1323.98,1280.0,1300.0,23.980000000000018,20.0,True
CABC,2026-05-06,2026-05-11,5,3863.07,3410.0,3500.0,363.07000000000016,90.0,True
CFAC,2026-05-06,2026-05-11,5,1315.07,1395.0,1385.0,69.93000000000006,10.0,True
FTSC,2026-05-06,2026-05-11,5,2227.48,2195.0,2220.0,7.480000000000018,25.0,True
NEIC,2026-05-06,2026-05-11,5,1584.58,1880.0,1745.0,160.42000000000007,135.0,True
SDSC,2026-05-06,2026-05-11,5,1704.46,1700.0,1745.0,40.539999999999964,45.0,True
SEMC,2026-05-06,2026-05-11,5,1464.17,1495.0,1525.0,60.82999999999993,30.0,False
BNBC,2026-05-07,2026-05-11,4,1342.62,1350.0,1300.0,42.61999999999989,50.0,True
CABC,2026-05-07,2026-05-11,4,3688.82,3410.0,3500.0,188.82000000000016,90.0,True
CIEC,2026-05-07,2026-05-11,4,3053.42,3200.0,3330.0,276.5799999999999,130.0,False
FTSC,2026-05-07,2026-05-11,4,2219.97,2200.0,2220.0,0.03000000000020009,20.0,True
NEIC,2026-05-07,2026-05-11,4,1570.46,1715.0,1745.0,174.53999999999996,30.0,False
SDSC,2026-05-07,2026-05-11,4,1689.11,1685.0,1745.0,55.8900000000001,60.0,True
SEMC,2026-05-07,2026-05-11,4,1448.87,1450.0,1525.0,76.13000000000011,75.0,False
SMBC,2026-05-07,2026-05-11,4,11501.35,11500.0,11995.0,493.64999999999964,495.0,True
STAC,2026-05-07,2026-05-11,4,2457.74,2850.0,2660.0,202.26000000000022,190.0,True
UNXC,2026-05-07,2026-05-11,4,1847.72,1865.0,1805.0,42.72000000000003,60.0,True
SEMC,2026-05-08,2026-05-11,3,1462.13,1525.0,1525.0,62.86999999999989,0.0,True
SMBC,2026-05-08,2026-05-11,3,11678.59,11900.0,11995.0,316.40999999999985,95.0,False
STAC,2026-05-08,2026-05-11,3,2665.01,2845.0,2660.0,5.010000000000218,185.0,True
UNXC,2026-05-08,2026-05-11,3,1831.09,1815.0,1805.0,26.089999999999918,10.0,False
ABJC,2026-05-09,2026-05-11,2,2945.08,2975.0,2975.0,29.920000000000073,0.0,True
BNBC,2026-05-09,2026-05-11,2,1324.14,1300.0,1300.0,24.1400000000001,0.0,False
CABC,2026-05-09,2026-05-11,2,3646.07,3500.0,3500.0,146.07000000000016,0.0,False
CFAC,2026-05-09,2026-05-11,2,1358.79,1385.0,1385.0,26.210000000000036,0.0,True
CIEC,2026-05-09,2026-05-11,2,3211.66,3330.0,3330.0,118.34000000000015,0.0,True
FTSC,2026-05-09,2026-05-11,2,2229.35,2220.0,2220.0,9.349999999999909,0.0,False
NEIC,2026-05-09,2026-05-11,2,1643.59,1745.0,1745.0,101.41000000000008,0.0,True
SDSC,2026-05-09,2026-05-11,2,1746.49,1745.0,1745.0,1.490000000000009,0.0,False
SEMC,2026-05-09,2026-05-11,2,1464.9,1525.0,1525.0,60.09999999999991,0.0,True
SMBC,2026-05-09,2026-05-11,2,11838.55,11995.0,11995.0,156.45000000000073,0.0,True
STAC,2026-05-09,2026-05-11,2,2493.76,2660.0,2660.0,166.23999999999978,0.0,True
UNXC,2026-05-09,2026-05-11,2,1809.14,1805.0,1805.0,4.1400000000001,0.0,False
ABJC,2026-05-10,2026-05-11,1,2931.48,2975.0,2975.0,43.51999999999998,0.0,True
BNBC,2026-05-10,2026-05-11,1,1312.24,1300.0,1300.0,12.240000000000009,0.0,False
CABC,2026-05-10,2026-05-11,1,3667.22,3500.0,3500.0,167.2199999999998,0.0,False
CFAC,2026-05-10,2026-05-11,1,1355.42,1385.0,1385.0,29.579999999999927,0.0,True
FTSC,2026-05-10,2026-05-11,1,2231.01,2220.0,2220.0,11.010000000000218,0.0,False
NEIC,2026-05-10,2026-05-11,1,1646.79,1745.0,1745.0,98.21000000000004,0.0,True
SDSC,2026-05-10,2026-05-11,1,1741.54,1745.0,1745.0,3.4600000000000364,0.0,True
SEMC,2026-05-10,2026-05-11,1,1469.81,1525.0,1525.0,55.190000000000055,0.0,True
SMBC,2026-05-10,2026-05-11,1,11917.37,11995.0,11995.0,77.6299999999992,0.0,True
SGBC,2026-05-04,2026-05-12,8,33881.86,34095.0,34800.0,918.1399999999994,705.0,False
SGBC,2026-05-05,2026-05-12,7,33579.91,33000.0,34800.0,1220.0899999999965,1800.0,True
SGBC,2026-05-06,2026-05-12,6,33399.94,33100.0,34800.0,1400.0599999999977,1700.0,True
SGBC,2026-05-07,2026-05-12,5,33381.2,33400.0,34800.0,1418.800000000003,1400.0,False
BICC,2026-05-08,2026-05-12,4,24585.57,25200.0,26200.0,1614.4300000000003,1000.0,False
SGBC,2026-05-08,2026-05-12,4,33507.87,33800.0,34800.0,1292.1299999999974,1000.0,False
SGBC,2026-05-09,2026-05-12,3,33806.4,34500.0,34800.0,993.5999999999985,300.0,False
BICC,2026-05-10,2026-05-12,2,25234.19,26000.0,26200.0,965.8100000000013,200.0,False
SGBC,2026-05-10,2026-05-12,2,33999.29,34500.0,34800.0,800.7099999999991,300.0,False
SGBC,2026-05-11,2026-05-12,1,34144.01,34500.0,34800.0,655.989999999998,300.0,False
BOAS,2026-05-11,2026-05-18,7,6974.77,7390.0,7595.0,620.2299999999996,205.0,False
CABC,2026-05-11,2026-05-18,7,4181.31,3500.0,3495.0,686.3100000000004,5.0,False
CBIBF,2026-05-11,2026-05-18,7,15449.95,16800.0,19905.0,4455.049999999999,3105.0,False
CFAC,2026-05-11,2026-05-18,7,1306.1,1385.0,1555.0,248.9000000000001,170.0,False
CIEC,2026-05-11,2026-05-18,7,3030.08,3330.0,3290.0,259.9200000000001,40.0,True
ECOC,2026-05-11,2026-05-18,7,16557.29,16800.0,16300.0,257.2900000000009,500.0,True
ETIT,2026-05-11,2026-05-18,7,27.05,30.0,29.0,1.9499999999999993,1.0,True
FTSC,2026-05-11,2026-05-18,7,2260.04,2220.0,2250.0,10.039999999999964,30.0,True
NEIC,2026-05-11,2026-05-18,7,1457.08,1745.0,1920.0,462.9200000000001,175.0,False
NSBC,2026-05-11,2026-05-18,7,14511.16,14010.0,15000.0,488.84000000000015,990.0,True
NTLC,2026-05-11,2026-05-18,7,11849.92,11650.0,11750.0,99.92000000000007,100.0,True
ONTBF,2026-05-11,2026-05-18,7,2741.48,2760.0,2795.0,53.51999999999998,35.0,False
ORAC,2026-05-11,2026-05-18,7,14928.06,14920.0,15150.0,221.9400000000005,230.0,True
ORGT,2026-05-11,2026-05-18,7,2609.92,2550.0,2435.0,174.92000000000007,115.0,False
PALC,2026-05-11,2026-05-18,7,7931.12,7800.0,7700.0,231.1199999999999,100.0,False
SAFC,2026-05-11,2026-05-18,7,2192.74,3500.0,3990.0,1797.2600000000002,490.0,False
SDSC,2026-05-11,2026-05-18,7,1733.3,1745.0,1750.0,16.700000000000045,5.0,False
SEMC,2026-05-11,2026-05-18,7,1437.21,1525.0,1505.0,67.78999999999996,20.0,True
SGBC,2026-05-11,2026-05-18,7,34039.34,34500.0,35985.0,1945.6600000000035,1485.0,False
SHEC,2026-05-11,2026-05-18,7,1718.93,1945.0,1980.0,261.06999999999994,35.0,False
SIBC,2026-05-11,2026-05-18,7,6723.38,7095.0,7500.0,776.6199999999999,405.0,False
SICC,2026-05-11,2026-05-18,7,4221.53,4290.0,4305.0,83.47000000000025,15.0,False
SLBC,2026-05-11,2026-05-18,7,37322.54,37500.0,37900.0,577.4599999999991,400.0,False
SMBC,2026-05-11,2026-05-18,7,11917.31,11995.0,12895.0,977.6900000000005,900.0,False
SNTS,2026-05-11,2026-05-18,7,28755.44,28900.0,28900.0,144.5600000000013,0.0,True
SOGC,2026-05-11,2026-05-18,7,7472.96,7390.0,7485.0,12.039999999999964,95.0,True
SPHC,2026-05-11,2026-05-18,7,7017.37,7050.0,6985.0,32.36999999999989,65.0,True
STAC,2026-05-11,2026-05-18,7,2066.31,2660.0,2660.0,593.69,0.0,True
TTLC,2026-05-11,2026-05-18,7,2735.61,2750.0,2910.0,174.38999999999987,160.0,False
BOAB,2026-05-04,2026-05-12,8,8058.8,8850.0,9405.0,1346.1999999999998,555.0,False
BOABF,2026-05-04,2026-05-12,8,5493.47,5650.0,5410.0,83.47000000000025,240.0,True
BOAB,2026-05-06,2026-05-12,6,8431.51,9200.0,9405.0,973.4899999999998,205.0,False
BOABF,2026-05-06,2026-05-12,6,5366.01,5405.0,5410.0,43.98999999999978,5.0,False
BOAC,2026-05-06,2026-05-12,6,8071.2,8590.0,8650.0,578.8000000000002,60.0,False
BOAM,2026-05-06,2026-05-12,6,4576.53,4690.0,4685.0,108.47000000000025,5.0,True
BOAN,2026-05-06,2026-05-12,6,3571.07,3580.0,3450.0,121.07000000000016,130.0,True
BOAS,2026-05-06,2026-05-12,6,6847.83,7240.0,7450.0,602.1700000000001,210.0,False
ECOC,2026-05-06,2026-05-12,6,16068.16,16100.0,16200.0,131.84000000000015,100.0,False
NSBC,2026-05-06,2026-05-12,6,14489.34,14000.0,13850.0,639.3400000000001,150.0,False
BOAB,2026-05-07,2026-05-12,5,8625.29,9340.0,9405.0,779.7099999999991,65.0,False
BOABF,2026-05-07,2026-05-12,5,5369.16,5405.0,5410.0,40.840000000000146,5.0,False
BOAC,2026-05-07,2026-05-12,5,8268.22,8785.0,8650.0,381.78000000000065,135.0,True
BOAM,2026-05-07,2026-05-12,5,4596.6,4680.0,4685.0,88.39999999999964,5.0,False
BOAN,2026-05-07,2026-05-12,5,3529.49,3500.0,3450.0,79.48999999999978,50.0,False
BOAS,2026-05-07,2026-05-12,5,6926.0,7225.0,7450.0,524.0,225.0,False
ECOC,2026-05-07,2026-05-12,5,16067.25,16100.0,16200.0,132.75,100.0,False
NSBC,2026-05-07,2026-05-12,5,14385.16,14010.0,13850.0,535.1599999999999,160.0,False
SIBC,2026-05-07,2026-05-12,5,6774.1,7050.0,7140.0,365.89999999999964,90.0,False
BICB,2026-05-08,2026-05-12,4,5093.68,5120.0,5170.0,76.31999999999971,50.0,False
BOAB,2026-05-08,2026-05-12,4,8796.63,9300.0,9405.0,608.3700000000008,105.0,False
BOABF,2026-05-08,2026-05-12,4,5374.24,5400.0,5410.0,35.76000000000022,10.0,False
BOAC,2026-05-08,2026-05-12,4,8362.29,8650.0,8650.0,287.7099999999991,0.0,True
BOAM,2026-05-08,2026-05-12,4,4641.27,4690.0,4685.0,43.72999999999956,5.0,True
BOAN,2026-05-08,2026-05-12,4,3509.32,3500.0,3450.0,59.320000000000164,50.0,False
BICB,2026-05-09,2026-05-12,3,5095.0,5225.0,5170.0,75.0,55.0,True
BICC,2026-05-09,2026-05-12,3,25008.91,26000.0,26200.0,1191.0900000000001,200.0,False
BOAB,2026-05-09,2026-05-12,3,8857.85,9400.0,9405.0,547.1499999999996,5.0,False
BOABF,2026-05-09,2026-05-12,3,5368.94,5400.0,5410.0,41.0600000000004,10.0,False
BOAC,2026-05-09,2026-05-12,3,8386.7,8705.0,8650.0,263.2999999999993,55.0,True
BOAM,2026-05-09,2026-05-12,3,4648.93,4700.0,4685.0,36.06999999999971,15.0,True
BOAN,2026-05-09,2026-05-12,3,3494.02,3485.0,3450.0,44.01999999999998,35.0,False
BOAS,2026-05-09,2026-05-12,3,7123.88,7390.0,7450.0,326.1199999999999,60.0,False
CBIBF,2026-05-09,2026-05-12,3,15896.1,16800.0,16800.0,903.8999999999996,0.0,True
ECOC,2026-05-09,2026-05-12,3,16388.69,16800.0,16200.0,188.6899999999987,600.0,True
NSBC,2026-05-09,2026-05-12,3,14272.46,14010.0,13850.0,422.4599999999991,160.0,False
SIBC,2026-05-09,2026-05-12,3,6894.98,7095.0,7140.0,245.02000000000044,45.0,False
BICB,2026-05-10,2026-05-12,2,5098.72,5225.0,5170.0,71.27999999999975,55.0,True
BOAB,2026-05-10,2026-05-12,2,8882.45,9400.0,9405.0,522.5499999999993,5.0,False
BOABF,2026-05-10,2026-05-12,2,5365.27,5400.0,5410.0,44.72999999999956,10.0,False
BOAC,2026-05-10,2026-05-12,2,8400.19,8705.0,8650.0,249.8099999999995,55.0,True
BOAM,2026-05-10,2026-05-12,2,4644.99,4700.0,4685.0,40.01000000000022,15.0,True
BOAN,2026-05-10,2026-05-12,2,3488.21,3485.0,3450.0,38.210000000000036,35.0,False
BOAS,2026-05-10,2026-05-12,2,7147.78,7390.0,7450.0,302.22000000000025,60.0,False
ECOC,2026-05-10,2026-05-12,2,16528.05,16800.0,16200.0,328.0499999999993,600.0,True
NSBC,2026-05-10,2026-05-12,2,14274.66,14010.0,13850.0,424.65999999999985,160.0,False
SIBC,2026-05-10,2026-05-12,2,6889.5,7095.0,7140.0,250.5,45.0,False
BICB,2026-05-11,2026-05-12,1,5112.37,5225.0,5170.0,57.63000000000011,55.0,True
NSBC,2026-05-11,2026-05-12,1,14161.46,14010.0,13850.0,311.4599999999991,160.0,False
SIBC,2026-05-11,2026-05-12,1,6980.71,7095.0,7140.0,159.28999999999996,45.0,False
TTLS,2026-05-11,2026-05-18,7,2894.02,2950.0,3005.0,110.98000000000002,55.0,False
UNLC,2026-05-11,2026-05-18,7,58966.94,56000.0,59950.0,983.0599999999977,3950.0,True
UNXC,2026-05-11,2026-05-18,7,1766.74,1805.0,1835.0,68.25999999999999,30.0,False
ABJC,2026-05-12,2026-05-18,6,2872.47,2985.0,2850.0,22.4699999999998,135.0,True
BICB,2026-05-12,2026-05-18,6,5083.13,5170.0,5200.0,116.86999999999989,30.0,False
BICC,2026-05-12,2026-05-18,6,25262.19,26200.0,26450.0,1187.8100000000013,250.0,False
BNBC,2026-05-12,2026-05-18,6,1385.69,1395.0,1545.0,159.30999999999995,150.0,False
BOAB,2026-05-12,2026-05-18,6,8752.28,9405.0,9400.0,647.7199999999993,5.0,True
BOABF,2026-05-12,2026-05-18,6,5351.44,5410.0,5400.0,48.5600000000004,10.0,True
BOAC,2026-05-12,2026-05-18,6,8242.38,8650.0,8630.0,387.6200000000008,20.0,True
BOAM,2026-05-12,2026-05-18,6,4600.37,4685.0,4690.0,89.63000000000011,5.0,False
BOAN,2026-05-12,2026-05-18,6,3469.08,3450.0,3445.0,24.079999999999927,5.0,False
BOAS,2026-05-12,2026-05-18,6,7097.31,7450.0,7595.0,497.6899999999996,145.0,False
CABC,2026-05-12,2026-05-18,6,3966.1,3500.0,3495.0,471.0999999999999,5.0,False
CBIBF,2026-05-12,2026-05-18,6,15671.24,16800.0,19905.0,4233.76,3105.0,False
CFAC,2026-05-12,2026-05-18,6,1319.64,1380.0,1555.0,235.3599999999999,175.0,False
CIEC,2026-05-12,2026-05-18,6,3024.32,3200.0,3290.0,265.67999999999984,90.0,False
ECOC,2026-05-12,2026-05-18,6,16399.54,16200.0,16300.0,99.54000000000087,100.0,True
ETIT,2026-05-12,2026-05-18,6,27.62,30.0,29.0,1.379999999999999,1.0,True
FTSC,2026-05-12,2026-05-18,6,2232.21,2200.0,2250.0,17.789999999999964,50.0,True
NEIC,2026-05-12,2026-05-18,6,1570.2,1850.0,1920.0,349.79999999999995,70.0,False
NSBC,2026-05-12,2026-05-18,6,14267.99,13850.0,15000.0,732.0100000000002,1150.0,True
CBIBF,2026-05-06,2026-05-12,6,15310.09,16700.0,16800.0,1489.9099999999999,100.0,False
ETIT,2026-05-06,2026-05-12,6,26.36,29.0,30.0,3.6400000000000006,1.0,False
NTLC,2026-05-06,2026-05-12,6,12147.23,11700.0,11150.0,997.2299999999996,550.0,False
ONTBF,2026-05-06,2026-05-12,6,2719.27,2710.0,2700.0,19.269999999999982,10.0,False
ORAC,2026-05-06,2026-05-12,6,15122.92,15200.0,15100.0,22.920000000000073,100.0,True
ORGT,2026-05-06,2026-05-12,6,3108.09,2975.0,2740.0,368.09000000000015,235.0,False
PALC,2026-05-06,2026-05-12,6,7248.89,6995.0,7800.0,551.1099999999997,805.0,True
SAFC,2026-05-06,2026-05-12,6,2161.07,3500.0,3485.0,1323.9299999999998,15.0,True
ETIT,2026-05-07,2026-05-12,5,26.89,29.0,30.0,3.1099999999999994,1.0,False
NTLC,2026-05-07,2026-05-12,5,12074.79,11900.0,11150.0,924.7900000000009,750.0,False
ONTBF,2026-05-07,2026-05-12,5,2703.05,2710.0,2700.0,3.050000000000182,10.0,True
ORAC,2026-05-07,2026-05-12,5,15150.96,15200.0,15100.0,50.95999999999913,100.0,True
ORGT,2026-05-07,2026-05-12,5,3045.5,2975.0,2740.0,305.5,235.0,False
PALC,2026-05-07,2026-05-12,5,7599.16,7800.0,7800.0,200.84000000000015,0.0,True
SAFC,2026-05-07,2026-05-12,5,2550.36,3500.0,3485.0,934.6399999999999,15.0,True
SNTS,2026-05-07,2026-05-12,5,28731.84,28900.0,29000.0,268.15999999999985,100.0,False
SOGC,2026-05-07,2026-05-12,5,7540.38,7500.0,7395.0,145.3800000000001,105.0,False
UNLC,2026-05-07,2026-05-12,5,61633.19,59000.0,59900.0,1733.1900000000023,900.0,True
CBIBF,2026-05-08,2026-05-12,4,15777.35,16600.0,16800.0,1022.6499999999996,200.0,False
ETIT,2026-05-08,2026-05-12,4,27.95,30.0,30.0,2.0500000000000007,0.0,True
NTLC,2026-05-08,2026-05-12,4,11976.79,11700.0,11150.0,826.7900000000009,550.0,False
ONTBF,2026-05-08,2026-05-12,4,2739.94,2775.0,2700.0,39.940000000000055,75.0,True
ORAC,2026-05-08,2026-05-12,4,15056.89,14900.0,15100.0,43.11000000000058,200.0,True
UNLC,2026-05-08,2026-05-12,4,60829.45,59000.0,59900.0,929.4499999999971,900.0,True
ETIT,2026-05-09,2026-05-12,3,28.2,30.0,30.0,1.8000000000000007,0.0,True
NTLC,2026-05-09,2026-05-12,3,11900.37,11650.0,11150.0,750.3700000000008,500.0,False
ONTBF,2026-05-09,2026-05-12,3,2748.16,2760.0,2700.0,48.159999999999854,60.0,True
ORAC,2026-05-09,2026-05-12,3,14991.66,14920.0,15100.0,108.34000000000015,180.0,True
ORGT,2026-05-09,2026-05-12,3,2740.96,2550.0,2740.0,0.9600000000000364,190.0,True
PALC,2026-05-09,2026-05-12,3,7879.36,7800.0,7800.0,79.35999999999967,0.0,False
SAFC,2026-05-09,2026-05-12,3,2895.52,3500.0,3485.0,589.48,15.0,True
SNTS,2026-05-09,2026-05-12,3,28788.41,28900.0,29000.0,211.59000000000015,100.0,False
SOGC,2026-05-09,2026-05-12,3,7451.68,7390.0,7395.0,56.68000000000029,5.0,True
UNLC,2026-05-09,2026-05-12,3,59318.16,56000.0,59900.0,581.8399999999965,3900.0,True
CBIBF,2026-05-10,2026-05-12,2,15906.01,16800.0,16800.0,893.9899999999998,0.0,True
ETIT,2026-05-10,2026-05-12,2,28.26,30.0,30.0,1.7399999999999984,0.0,True
NTLC,2026-05-10,2026-05-12,2,11845.79,11650.0,11150.0,695.7900000000009,500.0,False
ONTBF,2026-05-10,2026-05-12,2,2749.89,2760.0,2700.0,49.88999999999987,60.0,True
ORAC,2026-05-10,2026-05-12,2,14952.85,14920.0,15100.0,147.14999999999964,180.0,True
ORGT,2026-05-10,2026-05-12,2,2651.4,2550.0,2740.0,88.59999999999991,190.0,True
PALC,2026-05-10,2026-05-12,2,7878.09,7800.0,7800.0,78.09000000000015,0.0,False
SAFC,2026-05-10,2026-05-12,2,2895.0,3500.0,3485.0,590.0,15.0,True
SLBC,2026-05-10,2026-05-12,2,37415.19,37500.0,37900.0,484.8099999999977,400.0,False
SNTS,2026-05-10,2026-05-12,2,28796.47,28900.0,29000.0,203.52999999999884,100.0,False
SOGC,2026-05-10,2026-05-12,2,7442.96,7390.0,7395.0,47.960000000000036,5.0,True
UNLC,2026-05-10,2026-05-12,2,58339.55,56000.0,59900.0,1560.449999999997,3900.0,True
CBIBF,2026-05-11,2026-05-12,1,16289.27,16800.0,16800.0,510.72999999999956,0.0,True
NTLC,2026-05-11,2026-05-12,1,11808.09,11650.0,11150.0,658.0900000000001,500.0,False
ONTBF,2026-05-11,2026-05-12,1,2753.53,2760.0,2700.0,53.5300000000002,60.0,True
ORAC,2026-05-11,2026-05-12,1,14939.28,14920.0,15100.0,160.71999999999935,180.0,True
ORGT,2026-05-11,2026-05-12,1,2606.69,2550.0,2740.0,133.30999999999995,190.0,True
PALC,2026-05-11,2026-05-12,1,7850.61,7800.0,7800.0,50.60999999999967,0.0,False
SAFC,2026-05-11,2026-05-12,1,3224.46,3500.0,3485.0,260.53999999999996,15.0,True
SLBC,2026-05-11,2026-05-12,1,37435.49,37500.0,37900.0,464.51000000000204,400.0,False
SNTS,2026-05-11,2026-05-12,1,28820.39,28900.0,29000.0,179.61000000000058,100.0,False
SOGC,2026-05-11,2026-05-12,1,7422.75,7390.0,7395.0,27.75,5.0,True
UNLC,2026-05-11,2026-05-12,1,57528.56,56000.0,59900.0,2371.4400000000023,3900.0,True
NTLC,2026-05-12,2026-05-18,6,11665.86,11150.0,11750.0,84.13999999999942,600.0,True
ONTBF,2026-05-12,2026-05-18,6,2709.09,2700.0,2795.0,85.90999999999985,95.0,True
ORAC,2026-05-12,2026-05-18,6,14990.31,15100.0,15150.0,159.6900000000005,50.0,False
ORGT,2026-05-12,2026-05-18,6,2671.02,2740.0,2435.0,236.01999999999998,305.0,True
PALC,2026-05-12,2026-05-18,6,7901.61,7800.0,7700.0,201.60999999999967,100.0,False
SAFC,2026-05-12,2026-05-18,6,2507.98,3485.0,3990.0,1482.02,505.0,False
SDSC,2026-05-12,2026-05-18,6,1703.09,1700.0,1750.0,46.91000000000008,50.0,True
SEMC,2026-05-12,2026-05-18,6,1447.23,1505.0,1505.0,57.76999999999998,0.0,True
SGBC,2026-05-12,2026-05-18,6,34242.85,34800.0,35985.0,1742.1500000000015,1185.0,False
SHEC,2026-05-12,2026-05-18,6,1794.15,2000.0,1980.0,185.8499999999999,20.0,True
SIBC,2026-05-12,2026-05-18,6,6835.24,7140.0,7500.0,664.7600000000002,360.0,False
SICC,2026-05-12,2026-05-18,6,4322.57,4400.0,4305.0,17.56999999999971,95.0,True
SLBC,2026-05-12,2026-05-18,6,37588.3,37900.0,37900.0,311.6999999999971,0.0,True
SMBC,2026-05-12,2026-05-18,6,11993.46,12100.0,12895.0,901.5400000000009,795.0,False
SNTS,2026-05-12,2026-05-18,6,28817.14,29000.0,28900.0,82.86000000000058,100.0,True
SOGC,2026-05-12,2026-05-18,6,7457.22,7395.0,7485.0,27.779999999999745,90.0,True
SPHC,2026-05-12,2026-05-18,6,7000.21,7000.0,6985.0,15.210000000000036,15.0,False
STAC,2026-05-12,2026-05-18,6,2086.69,2515.0,2660.0,573.31,145.0,False
TTLC,2026-05-12,2026-05-18,6,2820.37,2850.0,2910.0,89.63000000000011,60.0,False
TTLS,2026-05-12,2026-05-18,6,2880.61,2900.0,3005.0,124.38999999999987,105.0,False
UNLC,2026-05-12,2026-05-18,6,60148.73,59900.0,59950.0,198.7300000000032,50.0,True
UNXC,2026-05-12,2026-05-18,6,1786.56,1835.0,1835.0,48.440000000000055,0.0,True
ABJC,2026-05-13,2026-05-18,5,2903.42,2980.0,2850.0,53.42000000000007,130.0,True
BNBC,2026-05-04,2026-05-12,8,1592.12,1565.0,1395.0,197.1199999999999,170.0,False
CFAC,2026-05-06,2026-05-12,6,1298.45,1395.0,1380.0,81.54999999999995,15.0,True
CIEC,2026-05-06,2026-05-12,6,2886.05,3000.0,3200.0,313.9499999999998,200.0,False
NEIC,2026-05-06,2026-05-12,6,1518.4,1880.0,1850.0,331.5999999999999,30.0,True
SDSC,2026-05-06,2026-05-12,6,1703.33,1700.0,1700.0,3.3299999999999272,0.0,False
SHEC,2026-05-06,2026-05-12,6,1662.72,1845.0,2000.0,337.28,155.0,False
BNBC,2026-05-07,2026-05-12,5,1350.17,1350.0,1395.0,44.82999999999993,45.0,True
CIEC,2026-05-07,2026-05-12,5,2996.34,3200.0,3200.0,203.65999999999985,0.0,True
SDSC,2026-05-07,2026-05-12,5,1688.67,1685.0,1700.0,11.329999999999927,15.0,True
SHEC,2026-05-07,2026-05-12,5,1696.81,1840.0,2000.0,303.19000000000005,160.0,False
SICC,2026-05-07,2026-05-12,5,4232.2,4285.0,4400.0,167.80000000000018,115.0,False
SLBC,2026-05-07,2026-05-12,5,37339.04,37500.0,37900.0,560.9599999999991,400.0,False
SPHC,2026-05-07,2026-05-12,5,6950.72,7175.0,7000.0,49.279999999999745,175.0,True
TTLC,2026-05-07,2026-05-12,5,2726.35,2740.0,2850.0,123.65000000000009,110.0,False
TTLS,2026-05-07,2026-05-12,5,2970.26,3005.0,2900.0,70.26000000000022,105.0,True
ABJC,2026-05-08,2026-05-12,4,2945.67,3020.0,2985.0,39.32999999999993,35.0,True
BNBC,2026-05-08,2026-05-12,4,1351.28,1335.0,1395.0,43.72000000000003,60.0,True
CFAC,2026-05-08,2026-05-12,4,1348.53,1400.0,1380.0,31.470000000000027,20.0,True
CIEC,2026-05-08,2026-05-12,4,3136.65,3345.0,3200.0,63.34999999999991,145.0,True
SDSC,2026-05-08,2026-05-12,4,1773.32,1800.0,1700.0,73.31999999999994,100.0,True
SHEC,2026-05-08,2026-05-12,4,1773.77,1895.0,2000.0,226.23000000000002,105.0,False
SICC,2026-05-08,2026-05-12,4,4260.3,4300.0,4400.0,139.69999999999982,100.0,False
SLBC,2026-05-08,2026-05-12,4,37454.36,37500.0,37900.0,445.6399999999994,400.0,False
SPHC,2026-05-08,2026-05-12,4,7026.02,7100.0,7000.0,26.020000000000437,100.0,True
TTLC,2026-05-08,2026-05-12,4,2717.02,2720.0,2850.0,132.98000000000002,130.0,False
TTLS,2026-05-08,2026-05-12,4,2971.49,3000.0,2900.0,71.48999999999978,100.0,True
ABJC,2026-05-09,2026-05-12,3,2910.45,2975.0,2985.0,74.55000000000018,10.0,False
BNBC,2026-05-09,2026-05-12,3,1327.23,1300.0,1395.0,67.76999999999998,95.0,True
CFAC,2026-05-09,2026-05-12,3,1343.37,1385.0,1380.0,36.63000000000011,5.0,True
CIEC,2026-05-09,2026-05-12,3,3124.17,3330.0,3200.0,75.82999999999993,130.0,True
SDSC,2026-05-09,2026-05-12,3,1742.74,1745.0,1700.0,42.74000000000001,45.0,True
SHEC,2026-05-09,2026-05-12,3,1813.38,1945.0,2000.0,186.6199999999999,55.0,False
SICC,2026-05-09,2026-05-12,3,4258.81,4290.0,4400.0,141.1899999999996,110.0,False
SLBC,2026-05-09,2026-05-12,3,37443.1,37500.0,37900.0,456.90000000000146,400.0,False
SPHC,2026-05-09,2026-05-12,3,7028.62,7050.0,7000.0,28.61999999999989,50.0,True
TTLC,2026-05-09,2026-05-12,3,2739.41,2750.0,2850.0,110.59000000000015,100.0,False
TTLS,2026-05-09,2026-05-12,3,2940.82,2950.0,2900.0,40.820000000000164,50.0,True
ABJC,2026-05-10,2026-05-12,2,2900.12,2975.0,2985.0,84.88000000000011,10.0,False
BNBC,2026-05-10,2026-05-12,2,1316.43,1300.0,1395.0,78.56999999999994,95.0,True
CFAC,2026-05-10,2026-05-12,2,1340.21,1385.0,1380.0,39.789999999999964,5.0,True
CIEC,2026-05-10,2026-05-12,2,3127.7,3330.0,3200.0,72.30000000000018,130.0,True
NEIC,2026-05-10,2026-05-12,2,1580.57,1745.0,1850.0,269.43000000000006,105.0,False
SDSC,2026-05-10,2026-05-12,2,1738.6,1745.0,1700.0,38.59999999999991,45.0,True
SHEC,2026-05-10,2026-05-12,2,1817.53,1945.0,2000.0,182.47000000000003,55.0,False
SICC,2026-05-10,2026-05-12,2,4256.25,4290.0,4400.0,143.75,110.0,False
SPHC,2026-05-10,2026-05-12,2,7028.78,7050.0,7000.0,28.779999999999745,50.0,True
TTLC,2026-05-10,2026-05-12,2,2742.32,2750.0,2850.0,107.67999999999984,100.0,False
TTLS,2026-05-10,2026-05-12,2,2926.12,2950.0,2900.0,26.11999999999989,50.0,True
ABJC,2026-05-11,2026-05-12,1,2930.69,2975.0,2985.0,54.309999999999945,10.0,False
BNBC,2026-05-11,2026-05-12,1,1308.83,1300.0,1395.0,86.17000000000007,95.0,True
SDSC,2026-05-11,2026-05-12,1,1741.38,1745.0,1700.0,41.38000000000011,45.0,True
SHEC,2026-05-11,2026-05-12,1,1869.25,1945.0,2000.0,130.75,55.0,False
SICC,2026-05-11,2026-05-12,1,4268.15,4290.0,4400.0,131.85000000000036,110.0,False
SPHC,2026-05-11,2026-05-12,1,7035.52,7050.0,7000.0,35.52000000000044,50.0,True
TTLC,2026-05-11,2026-05-12,1,2745.58,2750.0,2850.0,104.42000000000007,100.0,False
TTLS,2026-05-11,2026-05-12,1,2931.57,2950.0,2900.0,31.570000000000164,50.0,True
BICB,2026-05-13,2026-05-18,5,5096.73,5200.0,5200.0,103.27000000000044,0.0,True
BICC,2026-05-13,2026-05-18,5,25572.52,26300.0,26450.0,877.4799999999996,150.0,False
BNBC,2026-05-13,2026-05-18,5,1474.29,1495.0,1545.0,70.71000000000004,50.0,False
BOAB,2026-05-13,2026-05-18,5,8920.24,9420.0,9400.0,479.7600000000002,20.0,True
BOABF,2026-05-13,2026-05-18,5,5368.23,5410.0,5400.0,31.770000000000437,10.0,True
BOAC,2026-05-13,2026-05-18,5,8309.85,8585.0,8630.0,320.14999999999964,45.0,False
BOAM,2026-05-13,2026-05-18,5,4628.04,4680.0,4690.0,61.960000000000036,10.0,False
BOAN,2026-05-13,2026-05-18,5,3452.16,3440.0,3445.0,7.1599999999998545,5.0,True
BOAS,2026-05-13,2026-05-18,5,7235.56,7500.0,7595.0,359.4399999999996,95.0,False
CABC,2026-05-06,2026-05-12,6,4059.06,3410.0,3500.0,559.06,90.0,True
FTSC,2026-05-06,2026-05-12,6,2237.53,2195.0,2200.0,37.5300000000002,5.0,True
SEMC,2026-05-06,2026-05-12,6,1448.83,1495.0,1505.0,56.17000000000007,10.0,False
CABC,2026-05-07,2026-05-12,5,3862.01,3410.0,3500.0,362.0100000000002,90.0,True
FTSC,2026-05-07,2026-05-12,5,2230.18,2200.0,2200.0,30.179999999999836,0.0,False
NEIC,2026-05-07,2026-05-12,5,1506.28,1715.0,1850.0,343.72,135.0,False
SEMC,2026-05-07,2026-05-12,5,1432.75,1450.0,1505.0,72.25,55.0,False
SMBC,2026-05-07,2026-05-12,5,11494.93,11500.0,12100.0,605.0699999999997,600.0,False
STAC,2026-05-07,2026-05-12,5,2278.13,2850.0,2515.0,236.8699999999999,335.0,True
UNXC,2026-05-07,2026-05-12,5,1838.66,1865.0,1835.0,3.660000000000082,30.0,True
CABC,2026-05-08,2026-05-12,4,3691.24,3400.0,3500.0,191.23999999999978,100.0,True
FTSC,2026-05-08,2026-05-12,4,2221.01,2200.0,2200.0,21.01000000000022,0.0,False
NEIC,2026-05-08,2026-05-12,4,1570.49,1745.0,1850.0,279.51,105.0,False
SEMC,2026-05-08,2026-05-12,4,1450.07,1525.0,1505.0,54.930000000000064,20.0,True
UNXC,2026-05-08,2026-05-12,4,1819.48,1815.0,1835.0,15.519999999999982,20.0,True
CABC,2026-05-09,2026-05-12,3,3810.17,3500.0,3500.0,310.1700000000001,0.0,False
FTSC,2026-05-09,2026-05-12,3,2239.61,2220.0,2200.0,39.61000000000013,20.0,False
NEIC,2026-05-09,2026-05-12,3,1579.19,1745.0,1850.0,270.80999999999995,105.0,False
SEMC,2026-05-09,2026-05-12,3,1455.64,1525.0,1505.0,49.3599999999999,20.0,True
SMBC,2026-05-09,2026-05-12,3,11846.11,11995.0,12100.0,253.88999999999942,105.0,False
STAC,2026-05-09,2026-05-12,3,2309.43,2660.0,2515.0,205.57000000000016,145.0,True
UNXC,2026-05-09,2026-05-12,3,1798.67,1805.0,1835.0,36.32999999999993,30.0,False
CABC,2026-05-10,2026-05-12,2,3823.75,3500.0,3500.0,323.75,0.0,False
FTSC,2026-05-10,2026-05-12,2,2240.62,2220.0,2200.0,40.61999999999989,20.0,False
SEMC,2026-05-10,2026-05-12,2,1461.0,1525.0,1505.0,44.0,20.0,True
SMBC,2026-05-10,2026-05-12,2,11913.07,11995.0,12100.0,186.9300000000003,105.0,False
STAC,2026-05-10,2026-05-12,2,2311.09,2660.0,2515.0,203.90999999999985,145.0,True
UNXC,2026-05-10,2026-05-12,2,1788.28,1805.0,1835.0,46.72000000000003,30.0,False
FTSC,2026-05-11,2026-05-12,1,2230.49,2220.0,2200.0,30.48999999999978,20.0,False
NEIC,2026-05-11,2026-05-12,1,1646.03,1745.0,1850.0,203.97000000000003,105.0,False
SEMC,2026-05-11,2026-05-12,1,1474.01,1525.0,1505.0,30.99000000000001,20.0,True
SMBC,2026-05-11,2026-05-12,1,11948.45,11995.0,12100.0,151.54999999999927,105.0,False
STAC,2026-05-11,2026-05-12,1,2493.01,2660.0,2515.0,21.98999999999978,145.0,True
UNXC,2026-05-11,2026-05-12,1,1791.43,1805.0,1835.0,43.569999999999936,30.0,False
BICC,2026-05-04,2026-05-13,9,23702.6,24850.0,26300.0,2597.4000000000015,1450.0,False
ECOC,2026-05-04,2026-05-13,9,16158.35,16300.0,16200.0,41.649999999999636,100.0,True
NSBC,2026-05-04,2026-05-13,9,14751.26,13900.0,13810.0,941.2600000000002,90.0,False
SGBC,2026-05-04,2026-05-13,9,33855.79,34095.0,34990.0,1134.2099999999991,895.0,False
BICC,2026-05-05,2026-05-13,8,23681.08,24445.0,26300.0,2618.9199999999983,1855.0,False
ECOC,2026-05-05,2026-05-13,8,16071.5,16000.0,16200.0,128.5,200.0,True
NSBC,2026-05-05,2026-05-13,8,14710.81,14000.0,13810.0,900.8099999999995,190.0,False
SGBC,2026-05-05,2026-05-13,8,33559.11,33000.0,34990.0,1430.8899999999994,1990.0,True
BICC,2026-05-07,2026-05-13,6,24151.59,24995.0,26300.0,2148.41,1305.0,False
BICC,2026-05-06,2026-05-13,7,23930.15,24990.0,26300.0,2369.8499999999985,1310.0,False
ECOC,2026-05-06,2026-05-13,7,16056.02,16100.0,16200.0,143.97999999999956,100.0,False
NSBC,2026-05-06,2026-05-13,7,14610.1,14000.0,13810.0,800.1000000000004,190.0,False
SGBC,2026-05-06,2026-05-13,7,33383.16,33100.0,34990.0,1606.8399999999965,1890.0,True
ECOC,2026-05-07,2026-05-13,6,16055.14,16100.0,16200.0,144.86000000000058,100.0,False
NSBC,2026-05-07,2026-05-13,6,14503.36,14010.0,13810.0,693.3600000000006,200.0,False
SGBC,2026-05-07,2026-05-13,6,33364.96,33400.0,34990.0,1625.0400000000009,1590.0,False
BICC,2026-05-08,2026-05-13,5,24424.91,25200.0,26300.0,1875.0900000000001,1100.0,False
ECOC,2026-05-08,2026-05-13,5,16135.05,16300.0,16200.0,64.95000000000073,100.0,True
NSBC,2026-05-08,2026-05-13,5,14381.97,14000.0,13810.0,571.9699999999993,190.0,False
SGBC,2026-05-08,2026-05-13,5,33488.66,33800.0,34990.0,1501.3399999999965,1190.0,False
BICC,2026-05-09,2026-05-13,4,24826.92,26000.0,26300.0,1473.0800000000017,300.0,False
ECOC,2026-05-09,2026-05-13,4,16363.92,16800.0,16200.0,163.92000000000007,600.0,True
NSBC,2026-05-09,2026-05-13,4,14389.35,14010.0,13810.0,579.3500000000004,200.0,False
SGBC,2026-05-09,2026-05-13,4,33776.36,34500.0,34990.0,1213.6399999999994,490.0,False
BICC,2026-05-10,2026-05-13,3,25040.17,26000.0,26300.0,1259.8300000000017,300.0,False
ECOC,2026-05-10,2026-05-13,3,16500.69,16800.0,16200.0,300.6899999999987,600.0,True
NSBC,2026-05-10,2026-05-13,3,14391.73,14010.0,13810.0,581.7299999999996,200.0,False
BICC,2026-05-11,2026-05-13,2,25325.78,26000.0,26300.0,974.2200000000012,300.0,False
ECOC,2026-05-11,2026-05-13,2,16603.13,16800.0,16200.0,403.130000000001,600.0,True
NSBC,2026-05-11,2026-05-13,2,14275.35,14010.0,13810.0,465.35000000000036,200.0,False
SGBC,2026-05-11,2026-05-13,2,34116.77,34500.0,34990.0,873.2300000000032,490.0,False
BICC,2026-05-12,2026-05-13,1,25602.54,26200.0,26300.0,697.4599999999991,100.0,False
ECOC,2026-05-12,2026-05-13,1,16454.61,16200.0,16200.0,254.61000000000058,0.0,False
NSBC,2026-05-12,2026-05-13,1,14041.79,13850.0,13810.0,231.79000000000087,40.0,False
SGBC,2026-05-12,2026-05-13,1,34311.8,34800.0,34990.0,678.1999999999971,190.0,False
CABC,2026-05-13,2026-05-18,5,3671.62,3400.0,3495.0,176.6199999999999,95.0,True
CBIBF,2026-05-13,2026-05-18,5,16249.43,17400.0,19905.0,3655.5699999999997,2505.0,False
CFAC,2026-05-13,2026-05-18,5,1334.64,1380.0,1555.0,220.3599999999999,175.0,False
CIEC,2026-05-13,2026-05-18,5,3121.39,3295.0,3290.0,168.61000000000013,5.0,True
ECOC,2026-05-13,2026-05-18,5,16299.52,16200.0,16300.0,0.47999999999956344,100.0,True
ETIT,2026-05-13,2026-05-18,5,28.23,30.0,29.0,0.7699999999999996,1.0,True
FTSC,2026-05-13,2026-05-18,5,2258.19,2240.0,2250.0,8.190000000000055,10.0,True
NEIC,2026-05-13,2026-05-18,5,1682.73,1890.0,1920.0,237.26999999999998,30.0,False
NSBC,2026-05-13,2026-05-18,5,14089.18,13810.0,15000.0,910.8199999999997,1190.0,True
NTLC,2026-05-13,2026-05-18,5,11669.46,11700.0,11750.0,80.54000000000087,50.0,False
ONTBF,2026-05-13,2026-05-18,5,2684.55,2680.0,2795.0,110.44999999999982,115.0,True
ORAC,2026-05-13,2026-05-18,5,15016.04,15050.0,15150.0,133.95999999999913,100.0,False
ORGT,2026-05-13,2026-05-18,5,2706.6,2740.0,2435.0,271.5999999999999,305.0,True
PALC,2026-05-13,2026-05-18,5,7902.37,7850.0,7700.0,202.3699999999999,150.0,False
SAFC,2026-05-13,2026-05-18,5,3242.29,3745.0,3990.0,747.71,245.0,False
SDSC,2026-05-13,2026-05-18,5,1733.33,1745.0,1750.0,16.670000000000073,5.0,False
SEMC,2026-05-13,2026-05-18,5,1455.81,1500.0,1505.0,49.190000000000055,5.0,False
SGBC,2026-05-13,2026-05-18,5,34458.16,34990.0,35985.0,1526.8399999999965,995.0,False
SHEC,2026-05-13,2026-05-18,5,1816.33,1940.0,1980.0,163.67000000000007,40.0,False
SIBC,2026-05-13,2026-05-18,5,7046.96,7295.0,7500.0,453.03999999999996,205.0,False
SIBC,2026-05-05,2026-05-13,8,6581.39,7100.0,7295.0,713.6099999999997,195.0,False
CBIBF,2026-05-07,2026-05-13,6,15342.41,16700.0,17400.0,2057.59,700.0,False
BICB,2026-05-07,2026-05-13,6,5079.5,5200.0,5200.0,120.5,0.0,True
BICB,2026-05-06,2026-05-13,7,5072.13,5125.0,5200.0,127.86999999999989,75.0,False
BOAB,2026-05-06,2026-05-13,7,8328.82,9200.0,9420.0,1091.1800000000003,220.0,False
BOABF,2026-05-06,2026-05-13,7,5352.9,5405.0,5410.0,57.100000000000364,5.0,False
BOAC,2026-05-06,2026-05-13,7,7961.07,8590.0,8585.0,623.9300000000003,5.0,True
BOAM,2026-05-06,2026-05-13,7,4552.64,4690.0,4680.0,127.35999999999967,10.0,True
BOAN,2026-05-06,2026-05-13,7,3572.54,3580.0,3440.0,132.53999999999996,140.0,True
BOAS,2026-05-06,2026-05-13,7,6773.93,7240.0,7500.0,726.0699999999997,260.0,False
CBIBF,2026-05-06,2026-05-13,7,15132.95,16700.0,17400.0,2267.0499999999993,700.0,False
ETIT,2026-05-06,2026-05-13,7,25.88,29.0,30.0,4.120000000000001,1.0,False
BOAB,2026-05-07,2026-05-13,6,8503.0,9340.0,9420.0,917.0,80.0,False
BOABF,2026-05-07,2026-05-13,6,5355.87,5405.0,5410.0,54.13000000000011,5.0,False
BOAC,2026-05-07,2026-05-13,6,8146.25,8785.0,8585.0,438.75,200.0,True
BOAM,2026-05-07,2026-05-13,6,4571.19,4680.0,4680.0,108.8100000000004,0.0,True
BOAN,2026-05-07,2026-05-13,6,3530.6,3500.0,3440.0,90.59999999999991,60.0,False
BOAS,2026-05-07,2026-05-13,6,6847.93,7225.0,7500.0,652.0699999999997,275.0,False
CBIBF,2026-05-08,2026-05-13,5,15529.76,16600.0,17400.0,1870.2399999999998,800.0,False
ETIT,2026-05-08,2026-05-13,5,27.37,30.0,30.0,2.629999999999999,0.0,True
SIBC,2026-05-08,2026-05-13,5,6835.76,7150.0,7295.0,459.2399999999998,145.0,False
BICB,2026-05-09,2026-05-13,4,5081.05,5225.0,5200.0,118.94999999999982,25.0,True
BOAB,2026-05-09,2026-05-13,4,8701.33,9400.0,9420.0,718.6700000000001,20.0,False
BOABF,2026-05-09,2026-05-13,4,5354.45,5400.0,5410.0,55.55000000000018,10.0,False
BOAC,2026-05-09,2026-05-13,4,8261.43,8705.0,8585.0,323.5699999999997,120.0,True
BOAM,2026-05-09,2026-05-13,4,4619.13,4700.0,4680.0,60.86999999999989,20.0,True
BOAN,2026-05-09,2026-05-13,4,3494.6,3485.0,3440.0,54.59999999999991,45.0,False
BOAS,2026-05-09,2026-05-13,4,7032.26,7390.0,7500.0,467.7399999999998,110.0,False
CBIBF,2026-05-09,2026-05-13,4,15626.75,16800.0,17400.0,1773.25,600.0,False
ETIT,2026-05-09,2026-05-13,4,27.59,30.0,30.0,2.41,0.0,True
SIBC,2026-05-09,2026-05-13,4,6807.18,7095.0,7295.0,487.8199999999997,200.0,False
BICB,2026-05-10,2026-05-13,3,5085.1,5225.0,5200.0,114.89999999999964,25.0,True
BOAB,2026-05-10,2026-05-13,3,8726.65,9400.0,9420.0,693.3500000000004,20.0,False
BOABF,2026-05-10,2026-05-13,3,5350.24,5400.0,5410.0,59.76000000000022,10.0,False
BOAC,2026-05-10,2026-05-13,3,8274.5,8705.0,8585.0,310.5,120.0,True
BOAM,2026-05-10,2026-05-13,3,4615.69,4700.0,4680.0,64.3100000000004,20.0,True
BOAN,2026-05-10,2026-05-13,3,3489.24,3485.0,3440.0,49.23999999999978,45.0,False
BOAS,2026-05-10,2026-05-13,3,7055.5,7390.0,7500.0,444.5,110.0,False
CBIBF,2026-05-10,2026-05-13,3,15642.38,16800.0,17400.0,1757.6200000000008,600.0,False
ETIT,2026-05-10,2026-05-13,3,27.64,30.0,30.0,2.3599999999999994,0.0,True
SIBC,2026-05-10,2026-05-13,3,6802.55,7095.0,7295.0,492.4499999999998,200.0,False
BICB,2026-05-11,2026-05-13,2,5102.5,5225.0,5200.0,97.5,25.0,True
BOAB,2026-05-11,2026-05-13,2,8894.46,9400.0,9420.0,525.5400000000009,20.0,False
BOABF,2026-05-11,2026-05-13,2,5362.82,5400.0,5410.0,47.18000000000029,10.0,False
BOAC,2026-05-11,2026-05-13,2,8403.82,8705.0,8585.0,181.1800000000003,120.0,True
BOAM,2026-05-11,2026-05-13,2,4645.79,4700.0,4680.0,34.210000000000036,20.0,True
BOAN,2026-05-11,2026-05-13,2,3487.14,3485.0,3440.0,47.13999999999987,45.0,False
BOAS,2026-05-11,2026-05-13,2,7151.88,7390.0,7500.0,348.1199999999999,110.0,False
CBIBF,2026-05-11,2026-05-13,2,15921.38,16800.0,17400.0,1478.6200000000008,600.0,False
SIBC,2026-05-11,2026-05-13,2,6889.95,7095.0,7295.0,405.0500000000002,200.0,False
BICB,2026-05-12,2026-05-13,1,5109.27,5170.0,5200.0,90.72999999999956,30.0,False
BOAB,2026-05-12,2026-05-13,1,9079.4,9405.0,9420.0,340.60000000000036,15.0,False
BOABF,2026-05-12,2026-05-13,1,5383.24,5410.0,5410.0,26.76000000000022,0.0,True
BOAC,2026-05-12,2026-05-13,1,8484.91,8650.0,8585.0,100.09000000000015,65.0,True
BOAM,2026-05-12,2026-05-13,1,4657.34,4685.0,4680.0,22.659999999999854,5.0,True
BOAN,2026-05-12,2026-05-13,1,3470.86,3450.0,3440.0,30.860000000000127,10.0,False
BOAS,2026-05-12,2026-05-13,1,7285.3,7450.0,7500.0,214.69999999999982,50.0,False
CBIBF,2026-05-12,2026-05-13,1,16297.68,16800.0,17400.0,1102.3199999999997,600.0,False
SIBC,2026-05-12,2026-05-13,1,7017.26,7140.0,7295.0,277.7399999999998,155.0,False
SICC,2026-05-13,2026-05-18,5,4365.08,4390.0,4305.0,60.07999999999993,85.0,True
SLBC,2026-05-13,2026-05-18,5,37529.84,37500.0,37900.0,370.1600000000035,400.0,True
SMBC,2026-05-13,2026-05-18,5,12338.64,12685.0,12895.0,556.3600000000006,210.0,False
SNTS,2026-05-13,2026-05-18,5,28837.03,28910.0,28900.0,62.970000000001164,10.0,True
SOGC,2026-05-13,2026-05-18,5,7443.42,7400.0,7485.0,41.57999999999993,85.0,True
SPHC,2026-05-13,2026-05-18,5,6990.76,6995.0,6985.0,5.760000000000218,10.0,True
STAC,2026-05-13,2026-05-18,5,2312.46,2600.0,2660.0,347.53999999999996,60.0,False
TTLC,2026-05-13,2026-05-18,5,3022.82,3060.0,2910.0,112.82000000000016,150.0,True
TTLS,2026-05-13,2026-05-18,5,2853.34,2845.0,3005.0,151.65999999999985,160.0,True
UNLC,2026-05-13,2026-05-18,5,58898.83,56100.0,59950.0,1051.1699999999983,3850.0,True
UNXC,2026-05-13,2026-05-18,5,1797.61,1825.0,1835.0,37.3900000000001,10.0,False
ABJC,2026-05-14,2026-05-18,4,2805.44,2850.0,2850.0,44.559999999999945,0.0,True
BICB,2026-05-14,2026-05-18,4,5099.68,5220.0,5200.0,100.31999999999971,20.0,True
BICC,2026-05-14,2026-05-18,4,25677.84,26400.0,26450.0,772.1599999999999,50.0,False
BNBC,2026-05-14,2026-05-18,4,1568.35,1590.0,1545.0,23.34999999999991,45.0,True
BOAB,2026-05-14,2026-05-18,4,8921.96,9410.0,9400.0,478.0400000000009,10.0,True
BOABF,2026-05-14,2026-05-18,4,5364.82,5405.0,5400.0,35.18000000000029,5.0,True
BOAC,2026-05-14,2026-05-18,4,8304.16,8600.0,8630.0,325.84000000000015,30.0,False
BOAM,2026-05-14,2026-05-18,4,4623.34,4675.0,4690.0,66.65999999999985,15.0,False
BOAN,2026-05-14,2026-05-18,4,3420.09,3395.0,3445.0,24.909999999999854,50.0,True
BOAS,2026-05-14,2026-05-18,4,7281.53,7555.0,7595.0,313.47000000000025,40.0,False
SNTS,2026-05-05,2026-05-13,8,28576.75,28900.0,28910.0,333.25,10.0,False
SOGC,2026-05-05,2026-05-13,8,7507.83,7600.0,7400.0,107.82999999999993,200.0,True
UNLC,2026-05-05,2026-05-13,8,64799.34,60500.0,56100.0,8699.339999999997,4400.0,False
UNLC,2026-05-06,2026-05-13,7,63364.0,59000.0,56100.0,7264.0,2900.0,False
NTLC,2026-05-06,2026-05-13,7,12166.63,11700.0,11700.0,466.6299999999992,0.0,False
ONTBF,2026-05-06,2026-05-13,7,2715.38,2710.0,2680.0,35.38000000000011,30.0,False
ORAC,2026-05-06,2026-05-13,7,15119.6,15200.0,15050.0,69.60000000000036,150.0,True
ORGT,2026-05-06,2026-05-13,7,3106.99,2975.0,2740.0,366.9899999999998,235.0,False
PALC,2026-05-06,2026-05-13,7,7276.08,6995.0,7850.0,573.9200000000001,855.0,True
SAFC,2026-05-06,2026-05-13,7,1908.74,3500.0,3745.0,1836.26,245.0,False
NTLC,2026-05-07,2026-05-13,6,12094.22,11900.0,11700.0,394.21999999999935,200.0,False
ONTBF,2026-05-07,2026-05-13,6,2699.31,2710.0,2680.0,19.309999999999945,30.0,True
ORAC,2026-05-07,2026-05-13,6,15147.59,15200.0,15050.0,97.59000000000015,150.0,True
ORGT,2026-05-07,2026-05-13,6,3045.94,2975.0,2740.0,305.94000000000005,235.0,False
PALC,2026-05-07,2026-05-13,6,7625.7,7800.0,7850.0,224.30000000000018,50.0,False
SAFC,2026-05-07,2026-05-13,6,2215.55,3500.0,3745.0,1529.4499999999998,245.0,False
SLBC,2026-05-07,2026-05-13,6,37298.45,37500.0,37500.0,201.5500000000029,0.0,True
NTLC,2026-05-08,2026-05-13,5,11989.45,11700.0,11700.0,289.4500000000007,0.0,False
ONTBF,2026-05-08,2026-05-13,5,2736.37,2775.0,2680.0,56.36999999999989,95.0,True
ORAC,2026-05-08,2026-05-13,5,15050.43,14900.0,15050.0,0.43000000000029104,150.0,True
ORGT,2026-05-08,2026-05-13,5,2913.92,2755.0,2740.0,173.92000000000007,15.0,False
PALC,2026-05-08,2026-05-13,5,7861.91,7900.0,7850.0,11.909999999999854,50.0,True
SAFC,2026-05-08,2026-05-13,5,2539.45,3500.0,3745.0,1205.5500000000002,245.0,False
SLBC,2026-05-08,2026-05-13,5,37417.47,37500.0,37500.0,82.52999999999884,0.0,True
SNTS,2026-05-08,2026-05-13,5,28751.51,28900.0,28910.0,158.4900000000016,10.0,False
SOGC,2026-05-08,2026-05-13,5,7494.02,7400.0,7400.0,94.02000000000044,0.0,False
UNLC,2026-05-08,2026-05-13,5,61398.84,59000.0,56100.0,5298.8399999999965,2900.0,False
NTLC,2026-05-09,2026-05-13,4,11914.3,11650.0,11700.0,214.29999999999927,50.0,True
ONTBF,2026-05-09,2026-05-13,4,2744.21,2760.0,2680.0,64.21000000000004,80.0,True
ORAC,2026-05-09,2026-05-13,4,14986.27,14920.0,15050.0,63.72999999999956,130.0,True
ORGT,2026-05-09,2026-05-13,4,2746.22,2550.0,2740.0,6.2199999999998,190.0,True
PALC,2026-05-09,2026-05-13,4,7906.11,7800.0,7850.0,56.10999999999967,50.0,True
SAFC,2026-05-09,2026-05-13,4,2519.5,3500.0,3745.0,1225.5,245.0,False
SLBC,2026-05-09,2026-05-13,4,37401.26,37500.0,37500.0,98.73999999999796,0.0,True
SNTS,2026-05-09,2026-05-13,4,28764.09,28900.0,28910.0,145.90999999999985,10.0,False
SNTS,2026-05-10,2026-05-13,3,28772.61,28900.0,28910.0,137.38999999999942,10.0,False
SOGC,2026-05-10,2026-05-13,3,7460.29,7390.0,7400.0,60.289999999999964,10.0,True
UNLC,2026-05-10,2026-05-13,3,58843.62,56000.0,56100.0,2743.6200000000026,100.0,True
ETIT,2026-05-11,2026-05-13,2,28.26,30.0,30.0,1.7399999999999984,0.0,True
NTLC,2026-05-11,2026-05-13,2,11809.59,11650.0,11700.0,109.59000000000015,50.0,True
ONTBF,2026-05-11,2026-05-13,2,2749.82,2760.0,2680.0,69.82000000000016,80.0,True
ORAC,2026-05-11,2026-05-13,2,14932.34,14920.0,15050.0,117.65999999999985,130.0,True
ORGT,2026-05-11,2026-05-13,2,2606.57,2550.0,2740.0,133.42999999999984,190.0,True
PALC,2026-05-11,2026-05-13,2,7873.86,7800.0,7850.0,23.859999999999673,50.0,True
SAFC,2026-05-11,2026-05-13,2,2900.61,3500.0,3745.0,844.3899999999999,245.0,False
SNTS,2026-05-11,2026-05-13,2,28802.11,28900.0,28910.0,107.88999999999942,10.0,False
SOGC,2026-05-11,2026-05-13,2,7439.26,7390.0,7400.0,39.26000000000022,10.0,True
UNLC,2026-05-11,2026-05-13,2,57844.95,56000.0,56100.0,1744.949999999997,100.0,True
ETIT,2026-05-12,2026-05-13,1,28.81,30.0,30.0,1.1900000000000013,0.0,True
NTLC,2026-05-12,2026-05-13,1,11686.22,11150.0,11700.0,13.780000000000655,550.0,True
ONTBF,2026-05-12,2026-05-13,1,2720.84,2700.0,2680.0,40.840000000000146,20.0,False
ORAC,2026-05-12,2026-05-13,1,14981.37,15100.0,15050.0,68.6299999999992,50.0,True
ORGT,2026-05-12,2026-05-13,1,2663.57,2740.0,2740.0,76.42999999999984,0.0,True
PALC,2026-05-12,2026-05-13,1,7848.69,7800.0,7850.0,1.3100000000004002,50.0,True
SAFC,2026-05-12,2026-05-13,1,3207.99,3485.0,3745.0,537.0100000000002,260.0,False
SNTS,2026-05-12,2026-05-13,1,28852.43,29000.0,28910.0,57.56999999999971,90.0,True
SOGC,2026-05-12,2026-05-13,1,7423.78,7395.0,7400.0,23.779999999999745,5.0,True
UNLC,2026-05-12,2026-05-13,1,58753.22,59900.0,56100.0,2653.220000000001,3800.0,True
CABC,2026-05-14,2026-05-18,4,3769.32,3500.0,3495.0,274.32000000000016,5.0,False
CBIBF,2026-05-14,2026-05-18,4,16891.66,18700.0,19905.0,3013.34,1205.0,False
CFAC,2026-05-14,2026-05-18,4,1385.87,1480.0,1555.0,169.1300000000001,75.0,False
CIEC,2026-05-14,2026-05-18,4,3130.94,3300.0,3290.0,159.05999999999995,10.0,True
ECOC,2026-05-14,2026-05-18,4,16281.67,16300.0,16300.0,18.329999999999927,0.0,True
ETIT,2026-05-14,2026-05-18,4,28.23,30.0,29.0,0.7699999999999996,1.0,True
FTSC,2026-05-14,2026-05-18,4,2270.27,2250.0,2250.0,20.269999999999982,0.0,False
NEIC,2026-05-14,2026-05-18,4,1745.27,1990.0,1920.0,174.73000000000002,70.0,True
NSBC,2026-05-14,2026-05-18,4,14296.26,14100.0,15000.0,703.7399999999998,900.0,True
NTLC,2026-05-14,2026-05-18,4,11676.67,11600.0,11750.0,73.32999999999993,150.0,True
ONTBF,2026-05-14,2026-05-18,4,2715.71,2750.0,2795.0,79.28999999999996,45.0,False
ORAC,2026-05-14,2026-05-18,4,15011.33,15000.0,15150.0,138.67000000000007,150.0,True
ORGT,2026-05-14,2026-05-18,4,2643.73,2575.0,2435.0,208.73000000000002,140.0,False
PALC,2026-05-14,2026-05-18,4,7888.42,7800.0,7700.0,188.42000000000007,100.0,False
SAFC,2026-05-14,2026-05-18,4,3480.71,3995.0,3990.0,509.28999999999996,5.0,True
SDSC,2026-05-14,2026-05-18,4,1767.93,1785.0,1750.0,17.930000000000064,35.0,True
SEMC,2026-05-14,2026-05-18,4,1476.52,1580.0,1505.0,28.480000000000018,75.0,True
SGBC,2026-05-14,2026-05-18,4,34573.36,34995.0,35985.0,1411.6399999999994,990.0,False
SHEC,2026-05-14,2026-05-18,4,1848.47,2000.0,1980.0,131.52999999999997,20.0,True
SIBC,2026-05-14,2026-05-18,4,7063.43,7300.0,7500.0,436.5699999999997,200.0,False
SICC,2026-05-14,2026-05-18,4,4359.3,4380.0,4305.0,54.30000000000018,75.0,True
SLBC,2026-05-14,2026-05-18,4,37725.66,37995.0,37900.0,174.3399999999965,95.0,True
SMBC,2026-05-14,2026-05-18,4,12310.34,12295.0,12895.0,584.6599999999999,600.0,True
SNTS,2026-05-14,2026-05-18,4,28845.17,28950.0,28900.0,54.830000000001746,50.0,True
SHEC,2026-05-05,2026-05-13,8,1613.03,1850.0,1940.0,326.97,90.0,False
SICC,2026-05-05,2026-05-13,8,4193.4,4290.0,4390.0,196.60000000000036,100.0,False
SLBC,2026-05-05,2026-05-13,8,36227.94,37050.0,37500.0,1272.0599999999977,450.0,False
SPHC,2026-05-05,2026-05-13,8,6732.3,6720.0,6995.0,262.6999999999998,275.0,True
TTLC,2026-05-05,2026-05-13,8,2725.64,2745.0,3060.0,334.3600000000001,315.0,False
TTLS,2026-05-05,2026-05-13,8,2983.11,3000.0,2845.0,138.11000000000013,155.0,True
TTLC,2026-05-06,2026-05-13,7,2694.84,2700.0,3060.0,365.15999999999985,360.0,False
TTLS,2026-05-06,2026-05-13,7,2960.51,3005.0,2845.0,115.51000000000022,160.0,True
ABJC,2026-05-07,2026-05-13,6,2876.56,3015.0,2980.0,103.44000000000005,35.0,True
ABJC,2026-05-06,2026-05-13,7,2858.23,3015.0,2980.0,121.76999999999998,35.0,True
BNBC,2026-05-06,2026-05-13,7,1338.24,1280.0,1495.0,156.76,215.0,True
CFAC,2026-05-06,2026-05-13,7,1282.23,1395.0,1380.0,97.76999999999998,15.0,True
CIEC,2026-05-06,2026-05-13,7,2864.49,3000.0,3295.0,430.5100000000002,295.0,False
SDSC,2026-05-06,2026-05-13,7,1701.81,1700.0,1745.0,43.190000000000055,45.0,True
CFAC,2026-05-08,2026-05-13,5,1331.83,1400.0,1380.0,48.17000000000007,20.0,True
CIEC,2026-05-08,2026-05-13,5,3061.16,3345.0,3295.0,233.84000000000015,50.0,True
SDSC,2026-05-08,2026-05-13,5,1768.21,1800.0,1745.0,23.210000000000036,55.0,True
SHEC,2026-05-08,2026-05-13,5,1729.44,1895.0,1940.0,210.55999999999995,45.0,False
SICC,2026-05-08,2026-05-13,5,4244.8,4300.0,4390.0,145.19999999999982,90.0,False
SPHC,2026-05-08,2026-05-13,5,7017.67,7100.0,6995.0,22.670000000000073,105.0,True
TTLC,2026-05-08,2026-05-13,5,2714.44,2720.0,3060.0,345.55999999999995,340.0,False
TTLS,2026-05-08,2026-05-13,5,2957.09,3000.0,2845.0,112.09000000000015,155.0,True
ABJC,2026-05-09,2026-05-13,4,2878.0,2975.0,2980.0,102.0,5.0,False
BNBC,2026-05-09,2026-05-13,4,1333.31,1300.0,1495.0,161.69000000000005,195.0,True
CFAC,2026-05-09,2026-05-13,4,1326.66,1385.0,1380.0,53.33999999999992,5.0,True
CIEC,2026-05-09,2026-05-13,4,3059.35,3330.0,3295.0,235.6500000000001,35.0,True
SDSC,2026-05-09,2026-05-13,4,1739.74,1745.0,1745.0,5.259999999999991,0.0,True
SHEC,2026-05-09,2026-05-13,4,1763.28,1945.0,1940.0,176.72000000000003,5.0,True
SICC,2026-05-09,2026-05-13,4,4242.76,4290.0,4390.0,147.23999999999978,100.0,False
SPHC,2026-05-09,2026-05-13,4,7021.88,7050.0,6995.0,26.88000000000011,55.0,True
TTLC,2026-05-09,2026-05-13,4,2735.58,2750.0,3060.0,324.4200000000001,310.0,False
TTLS,2026-05-09,2026-05-13,4,2928.1,2950.0,2845.0,83.09999999999991,105.0,True
ABJC,2026-05-10,2026-05-13,3,2867.79,2975.0,2980.0,112.21000000000004,5.0,False
CFAC,2026-05-10,2026-05-13,3,1323.65,1385.0,1380.0,56.34999999999991,5.0,True
CIEC,2026-05-10,2026-05-13,3,3065.48,3330.0,3295.0,229.51999999999998,35.0,True
SICC,2026-05-10,2026-05-13,3,4239.99,4290.0,4390.0,150.01000000000022,100.0,False
SLBC,2026-05-10,2026-05-13,3,37373.92,37500.0,37500.0,126.08000000000175,0.0,True
SPHC,2026-05-10,2026-05-13,3,7022.59,7050.0,6995.0,27.590000000000146,55.0,True
TTLC,2026-05-10,2026-05-13,3,2738.71,2750.0,3060.0,321.28999999999996,310.0,False
TTLS,2026-05-10,2026-05-13,3,2913.68,2950.0,2845.0,68.67999999999984,105.0,True
ABJC,2026-05-11,2026-05-13,2,2899.94,2975.0,2980.0,80.05999999999995,5.0,False
CFAC,2026-05-11,2026-05-13,2,1338.94,1385.0,1380.0,41.059999999999945,5.0,True
CIEC,2026-05-11,2026-05-13,2,3137.56,3330.0,3295.0,157.44000000000005,35.0,True
SDSC,2026-05-11,2026-05-13,2,1738.57,1745.0,1745.0,6.430000000000064,0.0,True
SHEC,2026-05-11,2026-05-13,2,1814.86,1945.0,1940.0,125.1400000000001,5.0,True
SICC,2026-05-11,2026-05-13,2,4254.87,4290.0,4390.0,135.1300000000001,100.0,False
SLBC,2026-05-11,2026-05-13,2,37399.28,37500.0,37500.0,100.72000000000116,0.0,True
SPHC,2026-05-11,2026-05-13,2,7030.02,7050.0,6995.0,35.02000000000044,55.0,True
TTLC,2026-05-11,2026-05-13,2,2741.96,2750.0,3060.0,318.03999999999996,310.0,False
TTLS,2026-05-11,2026-05-13,2,2918.86,2950.0,2845.0,73.86000000000013,105.0,True
ABJC,2026-05-12,2026-05-13,1,2938.08,2985.0,2980.0,41.92000000000007,5.0,True
BNBC,2026-05-12,2026-05-13,1,1367.62,1395.0,1495.0,127.38000000000011,100.0,False
CFAC,2026-05-12,2026-05-13,1,1350.97,1380.0,1380.0,29.029999999999973,0.0,True
CIEC,2026-05-12,2026-05-13,1,3128.58,3200.0,3295.0,166.42000000000007,95.0,False
SDSC,2026-05-12,2026-05-13,1,1705.42,1700.0,1745.0,39.57999999999993,45.0,True
SOGC,2026-05-14,2026-05-18,4,7473.66,7450.0,7485.0,11.340000000000146,35.0,True
SPHC,2026-05-14,2026-05-18,4,6985.82,7000.0,6985.0,0.819999999999709,15.0,True
STAC,2026-05-14,2026-05-18,4,2534.6,2795.0,2660.0,125.40000000000009,135.0,True
TTLC,2026-05-14,2026-05-18,4,2973.59,2995.0,2910.0,63.590000000000146,85.0,True
TTLS,2026-05-14,2026-05-18,4,2918.62,3025.0,3005.0,86.38000000000011,20.0,True
UNLC,2026-05-14,2026-05-18,4,60333.61,60295.0,59950.0,383.6100000000006,345.0,False
UNXC,2026-05-14,2026-05-18,4,1804.95,1840.0,1835.0,30.049999999999955,5.0,True
ABJC,2026-05-15,2026-05-18,3,2810.33,2850.0,2850.0,39.67000000000007,0.0,True
BICB,2026-05-15,2026-05-18,3,5112.62,5220.0,5200.0,87.38000000000011,20.0,True
BICC,2026-05-15,2026-05-18,3,25895.55,26400.0,26450.0,554.4500000000007,50.0,False
BNBC,2026-05-15,2026-05-18,3,1589.64,1590.0,1545.0,44.6400000000001,45.0,True
BOAB,2026-05-15,2026-05-18,3,9095.98,9410.0,9400.0,304.02000000000044,10.0,True
BOABF,2026-05-15,2026-05-18,3,5380.0,5405.0,5400.0,20.0,5.0,True
BOAC,2026-05-15,2026-05-18,3,8417.35,8600.0,8630.0,212.64999999999964,30.0,False
BOAM,2026-05-15,2026-05-18,3,4652.68,4675.0,4690.0,37.31999999999971,15.0,False
SEMC,2026-05-05,2026-05-13,8,1443.71,1500.0,1500.0,56.289999999999964,0.0,True
SMBC,2026-05-05,2026-05-13,8,11565.06,11550.0,12685.0,1119.9400000000005,1135.0,True
STAC,2026-05-05,2026-05-13,8,1864.72,2950.0,2600.0,735.28,350.0,True
UNXC,2026-05-05,2026-05-13,8,1831.68,1885.0,1825.0,6.680000000000064,60.0,True
UNXC,2026-05-06,2026-05-13,7,1830.67,1875.0,1825.0,5.670000000000073,50.0,True
CABC,2026-05-06,2026-05-13,7,4278.96,3410.0,3400.0,878.96,10.0,False
FTSC,2026-05-06,2026-05-13,7,2247.37,2195.0,2240.0,7.369999999999891,45.0,True
NEIC,2026-05-06,2026-05-13,7,1462.12,1880.0,1890.0,427.8800000000001,10.0,False
SEMC,2026-05-06,2026-05-13,7,1434.06,1495.0,1500.0,65.94000000000005,5.0,False
BNBC,2026-05-07,2026-05-13,6,1356.65,1350.0,1495.0,138.3499999999999,145.0,True
CABC,2026-05-07,2026-05-13,6,4057.72,3410.0,3400.0,657.7199999999998,10.0,False
FTSC,2026-05-08,2026-05-13,5,2231.15,2200.0,2240.0,8.849999999999909,40.0,True
NEIC,2026-05-08,2026-05-13,5,1507.18,1745.0,1890.0,382.81999999999994,145.0,False
SEMC,2026-05-08,2026-05-13,5,1436.27,1525.0,1500.0,63.73000000000002,25.0,True
SMBC,2026-05-08,2026-05-13,5,11684.18,11900.0,12685.0,1000.8199999999997,785.0,False
STAC,2026-05-08,2026-05-13,5,2314.53,2845.0,2600.0,285.4699999999998,245.0,True
UNXC,2026-05-08,2026-05-13,5,1810.61,1815.0,1825.0,14.3900000000001,10.0,False
CABC,2026-05-09,2026-05-13,4,3996.7,3500.0,3400.0,596.6999999999998,100.0,False
FTSC,2026-05-09,2026-05-13,4,2249.34,2220.0,2240.0,9.340000000000146,20.0,True
NEIC,2026-05-09,2026-05-13,4,1514.08,1745.0,1890.0,375.9200000000001,145.0,False
SEMC,2026-05-09,2026-05-13,4,1442.5,1525.0,1500.0,57.5,25.0,True
SMBC,2026-05-09,2026-05-13,4,11832.96,11995.0,12685.0,852.0400000000009,690.0,False
STAC,2026-05-09,2026-05-13,4,2142.84,2660.0,2600.0,457.15999999999985,60.0,True
UNXC,2026-05-09,2026-05-13,4,1790.17,1805.0,1825.0,34.82999999999993,20.0,False
BNBC,2026-05-10,2026-05-13,3,1322.61,1300.0,1495.0,172.3900000000001,195.0,True
CABC,2026-05-10,2026-05-13,3,4006.11,3500.0,3400.0,606.1100000000001,100.0,False
FTSC,2026-05-10,2026-05-13,3,2250.45,2220.0,2240.0,10.449999999999818,20.0,True
NEIC,2026-05-10,2026-05-13,3,1514.93,1745.0,1890.0,375.06999999999994,145.0,False
SMBC,2026-05-10,2026-05-13,3,11900.19,11995.0,12685.0,784.8099999999995,690.0,False
STAC,2026-05-10,2026-05-13,3,2158.56,2660.0,2600.0,441.44000000000005,60.0,True
UNXC,2026-05-10,2026-05-13,3,1779.93,1805.0,1825.0,45.069999999999936,20.0,False
BNBC,2026-05-11,2026-05-13,2,1314.06,1300.0,1495.0,180.94000000000005,195.0,True
CABC,2026-05-11,2026-05-13,2,3807.86,3500.0,3400.0,407.8600000000001,100.0,False
FTSC,2026-05-11,2026-05-13,2,2240.18,2220.0,2240.0,0.1799999999998363,20.0,True
NEIC,2026-05-11,2026-05-13,2,1579.32,1745.0,1890.0,310.68000000000006,145.0,False
SEMC,2026-05-11,2026-05-13,2,1464.84,1525.0,1500.0,35.16000000000008,25.0,True
SMBC,2026-05-11,2026-05-13,2,11939.97,11995.0,12685.0,745.0300000000007,690.0,False
STAC,2026-05-11,2026-05-13,2,2354.43,2660.0,2600.0,245.57000000000016,60.0,True
UNXC,2026-05-11,2026-05-13,2,1783.57,1805.0,1825.0,41.430000000000064,20.0,False
CABC,2026-05-12,2026-05-13,1,3651.26,3500.0,3400.0,251.26000000000022,100.0,False
FTSC,2026-05-12,2026-05-13,1,2212.15,2200.0,2240.0,27.84999999999991,40.0,True
NEIC,2026-05-12,2026-05-13,1,1715.17,1850.0,1890.0,174.82999999999993,40.0,False
SEMC,2026-05-12,2026-05-13,1,1472.15,1505.0,1500.0,27.84999999999991,5.0,True
SMBC,2026-05-12,2026-05-13,1,12009.04,12100.0,12685.0,675.9599999999991,585.0,False
SGBC,2026-05-04,2026-05-15,11,33829.5,34095.0,34995.0,1165.5,900.0,False
BICC,2026-05-05,2026-05-15,10,23561.57,24445.0,26400.0,2838.4300000000003,1955.0,False
SGBC,2026-05-05,2026-05-15,10,33537.04,33000.0,34995.0,1457.9599999999991,1995.0,True
BICC,2026-05-07,2026-05-15,8,24016.43,24995.0,26400.0,2383.5699999999997,1405.0,False
BICC,2026-05-06,2026-05-15,9,23803.48,24990.0,26400.0,2596.5200000000004,1410.0,False
SGBC,2026-05-07,2026-05-15,8,33346.3,33400.0,34995.0,1648.699999999997,1595.0,False
BICC,2026-05-08,2026-05-15,7,24274.01,25200.0,26400.0,2125.9900000000016,1200.0,False
NSBC,2026-05-08,2026-05-15,7,14500.18,14000.0,14100.0,400.1800000000003,100.0,True
SGBC,2026-05-08,2026-05-15,7,33466.39,33800.0,34995.0,1528.6100000000006,1195.0,False
BICC,2026-05-09,2026-05-15,6,24655.32,26000.0,26400.0,1744.6800000000003,400.0,False
NSBC,2026-05-09,2026-05-15,6,14507.81,14010.0,14100.0,407.8099999999995,90.0,True
SGBC,2026-05-09,2026-05-15,6,33744.27,34500.0,34995.0,1250.7300000000032,495.0,False
BICC,2026-05-10,2026-05-15,5,24864.05,26000.0,26400.0,1535.9500000000007,400.0,False
SGBC,2026-05-10,2026-05-15,5,33925.36,34500.0,34995.0,1069.6399999999994,495.0,False
BICC,2026-05-11,2026-05-15,4,25133.77,26000.0,26400.0,1266.2299999999996,400.0,False
SGBC,2026-05-11,2026-05-15,4,34076.58,34500.0,34995.0,918.4199999999983,495.0,False
BICC,2026-05-12,2026-05-15,3,25454.54,26200.0,26400.0,945.4599999999991,200.0,False
SGBC,2026-05-12,2026-05-15,3,34285.57,34800.0,34995.0,709.4300000000003,195.0,False
BICC,2026-05-13,2026-05-15,2,25722.51,26300.0,26400.0,677.4900000000016,100.0,False
BICC,2026-05-14,2026-05-15,1,25832.59,26400.0,26400.0,567.4099999999999,0.0,True
BOAN,2026-05-15,2026-05-18,3,3406.5,3395.0,3445.0,38.5,50.0,True
BOAS,2026-05-15,2026-05-18,3,7395.19,7555.0,7595.0,199.8100000000004,40.0,False
CABC,2026-05-15,2026-05-18,3,3648.63,3500.0,3495.0,153.6300000000001,5.0,False
CBIBF,2026-05-15,2026-05-18,3,17638.52,18700.0,19905.0,2266.4799999999996,1205.0,False
CFAC,2026-05-15,2026-05-18,3,1425.1,1480.0,1555.0,129.9000000000001,75.0,False
CIEC,2026-05-15,2026-05-18,3,3197.41,3300.0,3290.0,92.59000000000015,10.0,True
ECOC,2026-05-15,2026-05-18,3,16284.74,16300.0,16300.0,15.260000000000218,0.0,True
ETIT,2026-05-15,2026-05-18,3,28.8,30.0,29.0,0.1999999999999993,1.0,True
FTSC,2026-05-15,2026-05-18,3,2260.49,2250.0,2250.0,10.489999999999782,0.0,False
NEIC,2026-05-15,2026-05-18,3,1849.47,1990.0,1920.0,70.52999999999997,70.0,True
NSBC,2026-05-15,2026-05-18,3,14236.04,14100.0,15000.0,763.9599999999991,900.0,True
NTLC,2026-05-15,2026-05-18,3,11665.7,11600.0,11750.0,84.29999999999927,150.0,True
ONTBF,2026-05-15,2026-05-18,3,2734.0,2750.0,2795.0,61.0,45.0,False
ORAC,2026-05-15,2026-05-18,3,15007.45,15000.0,15150.0,142.54999999999927,150.0,True
ORGT,2026-05-15,2026-05-18,3,2611.16,2575.0,2435.0,176.15999999999985,140.0,False
PALC,2026-05-15,2026-05-18,3,7855.74,7800.0,7700.0,155.73999999999978,100.0,False
BOAC,2026-05-04,2026-05-15,11,7993.3,9190.0,8600.0,606.6999999999998,590.0,True
BOAN,2026-05-06,2026-05-15,9,3574.05,3580.0,3395.0,179.05000000000018,185.0,True
BOAS,2026-05-06,2026-05-15,9,6703.35,7240.0,7555.0,851.6499999999996,315.0,False
ECOC,2026-05-06,2026-05-15,9,16043.77,16100.0,16300.0,256.22999999999956,200.0,False
NSBC,2026-05-06,2026-05-15,9,14734.17,14000.0,14100.0,634.1700000000001,100.0,True
BOABF,2026-05-07,2026-05-15,8,5342.27,5405.0,5405.0,62.72999999999956,0.0,True
BOAC,2026-05-07,2026-05-15,8,8032.58,8785.0,8600.0,567.4200000000001,185.0,True
BOAM,2026-05-07,2026-05-15,8,4547.54,4680.0,4675.0,127.46000000000004,5.0,True
BOAN,2026-05-07,2026-05-15,8,3532.01,3500.0,3395.0,137.01000000000022,105.0,False
BOAS,2026-05-07,2026-05-15,8,6773.91,7225.0,7555.0,781.0900000000001,330.0,False
ECOC,2026-05-07,2026-05-15,8,16042.91,16100.0,16300.0,257.09000000000015,200.0,False
NSBC,2026-05-07,2026-05-15,8,14624.56,14010.0,14100.0,524.5599999999995,90.0,True
SIBC,2026-05-07,2026-05-15,8,6625.4,7050.0,7300.0,674.6000000000004,250.0,False
BOABF,2026-05-08,2026-05-15,7,5346.7,5400.0,5405.0,58.30000000000018,5.0,False
BOAC,2026-05-08,2026-05-15,7,8117.35,8650.0,8600.0,482.64999999999964,50.0,True
BOAM,2026-05-08,2026-05-15,7,4585.42,4690.0,4675.0,89.57999999999993,15.0,True
BOAN,2026-05-08,2026-05-15,7,3510.83,3500.0,3395.0,115.82999999999993,105.0,False
BOAS,2026-05-08,2026-05-15,7,6870.44,7265.0,7555.0,684.5600000000004,290.0,False
BOABF,2026-05-09,2026-05-15,6,5340.23,5400.0,5405.0,64.77000000000044,5.0,False
BOAC,2026-05-09,2026-05-15,6,8141.47,8705.0,8600.0,458.52999999999975,105.0,True
BOAM,2026-05-09,2026-05-15,6,4591.98,4700.0,4675.0,83.02000000000044,25.0,True
BOAN,2026-05-09,2026-05-15,6,3495.89,3485.0,3395.0,100.88999999999987,90.0,False
BOAS,2026-05-09,2026-05-15,6,6948.19,7390.0,7555.0,606.8100000000004,165.0,False
ECOC,2026-05-09,2026-05-15,6,16343.27,16800.0,16300.0,43.27000000000044,500.0,True
SIBC,2026-05-09,2026-05-15,6,6726.86,7095.0,7300.0,573.1400000000003,205.0,False
BOABF,2026-05-10,2026-05-15,5,5335.82,5400.0,5405.0,69.18000000000029,5.0,False
BOAC,2026-05-10,2026-05-15,5,8153.91,8705.0,8600.0,446.09000000000015,105.0,True
BOAM,2026-05-10,2026-05-15,5,4589.04,4700.0,4675.0,85.96000000000004,25.0,True
BOAN,2026-05-10,2026-05-15,5,3490.63,3485.0,3395.0,95.63000000000011,90.0,False
BOAS,2026-05-10,2026-05-15,5,6970.47,7390.0,7555.0,584.5299999999997,165.0,False
ECOC,2026-05-10,2026-05-15,5,16479.45,16800.0,16300.0,179.45000000000073,500.0,True
NSBC,2026-05-10,2026-05-15,5,14510.31,14010.0,14100.0,410.3099999999995,90.0,True
SIBC,2026-05-10,2026-05-15,5,6722.78,7095.0,7300.0,577.2200000000003,205.0,False
BOABF,2026-05-11,2026-05-15,4,5347.46,5400.0,5405.0,57.539999999999964,5.0,False
BOAC,2026-05-11,2026-05-15,4,8277.87,8705.0,8600.0,322.1299999999992,105.0,True
SIBC,2026-05-11,2026-05-15,4,6803.14,7095.0,7300.0,496.8599999999997,205.0,False
BOAB,2026-05-12,2026-05-15,3,8905.88,9405.0,9410.0,504.1200000000008,5.0,False
BOABF,2026-05-12,2026-05-15,3,5367.48,5410.0,5405.0,37.52000000000044,5.0,True
BOAC,2026-05-12,2026-05-15,3,8366.8,8650.0,8600.0,233.20000000000073,50.0,True
BOAM,2026-05-12,2026-05-15,3,4627.95,4685.0,4675.0,47.05000000000018,10.0,True
BOAN,2026-05-12,2026-05-15,3,3468.42,3450.0,3395.0,73.42000000000007,55.0,False
BOAS,2026-05-12,2026-05-15,3,7192.03,7450.0,7555.0,362.97000000000025,105.0,False
ECOC,2026-05-12,2026-05-15,3,16413.24,16200.0,16300.0,113.2400000000016,100.0,True
NSBC,2026-05-12,2026-05-15,3,14152.29,13850.0,14100.0,52.29000000000087,250.0,True
SIBC,2026-05-12,2026-05-15,3,6924.94,7140.0,7300.0,375.0600000000004,160.0,False
BOABF,2026-05-13,2026-05-15,2,5384.61,5410.0,5405.0,20.390000000000327,5.0,True
BOAC,2026-05-13,2026-05-15,2,8428.24,8585.0,8600.0,171.76000000000022,15.0,False
BOAM,2026-05-13,2026-05-15,2,4656.2,4680.0,4675.0,18.800000000000182,5.0,True
BOAN,2026-05-13,2026-05-15,2,3454.67,3440.0,3395.0,59.67000000000007,45.0,False
BOAS,2026-05-13,2026-05-15,2,7331.99,7500.0,7555.0,223.01000000000022,55.0,False
ECOC,2026-05-13,2026-05-15,2,16322.98,16200.0,16300.0,22.979999999999563,100.0,True
NSBC,2026-05-13,2026-05-15,2,13978.5,13810.0,14100.0,121.5,290.0,True
SIBC,2026-05-13,2026-05-15,2,7147.44,7295.0,7300.0,152.5600000000004,5.0,False
BOAB,2026-05-14,2026-05-15,1,9094.87,9410.0,9410.0,315.1299999999992,0.0,True
BOABF,2026-05-14,2026-05-15,1,5381.28,5405.0,5405.0,23.720000000000255,0.0,True
BOAC,2026-05-14,2026-05-15,1,8415.01,8600.0,8600.0,184.98999999999978,0.0,True
BOAM,2026-05-14,2026-05-15,1,4651.47,4675.0,4675.0,23.529999999999745,0.0,True
BOAN,2026-05-14,2026-05-15,1,3425.61,3395.0,3395.0,30.610000000000127,0.0,False
BOAS,2026-05-14,2026-05-15,1,7381.16,7555.0,7555.0,173.84000000000015,0.0,True
ECOC,2026-05-14,2026-05-15,1,16291.37,16300.0,16300.0,8.6299999999992,0.0,True
NSBC,2026-05-14,2026-05-15,1,14180.31,14100.0,14100.0,80.30999999999949,0.0,False
SIBC,2026-05-14,2026-05-15,1,7170.4,7300.0,7300.0,129.60000000000036,0.0,True
SAFC,2026-05-15,2026-05-18,3,3696.18,3995.0,3990.0,293.82000000000016,5.0,True
SDSC,2026-05-15,2026-05-18,3,1777.74,1785.0,1750.0,27.74000000000001,35.0,True
SEMC,2026-05-15,2026-05-18,3,1499.53,1580.0,1505.0,5.470000000000027,75.0,True
SGBC,2026-05-15,2026-05-18,3,34687.61,34995.0,35985.0,1297.3899999999994,990.0,False
SHEC,2026-05-15,2026-05-18,3,1915.09,2000.0,1980.0,64.91000000000008,20.0,True
SIBC,2026-05-15,2026-05-18,3,7168.59,7300.0,7500.0,331.40999999999985,200.0,False
SICC,2026-05-15,2026-05-18,3,4364.22,4380.0,4305.0,59.220000000000255,75.0,True
SLBC,2026-05-15,2026-05-18,3,37848.67,37995.0,37900.0,51.330000000001746,95.0,True
SMBC,2026-05-15,2026-05-18,3,12294.31,12295.0,12895.0,600.6900000000005,600.0,False
SNTS,2026-05-15,2026-05-18,3,28869.5,28950.0,28900.0,30.5,50.0,True
SOGC,2026-05-15,2026-05-18,3,7470.17,7450.0,7485.0,14.829999999999927,35.0,True
SPHC,2026-05-15,2026-05-18,3,6989.48,7000.0,6985.0,4.479999999999563,15.0,True
STAC,2026-05-15,2026-05-18,3,2673.57,2795.0,2660.0,13.570000000000164,135.0,True
TTLC,2026-05-15,2026-05-18,3,2977.65,2995.0,2910.0,67.65000000000009,85.0,True
TTLS,2026-05-15,2026-05-18,3,2963.78,3025.0,3005.0,41.2199999999998,20.0,True
UNLC,2026-05-15,2026-05-18,3,60601.16,60295.0,59950.0,651.1600000000035,345.0,False
UNXC,2026-05-15,2026-05-18,3,1816.2,1840.0,1835.0,18.799999999999955,5.0,True
ABJC,2026-05-16,2026-05-18,2,2812.09,2850.0,2850.0,37.909999999999854,0.0,True
CBIBF,2026-05-04,2026-05-15,11,14500.01,16100.0,18700.0,4199.99,2600.0,False
ETIT,2026-05-04,2026-05-15,11,24.63,29.0,30.0,5.370000000000001,1.0,False
CBIBF,2026-05-06,2026-05-15,9,14973.45,16700.0,18700.0,3726.5499999999993,2000.0,False
ETIT,2026-05-06,2026-05-15,9,25.43,29.0,30.0,4.57,1.0,False
ORAC,2026-05-06,2026-05-15,9,15116.27,15200.0,15000.0,116.27000000000044,200.0,True
ORGT,2026-05-06,2026-05-15,9,3105.15,2975.0,2575.0,530.1500000000001,400.0,False
SAFC,2026-05-06,2026-05-15,9,1723.38,3500.0,3995.0,2271.62,495.0,False
BOAB,2026-05-07,2026-05-15,8,8396.18,9340.0,9410.0,1013.8199999999997,70.0,False
ETIT,2026-05-07,2026-05-15,8,25.88,29.0,30.0,4.120000000000001,1.0,False
ORGT,2026-05-07,2026-05-15,8,3045.0,2975.0,2575.0,470.0,400.0,False
SAFC,2026-05-07,2026-05-15,8,1949.98,3500.0,3995.0,2045.02,495.0,False
SNTS,2026-05-07,2026-05-15,8,28684.26,28900.0,28950.0,265.7400000000016,50.0,False
SOGC,2026-05-07,2026-05-15,8,7572.67,7500.0,7450.0,122.67000000000007,50.0,False
BICB,2026-05-08,2026-05-15,7,5064.1,5120.0,5220.0,155.89999999999964,100.0,False
BOAB,2026-05-08,2026-05-15,7,8524.91,9300.0,9410.0,885.0900000000001,110.0,False
CBIBF,2026-05-08,2026-05-15,7,15329.87,16600.0,18700.0,3370.129999999999,2100.0,False
ETIT,2026-05-08,2026-05-15,7,26.81,30.0,30.0,3.1900000000000013,0.0,True
ORGT,2026-05-08,2026-05-15,7,2915.85,2755.0,2575.0,340.8499999999999,180.0,False
SAFC,2026-05-08,2026-05-15,7,2203.63,3500.0,3995.0,1791.37,495.0,False
BICB,2026-05-09,2026-05-15,6,5067.54,5225.0,5220.0,152.46000000000004,5.0,True
BOAB,2026-05-09,2026-05-15,6,8575.79,9400.0,9410.0,834.2099999999991,10.0,False
CBIBF,2026-05-09,2026-05-15,6,15416.55,16800.0,18700.0,3283.4500000000007,1900.0,False
ETIT,2026-05-09,2026-05-15,6,27.01,30.0,30.0,2.9899999999999984,0.0,True
ORGT,2026-05-09,2026-05-15,6,2749.15,2550.0,2575.0,174.1500000000001,25.0,True
SAFC,2026-05-09,2026-05-15,6,2186.79,3500.0,3995.0,1808.21,495.0,False
SNTS,2026-05-09,2026-05-15,6,28740.4,28900.0,28950.0,209.59999999999854,50.0,False
SOGC,2026-05-09,2026-05-15,6,7486.16,7390.0,7450.0,36.159999999999854,60.0,True
BICB,2026-05-10,2026-05-15,5,5071.36,5225.0,5220.0,148.64000000000033,5.0,True
BOAB,2026-05-10,2026-05-15,5,8600.64,9400.0,9410.0,809.3600000000006,10.0,False
CBIBF,2026-05-10,2026-05-15,5,15433.5,16800.0,18700.0,3266.5,1900.0,False
ETIT,2026-05-10,2026-05-15,5,27.06,30.0,30.0,2.9400000000000013,0.0,True
ORAC,2026-05-10,2026-05-15,5,14946.97,14920.0,15000.0,53.030000000000655,80.0,True
ORGT,2026-05-10,2026-05-15,5,2657.7,2550.0,2575.0,82.69999999999982,25.0,True
SAFC,2026-05-10,2026-05-15,5,2188.09,3500.0,3995.0,1806.9099999999999,495.0,False
SNTS,2026-05-10,2026-05-15,5,28749.25,28900.0,28950.0,200.75,50.0,False
SOGC,2026-05-10,2026-05-15,5,7476.91,7390.0,7450.0,26.909999999999854,60.0,True
ORAC,2026-05-11,2026-05-15,4,14929.71,14920.0,15000.0,70.29000000000087,80.0,True
ORGT,2026-05-11,2026-05-15,4,2609.21,2550.0,2575.0,34.210000000000036,25.0,True
SAFC,2026-05-11,2026-05-15,4,2525.81,3500.0,3995.0,1469.19,495.0,False
SNTS,2026-05-11,2026-05-15,4,28778.59,28900.0,28950.0,171.40999999999985,50.0,False
SOGC,2026-05-11,2026-05-15,4,7456.36,7390.0,7450.0,6.359999999999673,60.0,True
BICB,2026-05-12,2026-05-15,3,5097.28,5170.0,5220.0,122.72000000000025,50.0,False
CBIBF,2026-05-12,2026-05-15,3,15932.87,16800.0,18700.0,2767.129999999999,1900.0,False
ETIT,2026-05-12,2026-05-15,3,28.24,30.0,30.0,1.7600000000000016,0.0,True
ORGT,2026-05-12,2026-05-15,3,2671.36,2740.0,2575.0,96.36000000000013,165.0,True
SAFC,2026-05-12,2026-05-15,3,2880.64,3485.0,3995.0,1114.3600000000001,510.0,False
SNTS,2026-05-12,2026-05-15,3,28840.64,29000.0,28950.0,109.36000000000058,50.0,True
SOGC,2026-05-12,2026-05-15,3,7440.25,7395.0,7450.0,9.75,55.0,True
BICB,2026-05-13,2026-05-15,2,5107.94,5200.0,5220.0,112.0600000000004,20.0,False
BOAB,2026-05-13,2026-05-15,2,9093.78,9420.0,9410.0,316.21999999999935,10.0,True
CBIBF,2026-05-13,2026-05-15,2,16740.26,17400.0,18700.0,1959.7400000000016,1300.0,False
ETIT,2026-05-13,2026-05-15,2,28.8,30.0,30.0,1.1999999999999993,0.0,True
ORGT,2026-05-13,2026-05-15,2,2704.2,2740.0,2575.0,129.19999999999982,165.0,True
SAFC,2026-05-13,2026-05-15,2,3517.12,3745.0,3995.0,477.8800000000001,250.0,False
BICB,2026-05-14,2026-05-15,1,5109.9,5220.0,5220.0,110.10000000000036,0.0,True
CBIBF,2026-05-14,2026-05-15,1,17659.92,18700.0,18700.0,1040.0800000000017,0.0,True
ETIT,2026-05-14,2026-05-15,1,28.8,30.0,30.0,1.1999999999999993,0.0,True
ORGT,2026-05-14,2026-05-15,1,2651.07,2575.0,2575.0,76.07000000000016,0.0,False
SAFC,2026-05-14,2026-05-15,1,3819.33,3995.0,3995.0,175.67000000000007,0.0,True
SNTS,2026-05-14,2026-05-15,1,28863.14,28950.0,28950.0,86.86000000000058,0.0,True
SOGC,2026-05-14,2026-05-15,1,7456.25,7450.0,7450.0,6.25,0.0,False
BICB,2026-05-16,2026-05-18,2,5112.71,5200.0,5200.0,87.28999999999996,0.0,True
BICC,2026-05-16,2026-05-18,2,25943.46,26450.0,26450.0,506.5400000000009,0.0,True
BNBC,2026-05-16,2026-05-18,2,1563.96,1545.0,1545.0,18.960000000000036,0.0,False
BOAB,2026-05-16,2026-05-18,2,9092.43,9400.0,9400.0,307.5699999999997,0.0,True
BOABF,2026-05-16,2026-05-18,2,5376.55,5400.0,5400.0,23.449999999999818,0.0,True
BOAC,2026-05-16,2026-05-18,2,8439.16,8630.0,8630.0,190.84000000000015,0.0,True
BOAM,2026-05-16,2026-05-18,2,4671.1,4690.0,4690.0,18.899999999999636,0.0,True
BOAN,2026-05-16,2026-05-18,2,3420.4,3445.0,3445.0,24.59999999999991,0.0,True
BOAS,2026-05-16,2026-05-18,2,7423.79,7595.0,7595.0,171.21000000000004,0.0,True
CABC,2026-05-16,2026-05-18,2,3643.79,3495.0,3495.0,148.78999999999996,0.0,False
CBIBF,2026-05-16,2026-05-18,2,18551.78,19905.0,19905.0,1353.2200000000012,0.0,True
CFAC,2026-05-16,2026-05-18,2,1473.44,1555.0,1555.0,81.55999999999995,0.0,True
CIEC,2026-05-16,2026-05-18,2,3189.71,3290.0,3290.0,100.28999999999996,0.0,True
ECOC,2026-05-16,2026-05-18,2,16279.34,16300.0,16300.0,20.659999999999854,0.0,True
ETIT,2026-05-16,2026-05-18,2,28.33,29.0,29.0,0.6700000000000017,0.0,True
FTSC,2026-05-16,2026-05-18,2,2260.19,2250.0,2250.0,10.190000000000055,0.0,False
NEIC,2026-05-16,2026-05-18,2,1798.67,1920.0,1920.0,121.32999999999993,0.0,True
NSBC,2026-05-16,2026-05-18,2,14923.29,15000.0,15000.0,76.70999999999913,0.0,True
NTLC,2026-05-16,2026-05-18,2,11700.52,11750.0,11750.0,49.47999999999956,0.0,True
ONTBF,2026-05-16,2026-05-18,2,2765.75,2795.0,2795.0,29.25,0.0,True
NTLC,2026-05-06,2026-05-15,9,12185.65,11700.0,11600.0,585.6499999999996,100.0,False
ONTBF,2026-05-06,2026-05-15,9,2711.55,2710.0,2750.0,38.44999999999982,40.0,True
PALC,2026-05-06,2026-05-15,9,7303.17,6995.0,7800.0,496.8299999999999,805.0,True
NTLC,2026-05-07,2026-05-15,8,12114.33,11900.0,11600.0,514.3299999999999,300.0,False
ONTBF,2026-05-07,2026-05-15,8,2695.67,2710.0,2750.0,54.32999999999993,40.0,False
ORAC,2026-05-07,2026-05-15,8,15144.0,15200.0,15000.0,144.0,200.0,True
PALC,2026-05-07,2026-05-15,8,7653.03,7800.0,7800.0,146.97000000000025,0.0,True
SICC,2026-05-07,2026-05-15,8,4198.18,4285.0,4380.0,181.8199999999997,95.0,False
SLBC,2026-05-07,2026-05-15,8,37256.28,37500.0,37995.0,738.7200000000012,495.0,False
SPHC,2026-05-07,2026-05-15,8,6937.9,7175.0,7000.0,62.100000000000364,175.0,True
UNLC,2026-05-07,2026-05-15,8,62883.71,59000.0,60295.0,2588.709999999999,1295.0,True
NTLC,2026-05-08,2026-05-15,7,12009.58,11700.0,11600.0,409.5799999999999,100.0,False
ONTBF,2026-05-08,2026-05-15,7,2732.37,2775.0,2750.0,17.63000000000011,25.0,True
ORAC,2026-05-08,2026-05-15,7,15047.01,14900.0,15000.0,47.01000000000022,100.0,True
PALC,2026-05-08,2026-05-15,7,7888.52,7900.0,7800.0,88.52000000000044,100.0,True
SICC,2026-05-08,2026-05-15,7,4228.04,4300.0,4380.0,151.96000000000004,80.0,False
SLBC,2026-05-08,2026-05-15,7,37374.8,37500.0,37995.0,620.1999999999971,495.0,False
SPHC,2026-05-08,2026-05-15,7,7011.12,7100.0,7000.0,11.11999999999989,100.0,True
NTLC,2026-05-09,2026-05-15,6,11935.35,11650.0,11600.0,335.35000000000036,50.0,False
ONTBF,2026-05-09,2026-05-15,6,2740.06,2760.0,2750.0,9.940000000000055,10.0,True
ORAC,2026-05-09,2026-05-15,6,14983.58,14920.0,15000.0,16.420000000000073,80.0,True
PALC,2026-05-09,2026-05-15,6,7934.07,7800.0,7800.0,134.0699999999997,0.0,False
SICC,2026-05-09,2026-05-15,6,4225.82,4290.0,4380.0,154.1800000000003,90.0,False
SLBC,2026-05-09,2026-05-15,6,37359.55,37500.0,37995.0,635.4499999999971,495.0,False
SPHC,2026-05-09,2026-05-15,6,7015.8,7050.0,7000.0,15.800000000000182,50.0,True
TTLC,2026-05-09,2026-05-15,6,2732.32,2750.0,2995.0,262.67999999999984,245.0,False
UNLC,2026-05-09,2026-05-15,6,60407.45,56000.0,60295.0,112.44999999999709,4295.0,True
NTLC,2026-05-10,2026-05-15,5,11883.83,11650.0,11600.0,283.8299999999999,50.0,False
ONTBF,2026-05-10,2026-05-15,5,2741.59,2760.0,2750.0,8.409999999999854,10.0,True
PALC,2026-05-10,2026-05-15,5,7934.53,7800.0,7800.0,134.52999999999975,0.0,False
SICC,2026-05-10,2026-05-15,5,4222.96,4290.0,4380.0,157.03999999999996,90.0,False
SLBC,2026-05-10,2026-05-15,5,37334.2,37500.0,37995.0,660.8000000000029,495.0,False
SPHC,2026-05-10,2026-05-15,5,7016.42,7050.0,7000.0,16.420000000000073,50.0,True
UNLC,2026-05-10,2026-05-15,5,59429.45,56000.0,60295.0,865.5500000000029,4295.0,True
NTLC,2026-05-11,2026-05-15,4,11827.7,11650.0,11600.0,227.70000000000073,50.0,False
ONTBF,2026-05-11,2026-05-15,4,2745.66,2760.0,2750.0,4.3400000000001455,10.0,True
PALC,2026-05-11,2026-05-15,4,7902.31,7800.0,7800.0,102.3100000000004,0.0,False
SICC,2026-05-11,2026-05-15,4,4238.58,4290.0,4380.0,141.42000000000007,90.0,False
SLBC,2026-05-11,2026-05-15,4,37360.38,37500.0,37995.0,634.6200000000026,495.0,False
SPHC,2026-05-11,2026-05-15,4,7023.72,7050.0,7000.0,23.720000000000255,50.0,True
TTLC,2026-05-11,2026-05-15,4,2738.64,2750.0,2995.0,256.3600000000001,245.0,False
UNLC,2026-05-11,2026-05-15,4,58373.2,56000.0,60295.0,1921.800000000003,4295.0,True
NTLC,2026-05-12,2026-05-15,3,11655.83,11150.0,11600.0,55.82999999999993,450.0,True
ONTBF,2026-05-12,2026-05-15,3,2713.43,2700.0,2750.0,36.570000000000164,50.0,True
ORAC,2026-05-12,2026-05-15,3,14989.94,15100.0,15000.0,10.05999999999949,100.0,True
PALC,2026-05-12,2026-05-15,3,7873.05,7800.0,7800.0,73.05000000000018,0.0,False
SICC,2026-05-12,2026-05-15,3,4334.83,4400.0,4380.0,45.17000000000007,20.0,True
SLBC,2026-05-12,2026-05-15,3,37617.86,37900.0,37995.0,377.1399999999994,95.0,False
SPHC,2026-05-12,2026-05-15,3,7006.27,7000.0,7000.0,6.270000000000437,0.0,False
UNLC,2026-05-13,2026-05-15,2,58475.22,56100.0,60295.0,1819.7799999999988,4195.0,True
NTLC,2026-05-14,2026-05-15,1,11658.5,11600.0,11600.0,58.5,0.0,False
ONTBF,2026-05-14,2026-05-15,1,2716.16,2750.0,2750.0,33.840000000000146,0.0,True
ORAC,2026-05-14,2026-05-15,1,15012.71,15000.0,15000.0,12.709999999999127,0.0,False
PALC,2026-05-14,2026-05-15,1,7865.72,7800.0,7800.0,65.72000000000025,0.0,False
SICC,2026-05-14,2026-05-15,1,4371.61,4380.0,4380.0,8.390000000000327,0.0,True
SLBC,2026-05-14,2026-05-15,1,37718.06,37995.0,37995.0,276.9400000000023,0.0,True
SPHC,2026-05-14,2026-05-15,1,6991.78,7000.0,7000.0,8.220000000000255,0.0,True
UNLC,2026-05-14,2026-05-15,1,59595.35,60295.0,60295.0,699.6500000000015,0.0,True
ORAC,2026-05-16,2026-05-18,2,15048.09,15150.0,15150.0,101.90999999999985,0.0,True
ORGT,2026-05-16,2026-05-18,2,2531.53,2435.0,2435.0,96.5300000000002,0.0,False
PALC,2026-05-16,2026-05-18,2,7801.03,7700.0,7700.0,101.02999999999975,0.0,False
SAFC,2026-05-16,2026-05-18,2,3571.17,3990.0,3990.0,418.8299999999999,0.0,True
SDSC,2026-05-16,2026-05-18,2,1750.32,1750.0,1750.0,0.31999999999993634,0.0,False
SEMC,2026-05-16,2026-05-18,2,1495.32,1505.0,1505.0,9.680000000000064,0.0,True
SGBC,2026-05-16,2026-05-18,2,35030.57,35985.0,35985.0,954.4300000000003,0.0,True
SHEC,2026-05-16,2026-05-18,2,1901.71,1980.0,1980.0,78.28999999999996,0.0,True
SIBC,2026-05-16,2026-05-18,2,7329.21,7500.0,7500.0,170.78999999999996,0.0,True
SICC,2026-05-16,2026-05-18,2,4314.34,4305.0,4305.0,9.340000000000146,0.0,False
SLBC,2026-05-16,2026-05-18,2,37872.35,37900.0,37900.0,27.650000000001455,0.0,True
SMBC,2026-05-16,2026-05-18,2,12549.91,12895.0,12895.0,345.09000000000015,0.0,True
SNTS,2026-05-16,2026-05-18,2,28860.18,28900.0,28900.0,39.81999999999971,0.0,True
SOGC,2026-05-16,2026-05-18,2,7494.54,7485.0,7485.0,9.539999999999964,0.0,False
SPHC,2026-05-16,2026-05-18,2,6981.58,6985.0,6985.0,3.4200000000000728,0.0,True
CFAC,2026-05-04,2026-05-15,11,1276.89,1430.0,1480.0,203.1099999999999,50.0,False
CFAC,2026-05-06,2026-05-15,9,1266.43,1395.0,1480.0,213.56999999999994,85.0,False
CIEC,2026-05-06,2026-05-15,9,2844.18,3000.0,3300.0,455.82000000000016,300.0,False
SDSC,2026-05-06,2026-05-15,9,1700.07,1700.0,1785.0,84.93000000000006,85.0,True
SHEC,2026-05-06,2026-05-15,9,1602.3,1845.0,2000.0,397.70000000000005,155.0,False
BNBC,2026-05-07,2026-05-15,8,1362.66,1350.0,1590.0,227.33999999999992,240.0,True
CFAC,2026-05-07,2026-05-15,8,1292.93,1400.0,1480.0,187.06999999999994,80.0,False
CIEC,2026-05-07,2026-05-15,8,2926.91,3200.0,3300.0,373.09000000000015,100.0,False
SDSC,2026-05-07,2026-05-15,8,1686.27,1685.0,1785.0,98.73000000000002,100.0,True
SHEC,2026-05-07,2026-05-15,8,1629.18,1840.0,2000.0,370.81999999999994,160.0,False
TTLC,2026-05-07,2026-05-15,8,2720.48,2740.0,2995.0,274.52,255.0,False
TTLS,2026-05-07,2026-05-15,8,2941.95,3005.0,3025.0,83.05000000000018,20.0,False
ABJC,2026-05-08,2026-05-15,7,2878.57,3020.0,2850.0,28.570000000000164,170.0,True
BNBC,2026-05-08,2026-05-15,7,1363.75,1335.0,1590.0,226.25,255.0,True
CFAC,2026-05-08,2026-05-15,7,1315.13,1400.0,1480.0,164.8699999999999,80.0,False
CIEC,2026-05-08,2026-05-15,7,3012.85,3345.0,3300.0,287.1500000000001,45.0,True
SDSC,2026-05-08,2026-05-15,7,1763.96,1800.0,1785.0,21.039999999999964,15.0,True
SHEC,2026-05-08,2026-05-15,7,1689.32,1895.0,2000.0,310.68000000000006,105.0,False
TTLC,2026-05-08,2026-05-15,7,2711.9,2720.0,2995.0,283.0999999999999,275.0,False
BNBC,2026-05-09,2026-05-15,6,1339.47,1300.0,1590.0,250.52999999999997,290.0,True
CFAC,2026-05-09,2026-05-15,6,1310.1,1385.0,1480.0,169.9000000000001,95.0,False
CIEC,2026-05-09,2026-05-15,6,3014.85,3330.0,3300.0,285.1500000000001,30.0,True
NEIC,2026-05-09,2026-05-15,6,1457.66,1745.0,1990.0,532.3399999999999,245.0,False
SDSC,2026-05-09,2026-05-15,6,1737.0,1745.0,1785.0,48.0,40.0,False
SHEC,2026-05-09,2026-05-15,6,1718.47,1945.0,2000.0,281.53,55.0,False
TTLS,2026-05-09,2026-05-15,6,2915.5,2950.0,3025.0,109.5,75.0,False
ABJC,2026-05-10,2026-05-15,5,2837.34,2975.0,2850.0,12.659999999999854,125.0,True
BNBC,2026-05-10,2026-05-15,5,1328.7,1300.0,1590.0,261.29999999999995,290.0,True
CFAC,2026-05-10,2026-05-15,5,1307.2,1385.0,1480.0,172.79999999999995,95.0,False
CIEC,2026-05-10,2026-05-15,5,3021.41,3330.0,3300.0,278.59000000000015,30.0,True
SDSC,2026-05-10,2026-05-15,5,1733.36,1745.0,1785.0,51.6400000000001,40.0,False
SHEC,2026-05-10,2026-05-15,5,1720.86,1945.0,2000.0,279.1400000000001,55.0,False
TTLC,2026-05-10,2026-05-15,5,2735.55,2750.0,2995.0,259.4499999999998,245.0,False
TTLS,2026-05-10,2026-05-15,5,2901.48,2950.0,3025.0,123.51999999999998,75.0,False
ABJC,2026-05-11,2026-05-15,4,2866.73,2975.0,2850.0,16.730000000000018,125.0,True
BNBC,2026-05-11,2026-05-15,4,1320.16,1300.0,1590.0,269.8399999999999,290.0,True
SDSC,2026-05-11,2026-05-15,4,1735.88,1745.0,1785.0,49.11999999999989,40.0,False
SHEC,2026-05-11,2026-05-15,4,1763.66,1945.0,2000.0,236.33999999999992,55.0,False
TTLS,2026-05-11,2026-05-15,4,2906.23,2950.0,3025.0,118.76999999999998,75.0,False
ABJC,2026-05-12,2026-05-15,3,2906.83,2985.0,2850.0,56.82999999999993,135.0,True
BNBC,2026-05-12,2026-05-15,3,1380.16,1395.0,1590.0,209.83999999999992,195.0,False
CFAC,2026-05-12,2026-05-15,3,1336.02,1380.0,1480.0,143.98000000000002,100.0,False
CIEC,2026-05-12,2026-05-15,3,3067.06,3200.0,3300.0,232.94000000000005,100.0,False
NEIC,2026-05-12,2026-05-15,3,1646.33,1850.0,1990.0,343.6700000000001,140.0,False
SDSC,2026-05-12,2026-05-15,3,1704.2,1700.0,1785.0,80.79999999999995,85.0,True
SHEC,2026-05-12,2026-05-15,3,1849.62,2000.0,2000.0,150.3800000000001,0.0,True
TTLS,2026-05-12,2026-05-15,3,2891.65,2900.0,3025.0,133.3499999999999,125.0,False
ABJC,2026-05-13,2026-05-15,2,2936.27,2980.0,2850.0,86.26999999999998,130.0,True
BNBC,2026-05-13,2026-05-15,2,1460.1,1495.0,1590.0,129.9000000000001,95.0,False
CFAC,2026-05-13,2026-05-15,2,1349.36,1380.0,1480.0,130.6400000000001,100.0,False
CIEC,2026-05-13,2026-05-15,2,3180.69,3295.0,3300.0,119.30999999999995,5.0,False
SDSC,2026-05-13,2026-05-15,2,1735.93,1745.0,1785.0,49.069999999999936,40.0,False
SHEC,2026-05-13,2026-05-15,2,1873.21,1940.0,2000.0,126.78999999999996,60.0,False
TTLC,2026-05-13,2026-05-15,2,3030.83,3060.0,2995.0,35.82999999999993,65.0,True
TTLS,2026-05-13,2026-05-15,2,2863.23,2845.0,3025.0,161.76999999999998,180.0,True
ABJC,2026-05-14,2026-05-15,1,2842.98,2850.0,2850.0,7.019999999999982,0.0,True
BNBC,2026-05-14,2026-05-15,1,1556.83,1590.0,1590.0,33.17000000000007,0.0,True
CFAC,2026-05-14,2026-05-15,1,1394.78,1480.0,1480.0,85.22000000000003,0.0,True
CIEC,2026-05-14,2026-05-15,1,3202.76,3300.0,3300.0,97.23999999999978,0.0,True
SDSC,2026-05-14,2026-05-15,1,1772.85,1785.0,1785.0,12.150000000000091,0.0,True
SHEC,2026-05-14,2026-05-15,1,1905.17,2000.0,2000.0,94.82999999999993,0.0,True
TTLC,2026-05-14,2026-05-15,1,2990.48,2995.0,2995.0,4.519999999999982,0.0,True
TTLS,2026-05-14,2026-05-15,1,2931.33,3025.0,3025.0,93.67000000000007,0.0,True
STAC,2026-05-16,2026-05-18,2,2503.61,2660.0,2660.0,156.38999999999987,0.0,True
TTLC,2026-05-16,2026-05-18,2,2907.9,2910.0,2910.0,2.099999999999909,0.0,True
TTLS,2026-05-16,2026-05-18,2,2966.01,3005.0,3005.0,38.98999999999978,0.0,True
UNLC,2026-05-16,2026-05-18,2,61083.5,59950.0,59950.0,1133.5,0.0,False
UNXC,2026-05-16,2026-05-18,2,1816.5,1835.0,1835.0,18.5,0.0,True
ABJC,2026-05-17,2026-05-18,1,2814.5,2850.0,2850.0,35.5,0.0,True
BICB,2026-05-17,2026-05-18,1,5111.84,5200.0,5200.0,88.15999999999985,0.0,True
BICC,2026-05-17,2026-05-18,1,25971.79,26450.0,26450.0,478.2099999999991,0.0,True
BNBC,2026-05-17,2026-05-18,1,1549.78,1545.0,1545.0,4.779999999999973,0.0,False
BOAB,2026-05-17,2026-05-18,1,9092.0,9400.0,9400.0,308.0,0.0,True
BOABF,2026-05-17,2026-05-18,1,5375.38,5400.0,5400.0,24.61999999999989,0.0,True
BOAC,2026-05-17,2026-05-18,1,8449.76,8630.0,8630.0,180.23999999999978,0.0,True
BOAM,2026-05-17,2026-05-18,1,4665.88,4690.0,4690.0,24.11999999999989,0.0,True
ABJC,2026-05-04,2026-05-05,1,3161.3,3215.0,3095.0,66.30000000000018,120.0,True
BICB,2026-05-04,2026-05-05,1,5177.2,5310.0,5250.0,72.80000000000018,60.0,True
BICC,2026-05-04,2026-05-05,1,24501.58,24850.0,24445.0,56.580000000001746,405.0,True
BNBC,2026-05-04,2026-05-05,1,1571.37,1565.0,1345.0,226.3699999999999,220.0,False
BOAB,2026-05-04,2026-05-05,1,8594.06,8850.0,9250.0,655.9400000000005,400.0,False
BOABF,2026-05-04,2026-05-05,1,5603.57,5650.0,5410.0,193.5699999999997,240.0,True
BOAC,2026-05-04,2026-05-05,1,8958.65,9190.0,8850.0,108.64999999999964,340.0,True
BOAM,2026-05-04,2026-05-05,1,4647.19,4670.0,4700.0,52.8100000000004,30.0,False
BOAN,2026-05-04,2026-05-05,1,3665.81,3660.0,3500.0,165.80999999999995,160.0,False
BOAS,2026-05-04,2026-05-05,1,6927.39,7045.0,7225.0,297.6099999999997,180.0,False
CABC,2026-05-04,2026-05-05,1,3759.47,3600.0,3500.0,259.4699999999998,100.0,False
CBIBF,2026-05-04,2026-05-05,1,15720.95,16100.0,16550.0,829.0499999999993,450.0,False
CFAC,2026-05-04,2026-05-05,1,1396.34,1430.0,1325.0,71.33999999999992,105.0,True
CIEC,2026-05-04,2026-05-05,1,3150.73,3250.0,3010.0,140.73000000000002,240.0,True
CABC,2026-05-06,2026-05-15,9,4525.38,3410.0,3500.0,1025.38,90.0,True
FTSC,2026-05-06,2026-05-15,9,2257.11,2195.0,2250.0,7.110000000000127,55.0,True
NEIC,2026-05-06,2026-05-15,9,1412.86,1880.0,1990.0,577.1400000000001,110.0,False
SEMC,2026-05-06,2026-05-15,9,1419.7,1495.0,1580.0,160.29999999999995,85.0,False
CABC,2026-05-07,2026-05-15,8,4275.3,3410.0,3500.0,775.3000000000002,90.0,True
FTSC,2026-05-07,2026-05-15,8,2249.91,2200.0,2250.0,0.09000000000014552,50.0,True
NEIC,2026-05-07,2026-05-15,8,1403.58,1715.0,1990.0,586.4200000000001,275.0,False
SEMC,2026-05-07,2026-05-15,8,1404.02,1450.0,1580.0,175.98000000000002,130.0,False
SMBC,2026-05-07,2026-05-15,8,11480.92,11500.0,12295.0,814.0799999999999,795.0,False
STAC,2026-05-07,2026-05-15,8,1985.91,2850.0,2795.0,809.0899999999999,55.0,True
UNXC,2026-05-07,2026-05-15,8,1820.78,1865.0,1840.0,19.220000000000027,25.0,True
CABC,2026-05-08,2026-05-15,7,4058.48,3400.0,3500.0,558.48,100.0,True
FTSC,2026-05-08,2026-05-15,7,2241.06,2200.0,2250.0,8.940000000000055,50.0,True
NEIC,2026-05-08,2026-05-15,7,1451.96,1745.0,1990.0,538.04,245.0,False
SEMC,2026-05-08,2026-05-15,7,1422.13,1525.0,1580.0,157.8699999999999,55.0,False
CABC,2026-05-09,2026-05-15,6,4203.28,3500.0,3500.0,703.2799999999997,0.0,False
FTSC,2026-05-09,2026-05-15,6,2258.98,2220.0,2250.0,8.980000000000018,30.0,True
SEMC,2026-05-09,2026-05-15,6,1428.41,1525.0,1580.0,151.58999999999992,55.0,False
SMBC,2026-05-09,2026-05-15,6,11821.57,11995.0,12295.0,473.4300000000003,300.0,False
STAC,2026-05-09,2026-05-15,6,2004.52,2660.0,2795.0,790.48,135.0,False
UNXC,2026-05-09,2026-05-15,6,1781.81,1805.0,1840.0,58.190000000000055,35.0,False
CABC,2026-05-10,2026-05-15,5,4209.43,3500.0,3500.0,709.4300000000003,0.0,False
FTSC,2026-05-10,2026-05-15,5,2260.22,2220.0,2250.0,10.2199999999998,30.0,True
NEIC,2026-05-10,2026-05-15,5,1458.26,1745.0,1990.0,531.74,245.0,False
SEMC,2026-05-10,2026-05-15,5,1433.66,1525.0,1580.0,146.33999999999992,55.0,False
SMBC,2026-05-10,2026-05-15,5,11889.07,11995.0,12295.0,405.9300000000003,300.0,False
STAC,2026-05-10,2026-05-15,5,2025.26,2660.0,2795.0,769.74,135.0,False
UNXC,2026-05-10,2026-05-15,5,1771.56,1805.0,1840.0,68.44000000000005,35.0,False
CABC,2026-05-11,2026-05-15,4,3983.56,3500.0,3500.0,483.55999999999995,0.0,False
FTSC,2026-05-11,2026-05-15,4,2250.17,2220.0,2250.0,0.17000000000007276,30.0,True
SEMC,2026-05-11,2026-05-15,4,1451.51,1525.0,1580.0,128.49,55.0,False
SMBC,2026-05-11,2026-05-15,4,11928.11,11995.0,12295.0,366.8899999999994,300.0,False
STAC,2026-05-11,2026-05-15,4,2203.9,2660.0,2795.0,591.0999999999999,135.0,False
UNXC,2026-05-11,2026-05-15,4,1775.19,1805.0,1840.0,64.80999999999995,35.0,False
CABC,2026-05-12,2026-05-15,3,3794.41,3500.0,3500.0,294.40999999999985,0.0,False
FTSC,2026-05-12,2026-05-15,3,2221.74,2200.0,2250.0,28.26000000000022,50.0,True
SEMC,2026-05-12,2026-05-15,3,1461.05,1505.0,1580.0,118.95000000000005,75.0,False
SMBC,2026-05-12,2026-05-15,3,12005.74,12100.0,12295.0,289.2600000000002,195.0,False
STAC,2026-05-12,2026-05-15,3,2226.1,2515.0,2795.0,568.9000000000001,280.0,False
UNXC,2026-05-12,2026-05-15,3,1795.1,1835.0,1840.0,44.90000000000009,5.0,False
CABC,2026-05-13,2026-05-15,2,3549.5,3400.0,3500.0,49.5,100.0,True
FTSC,2026-05-13,2026-05-15,2,2247.36,2240.0,2250.0,2.6399999999998727,10.0,True
NEIC,2026-05-13,2026-05-15,2,1762.83,1890.0,1990.0,227.17000000000007,100.0,False
SEMC,2026-05-13,2026-05-15,2,1467.62,1500.0,1580.0,112.38000000000011,80.0,False
UNXC,2026-05-13,2026-05-15,2,1804.68,1825.0,1840.0,35.319999999999936,15.0,False
CABC,2026-05-14,2026-05-15,1,3623.54,3500.0,3500.0,123.53999999999996,0.0,False
FTSC,2026-05-14,2026-05-15,1,2260.62,2250.0,2250.0,10.61999999999989,0.0,False
NEIC,2026-05-14,2026-05-15,1,1834.36,1990.0,1990.0,155.6400000000001,0.0,True
SEMC,2026-05-14,2026-05-15,1,1482.33,1580.0,1580.0,97.67000000000007,0.0,True
SMBC,2026-05-14,2026-05-15,1,12330.12,12295.0,12295.0,35.1200000000008,0.0,False
STAC,2026-05-14,2026-05-15,1,2648.28,2795.0,2795.0,146.7199999999998,0.0,True
UNXC,2026-05-14,2026-05-15,1,1811.61,1840.0,1840.0,28.3900000000001,0.0,True
ECOC,2026-05-04,2026-05-05,1,16242.31,16300.0,16000.0,242.3099999999995,300.0,True
ETIT,2026-05-04,2026-05-05,1,27.93,29.0,29.0,1.0700000000000003,0.0,True
FTSC,2026-05-04,2026-05-05,1,2206.01,2195.0,2220.0,13.989999999999782,25.0,True
NEIC,2026-05-04,2026-05-05,1,1769.19,1900.0,1790.0,20.809999999999945,110.0,True
NSBC,2026-05-04,2026-05-05,1,14047.94,13900.0,14000.0,47.94000000000051,100.0,True
NTLC,2026-05-04,2026-05-05,1,12353.25,12340.0,11900.0,453.25,440.0,False
ONTBF,2026-05-04,2026-05-05,1,2788.16,2795.0,2780.0,8.159999999999854,15.0,True
ORAC,2026-05-04,2026-05-05,1,15154.77,15200.0,15000.0,154.77000000000044,200.0,True
ORGT,2026-05-04,2026-05-05,1,3247.09,3250.0,3215.0,32.090000000000146,35.0,True
PALC,2026-05-04,2026-05-05,1,7359.84,7310.0,7310.0,49.840000000000146,0.0,False
SAFC,2026-05-04,2026-05-05,1,3340.65,3610.0,3500.0,159.3499999999999,110.0,True
SDSC,2026-05-04,2026-05-05,1,1771.69,1775.0,1725.0,46.690000000000055,50.0,True
SEMC,2026-05-04,2026-05-05,1,1548.42,1600.0,1500.0,48.42000000000007,100.0,True
SGBC,2026-05-04,2026-05-05,1,34012.87,34095.0,33000.0,1012.8700000000026,1095.0,True
SHEC,2026-05-04,2026-05-05,1,1890.07,1970.0,1850.0,40.069999999999936,120.0,True
SIBC,2026-05-04,2026-05-05,1,6965.66,7080.0,7100.0,134.34000000000015,20.0,False
SICC,2026-05-04,2026-05-05,1,4282.07,4290.0,4290.0,7.930000000000291,0.0,True
SLBC,2026-05-04,2026-05-05,1,35467.59,35540.0,37050.0,1582.4100000000035,1510.0,False
SMBC,2026-05-04,2026-05-05,1,11676.16,11700.0,11550.0,126.15999999999985,150.0,True
SNTS,2026-05-04,2026-05-05,1,28609.23,28700.0,28900.0,290.77000000000044,200.0,False
SOGC,2026-05-04,2026-05-05,1,7150.25,7100.0,7600.0,449.75,500.0,True
SPHC,2026-05-04,2026-05-05,1,6816.72,6800.0,6720.0,96.72000000000025,80.0,False
STAC,2026-05-04,2026-05-05,1,2823.88,3050.0,2950.0,126.11999999999989,100.0,True
TTLC,2026-05-04,2026-05-05,1,2736.13,2740.0,2745.0,8.86999999999989,5.0,False
TTLS,2026-05-04,2026-05-05,1,3186.19,3250.0,3000.0,186.19000000000005,250.0,True
UNLC,2026-05-04,2026-05-05,1,61884.98,60500.0,60500.0,1384.9800000000032,0.0,False
UNXC,2026-05-04,2026-05-05,1,1886.32,1900.0,1885.0,1.3199999999999363,15.0,True
ABJC,2026-05-04,2026-05-06,2,3119.17,3215.0,3015.0,104.17000000000007,200.0,True
BICB,2026-05-04,2026-05-06,2,5161.05,5310.0,5125.0,36.05000000000018,185.0,True
BICC,2026-05-04,2026-05-06,2,24375.27,24850.0,24990.0,614.7299999999996,140.0,False
BNBC,2026-05-04,2026-05-06,2,1575.37,1565.0,1280.0,295.3699999999999,285.0,False
BOAB,2026-05-04,2026-05-06,2,8459.77,8850.0,9200.0,740.2299999999996,350.0,False
BOABF,2026-05-04,2026-05-06,2,5576.58,5650.0,5405.0,171.57999999999993,245.0,True
BOAC,2026-05-04,2026-05-06,2,8810.44,9190.0,8590.0,220.4400000000005,600.0,True
BOAM,2026-05-04,2026-05-06,2,4618.76,4670.0,4690.0,71.23999999999978,20.0,False
BOAN,2026-05-04,2026-05-06,2,3668.55,3660.0,3580.0,88.55000000000018,80.0,False
BOAS,2026-05-04,2026-05-06,2,6852.13,7045.0,7240.0,387.8699999999999,195.0,False
CABC,2026-05-04,2026-05-06,2,3922.52,3600.0,3410.0,512.52,190.0,False
CBIBF,2026-05-04,2026-05-06,2,15439.69,16100.0,16700.0,1260.3099999999995,600.0,False
CFAC,2026-05-04,2026-05-06,2,1379.53,1430.0,1395.0,15.470000000000027,35.0,True
CIEC,2026-05-04,2026-05-06,2,3084.91,3250.0,3000.0,84.90999999999985,250.0,True
ECOC,2026-05-04,2026-05-06,2,16228.79,16300.0,16100.0,128.79000000000087,200.0,True
ETIT,2026-05-04,2026-05-06,2,27.44,29.0,29.0,1.5599999999999987,0.0,True
FTSC,2026-05-04,2026-05-06,2,2216.03,2195.0,2195.0,21.0300000000002,0.0,False
NEIC,2026-05-04,2026-05-06,2,1682.94,1900.0,1880.0,197.05999999999995,20.0,True
NSBC,2026-05-04,2026-05-06,2,14158.66,13900.0,14000.0,158.65999999999985,100.0,True
NTLC,2026-05-04,2026-05-06,2,12371.7,12340.0,11700.0,671.7000000000007,640.0,False
ONTBF,2026-05-04,2026-05-06,2,2784.05,2795.0,2710.0,74.05000000000018,85.0,True
ORAC,2026-05-04,2026-05-06,2,15160.65,15200.0,15200.0,39.350000000000364,0.0,True
ORGT,2026-05-04,2026-05-06,2,3244.35,3250.0,2975.0,269.3499999999999,275.0,True
PALC,2026-05-04,2026-05-06,2,7381.41,7310.0,6995.0,386.40999999999985,315.0,False
SAFC,2026-05-04,2026-05-06,2,2985.11,3610.0,3500.0,514.8899999999999,110.0,True
SDSC,2026-05-04,2026-05-06,2,1768.75,1775.0,1700.0,68.75,75.0,True
SEMC,2026-05-04,2026-05-06,2,1537.01,1600.0,1495.0,42.00999999999999,105.0,True
SGBC,2026-05-04,2026-05-06,2,33988.85,34095.0,33100.0,888.8499999999985,995.0,True
SHEC,2026-05-04,2026-05-06,2,1834.03,1970.0,1845.0,10.970000000000027,125.0,True
SIBC,2026-05-04,2026-05-06,2,6874.92,7080.0,7150.0,275.0799999999999,70.0,False
SICC,2026-05-04,2026-05-06,2,4268.56,4290.0,4280.0,11.4399999999996,10.0,True
SLBC,2026-05-04,2026-05-06,2,35446.87,35540.0,37400.0,1953.1299999999974,1860.0,False
SMBC,2026-05-04,2026-05-06,2,11668.82,11700.0,11500.0,168.8199999999997,200.0,True
SNTS,2026-05-04,2026-05-06,2,28592.05,28700.0,28900.0,307.9500000000007,200.0,False
SOGC,2026-05-04,2026-05-06,2,7168.13,7100.0,7500.0,331.8699999999999,400.0,True
SPHC,2026-05-04,2026-05-06,2,6808.48,6800.0,6800.0,8.479999999999563,0.0,False
STAC,2026-05-04,2026-05-06,2,2606.72,3050.0,2800.0,193.2800000000002,250.0,True
TTLC,2026-05-04,2026-05-06,2,2733.01,2740.0,2700.0,33.01000000000022,40.0,True
TTLS,2026-05-04,2026-05-06,2,3156.99,3250.0,3005.0,151.98999999999978,245.0,True
UNLC,2026-05-04,2026-05-06,2,62337.95,60500.0,59000.0,3337.949999999997,1500.0,False
UNXC,2026-05-04,2026-05-06,2,1877.82,1900.0,1875.0,2.8199999999999363,25.0,True
ABJC,2026-05-05,2026-05-06,1,3071.94,3095.0,3015.0,56.940000000000055,80.0,True
BICB,2026-05-05,2026-05-06,1,5169.61,5250.0,5125.0,44.60999999999967,125.0,True
BICC,2026-05-05,2026-05-06,1,24353.3,24445.0,24990.0,636.7000000000007,545.0,False
BNBC,2026-05-05,2026-05-06,1,1430.5,1345.0,1280.0,150.5,65.0,False
BOAB,2026-05-05,2026-05-06,1,8815.06,9250.0,9200.0,384.9400000000005,50.0,True
BOABF,2026-05-05,2026-05-06,1,5450.21,5410.0,5405.0,45.210000000000036,5.0,False
BOAC,2026-05-05,2026-05-06,1,8742.0,8850.0,8590.0,152.0,260.0,True
BOAM,2026-05-05,2026-05-06,1,4684.61,4700.0,4690.0,5.390000000000327,10.0,True
BOAN,2026-05-05,2026-05-06,1,3593.86,3500.0,3580.0,13.860000000000127,80.0,True
BOAS,2026-05-05,2026-05-06,1,7043.72,7225.0,7240.0,196.27999999999975,15.0,False
CABC,2026-05-05,2026-05-06,1,3665.72,3500.0,3410.0,255.7199999999998,90.0,False
CBIBF,2026-05-05,2026-05-06,1,16051.92,16550.0,16700.0,648.0799999999999,150.0,False
CFAC,2026-05-05,2026-05-06,1,1346.73,1325.0,1395.0,48.26999999999998,70.0,True
CIEC,2026-05-05,2026-05-06,1,2988.6,3010.0,3000.0,11.400000000000091,10.0,True
ECOC,2026-05-05,2026-05-06,1,16142.67,16000.0,16100.0,42.67000000000007,100.0,True
ETIT,2026-05-05,2026-05-06,1,27.93,29.0,29.0,1.0700000000000003,0.0,True
FTSC,2026-05-05,2026-05-06,1,2228.89,2220.0,2195.0,33.88999999999987,25.0,False
NEIC,2026-05-05,2026-05-06,1,1696.91,1790.0,1880.0,183.08999999999992,90.0,False
ABJC,2026-05-04,2026-05-07,3,3075.44,3215.0,3015.0,60.440000000000055,200.0,True
BNBC,2026-05-04,2026-05-07,3,1579.73,1565.0,1350.0,229.73000000000002,215.0,False
CABC,2026-05-04,2026-05-07,3,4121.4,3600.0,3410.0,711.3999999999996,190.0,False
CFAC,2026-05-04,2026-05-07,3,1361.5,1430.0,1400.0,38.5,30.0,True
CIEC,2026-05-04,2026-05-07,3,3030.06,3250.0,3200.0,169.94000000000005,50.0,True
FTSC,2026-05-04,2026-05-07,3,2226.17,2195.0,2200.0,26.170000000000073,5.0,True
NEIC,2026-05-04,2026-05-07,3,1600.2,1900.0,1715.0,114.79999999999995,185.0,True
NSBC,2026-05-04,2026-05-07,3,14272.48,13900.0,14010.0,262.47999999999956,110.0,True
NTLC,2026-05-04,2026-05-07,3,12387.76,12340.0,11900.0,487.7600000000002,440.0,False
ONTBF,2026-05-04,2026-05-07,3,2779.5,2795.0,2710.0,69.5,85.0,True
ORAC,2026-05-04,2026-05-07,3,15159.09,15200.0,15200.0,40.909999999999854,0.0,True
ORGT,2026-05-04,2026-05-07,3,3241.41,3250.0,2975.0,266.40999999999985,275.0,True
PALC,2026-05-04,2026-05-07,3,7408.51,7310.0,7800.0,391.4899999999998,490.0,True
SAFC,2026-05-04,2026-05-07,3,2576.61,3610.0,3500.0,923.3899999999999,110.0,True
SDSC,2026-05-04,2026-05-07,3,1765.82,1775.0,1685.0,80.81999999999994,90.0,True
SEMC,2026-05-04,2026-05-07,3,1521.74,1600.0,1450.0,71.74000000000001,150.0,True
SGBC,2026-05-04,2026-05-07,3,33961.64,34095.0,33400.0,561.6399999999994,695.0,True
SHEC,2026-05-04,2026-05-07,3,1781.47,1970.0,1840.0,58.52999999999997,130.0,True
SIBC,2026-05-04,2026-05-07,3,6788.22,7080.0,7050.0,261.77999999999975,30.0,True
SICC,2026-05-04,2026-05-07,3,4253.8,4290.0,4285.0,31.199999999999818,5.0,True
SLBC,2026-05-04,2026-05-07,3,35431.0,35540.0,37500.0,2069.0,1960.0,False
SMBC,2026-05-04,2026-05-07,3,11659.94,11700.0,11500.0,159.9400000000005,200.0,True
SNTS,2026-05-04,2026-05-07,3,28568.47,28700.0,28900.0,331.52999999999884,200.0,False
SOGC,2026-05-04,2026-05-07,3,7186.74,7100.0,7500.0,313.2600000000002,400.0,True
SPHC,2026-05-04,2026-05-07,3,6802.05,6800.0,7175.0,372.9499999999998,375.0,True
STAC,2026-05-04,2026-05-07,3,2379.34,3050.0,2850.0,470.65999999999985,200.0,True
TTLC,2026-05-04,2026-05-07,3,2729.95,2740.0,2740.0,10.050000000000182,0.0,True
TTLS,2026-05-04,2026-05-07,3,3130.53,3250.0,3005.0,125.5300000000002,245.0,True
UNLC,2026-05-04,2026-05-07,3,62927.41,60500.0,59000.0,3927.4100000000035,1500.0,False
UNXC,2026-05-04,2026-05-07,3,1868.73,1900.0,1865.0,3.730000000000018,35.0,True
SIBC,2026-05-06,2026-05-07,1,7025.05,7150.0,7050.0,24.949999999999818,100.0,True
SICC,2026-05-06,2026-05-07,1,4263.56,4280.0,4285.0,21.4399999999996,5.0,False
SLBC,2026-05-06,2026-05-07,1,36858.12,37400.0,37500.0,641.8799999999974,100.0,False
SMBC,2026-05-06,2026-05-07,1,11544.48,11500.0,11500.0,44.47999999999956,0.0,False
SNTS,2026-05-06,2026-05-07,1,28732.78,28900.0,28900.0,167.22000000000116,0.0,True
SOGC,2026-05-06,2026-05-07,1,7492.98,7500.0,7500.0,7.020000000000437,0.0,True
SPHC,2026-05-06,2026-05-07,1,6769.63,6800.0,7175.0,405.3699999999999,375.0,False
STAC,2026-05-06,2026-05-07,1,2576.19,2800.0,2850.0,273.80999999999995,50.0,False
TTLC,2026-05-06,2026-05-07,1,2703.26,2700.0,2740.0,36.73999999999978,40.0,True
ABJC,2026-05-05,2026-05-07,2,3026.12,3095.0,3015.0,11.11999999999989,80.0,True
BICB,2026-05-05,2026-05-07,2,5151.33,5250.0,5200.0,48.67000000000007,50.0,True
BICC,2026-05-05,2026-05-07,2,24200.66,24445.0,24995.0,794.3400000000001,550.0,False
BNBC,2026-05-05,2026-05-07,2,1418.2,1345.0,1350.0,68.20000000000005,5.0,True
BOAB,2026-05-05,2026-05-07,2,8659.79,9250.0,9340.0,680.2099999999991,90.0,False
BOABF,2026-05-05,2026-05-07,2,5428.78,5410.0,5405.0,23.779999999999745,5.0,False
BOAC,2026-05-05,2026-05-07,2,8575.87,8850.0,8785.0,209.1299999999992,65.0,True
BOAM,2026-05-05,2026-05-07,2,4655.37,4700.0,4680.0,24.63000000000011,20.0,True
BOAN,2026-05-05,2026-05-07,2,3578.81,3500.0,3500.0,78.80999999999995,0.0,False
BOAS,2026-05-05,2026-05-07,2,6968.22,7225.0,7225.0,256.77999999999975,0.0,True
CABC,2026-05-05,2026-05-07,2,3809.97,3500.0,3410.0,399.9699999999998,90.0,False
CBIBF,2026-05-05,2026-05-07,2,15682.61,16550.0,16700.0,1017.3899999999994,150.0,False
CFAC,2026-05-05,2026-05-07,2,1324.61,1325.0,1400.0,75.3900000000001,75.0,False
CIEC,2026-05-05,2026-05-07,2,2945.89,3010.0,3200.0,254.11000000000013,190.0,False
ECOC,2026-05-05,2026-05-07,2,16117.59,16000.0,16100.0,17.590000000000146,100.0,True
ETIT,2026-05-05,2026-05-07,2,27.44,29.0,29.0,1.5599999999999987,0.0,True
FTSC,2026-05-05,2026-05-07,2,2239.21,2220.0,2200.0,39.210000000000036,20.0,False
NEIC,2026-05-05,2026-05-07,2,1613.8,1790.0,1715.0,101.20000000000005,75.0,True
NSBC,2026-05-05,2026-05-07,2,14235.52,14000.0,14010.0,225.52000000000044,10.0,True
NTLC,2026-05-05,2026-05-07,2,12270.25,11900.0,11900.0,370.25,0.0,False
ONTBF,2026-05-05,2026-05-07,2,2774.59,2780.0,2710.0,64.59000000000015,70.0,True
ORAC,2026-05-05,2026-05-07,2,15101.01,15000.0,15200.0,98.98999999999978,200.0,True
ORGT,2026-05-05,2026-05-07,2,3226.7,3215.0,2975.0,251.69999999999982,240.0,False
PALC,2026-05-05,2026-05-07,2,7379.67,7310.0,7800.0,420.3299999999999,490.0,True
SAFC,2026-05-05,2026-05-07,2,2794.67,3500.0,3500.0,705.3299999999999,0.0,True
SDSC,2026-05-05,2026-05-07,2,1730.03,1725.0,1685.0,45.02999999999997,40.0,False
SEMC,2026-05-05,2026-05-07,2,1506.87,1500.0,1450.0,56.86999999999989,50.0,False
ABJC,2026-05-04,2026-05-08,4,3035.29,3215.0,3020.0,15.289999999999964,195.0,True
BICB,2026-05-04,2026-05-08,4,5119.95,5310.0,5120.0,0.0500000000001819,190.0,True
BNBC,2026-05-04,2026-05-08,4,1583.98,1565.0,1335.0,248.98000000000002,230.0,False
BOAB,2026-05-04,2026-05-08,4,8235.46,8850.0,9300.0,1064.5400000000009,450.0,False
BOABF,2026-05-04,2026-05-08,4,5530.88,5650.0,5400.0,130.8800000000001,250.0,True
BOAC,2026-05-04,2026-05-08,4,8498.27,9190.0,8650.0,151.72999999999956,540.0,True
BOAM,2026-05-04,2026-05-08,4,4565.37,4670.0,4690.0,124.63000000000011,20.0,False
BOAN,2026-05-04,2026-05-08,4,3672.09,3660.0,3500.0,172.09000000000015,160.0,False
BOAS,2026-05-04,2026-05-08,4,6705.73,7045.0,7265.0,559.2700000000004,220.0,False
CABC,2026-05-04,2026-05-08,4,4349.91,3600.0,3400.0,949.9099999999999,200.0,False
CBIBF,2026-05-04,2026-05-08,4,15053.96,16100.0,16600.0,1546.0400000000009,500.0,False
CFAC,2026-05-04,2026-05-08,4,1343.7,1430.0,1400.0,56.299999999999955,30.0,True
CIEC,2026-05-04,2026-05-08,4,2990.33,3250.0,3345.0,354.6700000000001,95.0,False
ETIT,2026-05-04,2026-05-08,4,26.36,29.0,30.0,3.6400000000000006,1.0,False
FTSC,2026-05-04,2026-05-08,4,2236.07,2195.0,2200.0,36.070000000000164,5.0,True
NEIC,2026-05-04,2026-05-08,4,1531.17,1900.0,1745.0,213.82999999999993,155.0,True
NTLC,2026-05-04,2026-05-08,4,12403.15,12340.0,11700.0,703.1499999999996,640.0,False
ONTBF,2026-05-04,2026-05-08,4,2774.93,2795.0,2775.0,0.07000000000016371,20.0,True
ORAC,2026-05-04,2026-05-08,4,15155.91,15200.0,14900.0,255.90999999999985,300.0,True
ORGT,2026-05-04,2026-05-08,4,3238.37,3250.0,2755.0,483.3699999999999,495.0,True
PALC,2026-05-04,2026-05-08,4,7435.66,7310.0,7900.0,464.34000000000015,590.0,True
SAFC,2026-05-04,2026-05-08,4,2215.93,3610.0,3500.0,1284.0700000000002,110.0,True
SDSC,2026-05-04,2026-05-08,4,1762.94,1775.0,1800.0,37.059999999999945,25.0,False
SEMC,2026-05-04,2026-05-08,4,1505.62,1600.0,1525.0,19.38000000000011,75.0,True
SHEC,2026-05-04,2026-05-08,4,1735.56,1970.0,1895.0,159.44000000000005,75.0,True
SIBC,2026-05-04,2026-05-08,4,6708.71,7080.0,7150.0,441.28999999999996,70.0,False
SICC,2026-05-04,2026-05-08,4,4237.92,4290.0,4300.0,62.07999999999993,10.0,False
SLBC,2026-05-04,2026-05-08,4,35413.47,35540.0,37500.0,2086.529999999999,1960.0,False
SMBC,2026-05-04,2026-05-08,4,11651.43,11700.0,11900.0,248.5699999999997,200.0,False
SNTS,2026-05-04,2026-05-08,4,28545.59,28700.0,28900.0,354.40999999999985,200.0,False
SOGC,2026-05-04,2026-05-08,4,7204.52,7100.0,7400.0,195.47999999999956,300.0,True
SPHC,2026-05-04,2026-05-08,4,6795.57,6800.0,7100.0,304.4300000000003,300.0,False
STAC,2026-05-04,2026-05-08,4,2181.3,3050.0,2845.0,663.6999999999998,205.0,True
TTLC,2026-05-04,2026-05-08,4,2727.09,2740.0,2720.0,7.0900000000001455,20.0,True
TTLS,2026-05-04,2026-05-08,4,3106.98,3250.0,3000.0,106.98000000000002,250.0,True
UNLC,2026-05-04,2026-05-08,4,63556.48,60500.0,59000.0,4556.480000000003,1500.0,False
UNXC,2026-05-04,2026-05-08,4,1859.52,1900.0,1815.0,44.51999999999998,85.0,True
SIBC,2026-05-06,2026-05-08,2,6931.37,7150.0,7150.0,218.6300000000001,0.0,True
SICC,2026-05-06,2026-05-08,2,4248.97,4280.0,4300.0,51.029999999999745,20.0,False
SLBC,2026-05-06,2026-05-08,2,37007.55,37400.0,37500.0,492.4499999999971,100.0,False
SMBC,2026-05-06,2026-05-08,2,11530.56,11500.0,11900.0,369.4400000000005,400.0,True
SNTS,2026-05-06,2026-05-08,2,28724.22,28900.0,28900.0,175.77999999999884,0.0,True
SOGC,2026-05-06,2026-05-08,2,7506.62,7500.0,7400.0,106.61999999999989,100.0,False
SPHC,2026-05-06,2026-05-08,2,6765.52,6800.0,7100.0,334.47999999999956,300.0,False
STAC,2026-05-06,2026-05-08,2,2367.03,2800.0,2845.0,477.9699999999998,45.0,False
ABJC,2026-05-05,2026-05-08,3,2990.58,3095.0,3020.0,29.420000000000073,75.0,True
BICB,2026-05-05,2026-05-08,3,5130.77,5250.0,5120.0,10.770000000000437,130.0,True
BNBC,2026-05-05,2026-05-08,3,1424.08,1345.0,1335.0,89.07999999999993,10.0,False
BOAB,2026-05-05,2026-05-08,3,8506.62,9250.0,9300.0,793.3799999999992,50.0,False
UNXC,2026-05-06,2026-05-08,2,1857.88,1875.0,1815.0,42.88000000000011,60.0,True
CFAC,2026-05-07,2026-05-08,1,1356.28,1400.0,1400.0,43.72000000000003,0.0,True
ABJC,2026-05-07,2026-05-08,1,2968.86,3015.0,3020.0,51.13999999999987,5.0,False
ABJC,2026-05-06,2026-05-08,2,2948.23,3015.0,3020.0,71.76999999999998,5.0,False
BNBC,2026-05-06,2026-05-08,2,1316.91,1280.0,1335.0,18.089999999999918,55.0,True
BOAM,2026-05-06,2026-05-08,2,4631.07,4690.0,4690.0,58.93000000000029,0.0,True
BOAN,2026-05-06,2026-05-08,2,3569.23,3580.0,3500.0,69.23000000000002,80.0,True
BOAS,2026-05-06,2026-05-08,2,7011.19,7240.0,7265.0,253.8100000000004,25.0,False
CABC,2026-05-06,2026-05-08,2,3692.38,3410.0,3400.0,292.3800000000001,10.0,False
CBIBF,2026-05-06,2026-05-08,2,15775.87,16700.0,16600.0,824.1299999999992,100.0,True
CFAC,2026-05-06,2026-05-08,2,1331.83,1395.0,1400.0,68.17000000000007,5.0,False
CIEC,2026-05-06,2026-05-08,2,2932.41,3000.0,3345.0,412.59000000000015,345.0,False
ETIT,2026-05-06,2026-05-08,2,27.44,29.0,30.0,2.5599999999999987,1.0,False
FTSC,2026-05-06,2026-05-08,2,2217.24,2195.0,2200.0,17.23999999999978,5.0,True
NEIC,2026-05-06,2026-05-08,2,1662.34,1880.0,1745.0,82.66000000000008,135.0,True
NTLC,2026-05-06,2026-05-08,2,12125.17,11700.0,11700.0,425.1700000000001,0.0,False
ONTBF,2026-05-06,2026-05-08,2,2728.02,2710.0,2775.0,46.98000000000002,65.0,True
ORAC,2026-05-06,2026-05-08,2,15128.43,15200.0,14900.0,228.4300000000003,300.0,True
ORGT,2026-05-06,2026-05-08,2,3106.08,2975.0,2755.0,351.0799999999999,220.0,False
PALC,2026-05-06,2026-05-08,2,7196.99,6995.0,7900.0,703.0100000000002,905.0,True
SAFC,2026-05-06,2026-05-08,2,2852.95,3500.0,3500.0,647.0500000000002,0.0,True
SDSC,2026-05-06,2026-05-08,2,1704.98,1700.0,1800.0,95.01999999999998,100.0,True
SEMC,2026-05-06,2026-05-08,2,1480.59,1495.0,1525.0,44.41000000000008,30.0,False
SHEC,2026-05-06,2026-05-08,2,1737.93,1845.0,1895.0,157.06999999999994,50.0,False
BNBC,2026-05-07,2026-05-08,1,1333.41,1350.0,1335.0,1.5899999999999181,15.0,True
BOAB,2026-05-07,2026-05-08,1,8954.75,9340.0,9300.0,345.25,40.0,True
BOABF,2026-05-07,2026-05-08,1,5391.92,5405.0,5400.0,8.079999999999927,5.0,True
BOAM,2026-05-07,2026-05-08,1,4653.4,4680.0,4690.0,36.600000000000364,10.0,False
BOAN,2026-05-07,2026-05-08,1,3536.69,3500.0,3500.0,36.690000000000055,0.0,False
BOAS,2026-05-07,2026-05-08,1,7095.31,7225.0,7265.0,169.6899999999996,40.0,False
CABC,2026-05-07,2026-05-08,1,3547.12,3410.0,3400.0,147.1199999999999,10.0,False
CIEC,2026-05-07,2026-05-08,1,3098.6,3200.0,3345.0,246.4000000000001,145.0,False
ETIT,2026-05-07,2026-05-08,1,27.93,29.0,30.0,2.0700000000000003,1.0,False
FTSC,2026-05-07,2026-05-08,1,2209.83,2200.0,2200.0,9.829999999999927,0.0,False
NEIC,2026-05-07,2026-05-08,1,1647.92,1715.0,1745.0,97.07999999999993,30.0,False
NTLC,2026-05-07,2026-05-08,1,12076.4,11900.0,11700.0,376.39999999999964,200.0,False
ONTBF,2026-05-07,2026-05-08,1,2713.51,2710.0,2775.0,61.48999999999978,65.0,True
ORAC,2026-05-07,2026-05-08,1,15150.6,15200.0,14900.0,250.60000000000036,300.0,True
ORGT,2026-05-07,2026-05-08,1,3045.02,2975.0,2755.0,290.02,220.0,False
PALC,2026-05-07,2026-05-08,1,7494.33,7800.0,7900.0,405.6700000000001,100.0,False
SAFC,2026-05-07,2026-05-08,1,3231.69,3500.0,3500.0,268.30999999999995,0.0,True
SDSC,2026-05-07,2026-05-08,1,1688.97,1685.0,1800.0,111.02999999999997,115.0,True
SEMC,2026-05-07,2026-05-08,1,1468.88,1450.0,1525.0,56.11999999999989,75.0,True
SHEC,2026-05-07,2026-05-08,1,1777.96,1840.0,1895.0,117.03999999999996,55.0,False
SIBC,2026-05-07,2026-05-08,1,6951.38,7050.0,7150.0,198.6199999999999,100.0,False
SICC,2026-05-07,2026-05-08,1,4261.47,4285.0,4300.0,38.529999999999745,15.0,False
ABJC,2026-05-04,2026-05-11,7,2997.92,3215.0,2975.0,22.920000000000073,240.0,True
BICB,2026-05-04,2026-05-11,7,5101.18,5310.0,5225.0,123.81999999999971,85.0,True
BNBC,2026-05-04,2026-05-11,7,1588.1,1565.0,1300.0,288.0999999999999,265.0,False
BOAB,2026-05-04,2026-05-11,7,8143.96,8850.0,9400.0,1256.04,550.0,False
BOABF,2026-05-04,2026-05-11,7,5511.6,5650.0,5400.0,111.60000000000036,250.0,True
BOAC,2026-05-04,2026-05-11,7,8356.79,9190.0,8705.0,348.2099999999991,485.0,True
BOAM,2026-05-04,2026-05-11,7,4541.75,4670.0,4700.0,158.25,30.0,False
BOAN,2026-05-04,2026-05-11,7,3673.69,3660.0,3485.0,188.69000000000005,175.0,False
BOAS,2026-05-04,2026-05-11,7,6638.38,7045.0,7390.0,751.6199999999999,345.0,False
CABC,2026-05-04,2026-05-11,7,4610.38,3600.0,3500.0,1110.38,100.0,False
CBIBF,2026-05-04,2026-05-11,7,14898.3,16100.0,16800.0,1901.7000000000007,700.0,False
CFAC,2026-05-04,2026-05-11,7,1326.34,1430.0,1385.0,58.66000000000008,45.0,True
CIEC,2026-05-04,2026-05-11,7,2958.1,3250.0,3330.0,371.9000000000001,80.0,False
ETIT,2026-05-04,2026-05-11,7,25.88,29.0,30.0,4.120000000000001,1.0,False
FTSC,2026-05-04,2026-05-11,7,2245.82,2195.0,2220.0,25.820000000000164,25.0,True
NEIC,2026-05-04,2026-05-11,7,1472.83,1900.0,1745.0,272.1700000000001,155.0,True
NTLC,2026-05-04,2026-05-11,7,12418.3,12340.0,11650.0,768.2999999999993,690.0,False
ONTBF,2026-05-04,2026-05-11,7,2770.39,2795.0,2760.0,10.389999999999873,35.0,True
ORAC,2026-05-04,2026-05-11,7,15152.37,15200.0,14920.0,232.3700000000008,280.0,True
ORGT,2026-05-04,2026-05-11,7,3235.29,3250.0,2550.0,685.29,700.0,True
PALC,2026-05-04,2026-05-11,7,7462.74,7310.0,7800.0,337.2600000000002,490.0,True
SAFC,2026-05-04,2026-05-11,7,1935.22,3610.0,3500.0,1564.78,110.0,True
SDSC,2026-05-04,2026-05-11,7,1760.11,1775.0,1745.0,15.1099999999999,30.0,True
SEMC,2026-05-04,2026-05-11,7,1489.58,1600.0,1525.0,35.42000000000007,75.0,True
SHEC,2026-05-04,2026-05-11,7,1695.7,1970.0,1945.0,249.29999999999995,25.0,True
SIBC,2026-05-04,2026-05-11,7,6636.13,7080.0,7095.0,458.8699999999999,15.0,False
SICC,2026-05-04,2026-05-11,7,4221.32,4290.0,4290.0,68.68000000000029,0.0,True
SLBC,2026-05-04,2026-05-11,7,35393.47,35540.0,37500.0,2106.529999999999,1960.0,False
SMBC,2026-05-04,2026-05-11,7,11643.13,11700.0,11995.0,351.8700000000008,295.0,False
SNTS,2026-05-04,2026-05-11,7,28523.77,28700.0,28900.0,376.22999999999956,200.0,False
SOGC,2026-05-04,2026-05-11,7,7222.16,7100.0,7390.0,167.84000000000015,290.0,True
SPHC,2026-05-04,2026-05-11,7,6789.51,6800.0,7050.0,260.4899999999998,250.0,False
STAC,2026-05-04,2026-05-11,7,2023.24,3050.0,2660.0,636.76,390.0,True
TTLC,2026-05-04,2026-05-11,7,2724.33,2740.0,2750.0,25.670000000000073,10.0,False
TTLS,2026-05-04,2026-05-11,7,3085.39,3250.0,2950.0,135.38999999999987,300.0,True
UNLC,2026-05-04,2026-05-11,7,64201.15,60500.0,56000.0,8201.150000000001,4500.0,False
UNXC,2026-05-04,2026-05-11,7,1850.35,1900.0,1805.0,45.34999999999991,95.0,True
SIBC,2026-05-06,2026-05-11,5,6840.21,7150.0,7095.0,254.78999999999996,55.0,True
SICC,2026-05-06,2026-05-11,5,4232.69,4280.0,4290.0,57.3100000000004,10.0,False
SLBC,2026-05-06,2026-05-11,5,37006.36,37400.0,37500.0,493.6399999999994,100.0,False
SMBC,2026-05-06,2026-05-11,5,11524.19,11500.0,11995.0,470.8099999999995,495.0,True
SNTS,2026-05-06,2026-05-11,5,28699.29,28900.0,28900.0,200.70999999999913,0.0,True
SOGC,2026-05-06,2026-05-11,5,7520.5,7500.0,7390.0,130.5,110.0,False
SPHC,2026-05-06,2026-05-11,5,6759.67,6800.0,7050.0,290.3299999999999,250.0,False
STAC,2026-05-06,2026-05-11,5,2180.1,2800.0,2660.0,479.9000000000001,140.0,True
ABJC,2026-05-05,2026-05-11,6,2956.73,3095.0,2975.0,18.269999999999982,120.0,True
BICB,2026-05-05,2026-05-11,6,5111.1,5250.0,5225.0,113.89999999999964,25.0,True
BNBC,2026-05-05,2026-05-11,6,1431.25,1345.0,1300.0,131.25,45.0,False
BOAB,2026-05-05,2026-05-11,6,8388.55,9250.0,9400.0,1011.4500000000007,150.0,False
BOABF,2026-05-05,2026-05-11,6,5404.67,5410.0,5400.0,4.670000000000073,10.0,True
BOAC,2026-05-05,2026-05-11,6,8290.61,8850.0,8705.0,414.3899999999994,145.0,True
BOAM,2026-05-05,2026-05-11,6,4596.37,4700.0,4700.0,103.63000000000011,0.0,True
BOAN,2026-05-05,2026-05-11,6,3577.7,3500.0,3485.0,92.69999999999982,15.0,False
BOAS,2026-05-05,2026-05-11,6,6808.29,7225.0,7390.0,581.71,165.0,False
CABC,2026-05-05,2026-05-11,6,4205.0,3500.0,3500.0,705.0,0.0,False
CBIBF,2026-05-05,2026-05-11,6,15228.97,16550.0,16800.0,1571.0300000000007,250.0,False
CFAC,2026-05-05,2026-05-11,6,1290.07,1325.0,1385.0,94.93000000000006,60.0,False
CIEC,2026-05-05,2026-05-11,6,2903.59,3010.0,3330.0,426.40999999999985,320.0,False
ETIT,2026-05-05,2026-05-11,6,26.36,29.0,30.0,3.6400000000000006,1.0,False
FTSC,2026-05-05,2026-05-11,6,2258.41,2220.0,2220.0,38.409999999999854,0.0,False
NEIC,2026-05-05,2026-05-11,6,1482.8,1790.0,1745.0,262.20000000000005,45.0,True
NTLC,2026-05-05,2026-05-11,6,12293.09,11900.0,11650.0,643.0900000000001,250.0,False
ONTBF,2026-05-05,2026-05-11,6,2765.5,2780.0,2760.0,5.5,20.0,True
ORAC,2026-05-05,2026-05-11,6,15092.53,15000.0,14920.0,172.53000000000065,80.0,False
ORGT,2026-05-05,2026-05-11,6,3221.64,3215.0,2550.0,671.6399999999999,665.0,False
PALC,2026-05-05,2026-05-11,6,7433.61,7310.0,7800.0,366.3900000000003,490.0,True
SAFC,2026-05-05,2026-05-11,6,2087.52,3500.0,3500.0,1412.48,0.0,True
SDSC,2026-05-05,2026-05-11,6,1727.25,1725.0,1745.0,17.75,20.0,True
SEMC,2026-05-05,2026-05-11,6,1474.07,1500.0,1525.0,50.930000000000064,25.0,False
SHEC,2026-05-05,2026-05-11,6,1675.21,1850.0,1945.0,269.78999999999996,95.0,False
SIBC,2026-05-05,2026-05-11,6,6722.48,7100.0,7095.0,372.52000000000044,5.0,True
SICC,2026-05-05,2026-05-11,6,4227.46,4290.0,4290.0,62.539999999999964,0.0,True
SLBC,2026-05-05,2026-05-11,6,36290.87,37050.0,37500.0,1209.1299999999974,450.0,False
SMBC,2026-05-05,2026-05-11,6,11580.45,11550.0,11995.0,414.5499999999993,445.0,True
SNTS,2026-05-05,2026-05-11,6,28621.38,28900.0,28900.0,278.619999999999,0.0,True
SOGC,2026-05-05,2026-05-11,6,7474.9,7600.0,7390.0,84.89999999999964,210.0,True
SPHC,2026-05-05,2026-05-11,6,6742.64,6720.0,7050.0,307.3599999999997,330.0,True
STAC,2026-05-05,2026-05-11,6,2114.72,2950.0,2660.0,545.2800000000002,290.0,True
TTLC,2026-05-05,2026-05-11,6,2731.23,2745.0,2750.0,18.769999999999982,5.0,False
TTLS,2026-05-05,2026-05-11,6,3015.3,3000.0,2950.0,65.30000000000018,50.0,False
UNLC,2026-05-05,2026-05-11,6,63501.54,60500.0,56000.0,7501.540000000001,4500.0,False
UNXC,2026-05-05,2026-05-11,6,1849.77,1885.0,1805.0,44.76999999999998,80.0,True
ABJC,2026-05-08,2026-05-11,3,2975.84,3020.0,2975.0,0.8400000000001455,45.0,True
BNBC,2026-05-08,2026-05-11,3,1343.61,1335.0,1300.0,43.6099999999999,35.0,False
BOAB,2026-05-08,2026-05-11,3,8970.79,9300.0,9400.0,429.2099999999991,100.0,False
BOABF,2026-05-08,2026-05-11,3,5386.68,5400.0,5400.0,13.319999999999709,0.0,True
BOAC,2026-05-08,2026-05-11,3,8482.25,8650.0,8705.0,222.75,55.0,False
BOAM,2026-05-08,2026-05-11,3,4669.9,4690.0,4700.0,30.100000000000364,10.0,False
BOAN,2026-05-08,2026-05-11,3,3513.38,3500.0,3485.0,28.38000000000011,15.0,False
BOAS,2026-05-08,2026-05-11,3,7119.79,7265.0,7390.0,270.21000000000004,125.0,False
CABC,2026-05-08,2026-05-11,3,3546.51,3400.0,3500.0,46.51000000000022,100.0,True
CBIBF,2026-05-08,2026-05-11,3,16119.56,16600.0,16800.0,680.4400000000005,200.0,False
CFAC,2026-05-08,2026-05-11,3,1362.67,1400.0,1385.0,22.329999999999927,15.0,True
ETIT,2026-05-08,2026-05-11,3,28.4,30.0,30.0,1.6000000000000014,0.0,True
FTSC,2026-05-08,2026-05-11,3,2210.93,2200.0,2220.0,9.070000000000164,20.0,True
NEIC,2026-05-08,2026-05-11,3,1635.44,1745.0,1745.0,109.55999999999995,0.0,True
ORGT,2026-05-08,2026-05-11,3,2916.54,2755.0,2550.0,366.53999999999996,205.0,False
SAFC,2026-05-08,2026-05-11,3,3238.72,3500.0,3500.0,261.2800000000002,0.0,True
SDSC,2026-05-08,2026-05-11,3,1778.31,1800.0,1745.0,33.309999999999945,55.0,True
ORAC,2026-05-10,2026-05-11,1,14964.49,14920.0,14920.0,44.48999999999978,0.0,False
PALC,2026-05-10,2026-05-11,1,7855.25,7800.0,7800.0,55.25,0.0,False
SHEC,2026-05-10,2026-05-11,1,1870.91,1945.0,1945.0,74.08999999999992,0.0,True
SICC,2026-05-10,2026-05-11,1,4269.6,4290.0,4290.0,20.399999999999636,0.0,True
SLBC,2026-05-10,2026-05-11,1,37454.25,37500.0,37500.0,45.75,0.0,True
SNTS,2026-05-10,2026-05-11,1,28814.67,28900.0,28900.0,85.33000000000175,0.0,True
SPHC,2026-05-10,2026-05-11,1,7034.87,7050.0,7050.0,15.13000000000011,0.0,True
STAC,2026-05-10,2026-05-11,1,2465.64,2660.0,2660.0,194.36000000000013,0.0,True
TTLC,2026-05-10,2026-05-11,1,2746.16,2750.0,2750.0,3.8400000000001455,0.0,True
TTLS,2026-05-10,2026-05-11,1,2938.74,2950.0,2950.0,11.260000000000218,0.0,True
UNLC,2026-05-10,2026-05-11,1,58116.4,56000.0,56000.0,2116.4000000000015,0.0,False
UNXC,2026-05-10,2026-05-11,1,1797.03,1805.0,1805.0,7.970000000000027,0.0,True
ABJC,2026-05-04,2026-05-12,8,2962.52,3215.0,2985.0,22.480000000000018,230.0,True
BICB,2026-05-04,2026-05-12,8,5084.47,5310.0,5170.0,85.52999999999975,140.0,True
BICC,2026-05-04,2026-05-12,8,23826.0,24850.0,26200.0,2374.0,1350.0,False
BOAC,2026-05-04,2026-05-12,8,8225.91,9190.0,8650.0,424.09000000000015,540.0,True
BOAM,2026-05-04,2026-05-12,8,4519.45,4670.0,4685.0,165.55000000000018,15.0,False
BOAN,2026-05-04,2026-05-12,8,3675.25,3660.0,3450.0,225.25,210.0,False
BOAS,2026-05-04,2026-05-12,8,6573.93,7045.0,7450.0,876.0699999999997,405.0,False
CABC,2026-05-04,2026-05-12,8,4909.51,3600.0,3500.0,1409.5100000000002,100.0,False
CBIBF,2026-05-04,2026-05-12,8,14755.82,16100.0,16800.0,2044.1800000000003,700.0,False
CFAC,2026-05-04,2026-05-12,8,1309.42,1430.0,1380.0,70.57999999999993,50.0,True
CIEC,2026-05-04,2026-05-12,8,2929.95,3250.0,3200.0,270.0500000000002,50.0,True
ECOC,2026-05-04,2026-05-12,8,16171.6,16300.0,16200.0,28.399999999999636,100.0,True
ETIT,2026-05-04,2026-05-12,8,25.43,29.0,30.0,4.57,1.0,False
FTSC,2026-05-04,2026-05-12,8,2255.51,2195.0,2200.0,55.51000000000022,5.0,True
NEIC,2026-05-04,2026-05-12,8,1422.09,1900.0,1850.0,427.9100000000001,50.0,True
NSBC,2026-05-04,2026-05-12,8,14626.78,13900.0,13850.0,776.7800000000007,50.0,False
NTLC,2026-05-04,2026-05-12,8,12433.32,12340.0,11150.0,1283.3199999999997,1190.0,False
ONTBF,2026-05-04,2026-05-12,8,2765.89,2795.0,2700.0,65.88999999999987,95.0,True
ORAC,2026-05-04,2026-05-12,8,15148.75,15200.0,15100.0,48.75,100.0,True
ORGT,2026-05-04,2026-05-12,8,3232.19,3250.0,2740.0,492.19000000000005,510.0,True
PALC,2026-05-04,2026-05-12,8,7489.98,7310.0,7800.0,310.02000000000044,490.0,True
SAFC,2026-05-04,2026-05-12,8,1731.35,3610.0,3485.0,1753.65,125.0,True
SDSC,2026-05-04,2026-05-12,8,1757.32,1775.0,1700.0,57.319999999999936,75.0,True
SEMC,2026-05-04,2026-05-12,8,1473.88,1600.0,1505.0,31.11999999999989,95.0,True
SHEC,2026-05-04,2026-05-12,8,1660.66,1970.0,2000.0,339.3399999999999,30.0,False
SIBC,2026-05-04,2026-05-12,8,6569.42,7080.0,7140.0,570.5799999999999,60.0,False
SICC,2026-05-04,2026-05-12,8,4204.36,4290.0,4400.0,195.64000000000033,110.0,False
SLBC,2026-05-04,2026-05-12,8,35371.31,35540.0,37900.0,2528.6900000000023,2360.0,False
SMBC,2026-05-04,2026-05-12,8,11634.91,11700.0,12100.0,465.09000000000015,400.0,False
SNTS,2026-05-04,2026-05-12,8,28502.63,28700.0,29000.0,497.369999999999,300.0,False
SOGC,2026-05-04,2026-05-12,8,7239.83,7100.0,7395.0,155.17000000000007,295.0,True
SPHC,2026-05-04,2026-05-12,8,6783.91,6800.0,7000.0,216.09000000000015,200.0,False
STAC,2026-05-04,2026-05-12,8,1901.73,3050.0,2515.0,613.27,535.0,True
TTLC,2026-05-04,2026-05-12,8,2721.63,2740.0,2850.0,128.3699999999999,110.0,False
TTLS,2026-05-04,2026-05-12,8,3065.12,3250.0,2900.0,165.1199999999999,350.0,True
UNLC,2026-05-04,2026-05-12,8,64853.46,60500.0,59900.0,4953.459999999999,600.0,False
UNXC,2026-05-04,2026-05-12,8,1841.26,1900.0,1835.0,6.259999999999991,65.0,True
SIBC,2026-05-06,2026-05-12,6,6756.47,7150.0,7140.0,383.52999999999975,10.0,True
SICC,2026-05-06,2026-05-12,6,4215.79,4280.0,4400.0,184.21000000000004,120.0,False
SLBC,2026-05-06,2026-05-12,6,36972.55,37400.0,37900.0,927.4499999999971,500.0,False
SMBC,2026-05-06,2026-05-12,6,11517.4,11500.0,12100.0,582.6000000000004,600.0,True
SNTS,2026-05-06,2026-05-12,6,28674.29,28900.0,29000.0,325.7099999999991,100.0,False
SOGC,2026-05-06,2026-05-12,6,7536.42,7500.0,7395.0,141.42000000000007,105.0,False
SPHC,2026-05-06,2026-05-12,6,6754.14,6800.0,7000.0,245.85999999999967,200.0,False
STAC,2026-05-06,2026-05-12,6,2027.86,2800.0,2515.0,487.1400000000001,285.0,True
ABJC,2026-05-05,2026-05-12,7,2923.75,3095.0,2985.0,61.25,110.0,True
BICB,2026-05-05,2026-05-12,7,5093.3,5250.0,5170.0,76.69999999999982,80.0,True
BICC,2026-05-05,2026-05-12,7,23803.84,24445.0,26200.0,2396.16,1755.0,False
BNBC,2026-05-05,2026-05-12,7,1437.57,1345.0,1395.0,42.569999999999936,50.0,True
BOAB,2026-05-05,2026-05-12,7,8287.36,9250.0,9405.0,1117.6399999999994,155.0,False
BOABF,2026-05-05,2026-05-12,7,5391.06,5410.0,5410.0,18.9399999999996,0.0,True
BOAC,2026-05-05,2026-05-12,7,8164.5,8850.0,8650.0,485.5,200.0,True
BOAM,2026-05-05,2026-05-12,7,4570.96,4700.0,4685.0,114.03999999999996,15.0,True
BOAN,2026-05-05,2026-05-12,7,3579.08,3500.0,3450.0,129.07999999999993,50.0,False
BOAS,2026-05-05,2026-05-12,7,6736.24,7225.0,7450.0,713.7600000000002,225.0,False
CABC,2026-05-05,2026-05-12,7,4444.72,3500.0,3500.0,944.7200000000003,0.0,False
CBIBF,2026-05-05,2026-05-12,7,15057.7,16550.0,16800.0,1742.2999999999993,250.0,False
CFAC,2026-05-05,2026-05-12,7,1273.86,1325.0,1380.0,106.1400000000001,55.0,False
CIEC,2026-05-05,2026-05-12,7,2881.46,3010.0,3200.0,318.53999999999996,190.0,False
ECOC,2026-05-05,2026-05-12,7,16083.89,16000.0,16200.0,116.11000000000058,200.0,True
ETIT,2026-05-05,2026-05-12,7,25.88,29.0,30.0,4.120000000000001,1.0,False
FTSC,2026-05-05,2026-05-12,7,2268.01,2220.0,2200.0,68.01000000000022,20.0,False
NEIC,2026-05-05,2026-05-12,7,1430.87,1790.0,1850.0,419.1300000000001,60.0,False
NSBC,2026-05-05,2026-05-12,7,14587.43,14000.0,13850.0,737.4300000000003,150.0,False
NTLC,2026-05-05,2026-05-12,7,12310.09,11900.0,11150.0,1160.0900000000001,750.0,False
ONTBF,2026-05-05,2026-05-12,7,2761.06,2780.0,2700.0,61.059999999999945,80.0,True
ORAC,2026-05-05,2026-05-12,7,15089.45,15000.0,15100.0,10.549999999999272,100.0,True
ORGT,2026-05-05,2026-05-12,7,3218.79,3215.0,2740.0,478.78999999999996,475.0,False
PALC,2026-05-05,2026-05-12,7,7460.83,7310.0,7800.0,339.1700000000001,490.0,True
SAFC,2026-05-05,2026-05-12,7,1844.38,3500.0,3485.0,1640.62,15.0,True
SDSC,2026-05-05,2026-05-12,7,1725.33,1725.0,1700.0,25.329999999999927,25.0,False
SEMC,2026-05-05,2026-05-12,7,1458.68,1500.0,1505.0,46.319999999999936,5.0,False
SHEC,2026-05-05,2026-05-12,7,1642.51,1850.0,2000.0,357.49,150.0,False
SIBC,2026-05-05,2026-05-12,7,6648.94,7100.0,7140.0,491.0600000000004,40.0,False
SICC,2026-05-05,2026-05-12,7,4210.5,4290.0,4400.0,189.5,110.0,False
SLBC,2026-05-05,2026-05-12,7,36260.05,37050.0,37900.0,1639.949999999997,850.0,False
SMBC,2026-05-05,2026-05-12,7,11572.79,11550.0,12100.0,527.2099999999991,550.0,True
SNTS,2026-05-05,2026-05-12,7,28598.5,28900.0,29000.0,401.5,100.0,False
SOGC,2026-05-05,2026-05-12,7,7491.33,7600.0,7395.0,96.32999999999993,205.0,True
SPHC,2026-05-05,2026-05-12,7,6737.27,6720.0,7000.0,262.72999999999956,280.0,True
STAC,2026-05-05,2026-05-12,7,1973.35,2950.0,2515.0,541.6500000000001,435.0,True
TTLC,2026-05-05,2026-05-12,7,2728.4,2745.0,2850.0,121.59999999999991,105.0,False
TTLS,2026-05-05,2026-05-12,7,2999.04,3000.0,2900.0,99.03999999999996,100.0,True
UNLC,2026-05-05,2026-05-12,7,64146.75,60500.0,59900.0,4246.75,600.0,False
UNXC,2026-05-05,2026-05-12,7,1840.68,1885.0,1835.0,5.680000000000064,50.0,True
TTLC,2026-05-06,2026-05-12,6,2697.0,2700.0,2850.0,153.0,150.0,False
TTLS,2026-05-06,2026-05-12,6,2975.15,3005.0,2900.0,75.15000000000009,105.0,True
UNLC,2026-05-06,2026-05-12,6,62726.23,59000.0,59900.0,2826.230000000003,900.0,True
UNXC,2026-05-06,2026-05-12,6,1839.66,1875.0,1835.0,4.660000000000082,40.0,True
CBIBF,2026-05-07,2026-05-12,5,15546.71,16700.0,16800.0,1253.2900000000009,100.0,False
CFAC,2026-05-07,2026-05-12,5,1325.93,1400.0,1380.0,54.069999999999936,20.0,True
ABJC,2026-05-07,2026-05-12,5,2907.83,3015.0,2985.0,77.17000000000007,30.0,True
BICB,2026-05-07,2026-05-12,5,5095.25,5200.0,5170.0,74.75,30.0,True
BICC,2026-05-07,2026-05-12,5,24297.57,24995.0,26200.0,1902.4300000000003,1205.0,False
ABJC,2026-05-06,2026-05-12,6,2888.05,3015.0,2985.0,96.94999999999982,30.0,True
BICB,2026-05-06,2026-05-12,6,5087.21,5125.0,5170.0,82.78999999999996,45.0,False
BICC,2026-05-06,2026-05-12,6,24062.74,24990.0,26200.0,2137.2599999999984,1210.0,False
BNBC,2026-05-06,2026-05-12,6,1331.54,1280.0,1395.0,63.460000000000036,115.0,True
BOAS,2026-05-08,2026-05-12,4,7035.42,7265.0,7450.0,414.5799999999999,185.0,False
ECOC,2026-05-08,2026-05-12,4,16150.42,16300.0,16200.0,49.57999999999993,100.0,True
NSBC,2026-05-08,2026-05-12,4,14265.23,14000.0,13850.0,415.22999999999956,150.0,False
ORGT,2026-05-08,2026-05-12,4,2909.79,2755.0,2740.0,169.78999999999996,15.0,False
PALC,2026-05-08,2026-05-12,4,7833.43,7900.0,7800.0,33.43000000000029,100.0,True
SAFC,2026-05-08,2026-05-12,4,2915.85,3500.0,3485.0,569.1500000000001,15.0,True
SIBC,2026-05-08,2026-05-12,4,6925.74,7150.0,7140.0,214.26000000000022,10.0,True
SMBC,2026-05-08,2026-05-12,4,11694.56,11900.0,12100.0,405.4400000000005,200.0,False
SNTS,2026-05-08,2026-05-12,4,28776.42,28900.0,29000.0,223.58000000000175,100.0,False
SOGC,2026-05-08,2026-05-12,4,7476.3,7400.0,7395.0,81.30000000000018,5.0,False
STAC,2026-05-08,2026-05-12,4,2498.53,2845.0,2515.0,16.4699999999998,330.0,True
BICC,2026-05-11,2026-05-12,1,25480.49,26000.0,26200.0,719.5099999999984,200.0,False
BOAB,2026-05-11,2026-05-12,1,9069.98,9400.0,9405.0,335.02000000000044,5.0,False
BOABF,2026-05-11,2026-05-12,1,5378.08,5400.0,5410.0,31.920000000000073,10.0,False
BOAC,2026-05-11,2026-05-12,1,8518.17,8705.0,8650.0,131.82999999999993,55.0,True
BOAM,2026-05-11,2026-05-12,1,4675.74,4700.0,4685.0,9.260000000000218,15.0,True
BOAN,2026-05-11,2026-05-12,1,3486.51,3485.0,3450.0,36.51000000000022,35.0,False
BOAS,2026-05-11,2026-05-12,1,7245.06,7390.0,7450.0,204.9399999999996,60.0,False
CABC,2026-05-11,2026-05-12,1,3659.82,3500.0,3500.0,159.82000000000016,0.0,False
CFAC,2026-05-11,2026-05-12,1,1353.81,1385.0,1380.0,26.190000000000055,5.0,True
CIEC,2026-05-11,2026-05-12,1,3213.1,3330.0,3200.0,13.099999999999909,130.0,True
ECOC,2026-05-11,2026-05-12,1,16620.71,16800.0,16200.0,420.7099999999991,600.0,True
ETIT,2026-05-11,2026-05-12,1,28.82,30.0,30.0,1.1799999999999997,0.0,True
ABJC,2026-05-04,2026-05-13,9,2928.79,3215.0,2980.0,51.210000000000036,235.0,True
BICB,2026-05-04,2026-05-13,9,5069.79,5310.0,5200.0,130.21000000000004,110.0,True
BNBC,2026-05-04,2026-05-13,9,1596.07,1565.0,1495.0,101.06999999999994,70.0,False
BOAB,2026-05-04,2026-05-13,9,7978.53,8850.0,9420.0,1441.4700000000003,570.0,False
BOABF,2026-05-04,2026-05-13,9,5476.05,5650.0,5410.0,66.05000000000018,240.0,True
BOAC,2026-05-04,2026-05-13,9,8105.01,9190.0,8585.0,479.9899999999998,605.0,True
BOAM,2026-05-04,2026-05-13,9,4498.13,4670.0,4680.0,181.8699999999999,10.0,False
BOAN,2026-05-04,2026-05-13,9,3676.78,3660.0,3440.0,236.7800000000002,220.0,False
BOAS,2026-05-04,2026-05-13,9,6512.19,7045.0,7500.0,987.8100000000004,455.0,False
CABC,2026-05-04,2026-05-13,9,5258.88,3600.0,3400.0,1858.88,200.0,False
CBIBF,2026-05-04,2026-05-13,9,14623.71,16100.0,17400.0,2776.290000000001,1300.0,False
CFAC,2026-05-04,2026-05-13,9,1292.94,1430.0,1380.0,87.05999999999995,50.0,True
CIEC,2026-05-04,2026-05-13,9,2904.55,3250.0,3295.0,390.4499999999998,45.0,False
ETIT,2026-05-04,2026-05-13,9,25.02,29.0,30.0,4.98,1.0,False
FTSC,2026-05-04,2026-05-13,9,2265.18,2195.0,2240.0,25.179999999999836,45.0,True
NEIC,2026-05-04,2026-05-13,9,1377.12,1900.0,1890.0,512.8800000000001,10.0,True
NTLC,2026-05-04,2026-05-13,9,12448.2,12340.0,11700.0,748.2000000000007,640.0,False
ONTBF,2026-05-04,2026-05-13,9,2761.45,2795.0,2680.0,81.44999999999982,115.0,True
ORAC,2026-05-04,2026-05-13,9,15145.11,15200.0,15050.0,95.11000000000058,150.0,True
ORGT,2026-05-04,2026-05-13,9,3229.08,3250.0,2740.0,489.0799999999999,510.0,True
PALC,2026-05-04,2026-05-13,9,7517.46,7310.0,7850.0,332.53999999999996,540.0,True
SAFC,2026-05-04,2026-05-13,9,1588.08,3610.0,3745.0,2156.92,135.0,False
SDSC,2026-05-04,2026-05-13,9,1754.57,1775.0,1745.0,9.569999999999936,30.0,True
SEMC,2026-05-04,2026-05-13,9,1458.55,1600.0,1500.0,41.450000000000045,100.0,True
SHEC,2026-05-04,2026-05-13,9,1629.35,1970.0,1940.0,310.6500000000001,30.0,True
SIBC,2026-05-04,2026-05-13,9,6507.59,7080.0,7295.0,787.4099999999999,215.0,False
SICC,2026-05-04,2026-05-13,9,4187.31,4290.0,4390.0,202.6899999999996,100.0,False
SLBC,2026-05-04,2026-05-13,9,35347.51,35540.0,37500.0,2152.489999999998,1960.0,False
SMBC,2026-05-04,2026-05-13,9,11626.73,11700.0,12685.0,1058.2700000000004,985.0,False
SNTS,2026-05-04,2026-05-13,9,28481.81,28700.0,28910.0,428.1899999999987,210.0,False
SOGC,2026-05-04,2026-05-13,9,7257.5,7100.0,7400.0,142.5,300.0,True
SPHC,2026-05-04,2026-05-13,9,6778.7,6800.0,6995.0,216.30000000000018,195.0,False
STAC,2026-05-04,2026-05-13,9,1808.94,3050.0,2600.0,791.06,450.0,True
TTLC,2026-05-04,2026-05-13,9,2718.97,2740.0,3060.0,341.0300000000002,320.0,False
TTLS,2026-05-04,2026-05-13,9,3045.91,3250.0,2845.0,200.90999999999985,405.0,True
UNLC,2026-05-04,2026-05-13,9,65509.86,60500.0,56100.0,9409.86,4400.0,False
UNXC,2026-05-04,2026-05-13,9,1832.25,1900.0,1825.0,7.25,75.0,True
SIBC,2026-05-06,2026-05-13,7,6680.3,7150.0,7295.0,614.6999999999998,145.0,False
SICC,2026-05-06,2026-05-13,7,4198.68,4280.0,4390.0,191.3199999999997,110.0,False
SLBC,2026-05-06,2026-05-13,7,36933.51,37400.0,37500.0,566.489999999998,100.0,False
SMBC,2026-05-06,2026-05-13,7,11510.16,11500.0,12685.0,1174.8400000000001,1185.0,True
SNTS,2026-05-06,2026-05-13,7,28651.19,28900.0,28910.0,258.8100000000013,10.0,False
SOGC,2026-05-06,2026-05-13,7,7552.67,7500.0,7400.0,152.67000000000007,100.0,False
SPHC,2026-05-06,2026-05-13,7,6749.08,6800.0,6995.0,245.92000000000007,195.0,False
STAC,2026-05-06,2026-05-13,7,1908.83,2800.0,2600.0,691.1700000000001,200.0,True
ABJC,2026-05-05,2026-05-13,8,2891.93,3095.0,2980.0,88.07000000000016,115.0,True
BICB,2026-05-05,2026-05-13,8,5077.55,5250.0,5200.0,122.44999999999982,50.0,True
BNBC,2026-05-05,2026-05-13,8,1443.3,1345.0,1495.0,51.700000000000045,150.0,True
BOAB,2026-05-05,2026-05-13,8,8194.38,9250.0,9420.0,1225.6200000000008,170.0,False
BOABF,2026-05-05,2026-05-13,8,5376.94,5410.0,5410.0,33.0600000000004,0.0,True
BOAC,2026-05-05,2026-05-13,8,8048.13,8850.0,8585.0,536.8699999999999,265.0,True
BOAM,2026-05-05,2026-05-13,8,4547.39,4700.0,4680.0,132.60999999999967,20.0,True
BOAN,2026-05-05,2026-05-13,8,3580.57,3500.0,3440.0,140.57000000000016,60.0,False
BOAS,2026-05-05,2026-05-13,8,6667.47,7225.0,7500.0,832.5299999999997,275.0,False
CABC,2026-05-05,2026-05-13,8,4717.12,3500.0,3400.0,1317.12,100.0,False
CBIBF,2026-05-05,2026-05-13,8,14903.08,16550.0,17400.0,2496.92,850.0,False
CFAC,2026-05-05,2026-05-13,8,1258.12,1325.0,1380.0,121.88000000000011,55.0,False
CIEC,2026-05-05,2026-05-13,8,2860.38,3010.0,3295.0,434.6199999999999,285.0,False
ETIT,2026-05-05,2026-05-13,8,25.43,29.0,30.0,4.57,1.0,False
FTSC,2026-05-05,2026-05-13,8,2277.65,2220.0,2240.0,37.65000000000009,20.0,True
NEIC,2026-05-05,2026-05-13,8,1384.98,1790.0,1890.0,505.02,100.0,False
NTLC,2026-05-05,2026-05-13,8,12326.99,11900.0,11700.0,626.9899999999998,200.0,False
ONTBF,2026-05-05,2026-05-13,8,2756.68,2780.0,2680.0,76.67999999999984,100.0,True
ORAC,2026-05-05,2026-05-13,8,15086.44,15000.0,15050.0,36.44000000000051,50.0,True
ORGT,2026-05-05,2026-05-13,8,3215.84,3215.0,2740.0,475.84000000000015,475.0,False
PALC,2026-05-05,2026-05-13,8,7488.24,7310.0,7850.0,361.7600000000002,540.0,True
SAFC,2026-05-05,2026-05-13,8,1670.02,3500.0,3745.0,2074.98,245.0,False
SDSC,2026-05-05,2026-05-13,8,1723.24,1725.0,1745.0,21.75999999999999,20.0,False
SHEC,2026-05-06,2026-05-13,7,1631.04,1845.0,1940.0,308.96000000000004,95.0,False
CFAC,2026-05-07,2026-05-13,6,1309.26,1400.0,1380.0,70.74000000000001,20.0,True
CIEC,2026-05-07,2026-05-13,6,2957.26,3200.0,3295.0,337.7399999999998,95.0,False
ETIT,2026-05-07,2026-05-13,6,26.36,29.0,30.0,3.6400000000000006,1.0,False
FTSC,2026-05-07,2026-05-13,6,2240.12,2200.0,2240.0,0.11999999999989086,40.0,True
NEIC,2026-05-07,2026-05-13,6,1451.63,1715.0,1890.0,438.3699999999999,175.0,False
SDSC,2026-05-07,2026-05-13,6,1687.65,1685.0,1745.0,57.34999999999991,60.0,True
SEMC,2026-05-07,2026-05-13,6,1418.06,1450.0,1500.0,81.94000000000005,50.0,False
SHEC,2026-05-07,2026-05-13,6,1661.17,1840.0,1940.0,278.8299999999999,100.0,False
SIBC,2026-05-07,2026-05-13,6,6696.43,7050.0,7295.0,598.5699999999997,245.0,False
SICC,2026-05-07,2026-05-13,6,4215.29,4285.0,4390.0,174.71000000000004,105.0,False
SMBC,2026-05-07,2026-05-13,6,11488.04,11500.0,12685.0,1196.9599999999991,1185.0,False
SNTS,2026-05-07,2026-05-13,6,28707.17,28900.0,28910.0,202.83000000000175,10.0,False
SOGC,2026-05-07,2026-05-13,6,7556.6,7500.0,7400.0,156.60000000000036,100.0,False
SPHC,2026-05-07,2026-05-13,6,6943.64,7175.0,6995.0,51.35999999999967,180.0,True
STAC,2026-05-07,2026-05-13,6,2117.99,2850.0,2600.0,482.0100000000002,250.0,True
TTLC,2026-05-07,2026-05-13,6,2723.29,2740.0,3060.0,336.71000000000004,320.0,False
TTLS,2026-05-07,2026-05-13,6,2955.96,3005.0,2845.0,110.96000000000004,160.0,True
UNLC,2026-05-07,2026-05-13,6,62247.36,59000.0,56100.0,6147.360000000001,2900.0,False
UNXC,2026-05-07,2026-05-13,6,1829.68,1865.0,1825.0,4.680000000000064,40.0,True
ABJC,2026-05-08,2026-05-13,5,2911.07,3020.0,2980.0,68.92999999999984,40.0,True
BICB,2026-05-08,2026-05-13,5,5077.95,5120.0,5200.0,122.05000000000018,80.0,False
BNBC,2026-05-08,2026-05-13,5,1357.76,1335.0,1495.0,137.24,160.0,True
BOAB,2026-05-08,2026-05-13,5,8646.33,9300.0,9420.0,773.6700000000001,120.0,False
BOABF,2026-05-08,2026-05-13,5,5360.57,5400.0,5410.0,49.43000000000029,10.0,False
BOAC,2026-05-08,2026-05-13,5,8236.49,8650.0,8585.0,348.5100000000002,65.0,True
BOAM,2026-05-08,2026-05-13,5,4612.18,4690.0,4680.0,67.81999999999971,10.0,True
BOAN,2026-05-08,2026-05-13,5,3509.61,3500.0,3440.0,69.61000000000013,60.0,False
BOAS,2026-05-08,2026-05-13,5,6949.91,7265.0,7500.0,550.0900000000001,235.0,False
CABC,2026-05-08,2026-05-13,5,3864.59,3400.0,3400.0,464.59000000000015,0.0,False
SOGC,2026-05-09,2026-05-13,4,7469.44,7390.0,7400.0,69.4399999999996,10.0,True
UNLC,2026-05-09,2026-05-13,4,59818.75,56000.0,56100.0,3718.75,100.0,True
NTLC,2026-05-10,2026-05-13,3,11862.05,11650.0,11700.0,162.04999999999927,50.0,True
ONTBF,2026-05-10,2026-05-13,3,2745.77,2760.0,2680.0,65.76999999999998,80.0,True
ORAC,2026-05-10,2026-05-13,3,14949.03,14920.0,15050.0,100.96999999999935,130.0,True
ORGT,2026-05-10,2026-05-13,3,2655.74,2550.0,2740.0,84.26000000000022,190.0,True
PALC,2026-05-10,2026-05-13,3,7905.82,7800.0,7850.0,55.81999999999971,50.0,True
SAFC,2026-05-10,2026-05-13,3,2520.27,3500.0,3745.0,1224.73,245.0,False
SDSC,2026-05-10,2026-05-13,3,1735.92,1745.0,1745.0,9.079999999999927,0.0,True
SEMC,2026-05-10,2026-05-13,3,1447.85,1525.0,1500.0,52.15000000000009,25.0,True
SGBC,2026-05-10,2026-05-13,3,33961.56,34500.0,34990.0,1028.4400000000023,490.0,False
SHEC,2026-05-10,2026-05-13,3,1766.09,1945.0,1940.0,173.91000000000008,5.0,True
SHEC,2026-05-12,2026-05-13,1,1906.33,2000.0,1940.0,33.67000000000007,60.0,True
SICC,2026-05-12,2026-05-13,1,4331.9,4400.0,4390.0,58.100000000000364,10.0,True
SLBC,2026-05-12,2026-05-13,1,37605.42,37900.0,37500.0,105.41999999999825,400.0,True
SPHC,2026-05-12,2026-05-13,1,7014.2,7000.0,6995.0,19.199999999999818,5.0,False
STAC,2026-05-12,2026-05-13,1,2375.01,2515.0,2600.0,224.98999999999978,85.0,False
TTLC,2026-05-12,2026-05-13,1,2831.61,2850.0,3060.0,228.38999999999987,210.0,False
TTLS,2026-05-12,2026-05-13,1,2903.57,2900.0,2845.0,58.570000000000164,55.0,False
UNXC,2026-05-12,2026-05-13,1,1800.84,1835.0,1825.0,24.160000000000082,10.0,True
ABJC,2026-05-04,2026-05-15,11,2896.56,3215.0,2850.0,46.559999999999945,365.0,True
BICB,2026-05-04,2026-05-15,11,5056.94,5310.0,5220.0,163.0600000000004,90.0,True
BICC,2026-05-04,2026-05-15,11,23582.51,24850.0,26400.0,2817.4900000000016,1550.0,False
BNBC,2026-05-04,2026-05-15,11,1599.95,1565.0,1590.0,9.950000000000045,25.0,True
BOAB,2026-05-04,2026-05-15,11,7902.52,8850.0,9410.0,1507.4799999999996,560.0,False
BOABF,2026-05-04,2026-05-15,11,5459.16,5650.0,5405.0,54.159999999999854,245.0,True
BOAM,2026-05-04,2026-05-15,11,4477.58,4670.0,4675.0,197.42000000000007,5.0,False
BOAN,2026-05-04,2026-05-15,11,3678.29,3660.0,3395.0,283.28999999999996,265.0,False
BOAS,2026-05-04,2026-05-15,11,6453.04,7045.0,7555.0,1101.96,510.0,False
CABC,2026-05-04,2026-05-15,11,5675.81,3600.0,3500.0,2175.8100000000004,100.0,False
CIEC,2026-05-04,2026-05-15,11,2881.22,3250.0,3300.0,418.7800000000002,50.0,False
ECOC,2026-05-04,2026-05-15,11,16145.18,16300.0,16300.0,154.8199999999997,0.0,True
FTSC,2026-05-04,2026-05-15,11,2274.85,2195.0,2250.0,24.84999999999991,55.0,True
NEIC,2026-05-04,2026-05-15,11,1336.72,1900.0,1990.0,653.28,90.0,False
NSBC,2026-05-04,2026-05-15,11,14879.29,13900.0,14100.0,779.2900000000009,200.0,True
NTLC,2026-05-04,2026-05-15,11,12462.89,12340.0,11600.0,862.8899999999994,740.0,False
ONTBF,2026-05-04,2026-05-15,11,2757.06,2795.0,2750.0,7.059999999999945,45.0,True
ORAC,2026-05-04,2026-05-15,11,15141.47,15200.0,15000.0,141.46999999999935,200.0,True
ORGT,2026-05-04,2026-05-15,11,3225.99,3250.0,2575.0,650.9899999999998,675.0,True
PALC,2026-05-04,2026-05-15,11,7545.13,7310.0,7800.0,254.8699999999999,490.0,True
SAFC,2026-05-04,2026-05-15,11,1487.86,3610.0,3995.0,2507.1400000000003,385.0,False
SDSC,2026-05-04,2026-05-15,11,1751.86,1775.0,1785.0,33.1400000000001,10.0,False
SEMC,2026-05-04,2026-05-15,11,1443.6,1600.0,1580.0,136.4000000000001,20.0,True
SHEC,2026-05-04,2026-05-15,11,1600.91,1970.0,2000.0,399.0899999999999,30.0,False
SIBC,2026-05-04,2026-05-15,11,6449.85,7080.0,7300.0,850.1499999999996,220.0,False
SICC,2026-05-04,2026-05-15,11,4170.34,4290.0,4380.0,209.65999999999985,90.0,False
SLBC,2026-05-04,2026-05-15,11,35322.59,35540.0,37995.0,2672.4100000000035,2455.0,False
SMBC,2026-05-04,2026-05-15,11,11618.6,11700.0,12295.0,676.3999999999996,595.0,False
SNTS,2026-05-04,2026-05-15,11,28461.17,28700.0,28950.0,488.83000000000175,250.0,False
SOGC,2026-05-04,2026-05-15,11,7275.14,7100.0,7450.0,174.85999999999967,350.0,True
SPHC,2026-05-04,2026-05-15,11,6773.77,6800.0,7000.0,226.22999999999956,200.0,False
STAC,2026-05-04,2026-05-15,11,1736.94,3050.0,2795.0,1058.06,255.0,True
TTLC,2026-05-04,2026-05-15,11,2716.35,2740.0,2995.0,278.6500000000001,255.0,False
TTLS,2026-05-04,2026-05-15,11,3027.65,3250.0,3025.0,2.650000000000091,225.0,True
UNLC,2026-05-04,2026-05-15,11,66168.4,60500.0,60295.0,5873.399999999994,205.0,False
UNXC,2026-05-04,2026-05-15,11,1823.32,1900.0,1840.0,16.680000000000064,60.0,True
SIBC,2026-05-06,2026-05-15,9,6610.55,7150.0,7300.0,689.4499999999998,150.0,False
SICC,2026-05-06,2026-05-15,9,4181.58,4280.0,4380.0,198.42000000000007,100.0,False
SLBC,2026-05-06,2026-05-15,9,36894.9,37400.0,37995.0,1100.0999999999985,595.0,False
SMBC,2026-05-06,2026-05-15,9,11502.85,11500.0,12295.0,792.1499999999996,795.0,True
SNTS,2026-05-06,2026-05-15,9,28629.29,28900.0,28950.0,320.7099999999991,50.0,False
SOGC,2026-05-06,2026-05-15,9,7568.77,7500.0,7450.0,118.77000000000044,50.0,False
SPHC,2026-05-06,2026-05-15,9,6744.37,6800.0,7000.0,255.6300000000001,200.0,False
STAC,2026-05-06,2026-05-15,9,1816.58,2800.0,2795.0,978.4200000000001,5.0,True
ABJC,2026-05-05,2026-05-15,10,2861.38,3095.0,2850.0,11.38000000000011,245.0,True
BICB,2026-05-05,2026-05-15,10,5063.73,5250.0,5220.0,156.27000000000044,30.0,True
BNBC,2026-05-05,2026-05-15,10,1448.73,1345.0,1590.0,141.26999999999998,245.0,True
BOAB,2026-05-05,2026-05-15,10,8107.1,9250.0,9410.0,1302.8999999999996,160.0,False
BOABF,2026-05-05,2026-05-15,10,5362.71,5410.0,5405.0,42.289999999999964,5.0,True
BOAC,2026-05-05,2026-05-15,10,7940.61,8850.0,8600.0,659.3900000000003,250.0,True
BOAM,2026-05-05,2026-05-15,10,4525.02,4700.0,4675.0,149.97999999999956,25.0,True
BOAN,2026-05-05,2026-05-15,10,3582.09,3500.0,3395.0,187.09000000000015,105.0,False
BOAS,2026-05-05,2026-05-15,10,6601.62,7225.0,7555.0,953.3800000000001,330.0,False
CABC,2026-05-05,2026-05-15,10,5031.05,3500.0,3500.0,1531.0500000000002,0.0,False
CBIBF,2026-05-05,2026-05-15,10,14761.15,16550.0,18700.0,3938.8500000000004,2150.0,False
CFAC,2026-05-05,2026-05-15,10,1242.82,1325.0,1480.0,237.18000000000006,155.0,False
CIEC,2026-05-05,2026-05-15,10,2840.42,3010.0,3300.0,459.5799999999999,290.0,False
ECOC,2026-05-05,2026-05-15,10,16059.11,16000.0,16300.0,240.88999999999942,300.0,True
ETIT,2026-05-05,2026-05-15,10,25.02,29.0,30.0,4.98,1.0,False
FTSC,2026-05-05,2026-05-15,10,2287.33,2220.0,2250.0,37.32999999999993,30.0,True
NEIC,2026-05-05,2026-05-15,10,1343.82,1790.0,1990.0,646.1800000000001,200.0,False
NSBC,2026-05-05,2026-05-15,10,14837.68,14000.0,14100.0,737.6800000000003,100.0,True
NTLC,2026-05-05,2026-05-15,10,12343.45,11900.0,11600.0,743.4500000000007,300.0,False
ONTBF,2026-05-05,2026-05-15,10,2752.34,2780.0,2750.0,2.3400000000001455,30.0,True
ORAC,2026-05-05,2026-05-15,10,15083.45,15000.0,15000.0,83.45000000000073,0.0,False
ORGT,2026-05-05,2026-05-15,10,3212.86,3215.0,2575.0,637.8600000000001,640.0,True
PALC,2026-05-05,2026-05-15,10,7515.85,7310.0,7800.0,284.14999999999964,490.0,True
SAFC,2026-05-05,2026-05-15,10,1547.43,3500.0,3995.0,2447.5699999999997,495.0,False
SDSC,2026-05-05,2026-05-15,10,1721.06,1725.0,1785.0,63.940000000000055,60.0,False
SEMC,2026-05-05,2026-05-15,10,1429.12,1500.0,1580.0,150.8800000000001,80.0,False
SHEC,2026-05-05,2026-05-15,10,1586.03,1850.0,2000.0,413.97,150.0,False
SIBC,2026-05-05,2026-05-15,10,6518.83,7100.0,7300.0,781.1700000000001,200.0,False
SICC,2026-05-05,2026-05-15,10,4176.34,4290.0,4380.0,203.65999999999985,90.0,False
SLBC,2026-05-05,2026-05-15,10,36195.94,37050.0,37995.0,1799.0599999999977,945.0,False
SMBC,2026-05-05,2026-05-15,10,11557.36,11550.0,12295.0,737.6399999999994,745.0,True
SNTS,2026-05-05,2026-05-15,10,28555.57,28900.0,28950.0,394.4300000000003,50.0,False
SOGC,2026-05-05,2026-05-15,10,7524.16,7600.0,7450.0,74.15999999999985,150.0,True
SPHC,2026-05-05,2026-05-15,10,6727.67,6720.0,7000.0,272.3299999999999,280.0,True
STAC,2026-05-05,2026-05-15,10,1781.04,2950.0,2795.0,1013.96,155.0,True
TTLC,2026-05-05,2026-05-15,10,2722.93,2745.0,2995.0,272.07000000000016,250.0,False
TTLS,2026-05-05,2026-05-15,10,2967.8,3000.0,3025.0,57.19999999999982,25.0,False
UNLC,2026-05-05,2026-05-15,10,65455.91,60500.0,60295.0,5160.9100000000035,205.0,False
UNXC,2026-05-05,2026-05-15,10,1822.75,1885.0,1840.0,17.25,45.0,True
TTLC,2026-05-06,2026-05-15,9,2692.57,2700.0,2995.0,302.42999999999984,295.0,False
TTLS,2026-05-06,2026-05-15,9,2946.26,3005.0,3025.0,78.73999999999978,20.0,False
UNLC,2026-05-06,2026-05-15,9,64012.45,59000.0,60295.0,3717.449999999997,1295.0,True
UNXC,2026-05-06,2026-05-15,9,1821.76,1875.0,1840.0,18.24000000000001,35.0,True
CBIBF,2026-05-07,2026-05-15,8,15164.04,16700.0,18700.0,3535.959999999999,2000.0,False
ABJC,2026-05-07,2026-05-15,8,2846.6,3015.0,2850.0,3.400000000000091,165.0,True
BICB,2026-05-07,2026-05-15,8,5065.53,5200.0,5220.0,154.47000000000025,20.0,False
ABJC,2026-05-06,2026-05-15,9,2829.27,3015.0,2850.0,20.730000000000018,165.0,True
BICB,2026-05-06,2026-05-15,9,5058.97,5125.0,5220.0,161.02999999999975,95.0,False
BNBC,2026-05-06,2026-05-15,9,1344.41,1280.0,1590.0,245.58999999999992,310.0,True
BOAB,2026-05-06,2026-05-15,9,8233.83,9200.0,9410.0,1176.17,210.0,False
BOABF,2026-05-06,2026-05-15,9,5339.42,5405.0,5405.0,65.57999999999993,0.0,True
BOAC,2026-05-06,2026-05-15,9,7859.54,8590.0,8600.0,740.46,10.0,False
BOAM,2026-05-06,2026-05-15,9,4530.05,4690.0,4675.0,144.94999999999982,15.0,True
ECOC,2026-05-08,2026-05-15,7,16120.46,16300.0,16300.0,179.54000000000087,0.0,True
SIBC,2026-05-08,2026-05-15,7,6752.78,7150.0,7300.0,547.2200000000003,150.0,False
SMBC,2026-05-08,2026-05-15,7,11674.0,11900.0,12295.0,621.0,395.0,False
SNTS,2026-05-08,2026-05-15,7,28727.38,28900.0,28950.0,222.61999999999898,50.0,False
SOGC,2026-05-08,2026-05-15,7,7510.8,7400.0,7450.0,60.80000000000018,50.0,True
STAC,2026-05-08,2026-05-15,7,2147.44,2845.0,2795.0,647.56,50.0,True
TTLS,2026-05-08,2026-05-15,7,2943.0,3000.0,3025.0,82.0,25.0,False
UNLC,2026-05-08,2026-05-15,7,62016.69,59000.0,60295.0,1721.6900000000023,1295.0,True
UNXC,2026-05-08,2026-05-15,7,1802.05,1815.0,1840.0,37.950000000000045,25.0,False
ABJC,2026-05-09,2026-05-15,6,2847.57,2975.0,2850.0,2.4299999999998363,125.0,True
BICB,2026-05-11,2026-05-15,4,5088.65,5225.0,5220.0,131.35000000000036,5.0,True
BOAB,2026-05-11,2026-05-15,4,8740.42,9400.0,9410.0,669.5799999999999,10.0,False
BOAM,2026-05-11,2026-05-15,4,4616.64,4700.0,4675.0,58.35999999999967,25.0,True
BOAN,2026-05-11,2026-05-15,4,3488.45,3485.0,3395.0,93.44999999999982,90.0,False
BOAS,2026-05-11,2026-05-15,4,7059.97,7390.0,7555.0,495.02999999999975,165.0,False
CBIBF,2026-05-11,2026-05-15,4,15659.05,16800.0,18700.0,3040.9500000000007,1900.0,False
CFAC,2026-05-11,2026-05-15,4,1322.48,1385.0,1480.0,157.51999999999998,95.0,False
CIEC,2026-05-11,2026-05-15,4,3074.73,3330.0,3300.0,225.26999999999998,30.0,True
ECOC,2026-05-11,2026-05-15,4,16577.66,16800.0,16300.0,277.65999999999985,500.0,True
ETIT,2026-05-11,2026-05-15,4,27.64,30.0,30.0,2.3599999999999994,0.0,True
NEIC,2026-05-11,2026-05-15,4,1513.72,1745.0,1990.0,476.28,245.0,False
NSBC,2026-05-11,2026-05-15,4,14392.52,14010.0,14100.0,292.52000000000044,90.0,True
TTLC,2026-05-12,2026-05-15,3,2828.12,2850.0,2995.0,166.8800000000001,145.0,False
UNLC,2026-05-12,2026-05-15,3,59491.11,59900.0,60295.0,803.8899999999994,395.0,False
NTLC,2026-05-13,2026-05-15,2,11658.42,11700.0,11600.0,58.42000000000007,100.0,True
ONTBF,2026-05-13,2026-05-15,2,2691.39,2680.0,2750.0,58.61000000000013,70.0,True
ORAC,2026-05-13,2026-05-15,2,15010.91,15050.0,15000.0,10.909999999999854,50.0,True
PALC,2026-05-13,2026-05-15,2,7873.7,7850.0,7800.0,73.69999999999982,50.0,False
SICC,2026-05-13,2026-05-15,2,4368.86,4390.0,4380.0,11.140000000000327,10.0,True
SLBC,2026-05-13,2026-05-15,2,37571.05,37500.0,37995.0,423.9499999999971,495.0,True
SMBC,2026-05-13,2026-05-15,2,12313.68,12685.0,12295.0,18.68000000000029,390.0,True
SNTS,2026-05-13,2026-05-15,2,28856.77,28910.0,28950.0,93.22999999999956,40.0,False
SOGC,2026-05-13,2026-05-15,2,7426.99,7400.0,7450.0,23.01000000000022,50.0,True
SPHC,2026-05-13,2026-05-15,2,6997.72,6995.0,7000.0,2.2799999999997453,5.0,True
STAC,2026-05-13,2026-05-15,2,2434.61,2600.0,2795.0,360.3899999999999,195.0,False
BOAN,2026-05-17,2026-05-18,1,3435.75,3445.0,3445.0,9.25,0.0,True
BOAS,2026-05-17,2026-05-18,1,7433.31,7595.0,7595.0,161.6899999999996,0.0,True
CABC,2026-05-17,2026-05-18,1,3639.55,3495.0,3495.0,144.55000000000018,0.0,False
CBIBF,2026-05-17,2026-05-18,1,18535.69,19905.0,19905.0,1369.3100000000013,0.0,True
CFAC,2026-05-17,2026-05-18,1,1501.01,1555.0,1555.0,53.99000000000001,0.0,True
CIEC,2026-05-17,2026-05-18,1,3190.56,3290.0,3290.0,99.44000000000005,0.0,True
ECOC,2026-05-17,2026-05-18,1,16273.81,16300.0,16300.0,26.19000000000051,0.0,True
ETIT,2026-05-17,2026-05-18,1,28.03,29.0,29.0,0.9699999999999989,0.0,True
FTSC,2026-05-17,2026-05-18,1,2260.47,2250.0,2250.0,10.4699999999998,0.0,False
NEIC,2026-05-17,2026-05-18,1,1784.48,1920.0,1920.0,135.51999999999998,0.0,True
NSBC,2026-05-17,2026-05-18,1,15113.33,15000.0,15000.0,113.32999999999993,0.0,False
NTLC,2026-05-17,2026-05-18,1,11738.79,11750.0,11750.0,11.209999999999127,0.0,True
ONTBF,2026-05-17,2026-05-18,1,2781.62,2795.0,2795.0,13.38000000000011,0.0,True
ORAC,2026-05-17,2026-05-18,1,15086.89,15150.0,15150.0,63.11000000000058,0.0,True
ORGT,2026-05-17,2026-05-18,1,2482.02,2435.0,2435.0,47.01999999999998,0.0,False
PALC,2026-05-17,2026-05-18,1,7766.24,7700.0,7700.0,66.23999999999978,0.0,False
SAFC,2026-05-17,2026-05-18,1,3594.56,3990.0,3990.0,395.44000000000005,0.0,True
SDSC,2026-05-17,2026-05-18,1,1746.88,1750.0,1750.0,3.119999999999891,0.0,True
SEMC,2026-05-17,2026-05-18,1,1485.21,1505.0,1505.0,19.789999999999964,0.0,True
SGBC,2026-05-17,2026-05-18,1,35289.45,35985.0,35985.0,695.5500000000029,0.0,True
SHEC,2026-05-17,2026-05-18,1,1897.94,1980.0,1980.0,82.05999999999995,0.0,True
SIBC,2026-05-17,2026-05-18,1,7352.22,7500.0,7500.0,147.77999999999975,0.0,True
SICC,2026-05-17,2026-05-18,1,4282.61,4305.0,4305.0,22.390000000000327,0.0,True
SLBC,2026-05-17,2026-05-18,1,37858.33,37900.0,37900.0,41.669999999998254,0.0,True
SMBC,2026-05-17,2026-05-18,1,12726.74,12895.0,12895.0,168.26000000000022,0.0,True
SNTS,2026-05-17,2026-05-18,1,28849.91,28900.0,28900.0,50.090000000000146,0.0,True
SOGC,2026-05-17,2026-05-18,1,7505.89,7485.0,7485.0,20.890000000000327,0.0,False
SPHC,2026-05-17,2026-05-18,1,6976.48,6985.0,6985.0,8.520000000000437,0.0,True
STAC,2026-05-17,2026-05-18,1,2465.49,2660.0,2660.0,194.51000000000022,0.0,True
TTLC,2026-05-17,2026-05-18,1,2902.33,2910.0,2910.0,7.670000000000073,0.0,True
TTLS,2026-05-17,2026-05-18,1,2966.47,3005.0,3005.0,38.5300000000002,0.0,True
UNLC,2026-05-17,2026-05-18,1,61270.96,59950.0,59950.0,1320.9599999999991,0.0,False
UNXC,2026-05-17,2026-05-18,1,1816.02,1835.0,1835.0,18.980000000000018,0.0,True
ABJC,2026-05-04,2026-05-19,15,2836.13,3215.0,2845.0,8.86999999999989,370.0,True
BICB,2026-05-04,2026-05-19,15,5035.94,5310.0,5105.0,69.0600000000004,205.0,True
BICC,2026-05-04,2026-05-19,15,23351.9,24850.0,26450.0,3098.0999999999985,1600.0,False
BNBC,2026-05-04,2026-05-19,15,1607.56,1565.0,1545.0,62.559999999999945,20.0,False
BOAB,2026-05-04,2026-05-19,15,7761.55,8850.0,9400.0,1638.4499999999998,550.0,False
BOABF,2026-05-04,2026-05-19,15,5426.62,5650.0,5400.0,26.61999999999989,250.0,True
BOAC,2026-05-04,2026-05-19,15,7794.11,9190.0,8655.0,860.8900000000003,535.0,True
BOAM,2026-05-04,2026-05-19,15,4438.56,4670.0,4690.0,251.4399999999996,20.0,False
BOAN,2026-05-04,2026-05-19,15,3681.25,3660.0,3490.0,191.25,170.0,False
BOAS,2026-05-04,2026-05-19,15,6342.06,7045.0,7700.0,1357.9399999999996,655.0,False
CABC,2026-05-04,2026-05-19,15,6819.63,3600.0,3470.0,3349.63,130.0,False
CBIBF,2026-05-04,2026-05-19,15,14272.89,16100.0,20500.0,6227.110000000001,4400.0,False
CFAC,2026-05-04,2026-05-19,15,1246.0,1430.0,1500.0,254.0,70.0,False
CIEC,2026-05-04,2026-05-19,15,2839.42,3250.0,3330.0,490.5799999999999,80.0,False
ECOC,2026-05-04,2026-05-19,15,16119.15,16300.0,16300.0,180.85000000000036,0.0,True
ETIT,2026-05-04,2026-05-19,15,23.94,29.0,30.0,6.059999999999999,1.0,False
FTSC,2026-05-04,2026-05-19,15,2294.25,2195.0,2360.0,65.75,165.0,True
NEIC,2026-05-04,2026-05-19,15,1266.35,1900.0,1940.0,673.6500000000001,40.0,False
NSBC,2026-05-04,2026-05-19,15,15146.73,13900.0,15650.0,503.27000000000044,1750.0,True
NTLC,2026-05-04,2026-05-19,15,12491.84,12340.0,11950.0,541.8400000000001,390.0,False
ONTBF,2026-05-04,2026-05-19,15,2748.43,2795.0,2800.0,51.570000000000164,5.0,False
ORAC,2026-05-04,2026-05-19,15,15134.24,15200.0,15600.0,465.7600000000002,400.0,False
ORGT,2026-05-04,2026-05-19,15,3219.81,3250.0,2495.0,724.81,755.0,True
PALC,2026-05-04,2026-05-19,15,7600.86,7310.0,7700.0,99.14000000000033,390.0,True
SAFC,2026-05-04,2026-05-19,15,1363.58,3610.0,4000.0,2636.42,390.0,False
SDSC,2026-05-04,2026-05-19,15,1746.54,1775.0,1695.0,51.539999999999964,80.0,True
SEMC,2026-05-04,2026-05-19,15,1414.79,1600.0,1500.0,85.21000000000004,100.0,True
SGBC,2026-05-04,2026-05-19,15,33776.57,34095.0,36000.0,2223.4300000000003,1905.0,False
SHEC,2026-05-04,2026-05-19,15,1550.43,1970.0,1975.0,424.56999999999994,5.0,False
SIBC,2026-05-04,2026-05-19,15,6344.36,7080.0,7500.0,1155.6400000000003,420.0,False
SICC,2026-05-04,2026-05-19,15,4137.08,4290.0,4380.0,242.92000000000007,90.0,False
SLBC,2026-05-04,2026-05-19,15,35270.92,35540.0,37900.0,2629.0800000000017,2360.0,False
SMBC,2026-05-04,2026-05-19,15,11602.48,11700.0,12800.0,1197.5200000000004,1100.0,False
SNTS,2026-05-04,2026-05-19,15,28420.16,28700.0,28800.0,379.84000000000015,100.0,False
SOGC,2026-05-04,2026-05-19,15,7310.2,7100.0,7390.0,79.80000000000018,290.0,True
SPHC,2026-05-04,2026-05-19,15,6764.52,6800.0,6890.0,125.47999999999956,90.0,False
STAC,2026-05-04,2026-05-19,15,1631.52,3050.0,2680.0,1048.48,370.0,True
TTLC,2026-05-04,2026-05-19,15,2711.18,2740.0,2905.0,193.82000000000016,165.0,False
TTLS,2026-05-04,2026-05-19,15,2993.67,3250.0,2990.0,3.6700000000000728,260.0,True
UNLC,2026-05-04,2026-05-19,15,67487.36,60500.0,56000.0,11487.36,4500.0,False
UNXC,2026-05-04,2026-05-19,15,1805.69,1900.0,1830.0,24.309999999999945,70.0,True
SIBC,2026-05-06,2026-05-19,13,6486.14,7150.0,7500.0,1013.8599999999997,350.0,False
SICC,2026-05-06,2026-05-19,13,4147.93,4280.0,4380.0,232.0699999999997,100.0,False
SLBC,2026-05-06,2026-05-19,13,36822.39,37400.0,37900.0,1077.6100000000006,500.0,False
SMBC,2026-05-06,2026-05-19,13,11488.35,11500.0,12800.0,1311.6499999999996,1300.0,False
SNTS,2026-05-06,2026-05-19,13,28586.82,28900.0,28800.0,213.1800000000003,100.0,True
SOGC,2026-05-06,2026-05-19,13,7600.53,7500.0,7390.0,210.52999999999975,110.0,False
SPHC,2026-05-06,2026-05-19,13,6735.61,6800.0,6890.0,154.39000000000033,90.0,False
STAC,2026-05-06,2026-05-19,13,1685.73,2800.0,2680.0,994.27,120.0,True
ABJC,2026-05-05,2026-05-19,14,2803.83,3095.0,2845.0,41.17000000000007,250.0,True
BICB,2026-05-05,2026-05-19,14,5041.12,5250.0,5105.0,63.88000000000011,145.0,True
BICC,2026-05-05,2026-05-19,14,23332.05,24445.0,26450.0,3117.9500000000007,2005.0,False
BNBC,2026-05-05,2026-05-19,14,1459.08,1345.0,1545.0,85.92000000000007,200.0,True
BOAB,2026-05-05,2026-05-19,14,7946.6,9250.0,9400.0,1453.3999999999996,150.0,False
BOABF,2026-05-05,2026-05-19,14,5334.7,5410.0,5400.0,65.30000000000018,10.0,True
BOAC,2026-05-05,2026-05-19,14,7748.7,8850.0,8655.0,906.3000000000002,195.0,True
BOAM,2026-05-05,2026-05-19,14,4482.82,4700.0,4690.0,207.1800000000003,10.0,True
BOAN,2026-05-05,2026-05-19,14,3585.17,3500.0,3490.0,95.17000000000007,10.0,False
BOAS,2026-05-05,2026-05-19,14,6478.2,7225.0,7700.0,1221.8000000000002,475.0,False
CABC,2026-05-05,2026-05-19,14,5844.66,3500.0,3470.0,2374.66,30.0,False
CBIBF,2026-05-05,2026-05-19,14,14505.52,16550.0,20500.0,5994.48,3950.0,False
CFAC,2026-05-05,2026-05-19,14,1213.47,1325.0,1500.0,286.53,175.0,False
CIEC,2026-05-05,2026-05-19,14,2803.78,3010.0,3330.0,526.2199999999998,320.0,False
ECOC,2026-05-05,2026-05-19,14,16034.61,16000.0,16300.0,265.3899999999994,300.0,True
ETIT,2026-05-05,2026-05-19,14,24.28,29.0,30.0,5.719999999999999,1.0,False
FTSC,2026-05-05,2026-05-19,14,2306.78,2220.0,2360.0,53.2199999999998,140.0,True
NEIC,2026-05-05,2026-05-19,14,1272.32,1790.0,1940.0,667.6800000000001,150.0,False
NSBC,2026-05-05,2026-05-19,14,15102.64,14000.0,15650.0,547.3600000000006,1650.0,True
NTLC,2026-05-05,2026-05-19,14,12375.42,11900.0,11950.0,425.4200000000001,50.0,True
ONTBF,2026-05-05,2026-05-19,14,2743.83,2780.0,2800.0,56.17000000000007,20.0,False
ORAC,2026-05-05,2026-05-19,14,15077.53,15000.0,15600.0,522.4699999999993,600.0,True
ORGT,2026-05-05,2026-05-19,14,3206.83,3215.0,2495.0,711.8299999999999,720.0,True
PALC,2026-05-05,2026-05-19,14,7571.48,7310.0,7700.0,128.52000000000044,390.0,True
SAFC,2026-05-05,2026-05-19,14,1397.77,3500.0,4000.0,2602.23,500.0,False
SDSC,2026-05-05,2026-05-19,14,1716.64,1725.0,1695.0,21.6400000000001,30.0,True
SEMC,2026-05-05,2026-05-19,14,1401.02,1500.0,1500.0,98.98000000000002,0.0,True
SGBC,2026-05-05,2026-05-19,14,33491.16,33000.0,36000.0,2508.8399999999965,3000.0,True
SHEC,2026-05-05,2026-05-19,14,1537.65,1850.0,1975.0,437.3499999999999,125.0,False
SIBC,2026-05-05,2026-05-19,14,6405.64,7100.0,7500.0,1094.3599999999997,400.0,False
SICC,2026-05-05,2026-05-19,14,4142.86,4290.0,4380.0,237.14000000000033,90.0,False
SLBC,2026-05-05,2026-05-19,14,36133.64,37050.0,37900.0,1766.3600000000006,850.0,False
SMBC,2026-05-05,2026-05-19,14,11542.11,11550.0,12800.0,1257.8899999999994,1250.0,False
SNTS,2026-05-05,2026-05-19,14,28513.84,28900.0,28800.0,286.15999999999985,100.0,True
SOGC,2026-05-05,2026-05-19,14,7556.44,7600.0,7390.0,166.4399999999996,210.0,True
SPHC,2026-05-05,2026-05-19,14,6719.14,6720.0,6890.0,170.85999999999967,170.0,False
STAC,2026-05-05,2026-05-19,14,1661.6,2950.0,2680.0,1018.4000000000001,270.0,True
TTLC,2026-05-05,2026-05-19,14,2717.6,2745.0,2905.0,187.4000000000001,160.0,False
TTLS,2026-05-05,2026-05-19,14,2939.05,3000.0,2990.0,50.94999999999982,10.0,True
UNLC,2026-05-05,2026-05-19,14,66774.12,60500.0,56000.0,10774.119999999995,4500.0,False
UNXC,2026-05-05,2026-05-19,14,1805.13,1885.0,1830.0,24.86999999999989,55.0,True
TTLC,2026-05-06,2026-05-19,13,2687.97,2700.0,2905.0,217.0300000000002,205.0,False
TTLS,2026-05-06,2026-05-19,13,2919.35,3005.0,2990.0,70.65000000000009,15.0,True
UNLC,2026-05-06,2026-05-19,13,65324.33,59000.0,56000.0,9324.330000000002,3000.0,False
UNXC,2026-05-06,2026-05-19,13,1804.15,1875.0,1830.0,25.84999999999991,45.0,True
CBIBF,2026-05-07,2026-05-19,12,14855.78,16700.0,20500.0,5644.219999999999,3800.0,False
ABJC,2026-05-07,2026-05-19,12,2790.2,3015.0,2845.0,54.80000000000018,170.0,True
BICB,2026-05-07,2026-05-19,12,5042.52,5200.0,5105.0,62.47999999999956,95.0,True
BICC,2026-05-07,2026-05-19,12,23762.49,24995.0,26450.0,2687.5099999999984,1455.0,False
ABJC,2026-05-06,2026-05-19,13,2774.36,3015.0,2845.0,70.63999999999987,170.0,True
BICB,2026-05-06,2026-05-19,13,5037.48,5125.0,5105.0,67.52000000000044,20.0,True
BICC,2026-05-06,2026-05-19,13,23561.28,24990.0,26450.0,2888.720000000001,1460.0,False
BNBC,2026-05-06,2026-05-19,13,1356.0,1280.0,1545.0,189.0,265.0,True
BOAB,2026-05-06,2026-05-19,13,8060.39,9200.0,9400.0,1339.6099999999997,200.0,False
BOABF,2026-05-06,2026-05-19,13,5312.54,5405.0,5400.0,87.46000000000004,5.0,True
BOAC,2026-05-06,2026-05-19,13,7678.35,8590.0,8655.0,976.6499999999996,65.0,False
BOAM,2026-05-06,2026-05-19,13,4487.49,4690.0,4690.0,202.51000000000022,0.0,True
BOAN,2026-05-06,2026-05-19,13,3577.13,3580.0,3490.0,87.13000000000011,90.0,True
BOAS,2026-05-06,2026-05-19,13,6571.16,7240.0,7700.0,1128.8400000000001,460.0,False
CABC,2026-05-06,2026-05-19,13,5128.31,3410.0,3470.0,1658.3100000000004,60.0,True
CBIBF,2026-05-06,2026-05-19,13,14691.76,16700.0,20500.0,5808.24,3800.0,False
CFAC,2026-05-06,2026-05-19,13,1236.06,1395.0,1500.0,263.94000000000005,105.0,False
CIEC,2026-05-06,2026-05-19,13,2807.04,3000.0,3330.0,522.96,330.0,False
ECOC,2026-05-06,2026-05-19,13,16019.54,16100.0,16300.0,280.4599999999991,200.0,False
ETIT,2026-05-06,2026-05-19,13,24.63,29.0,30.0,5.370000000000001,1.0,False
FTSC,2026-05-06,2026-05-19,13,2276.49,2195.0,2360.0,83.51000000000022,165.0,True
NEIC,2026-05-06,2026-05-19,13,1329.38,1880.0,1940.0,610.6199999999999,60.0,False
NSBC,2026-05-06,2026-05-19,13,14993.03,14000.0,15650.0,656.9699999999993,1650.0,True
NTLC,2026-05-06,2026-05-19,13,12221.88,11700.0,11950.0,271.8799999999992,250.0,True
ONTBF,2026-05-06,2026-05-19,13,2704.03,2710.0,2800.0,95.9699999999998,90.0,False
ORAC,2026-05-06,2026-05-19,13,15109.63,15200.0,15600.0,490.3700000000008,400.0,False
ORGT,2026-05-06,2026-05-19,13,3100.47,2975.0,2495.0,605.4699999999998,480.0,False
PALC,2026-05-06,2026-05-19,13,7357.87,6995.0,7700.0,342.1300000000001,705.0,True
SAFC,2026-05-06,2026-05-19,13,1495.98,3500.0,4000.0,2504.02,500.0,False
SDSC,2026-05-06,2026-05-19,13,1696.31,1700.0,1695.0,1.3099999999999454,5.0,True
SEMC,2026-05-06,2026-05-19,13,1392.05,1495.0,1500.0,107.95000000000005,5.0,False
SGBC,2026-05-06,2026-05-19,13,33322.7,33100.0,36000.0,2677.300000000003,2900.0,True
SHEC,2026-05-06,2026-05-19,13,1551.43,1845.0,1975.0,423.56999999999994,130.0,False
BNBC,2026-05-07,2026-05-19,12,1374.03,1350.0,1545.0,170.97000000000003,195.0,True
BOAB,2026-05-07,2026-05-19,12,8205.05,9340.0,9400.0,1194.9500000000007,60.0,False
BOABF,2026-05-07,2026-05-19,12,5315.23,5405.0,5400.0,84.77000000000044,5.0,True
BOAC,2026-05-07,2026-05-19,12,7828.83,8785.0,8655.0,826.1700000000001,130.0,True
BOAM,2026-05-07,2026-05-19,12,4503.61,4680.0,4690.0,186.39000000000033,10.0,False
BOAN,2026-05-07,2026-05-19,12,3535.03,3500.0,3490.0,45.0300000000002,10.0,False
BOAS,2026-05-07,2026-05-19,12,6635.57,7225.0,7700.0,1064.4300000000003,475.0,False
CABC,2026-05-07,2026-05-19,12,4792.56,3410.0,3470.0,1322.5600000000004,60.0,True
CFAC,2026-05-07,2026-05-19,12,1261.45,1400.0,1500.0,238.54999999999995,100.0,False
CIEC,2026-05-07,2026-05-19,12,2876.94,3200.0,3330.0,453.05999999999995,130.0,False
ECOC,2026-05-07,2026-05-19,12,16018.7,16100.0,16300.0,281.2999999999993,200.0,False
ETIT,2026-05-07,2026-05-19,12,25.02,29.0,30.0,4.98,1.0,False
FTSC,2026-05-07,2026-05-19,12,2269.3,2200.0,2360.0,90.69999999999982,160.0,True
NEIC,2026-05-07,2026-05-19,12,1321.83,1715.0,1940.0,618.1700000000001,225.0,False
NSBC,2026-05-07,2026-05-19,12,14877.14,14010.0,15650.0,772.8600000000006,1640.0,True
NTLC,2026-05-07,2026-05-19,12,12152.67,11900.0,11950.0,202.67000000000007,50.0,True
ONTBF,2026-05-07,2026-05-19,12,2688.54,2710.0,2800.0,111.46000000000004,90.0,False
ORAC,2026-05-07,2026-05-19,12,15136.76,15200.0,15600.0,463.2399999999998,400.0,False
ORGT,2026-05-07,2026-05-19,12,3041.21,2975.0,2495.0,546.21,480.0,False
PALC,2026-05-07,2026-05-19,12,7709.28,7800.0,7700.0,9.279999999999745,100.0,True
SAFC,2026-05-07,2026-05-19,12,1611.89,3500.0,4000.0,2388.1099999999997,500.0,False
SDSC,2026-05-07,2026-05-19,12,1683.01,1685.0,1695.0,11.990000000000009,10.0,False
SEMC,2026-05-07,2026-05-19,12,1377.08,1450.0,1500.0,122.92000000000007,50.0,False
SGBC,2026-05-07,2026-05-19,12,33305.45,33400.0,36000.0,2694.550000000003,2600.0,False
SHEC,2026-05-07,2026-05-19,12,1573.7,1840.0,1975.0,401.29999999999995,135.0,False
SIBC,2026-05-07,2026-05-19,12,6499.01,7050.0,7500.0,1000.9899999999998,450.0,False
SICC,2026-05-07,2026-05-19,12,4164.16,4285.0,4380.0,215.84000000000015,95.0,False
SLBC,2026-05-07,2026-05-19,12,37177.52,37500.0,37900.0,722.4800000000032,400.0,False
SMBC,2026-05-07,2026-05-19,12,11466.73,11500.0,12800.0,1333.2700000000004,1300.0,False
SNTS,2026-05-07,2026-05-19,12,28640.94,28900.0,28800.0,159.0600000000013,100.0,True
SOGC,2026-05-07,2026-05-19,12,7604.39,7500.0,7390.0,214.39000000000033,110.0,False
SPHC,2026-05-07,2026-05-19,12,6926.79,7175.0,6890.0,36.789999999999964,285.0,True
STAC,2026-05-07,2026-05-19,12,1796.36,2850.0,2680.0,883.6400000000001,170.0,True
TTLC,2026-05-07,2026-05-19,12,2715.14,2740.0,2905.0,189.86000000000013,165.0,False
TTLS,2026-05-07,2026-05-19,12,2915.41,3005.0,2990.0,74.59000000000015,15.0,True
UNLC,2026-05-07,2026-05-19,12,64184.88,59000.0,56000.0,8184.879999999997,3000.0,False
UNXC,2026-05-07,2026-05-19,12,1803.2,1865.0,1830.0,26.799999999999955,35.0,True
ABJC,2026-05-08,2026-05-19,11,2819.06,3020.0,2845.0,25.940000000000055,175.0,True
BICB,2026-05-08,2026-05-19,11,5041.41,5120.0,5105.0,63.590000000000146,15.0,True
BICC,2026-05-08,2026-05-19,11,24002.85,25200.0,26450.0,2447.1500000000015,1250.0,False
BNBC,2026-05-08,2026-05-19,11,1375.1,1335.0,1545.0,169.9000000000001,210.0,True
BOAB,2026-05-08,2026-05-19,11,8317.93,9300.0,9400.0,1082.0699999999997,100.0,False
BOABF,2026-05-08,2026-05-19,11,5319.36,5400.0,5400.0,80.64000000000033,0.0,True
BOAC,2026-05-08,2026-05-19,11,7902.62,8650.0,8655.0,752.3800000000001,5.0,False
BOAM,2026-05-08,2026-05-19,11,4537.77,4690.0,4690.0,152.22999999999956,0.0,True
BOAN,2026-05-08,2026-05-19,11,3513.77,3500.0,3490.0,23.769999999999982,10.0,False
BOAS,2026-05-08,2026-05-19,11,6723.46,7265.0,7700.0,976.54,435.0,False
CABC,2026-05-08,2026-05-19,11,4511.6,3400.0,3470.0,1041.6000000000004,70.0,True
CBIBF,2026-05-08,2026-05-19,11,14995.0,16600.0,20500.0,5505.0,3900.0,False
CFAC,2026-05-08,2026-05-19,11,1282.76,1400.0,1500.0,217.24,100.0,False
CIEC,2026-05-08,2026-05-19,11,2945.93,3345.0,3330.0,384.07000000000016,15.0,True
ECOC,2026-05-08,2026-05-19,11,16094.34,16300.0,16300.0,205.65999999999985,0.0,True
ETIT,2026-05-08,2026-05-19,11,25.81,30.0,30.0,4.190000000000001,0.0,True
FTSC,2026-05-08,2026-05-19,11,2260.53,2200.0,2360.0,99.4699999999998,160.0,True
NEIC,2026-05-08,2026-05-19,11,1360.58,1745.0,1940.0,579.4200000000001,195.0,False
NSBC,2026-05-08,2026-05-19,11,14745.87,14000.0,15650.0,904.1299999999992,1650.0,True
NTLC,2026-05-08,2026-05-19,11,12051.08,11700.0,11950.0,101.07999999999993,250.0,True
ONTBF,2026-05-08,2026-05-19,11,2724.36,2775.0,2800.0,75.63999999999987,25.0,False
ORAC,2026-05-08,2026-05-19,11,15041.64,14900.0,15600.0,558.3600000000006,700.0,True
ORGT,2026-05-08,2026-05-19,11,2914.66,2755.0,2495.0,419.65999999999985,260.0,False
PALC,2026-05-08,2026-05-19,11,7945.16,7900.0,7700.0,245.15999999999985,200.0,False
SAFC,2026-05-08,2026-05-19,11,1743.38,3500.0,4000.0,2256.62,500.0,False
SDSC,2026-05-08,2026-05-19,11,1757.13,1800.0,1695.0,62.13000000000011,105.0,True
SEMC,2026-05-08,2026-05-19,11,1394.44,1525.0,1500.0,105.55999999999995,25.0,True
SGBC,2026-05-08,2026-05-19,11,33420.86,33800.0,36000.0,2579.1399999999994,2200.0,False
SHEC,2026-05-08,2026-05-19,11,1622.0,1895.0,1975.0,353.0,80.0,False
SIBC,2026-05-08,2026-05-19,11,6607.82,7150.0,7500.0,892.1800000000003,350.0,False
SICC,2026-05-08,2026-05-19,11,4193.74,4300.0,4380.0,186.26000000000022,80.0,False
SLBC,2026-05-08,2026-05-19,11,37293.79,37500.0,37900.0,606.2099999999991,400.0,False
SMBC,2026-05-08,2026-05-19,11,11656.71,11900.0,12800.0,1143.2900000000009,900.0,False
SNTS,2026-05-08,2026-05-19,11,28682.87,28900.0,28800.0,117.13000000000102,100.0,True
SOGC,2026-05-08,2026-05-19,11,7543.17,7400.0,7390.0,153.17000000000007,10.0,False
SPHC,2026-05-08,2026-05-19,11,6999.14,7100.0,6890.0,109.14000000000033,210.0,True
STAC,2026-05-08,2026-05-19,11,1896.98,2845.0,2680.0,783.02,165.0,True
TTLC,2026-05-08,2026-05-19,11,2706.85,2720.0,2905.0,198.1500000000001,185.0,False
TTLS,2026-05-08,2026-05-19,11,2916.36,3000.0,2990.0,73.63999999999987,10.0,True
UNLC,2026-05-08,2026-05-19,11,63302.77,59000.0,56000.0,7302.769999999997,3000.0,False
UNXC,2026-05-08,2026-05-19,11,1784.92,1815.0,1830.0,45.07999999999993,15.0,False
ABJC,2026-05-09,2026-05-19,10,2790.75,2975.0,2845.0,54.25,130.0,True
BICB,2026-05-09,2026-05-19,10,5044.34,5225.0,5105.0,60.659999999999854,120.0,True
BICC,2026-05-09,2026-05-19,10,24359.29,26000.0,26450.0,2090.709999999999,450.0,False
BNBC,2026-05-09,2026-05-19,10,1351.0,1300.0,1545.0,194.0,245.0,True
BOAB,2026-05-09,2026-05-19,10,8363.29,9400.0,9400.0,1036.7099999999991,0.0,True
BOABF,2026-05-09,2026-05-19,10,5312.86,5400.0,5400.0,87.14000000000033,0.0,True
BOAC,2026-05-09,2026-05-19,10,7924.14,8705.0,8655.0,730.8599999999997,50.0,True
BOAM,2026-05-09,2026-05-19,10,4543.85,4700.0,4690.0,146.14999999999964,10.0,True
BOAN,2026-05-09,2026-05-19,10,3498.87,3485.0,3490.0,8.86999999999989,5.0,True
BOAS,2026-05-09,2026-05-19,10,6793.87,7390.0,7700.0,906.1300000000001,310.0,False
CABC,2026-05-09,2026-05-19,10,4691.1,3500.0,3470.0,1221.1000000000004,30.0,False
CBIBF,2026-05-09,2026-05-19,10,15069.29,16800.0,20500.0,5430.709999999999,3700.0,False
CFAC,2026-05-09,2026-05-19,10,1278.02,1385.0,1500.0,221.98000000000002,115.0,False
CIEC,2026-05-09,2026-05-19,10,2949.37,3330.0,3330.0,380.6300000000001,0.0,True
ECOC,2026-05-09,2026-05-19,10,16311.9,16800.0,16300.0,11.899999999999636,500.0,True
ETIT,2026-05-09,2026-05-19,10,25.98,30.0,30.0,4.02,0.0,True
FTSC,2026-05-09,2026-05-19,10,2278.29,2220.0,2360.0,81.71000000000004,140.0,True
NEIC,2026-05-09,2026-05-19,10,1364.79,1745.0,1940.0,575.21,195.0,False
NSBC,2026-05-09,2026-05-19,10,14754.0,14010.0,15650.0,896.0,1640.0,True
NTLC,2026-05-09,2026-05-19,10,11978.36,11650.0,11950.0,28.360000000000582,300.0,True
ONTBF,2026-05-09,2026-05-19,10,2731.87,2760.0,2800.0,68.13000000000011,40.0,False
ORAC,2026-05-09,2026-05-19,10,14979.53,14920.0,15600.0,620.4699999999993,680.0,True
ORGT,2026-05-09,2026-05-19,10,2748.93,2550.0,2495.0,253.92999999999984,55.0,False
PALC,2026-05-09,2026-05-19,10,7991.38,7800.0,7700.0,291.3800000000001,100.0,False
SAFC,2026-05-09,2026-05-19,10,1733.7,3500.0,4000.0,2266.3,500.0,False
SDSC,2026-05-09,2026-05-19,10,1731.88,1745.0,1695.0,36.88000000000011,50.0,True
SEMC,2026-05-09,2026-05-19,10,1400.47,1525.0,1500.0,99.52999999999997,25.0,True
SGBC,2026-05-09,2026-05-19,10,33687.04,34500.0,36000.0,2312.959999999999,1500.0,False
SHEC,2026-05-09,2026-05-19,10,1644.9,1945.0,1975.0,330.0999999999999,30.0,False
SIBC,2026-05-09,2026-05-19,10,6586.14,7095.0,7500.0,913.8599999999997,405.0,False
SICC,2026-05-09,2026-05-19,10,4191.39,4290.0,4380.0,188.60999999999967,90.0,False
SLBC,2026-05-09,2026-05-19,10,37282.29,37500.0,37900.0,617.7099999999991,400.0,False
SMBC,2026-05-09,2026-05-19,10,11802.25,11995.0,12800.0,997.75,805.0,False
SNTS,2026-05-09,2026-05-19,10,28696.14,28900.0,28800.0,103.86000000000058,100.0,True
SOGC,2026-05-09,2026-05-19,10,7518.73,7390.0,7390.0,128.72999999999956,0.0,False
SPHC,2026-05-09,2026-05-19,10,7003.48,7050.0,6890.0,113.47999999999956,160.0,True
STAC,2026-05-09,2026-05-19,10,1806.19,2660.0,2680.0,873.81,20.0,False
TTLC,2026-05-09,2026-05-19,10,2726.55,2750.0,2905.0,178.44999999999982,155.0,False
TTLS,2026-05-09,2026-05-19,10,2891.19,2950.0,2990.0,98.80999999999995,40.0,False
UNLC,2026-05-09,2026-05-19,10,61668.1,56000.0,56000.0,5668.0999999999985,0.0,False
UNXC,2026-05-09,2026-05-19,10,1765.01,1805.0,1830.0,64.99000000000001,25.0,False
ABJC,2026-05-10,2026-05-19,9,2781.02,2975.0,2845.0,63.98000000000002,130.0,True
BICB,2026-05-10,2026-05-19,9,5047.38,5225.0,5105.0,57.61999999999989,120.0,True
BICC,2026-05-10,2026-05-19,9,24557.33,26000.0,26450.0,1892.6699999999983,450.0,False
BNBC,2026-05-10,2026-05-19,9,1340.08,1300.0,1545.0,204.92000000000007,245.0,True
BOAB,2026-05-10,2026-05-19,9,8385.99,9400.0,9400.0,1014.0100000000002,0.0,True
BOABF,2026-05-10,2026-05-19,9,5308.47,5400.0,5400.0,91.52999999999975,0.0,True
BOAC,2026-05-10,2026-05-19,9,7935.09,8705.0,8655.0,719.9099999999999,50.0,True
BOAM,2026-05-10,2026-05-19,9,4541.39,4700.0,4690.0,148.60999999999967,10.0,True
BOAN,2026-05-10,2026-05-19,9,3493.68,3485.0,3490.0,3.6799999999998363,5.0,True
BOAS,2026-05-10,2026-05-19,9,6813.88,7390.0,7700.0,886.1199999999999,310.0,False
CABC,2026-05-10,2026-05-19,9,4694.41,3500.0,3470.0,1224.4099999999999,30.0,False
CBIBF,2026-05-10,2026-05-19,9,15085.58,16800.0,20500.0,5414.42,3700.0,False
CFAC,2026-05-10,2026-05-19,9,1275.29,1385.0,1500.0,224.71000000000004,115.0,False
CIEC,2026-05-10,2026-05-19,9,2955.6,3330.0,3330.0,374.4000000000001,0.0,True
ECOC,2026-05-10,2026-05-19,9,16445.99,16800.0,16300.0,145.9900000000016,500.0,True
ETIT,2026-05-10,2026-05-19,9,26.01,30.0,30.0,3.9899999999999984,0.0,True
FTSC,2026-05-10,2026-05-19,9,2279.65,2220.0,2360.0,80.34999999999991,140.0,True
NEIC,2026-05-10,2026-05-19,9,1365.0,1745.0,1940.0,575.0,195.0,False
NSBC,2026-05-10,2026-05-19,9,14756.71,14010.0,15650.0,893.2900000000009,1640.0,True
NTLC,2026-05-10,2026-05-19,9,11927.71,11650.0,11950.0,22.290000000000873,300.0,True
ONTBF,2026-05-10,2026-05-19,9,2733.36,2760.0,2800.0,66.63999999999987,40.0,False
ORAC,2026-05-10,2026-05-19,9,14943.75,14920.0,15600.0,656.25,680.0,True
ORGT,2026-05-10,2026-05-19,9,2656.69,2550.0,2495.0,161.69000000000005,55.0,False
PALC,2026-05-10,2026-05-19,9,7991.77,7800.0,7700.0,291.77000000000044,100.0,False
SAFC,2026-05-10,2026-05-19,9,1735.1,3500.0,4000.0,2264.9,500.0,False
SDSC,2026-05-10,2026-05-19,9,1728.43,1745.0,1695.0,33.430000000000064,50.0,True
SEMC,2026-05-10,2026-05-19,9,1405.49,1525.0,1500.0,94.50999999999999,25.0,True
SGBC,2026-05-10,2026-05-19,9,33862.61,34500.0,36000.0,2137.3899999999994,1500.0,False
SHEC,2026-05-10,2026-05-19,9,1647.17,1945.0,1975.0,327.8299999999999,30.0,False
SIBC,2026-05-10,2026-05-19,9,6582.75,7095.0,7500.0,917.25,405.0,False
SICC,2026-05-10,2026-05-19,9,4188.48,4290.0,4380.0,191.52000000000044,90.0,False
SLBC,2026-05-10,2026-05-19,9,37260.45,37500.0,37900.0,639.5500000000029,400.0,False
SMBC,2026-05-10,2026-05-19,9,11868.96,11995.0,12800.0,931.0400000000009,805.0,False
SNTS,2026-05-10,2026-05-19,9,28705.16,28900.0,28800.0,94.84000000000015,100.0,True
SOGC,2026-05-10,2026-05-19,9,7509.58,7390.0,7390.0,119.57999999999993,0.0,False
SPHC,2026-05-10,2026-05-19,9,7003.78,7050.0,6890.0,113.77999999999975,160.0,True
STAC,2026-05-10,2026-05-19,9,1825.5,2660.0,2680.0,854.5,20.0,False
TTLC,2026-05-10,2026-05-19,9,2729.79,2750.0,2905.0,175.21000000000004,155.0,False
TTLS,2026-05-10,2026-05-19,9,2878.07,2950.0,2990.0,111.92999999999984,40.0,False
UNLC,2026-05-10,2026-05-19,9,60683.68,56000.0,56000.0,4683.68,0.0,False
UNXC,2026-05-10,2026-05-19,9,1754.83,1805.0,1830.0,75.17000000000007,25.0,False
ABJC,2026-05-11,2026-05-19,8,2806.87,2975.0,2845.0,38.13000000000011,130.0,True
BICB,2026-05-11,2026-05-19,8,5061.5,5225.0,5105.0,43.5,120.0,True
BICC,2026-05-11,2026-05-19,8,24800.2,26000.0,26450.0,1649.7999999999993,450.0,False
BNBC,2026-05-11,2026-05-19,8,1331.72,1300.0,1545.0,213.27999999999997,245.0,True
BOAB,2026-05-11,2026-05-19,8,8502.59,9400.0,9400.0,897.4099999999999,0.0,True
BOABF,2026-05-11,2026-05-19,8,5319.01,5400.0,5400.0,80.98999999999978,0.0,True
BOAC,2026-05-11,2026-05-19,8,8043.68,8705.0,8655.0,611.3199999999997,50.0,True
BOAM,2026-05-11,2026-05-19,8,4565.43,4700.0,4690.0,124.56999999999971,10.0,True
BOAN,2026-05-11,2026-05-19,8,3491.47,3485.0,3490.0,1.4699999999998,5.0,True
BOAS,2026-05-11,2026-05-19,8,6894.25,7390.0,7700.0,805.75,310.0,False
CABC,2026-05-11,2026-05-19,8,4403.55,3500.0,3470.0,933.5500000000002,30.0,False
CBIBF,2026-05-11,2026-05-19,8,15266.66,16800.0,20500.0,5233.34,3700.0,False
CFAC,2026-05-11,2026-05-19,8,1290.03,1385.0,1500.0,209.97000000000003,115.0,False
CIEC,2026-05-11,2026-05-19,8,2994.31,3330.0,3330.0,335.69000000000005,0.0,True
ECOC,2026-05-11,2026-05-19,8,16539.65,16800.0,16300.0,239.65000000000146,500.0,True
ETIT,2026-05-11,2026-05-19,8,26.51,30.0,30.0,3.4899999999999984,0.0,True
FTSC,2026-05-11,2026-05-19,8,2269.82,2220.0,2360.0,90.17999999999984,140.0,True
NEIC,2026-05-11,2026-05-19,8,1407.73,1745.0,1940.0,532.27,195.0,False
NSBC,2026-05-11,2026-05-19,8,14632.76,14010.0,15650.0,1017.2399999999998,1640.0,True
NTLC,2026-05-11,2026-05-19,8,11872.34,11650.0,11950.0,77.65999999999985,300.0,True
ONTBF,2026-05-11,2026-05-19,8,2737.34,2760.0,2800.0,62.659999999999854,40.0,False
ORAC,2026-05-11,2026-05-19,8,14926.65,14920.0,15600.0,673.3500000000004,680.0,True
ORGT,2026-05-11,2026-05-19,8,2609.27,2550.0,2495.0,114.26999999999998,55.0,False
PALC,2026-05-11,2026-05-19,8,7959.67,7800.0,7700.0,259.6700000000001,100.0,False
SAFC,2026-05-11,2026-05-19,8,1930.77,3500.0,4000.0,2069.23,500.0,False
SDSC,2026-05-11,2026-05-19,8,1730.79,1745.0,1695.0,35.789999999999964,50.0,True
SEMC,2026-05-11,2026-05-19,8,1422.91,1525.0,1500.0,77.08999999999992,25.0,True
SGBC,2026-05-11,2026-05-19,8,34005.7,34500.0,36000.0,1994.300000000003,1500.0,False
SHEC,2026-05-11,2026-05-19,8,1680.13,1945.0,1975.0,294.8699999999999,30.0,False
SIBC,2026-05-11,2026-05-19,8,6650.43,7095.0,7500.0,849.5699999999997,405.0,False
SICC,2026-05-11,2026-05-19,8,4204.28,4290.0,4380.0,175.72000000000025,90.0,False
SLBC,2026-05-11,2026-05-19,8,37286.27,37500.0,37900.0,613.7300000000032,400.0,False
SMBC,2026-05-11,2026-05-19,8,11907.01,11995.0,12800.0,892.9899999999998,805.0,False
SNTS,2026-05-11,2026-05-19,8,28733.18,28900.0,28800.0,66.81999999999971,100.0,True
SOGC,2026-05-11,2026-05-19,8,7489.36,7390.0,7390.0,99.35999999999967,0.0,False
SPHC,2026-05-11,2026-05-19,8,7010.95,7050.0,6890.0,120.94999999999982,160.0,True
STAC,2026-05-11,2026-05-19,8,1949.61,2660.0,2680.0,730.3900000000001,20.0,False
TTLC,2026-05-11,2026-05-19,8,2732.72,2750.0,2905.0,172.2800000000002,155.0,False
TTLS,2026-05-11,2026-05-19,8,2882.29,2950.0,2990.0,107.71000000000004,40.0,False
UNLC,2026-05-11,2026-05-19,8,59588.6,56000.0,56000.0,3588.5999999999985,0.0,False
UNXC,2026-05-11,2026-05-19,8,1758.35,1805.0,1830.0,71.65000000000009,25.0,False
ABJC,2026-05-12,2026-05-19,7,2840.88,2985.0,2845.0,4.119999999999891,140.0,True
BICB,2026-05-12,2026-05-19,7,5069.37,5170.0,5105.0,35.63000000000011,65.0,True
BICC,2026-05-12,2026-05-19,7,25084.26,26200.0,26450.0,1365.7400000000016,250.0,False
BNBC,2026-05-12,2026-05-19,7,1390.46,1395.0,1545.0,154.53999999999996,150.0,False
BOAB,2026-05-12,2026-05-19,7,8626.09,9405.0,9400.0,773.9099999999999,5.0,True
BOABF,2026-05-12,2026-05-19,7,5336.49,5410.0,5400.0,63.51000000000022,10.0,True
BOAC,2026-05-12,2026-05-19,7,8123.79,8650.0,8655.0,531.21,5.0,False
BOAM,2026-05-12,2026-05-19,7,4575.02,4685.0,4690.0,114.97999999999956,5.0,False
BOAN,2026-05-12,2026-05-19,7,3470.42,3450.0,3490.0,19.579999999999927,40.0,True
BOAS,2026-05-12,2026-05-19,7,7009.87,7450.0,7700.0,690.1300000000001,250.0,False
CABC,2026-05-12,2026-05-19,7,4160.53,3500.0,3470.0,690.5299999999997,30.0,False
CBIBF,2026-05-12,2026-05-19,7,15462.14,16800.0,20500.0,5037.860000000001,3700.0,False
CFAC,2026-05-12,2026-05-19,7,1303.34,1380.0,1500.0,196.66000000000008,120.0,False
CIEC,2026-05-12,2026-05-19,7,2989.53,3200.0,3330.0,340.4699999999998,130.0,False
ECOC,2026-05-12,2026-05-19,7,16386.73,16200.0,16300.0,86.72999999999956,100.0,True
ETIT,2026-05-12,2026-05-19,7,27.03,30.0,30.0,2.969999999999999,0.0,True
FTSC,2026-05-12,2026-05-19,7,2242.39,2200.0,2360.0,117.61000000000013,160.0,True
NEIC,2026-05-12,2026-05-19,7,1505.24,1850.0,1940.0,434.76,90.0,False
NSBC,2026-05-12,2026-05-19,7,14383.59,13850.0,15650.0,1266.4099999999999,1800.0,True
NTLC,2026-05-12,2026-05-19,7,11688.07,11150.0,11950.0,261.9300000000003,800.0,True
ONTBF,2026-05-12,2026-05-19,7,2705.25,2700.0,2800.0,94.75,100.0,True
ORAC,2026-05-12,2026-05-19,7,14988.83,15100.0,15600.0,611.1700000000001,500.0,False
ORGT,2026-05-12,2026-05-19,7,2669.42,2740.0,2495.0,174.42000000000007,245.0,True
PALC,2026-05-12,2026-05-19,7,7930.26,7800.0,7700.0,230.26000000000022,100.0,False
SAFC,2026-05-12,2026-05-19,7,2178.97,3485.0,4000.0,1821.0300000000002,515.0,False
SDSC,2026-05-12,2026-05-19,7,1701.64,1700.0,1695.0,6.6400000000001,5.0,False
SEMC,2026-05-12,2026-05-19,7,1432.88,1505.0,1500.0,67.11999999999989,5.0,True
SGBC,2026-05-12,2026-05-19,7,34202.84,34800.0,36000.0,1797.1600000000035,1200.0,False
SHEC,2026-05-12,2026-05-19,7,1745.57,2000.0,1975.0,229.43000000000006,25.0,True
SIBC,2026-05-12,2026-05-19,7,6752.65,7140.0,7500.0,747.3500000000004,360.0,False
SICC,2026-05-12,2026-05-19,7,4306.52,4400.0,4380.0,73.47999999999956,20.0,True
SLBC,2026-05-12,2026-05-19,7,37550.93,37900.0,37900.0,349.0699999999997,0.0,True
SMBC,2026-05-12,2026-05-19,7,11981.93,12100.0,12800.0,818.0699999999997,700.0,False
SNTS,2026-05-12,2026-05-19,7,28793.19,29000.0,28800.0,6.81000000000131,200.0,True
SOGC,2026-05-12,2026-05-19,7,7473.8,7395.0,7390.0,83.80000000000018,5.0,False
SPHC,2026-05-12,2026-05-19,7,6993.98,7000.0,6890.0,103.97999999999956,110.0,True
STAC,2026-05-12,2026-05-19,7,1967.02,2515.0,2680.0,712.98,165.0,False
TTLC,2026-05-12,2026-05-19,7,2814.78,2850.0,2905.0,90.2199999999998,55.0,False
TTLS,2026-05-12,2026-05-19,7,2869.73,2900.0,2990.0,120.26999999999998,90.0,False
UNLC,2026-05-12,2026-05-19,7,60797.76,59900.0,56000.0,4797.760000000002,3900.0,False
UNXC,2026-05-12,2026-05-19,7,1777.82,1835.0,1830.0,52.180000000000064,5.0,True
ABJC,2026-05-13,2026-05-19,6,2869.17,2980.0,2845.0,24.170000000000073,135.0,True
BICB,2026-05-13,2026-05-19,6,5082.89,5200.0,5105.0,22.109999999999673,95.0,True
BICC,2026-05-13,2026-05-19,6,25376.87,26300.0,26450.0,1073.130000000001,150.0,False
BNBC,2026-05-13,2026-05-19,6,1477.78,1495.0,1545.0,67.22000000000003,50.0,False
BOAB,2026-05-13,2026-05-19,6,8765.84,9420.0,9400.0,634.1599999999999,20.0,True
BOABF,2026-05-13,2026-05-19,6,5352.02,5410.0,5400.0,47.97999999999956,10.0,True
BOAC,2026-05-13,2026-05-19,6,8188.58,8585.0,8655.0,466.4200000000001,70.0,False
BOAM,2026-05-13,2026-05-19,6,4600.41,4680.0,4690.0,89.59000000000015,10.0,False
BOAN,2026-05-13,2026-05-19,6,3452.79,3440.0,3490.0,37.210000000000036,50.0,True
BOAS,2026-05-13,2026-05-19,6,7137.98,7500.0,7700.0,562.0200000000004,200.0,False
CABC,2026-05-13,2026-05-19,6,3827.08,3400.0,3470.0,357.0799999999999,70.0,True
CBIBF,2026-05-13,2026-05-19,6,15925.58,17400.0,20500.0,4574.42,3100.0,False
CFAC,2026-05-13,2026-05-19,6,1318.34,1380.0,1500.0,181.66000000000008,120.0,False
CIEC,2026-05-13,2026-05-19,6,3062.15,3295.0,3330.0,267.8499999999999,35.0,False
ECOC,2026-05-13,2026-05-19,6,16290.71,16200.0,16300.0,9.290000000000873,100.0,True
ETIT,2026-05-13,2026-05-19,6,27.61,30.0,30.0,2.3900000000000006,0.0,True
FTSC,2026-05-13,2026-05-19,6,2267.81,2240.0,2360.0,92.19000000000005,120.0,True
NEIC,2026-05-13,2026-05-19,6,1600.16,1890.0,1940.0,339.8399999999999,50.0,False
NSBC,2026-05-13,2026-05-19,6,14202.58,13810.0,15650.0,1447.42,1840.0,True
NTLC,2026-05-13,2026-05-19,6,11691.93,11700.0,11950.0,258.0699999999997,250.0,False
ONTBF,2026-05-13,2026-05-19,6,2680.58,2680.0,2800.0,119.42000000000007,120.0,True
ORAC,2026-05-13,2026-05-19,6,15015.42,15050.0,15600.0,584.5799999999999,550.0,False
ORGT,2026-05-13,2026-05-19,6,2704.31,2740.0,2495.0,209.30999999999995,245.0,True
PALC,2026-05-13,2026-05-19,6,7931.02,7850.0,7700.0,231.02000000000044,150.0,False
SAFC,2026-05-13,2026-05-19,6,2821.53,3745.0,4000.0,1178.4699999999998,255.0,False
SDSC,2026-05-13,2026-05-19,6,1730.46,1745.0,1695.0,35.460000000000036,50.0,True
SEMC,2026-05-13,2026-05-19,6,1441.9,1500.0,1500.0,58.09999999999991,0.0,True
SGBC,2026-05-13,2026-05-19,6,34412.37,34990.0,36000.0,1587.6299999999974,1010.0,False
SHEC,2026-05-13,2026-05-19,6,1764.99,1940.0,1975.0,210.01,35.0,False
SIBC,2026-05-13,2026-05-19,6,6946.2,7295.0,7500.0,553.8000000000002,205.0,False
SICC,2026-05-13,2026-05-19,6,4351.14,4390.0,4380.0,28.859999999999673,10.0,True
SLBC,2026-05-13,2026-05-19,6,37490.59,37500.0,37900.0,409.4100000000035,400.0,False
SMBC,2026-05-13,2026-05-19,6,12319.89,12685.0,12800.0,480.1100000000006,115.0,False
SNTS,2026-05-13,2026-05-19,6,28812.97,28910.0,28800.0,12.970000000001164,110.0,True
SOGC,2026-05-13,2026-05-19,6,7460.31,7400.0,7390.0,70.3100000000004,10.0,False
SPHC,2026-05-13,2026-05-19,6,6984.7,6995.0,6890.0,94.69999999999982,105.0,True
STAC,2026-05-13,2026-05-19,6,2174.81,2600.0,2680.0,505.19000000000005,80.0,False
TTLC,2026-05-13,2026-05-19,6,3005.88,3060.0,2905.0,100.88000000000011,155.0,True
TTLS,2026-05-13,2026-05-19,6,2844.55,2845.0,2990.0,145.44999999999982,145.0,False
UNLC,2026-05-13,2026-05-19,6,59476.91,56100.0,56000.0,3476.9100000000035,100.0,False
UNXC,2026-05-13,2026-05-19,6,1788.81,1825.0,1830.0,41.190000000000055,5.0,False
ABJC,2026-05-14,2026-05-19,5,2779.3,2850.0,2845.0,65.69999999999982,5.0,True
BICB,2026-05-14,2026-05-19,5,5085.94,5220.0,5105.0,19.0600000000004,115.0,True
BICC,2026-05-14,2026-05-19,5,25478.91,26400.0,26450.0,971.0900000000001,50.0,False
BNBC,2026-05-14,2026-05-19,5,1569.41,1590.0,1545.0,24.410000000000082,45.0,True
BOAB,2026-05-14,2026-05-19,5,8768.88,9410.0,9400.0,631.1200000000008,10.0,True
BOABF,2026-05-14,2026-05-19,5,5348.86,5405.0,5400.0,51.14000000000033,5.0,True
BOAC,2026-05-14,2026-05-19,5,8184.62,8600.0,8655.0,470.3800000000001,55.0,False
BOAM,2026-05-14,2026-05-19,5,4595.85,4675.0,4690.0,94.14999999999964,15.0,False
BOAN,2026-05-14,2026-05-19,5,3420.05,3395.0,3490.0,69.94999999999982,95.0,True
BOAS,2026-05-14,2026-05-19,5,7181.1,7555.0,7700.0,518.8999999999996,145.0,False
CABC,2026-05-14,2026-05-19,5,3939.75,3500.0,3470.0,469.75,30.0,False
CBIBF,2026-05-14,2026-05-19,5,16444.38,18700.0,20500.0,4055.619999999999,1800.0,False
CFAC,2026-05-14,2026-05-19,5,1369.54,1480.0,1500.0,130.46000000000004,20.0,False
CIEC,2026-05-14,2026-05-19,5,3070.11,3300.0,3330.0,259.8899999999999,30.0,False
ECOC,2026-05-14,2026-05-19,5,16270.54,16300.0,16300.0,29.459999999999127,0.0,True
ETIT,2026-05-14,2026-05-19,5,27.61,30.0,30.0,2.3900000000000006,0.0,True
FTSC,2026-05-14,2026-05-19,5,2279.77,2250.0,2360.0,80.23000000000002,110.0,True
NEIC,2026-05-14,2026-05-19,5,1652.05,1990.0,1940.0,287.95000000000005,50.0,True
NSBC,2026-05-14,2026-05-19,5,14411.14,14100.0,15650.0,1238.8600000000006,1550.0,True
NTLC,2026-05-14,2026-05-19,5,11699.99,11600.0,11950.0,250.01000000000022,350.0,True
ONTBF,2026-05-14,2026-05-19,5,2712.4,2750.0,2800.0,87.59999999999991,50.0,False
ORAC,2026-05-14,2026-05-19,5,15009.33,15000.0,15600.0,590.6700000000001,600.0,True
ORGT,2026-05-14,2026-05-19,5,2642.35,2575.0,2495.0,147.3499999999999,80.0,False
PALC,2026-05-14,2026-05-19,5,7916.43,7800.0,7700.0,216.4300000000003,100.0,False
SAFC,2026-05-14,2026-05-19,5,2966.73,3995.0,4000.0,1033.27,5.0,False
SDSC,2026-05-14,2026-05-19,5,1763.39,1785.0,1695.0,68.3900000000001,90.0,True
SEMC,2026-05-14,2026-05-19,5,1464.0,1580.0,1500.0,36.0,80.0,True
SGBC,2026-05-14,2026-05-19,5,34526.27,34995.0,36000.0,1473.7300000000032,1005.0,False
SHEC,2026-05-14,2026-05-19,5,1793.67,2000.0,1975.0,181.32999999999993,25.0,True
SIBC,2026-05-14,2026-05-19,5,6960.37,7300.0,7500.0,539.6300000000001,200.0,False
SICC,2026-05-14,2026-05-19,5,4342.89,4380.0,4380.0,37.10999999999967,0.0,True
SLBC,2026-05-14,2026-05-19,5,37695.94,37995.0,37900.0,204.05999999999767,95.0,True
SMBC,2026-05-14,2026-05-19,5,12293.95,12295.0,12800.0,506.0499999999993,505.0,False
SNTS,2026-05-14,2026-05-19,5,28821.65,28950.0,28800.0,21.650000000001455,150.0,True
SOGC,2026-05-14,2026-05-19,5,7489.9,7450.0,7390.0,99.89999999999964,60.0,False
SPHC,2026-05-14,2026-05-19,5,6979.53,7000.0,6890.0,89.52999999999975,110.0,True
STAC,2026-05-14,2026-05-19,5,2369.25,2795.0,2680.0,310.75,115.0,True
TTLC,2026-05-14,2026-05-19,5,2964.19,2995.0,2905.0,59.190000000000055,90.0,True
TTLS,2026-05-14,2026-05-19,5,2903.53,3025.0,2990.0,86.4699999999998,35.0,True
UNLC,2026-05-14,2026-05-19,5,61003.61,60295.0,56000.0,5003.610000000001,4295.0,False
UNXC,2026-05-14,2026-05-19,5,1796.08,1840.0,1830.0,33.92000000000007,10.0,True
ABJC,2026-05-15,2026-05-19,4,2784.48,2850.0,2845.0,60.51999999999998,5.0,True
BICB,2026-05-15,2026-05-19,4,5102.44,5220.0,5105.0,2.5600000000004,115.0,True
BICC,2026-05-15,2026-05-19,4,25730.77,26400.0,26450.0,719.2299999999996,50.0,False
BNBC,2026-05-15,2026-05-19,4,1592.7,1590.0,1545.0,47.700000000000045,45.0,False
BOAB,2026-05-15,2026-05-19,4,8924.49,9410.0,9400.0,475.5100000000002,10.0,True
BOABF,2026-05-15,2026-05-19,4,5363.75,5405.0,5400.0,36.25,5.0,True
BOAC,2026-05-15,2026-05-19,4,8309.02,8600.0,8655.0,345.97999999999956,55.0,False
BOAM,2026-05-15,2026-05-19,4,4624.56,4675.0,4690.0,65.4399999999996,15.0,False
BOAN,2026-05-15,2026-05-19,4,3403.3,3395.0,3490.0,86.69999999999982,95.0,True
BOAS,2026-05-15,2026-05-19,4,7293.04,7555.0,7700.0,406.96000000000004,145.0,False
CABC,2026-05-15,2026-05-19,4,3794.15,3500.0,3470.0,324.1500000000001,30.0,False
CBIBF,2026-05-15,2026-05-19,4,16946.22,18700.0,20500.0,3553.779999999999,1800.0,False
CFAC,2026-05-15,2026-05-19,4,1413.51,1480.0,1500.0,86.49000000000001,20.0,False
CIEC,2026-05-15,2026-05-19,4,3126.37,3300.0,3330.0,203.6300000000001,30.0,False
ECOC,2026-05-15,2026-05-19,4,16273.93,16300.0,16300.0,26.06999999999971,0.0,True
ETIT,2026-05-15,2026-05-19,4,28.23,30.0,30.0,1.7699999999999996,0.0,True
FTSC,2026-05-15,2026-05-19,4,2269.85,2250.0,2360.0,90.15000000000009,110.0,True
NEIC,2026-05-15,2026-05-19,4,1751.24,1990.0,1940.0,188.76,50.0,True
NSBC,2026-05-15,2026-05-19,4,14349.25,14100.0,15650.0,1300.75,1550.0,True
NTLC,2026-05-15,2026-05-19,4,11684.71,11600.0,11950.0,265.2900000000009,350.0,True
ONTBF,2026-05-15,2026-05-19,4,2732.72,2750.0,2800.0,67.2800000000002,50.0,False
ORAC,2026-05-15,2026-05-19,4,15004.56,15000.0,15600.0,595.4400000000005,600.0,True
ORGT,2026-05-15,2026-05-19,4,2606.63,2575.0,2495.0,111.63000000000011,80.0,False
PALC,2026-05-15,2026-05-19,4,7878.44,7800.0,7700.0,178.4399999999996,100.0,False
SAFC,2026-05-15,2026-05-19,4,3211.03,3995.0,4000.0,788.9699999999998,5.0,False
SDSC,2026-05-15,2026-05-19,4,1772.67,1785.0,1695.0,77.67000000000007,90.0,True
SEMC,2026-05-15,2026-05-19,4,1494.03,1580.0,1500.0,5.970000000000027,80.0,True
SGBC,2026-05-15,2026-05-19,4,34648.48,34995.0,36000.0,1351.5199999999968,1005.0,False
SHEC,2026-05-15,2026-05-19,4,1856.07,2000.0,1975.0,118.93000000000006,25.0,True
SIBC,2026-05-15,2026-05-19,4,7060.31,7300.0,7500.0,439.6899999999996,200.0,False
SICC,2026-05-15,2026-05-19,4,4349.04,4380.0,4380.0,30.960000000000036,0.0,True
SLBC,2026-05-15,2026-05-19,4,37849.55,37995.0,37900.0,50.44999999999709,95.0,True
SMBC,2026-05-15,2026-05-19,4,12275.97,12295.0,12800.0,524.0300000000007,505.0,False
SNTS,2026-05-15,2026-05-19,4,28851.64,28950.0,28800.0,51.63999999999942,150.0,True
SOGC,2026-05-15,2026-05-19,4,7486.28,7450.0,7390.0,96.27999999999975,60.0,False
SPHC,2026-05-15,2026-05-19,4,6983.57,7000.0,6890.0,93.56999999999971,110.0,True
STAC,2026-05-15,2026-05-19,4,2516.51,2795.0,2680.0,163.48999999999978,115.0,True
TTLC,2026-05-15,2026-05-19,4,2968.26,2995.0,2905.0,63.26000000000022,90.0,True
TTLS,2026-05-15,2026-05-19,4,2946.12,3025.0,2990.0,43.88000000000011,35.0,True
UNLC,2026-05-15,2026-05-19,4,61332.39,60295.0,56000.0,5332.389999999999,4295.0,False
UNXC,2026-05-15,2026-05-19,4,1809.05,1840.0,1830.0,20.950000000000045,10.0,True
ABJC,2026-05-16,2026-05-19,3,2788.12,2850.0,2845.0,56.88000000000011,5.0,True
BICB,2026-05-16,2026-05-19,3,5101.58,5200.0,5105.0,3.4200000000000728,95.0,True
BICC,2026-05-16,2026-05-19,3,25777.53,26450.0,26450.0,672.4700000000012,0.0,True
BNBC,2026-05-16,2026-05-19,3,1561.96,1545.0,1545.0,16.960000000000036,0.0,False
BOAB,2026-05-16,2026-05-19,3,8922.15,9400.0,9400.0,477.85000000000036,0.0,True
BOABF,2026-05-16,2026-05-19,3,5360.37,5400.0,5400.0,39.63000000000011,0.0,True
BOAC,2026-05-16,2026-05-19,3,8332.86,8630.0,8655.0,322.1399999999994,25.0,False
BOAM,2026-05-16,2026-05-19,3,4642.3,4690.0,4690.0,47.69999999999982,0.0,True
BOAN,2026-05-16,2026-05-19,3,3424.82,3445.0,3490.0,65.17999999999984,45.0,False
BOAS,2026-05-16,2026-05-19,3,7321.18,7595.0,7700.0,378.8199999999997,105.0,False
CABC,2026-05-16,2026-05-19,3,3785.13,3495.0,3470.0,315.1300000000001,25.0,False
CBIBF,2026-05-16,2026-05-19,3,17581.15,19905.0,20500.0,2918.8499999999985,595.0,False
CFAC,2026-05-16,2026-05-19,3,1463.35,1555.0,1500.0,36.65000000000009,55.0,True
CIEC,2026-05-16,2026-05-19,3,3121.99,3290.0,3330.0,208.01000000000022,40.0,False
ECOC,2026-05-16,2026-05-19,3,16266.49,16300.0,16300.0,33.51000000000022,0.0,True
ETIT,2026-05-16,2026-05-19,3,27.71,29.0,30.0,2.289999999999999,1.0,False
FTSC,2026-05-16,2026-05-19,3,2269.85,2250.0,2360.0,90.15000000000009,110.0,True
NEIC,2026-05-16,2026-05-19,3,1702.81,1920.0,1940.0,237.19000000000005,20.0,False
NSBC,2026-05-16,2026-05-19,3,15055.67,15000.0,15650.0,594.3299999999999,650.0,True
NTLC,2026-05-16,2026-05-19,3,11729.52,11750.0,11950.0,220.47999999999956,200.0,False
ONTBF,2026-05-16,2026-05-19,3,2765.74,2795.0,2800.0,34.26000000000022,5.0,False
ORAC,2026-05-16,2026-05-19,3,15055.75,15150.0,15600.0,544.25,450.0,False
ORGT,2026-05-16,2026-05-19,3,2522.96,2435.0,2495.0,27.960000000000036,60.0,True
PALC,2026-05-16,2026-05-19,3,7816.44,7700.0,7700.0,116.4399999999996,0.0,False
SAFC,2026-05-16,2026-05-19,3,3083.38,3990.0,4000.0,916.6199999999999,10.0,False
SDSC,2026-05-16,2026-05-19,3,1747.14,1750.0,1695.0,52.1400000000001,55.0,True
SEMC,2026-05-16,2026-05-19,3,1482.93,1505.0,1500.0,17.069999999999936,5.0,True
SGBC,2026-05-16,2026-05-19,3,35009.66,35985.0,36000.0,990.3399999999965,15.0,False
SHEC,2026-05-16,2026-05-19,3,1842.94,1980.0,1975.0,132.05999999999995,5.0,True
SIBC,2026-05-16,2026-05-19,3,7211.97,7500.0,7500.0,288.02999999999975,0.0,True
SICC,2026-05-16,2026-05-19,3,4288.07,4305.0,4380.0,91.93000000000029,75.0,False
SLBC,2026-05-16,2026-05-19,3,37846.04,37900.0,37900.0,53.95999999999913,0.0,True
SMBC,2026-05-16,2026-05-19,3,12569.29,12895.0,12800.0,230.70999999999913,95.0,True
SNTS,2026-05-16,2026-05-19,3,28838.75,28900.0,28800.0,38.75,100.0,True
SOGC,2026-05-16,2026-05-19,3,7511.21,7485.0,7390.0,121.21000000000004,95.0,False
SPHC,2026-05-16,2026-05-19,3,6974.95,6985.0,6890.0,84.94999999999982,95.0,True
STAC,2026-05-16,2026-05-19,3,2318.53,2660.0,2680.0,361.4699999999998,20.0,False
TTLC,2026-05-16,2026-05-19,3,2900.47,2910.0,2905.0,4.5300000000002,5.0,True
TTLS,2026-05-16,2026-05-19,3,2947.65,3005.0,2990.0,42.34999999999991,15.0,True
UNLC,2026-05-16,2026-05-19,3,61704.16,59950.0,56000.0,5704.1600000000035,3950.0,False
UNXC,2026-05-16,2026-05-19,3,1808.69,1835.0,1830.0,21.309999999999945,5.0,True
ABJC,2026-05-17,2026-05-19,2,2788.42,2850.0,2845.0,56.57999999999993,5.0,True
BICB,2026-05-17,2026-05-19,2,5100.46,5200.0,5105.0,4.539999999999964,95.0,True
BICC,2026-05-17,2026-05-19,2,25803.02,26450.0,26450.0,646.9799999999996,0.0,True
BNBC,2026-05-17,2026-05-19,2,1551.05,1545.0,1545.0,6.0499999999999545,0.0,False
BOAB,2026-05-17,2026-05-19,2,8922.51,9400.0,9400.0,477.4899999999998,0.0,True
BOABF,2026-05-17,2026-05-19,2,5359.36,5400.0,5400.0,40.64000000000033,0.0,True
BOAC,2026-05-17,2026-05-19,2,8341.3,8630.0,8655.0,313.7000000000007,25.0,False
BOAM,2026-05-17,2026-05-19,2,4635.93,4690.0,4690.0,54.06999999999971,0.0,True
BOAN,2026-05-17,2026-05-19,2,3440.43,3445.0,3490.0,49.570000000000164,45.0,False
BOAS,2026-05-17,2026-05-19,2,7329.08,7595.0,7700.0,370.9200000000001,105.0,False
CABC,2026-05-17,2026-05-19,2,3779.54,3495.0,3470.0,309.53999999999996,25.0,False
CBIBF,2026-05-17,2026-05-19,2,17643.15,19905.0,20500.0,2856.8499999999985,595.0,False
CFAC,2026-05-17,2026-05-19,2,1487.5,1555.0,1500.0,12.5,55.0,True
CIEC,2026-05-17,2026-05-19,2,3123.8,3290.0,3330.0,206.19999999999982,40.0,False
ECOC,2026-05-17,2026-05-19,2,16260.26,16300.0,16300.0,39.73999999999978,0.0,True
ETIT,2026-05-17,2026-05-19,2,27.47,29.0,30.0,2.530000000000001,1.0,False
FTSC,2026-05-17,2026-05-19,2,2270.36,2250.0,2360.0,89.63999999999987,110.0,True
NEIC,2026-05-17,2026-05-19,2,1697.21,1920.0,1940.0,242.78999999999996,20.0,False
NSBC,2026-05-17,2026-05-19,2,15241.57,15000.0,15650.0,408.4300000000003,650.0,True
NTLC,2026-05-17,2026-05-19,2,11767.33,11750.0,11950.0,182.67000000000007,200.0,True
ONTBF,2026-05-17,2026-05-19,2,2779.58,2795.0,2800.0,20.420000000000073,5.0,False
ORAC,2026-05-17,2026-05-19,2,15093.62,15150.0,15600.0,506.3799999999992,450.0,False
ORGT,2026-05-17,2026-05-19,2,2477.51,2435.0,2495.0,17.48999999999978,60.0,True
PALC,2026-05-17,2026-05-19,2,7785.56,7700.0,7700.0,85.5600000000004,0.0,False
SAFC,2026-05-17,2026-05-19,2,3150.88,3990.0,4000.0,849.1199999999999,10.0,False
SDSC,2026-05-17,2026-05-19,2,1744.26,1750.0,1695.0,49.25999999999999,55.0,True
SEMC,2026-05-17,2026-05-19,2,1471.3,1505.0,1500.0,28.700000000000045,5.0,True
SGBC,2026-05-17,2026-05-19,2,35253.41,35985.0,36000.0,746.5899999999965,15.0,False
SHEC,2026-05-17,2026-05-19,2,1840.49,1980.0,1975.0,134.51,5.0,True
SIBC,2026-05-17,2026-05-19,2,7228.02,7500.0,7500.0,271.97999999999956,0.0,True
SICC,2026-05-17,2026-05-19,2,4260.46,4305.0,4380.0,119.53999999999996,75.0,False
SLBC,2026-05-17,2026-05-19,2,37824.39,37900.0,37900.0,75.61000000000058,0.0,True
SMBC,2026-05-17,2026-05-19,2,12725.74,12895.0,12800.0,74.26000000000022,95.0,True
SNTS,2026-05-17,2026-05-19,2,28829.24,28900.0,28800.0,29.2400000000016,100.0,True
SOGC,2026-05-17,2026-05-19,2,7521.76,7485.0,7390.0,131.76000000000022,95.0,False
SPHC,2026-05-17,2026-05-19,2,6970.3,6985.0,6890.0,80.30000000000018,95.0,True
STAC,2026-05-17,2026-05-19,2,2305.94,2660.0,2680.0,374.05999999999995,20.0,False
TTLC,2026-05-17,2026-05-19,2,2899.13,2910.0,2905.0,5.869999999999891,5.0,True
TTLS,2026-05-17,2026-05-19,2,2949.01,3005.0,2990.0,40.98999999999978,15.0,True
UNLC,2026-05-17,2026-05-19,2,61821.46,59950.0,56000.0,5821.459999999999,3950.0,False
UNXC,2026-05-17,2026-05-19,2,1808.2,1835.0,1830.0,21.799999999999955,5.0,True
ABJC,2026-05-18,2026-05-19,1,2813.12,2850.0,2845.0,31.88000000000011,5.0,True
BICB,2026-05-18,2026-05-19,1,5110.82,5200.0,5105.0,5.819999999999709,95.0,True
BICC,2026-05-18,2026-05-19,1,25986.41,26450.0,26450.0,463.59000000000015,0.0,True
BNBC,2026-05-18,2026-05-19,1,1547.99,1545.0,1545.0,2.990000000000009,0.0,False
BOAB,2026-05-18,2026-05-19,1,9092.57,9400.0,9400.0,307.4300000000003,0.0,True
BOABF,2026-05-18,2026-05-19,1,5375.11,5400.0,5400.0,24.890000000000327,0.0,True
BOAC,2026-05-18,2026-05-19,1,8451.76,8630.0,8655.0,203.23999999999978,25.0,False
BOAM,2026-05-18,2026-05-19,1,4666.02,4690.0,4690.0,23.979999999999563,0.0,True
BOAN,2026-05-18,2026-05-19,1,3444.55,3445.0,3490.0,45.44999999999982,45.0,False
BOAS,2026-05-18,2026-05-19,1,7435.02,7595.0,7700.0,264.97999999999956,105.0,False
CABC,2026-05-18,2026-05-19,1,3638.15,3495.0,3470.0,168.1500000000001,25.0,False
CBIBF,2026-05-18,2026-05-19,1,18612.5,19905.0,20500.0,1887.5,595.0,False
CFAC,2026-05-18,2026-05-19,1,1512.46,1555.0,1500.0,12.460000000000036,55.0,True
CIEC,2026-05-18,2026-05-19,1,3191.79,3290.0,3330.0,138.21000000000004,40.0,False
ECOC,2026-05-18,2026-05-19,1,16269.55,16300.0,16300.0,30.450000000000728,0.0,True
ETIT,2026-05-18,2026-05-19,1,27.92,29.0,30.0,2.0799999999999983,1.0,False
FTSC,2026-05-18,2026-05-19,1,2260.72,2250.0,2360.0,99.2800000000002,110.0,True
NEIC,2026-05-18,2026-05-19,1,1788.28,1920.0,1940.0,151.72000000000003,20.0,False
NSBC,2026-05-18,2026-05-19,1,15156.25,15000.0,15650.0,493.75,650.0,True
NTLC,2026-05-18,2026-05-19,1,11769.43,11750.0,11950.0,180.5699999999997,200.0,True
ONTBF,2026-05-18,2026-05-19,1,2786.84,2795.0,2800.0,13.159999999999854,5.0,False
ORAC,2026-05-18,2026-05-19,1,15112.92,15150.0,15600.0,487.0799999999999,450.0,False
ORGT,2026-05-18,2026-05-19,1,2457.62,2435.0,2495.0,37.38000000000011,60.0,True
PALC,2026-05-18,2026-05-19,1,7752.65,7700.0,7700.0,52.649999999999636,0.0,False
SAFC,2026-05-18,2026-05-19,1,3633.6,3990.0,4000.0,366.4000000000001,10.0,False
SDSC,2026-05-18,2026-05-19,1,1746.77,1750.0,1695.0,51.76999999999998,55.0,True
SEMC,2026-05-18,2026-05-19,1,1475.97,1505.0,1500.0,24.029999999999973,5.0,True
SGBC,2026-05-18,2026-05-19,1,35456.86,35985.0,36000.0,543.1399999999994,15.0,False
SHEC,2026-05-18,2026-05-19,1,1898.11,1980.0,1975.0,76.8900000000001,5.0,True
SIBC,2026-05-18,2026-05-19,1,7349.76,7500.0,7500.0,150.23999999999978,0.0,True
SICC,2026-05-18,2026-05-19,1,4273.54,4305.0,4380.0,106.46000000000004,75.0,False
SLBC,2026-05-18,2026-05-19,1,37842.9,37900.0,37900.0,57.099999999998545,0.0,True
SMBC,2026-05-18,2026-05-19,1,12802.57,12895.0,12800.0,2.569999999999709,95.0,True
SNTS,2026-05-18,2026-05-19,1,28843.27,28900.0,28800.0,43.27000000000044,100.0,True
SOGC,2026-05-18,2026-05-19,1,7510.13,7485.0,7390.0,120.13000000000011,95.0,False
SPHC,2026-05-18,2026-05-19,1,6974.1,6985.0,6890.0,84.10000000000036,95.0,True
STAC,2026-05-18,2026-05-19,1,2487.98,2660.0,2680.0,192.01999999999998,20.0,False
TTLC,2026-05-18,2026-05-19,1,2905.92,2910.0,2905.0,0.9200000000000728,5.0,True
TTLS,2026-05-18,2026-05-19,1,2967.61,3005.0,2990.0,22.389999999999873,15.0,True
UNLC,2026-05-18,2026-05-19,1,61316.63,59950.0,56000.0,5316.629999999997,3950.0,False
UNXC,2026-05-18,2026-05-19,1,1815.72,1835.0,1830.0,14.279999999999973,5.0,True
SIBC,2026-05-06,2026-05-20,14,6429.94,7150.0,7505.0,1075.0600000000004,355.0,False
SICC,2026-05-06,2026-05-20,14,4131.53,4280.0,4450.0,318.47000000000025,170.0,False
SLBC,2026-05-06,2026-05-20,14,36788.31,37400.0,37505.0,716.6900000000023,105.0,False
SMBC,2026-05-06,2026-05-20,14,11481.19,11500.0,12600.0,1118.8099999999995,1100.0,False
SNTS,2026-05-06,2026-05-20,14,28565.86,28900.0,28850.0,284.1399999999994,50.0,True
SOGC,2026-05-06,2026-05-20,14,7616.24,7500.0,7450.0,166.23999999999978,50.0,False
SPHC,2026-05-06,2026-05-20,14,6731.46,6800.0,6850.0,118.53999999999996,50.0,False
STAC,2026-05-06,2026-05-20,14,1637.01,2800.0,2820.0,1182.99,20.0,False
ABJC,2026-05-05,2026-05-20,15,2776.69,3095.0,2845.0,68.30999999999995,250.0,True
BICB,2026-05-05,2026-05-20,15,5031.92,5250.0,5220.0,188.07999999999993,30.0,True
BICC,2026-05-05,2026-05-20,15,23221.81,24445.0,26450.0,3228.1899999999987,2005.0,False
BNBC,2026-05-05,2026-05-20,15,1464.07,1345.0,1500.0,35.930000000000064,155.0,True
BOAB,2026-05-05,2026-05-20,15,7872.44,9250.0,9400.0,1527.5600000000004,150.0,False
BOABF,2026-05-05,2026-05-20,15,5321.07,5410.0,5400.0,78.93000000000029,10.0,True
BOAC,2026-05-05,2026-05-20,15,7662.79,8850.0,8795.0,1132.21,55.0,True
BOAM,2026-05-05,2026-05-20,15,4462.8,4700.0,4900.0,437.1999999999998,200.0,False
BOAN,2026-05-05,2026-05-20,15,3586.72,3500.0,3470.0,116.7199999999998,30.0,False
BOAS,2026-05-05,2026-05-20,15,6420.41,7225.0,7900.0,1479.5900000000001,675.0,False
CABC,2026-05-05,2026-05-20,15,6392.07,3500.0,3400.0,2992.0699999999997,100.0,False
CBIBF,2026-05-05,2026-05-20,15,14388.96,16550.0,20500.0,6111.040000000001,3950.0,False
CFAC,2026-05-05,2026-05-20,15,1199.4,1325.0,1500.0,300.5999999999999,175.0,False
CIEC,2026-05-05,2026-05-20,15,2786.92,3010.0,3355.0,568.0799999999999,345.0,False
ECOC,2026-05-05,2026-05-20,15,16022.53,16000.0,16300.0,277.46999999999935,300.0,True
ETIT,2026-05-05,2026-05-20,15,23.94,29.0,30.0,6.059999999999999,1.0,False
FTSC,2026-05-05,2026-05-20,15,2316.54,2220.0,2250.0,66.53999999999996,30.0,True
NEIC,2026-05-05,2026-05-20,15,1240.8,1790.0,1940.0,699.2,150.0,False
NSBC,2026-05-05,2026-05-20,15,15241.07,14000.0,16700.0,1458.9300000000003,2700.0,True
NTLC,2026-05-05,2026-05-20,15,12391.03,11900.0,11800.0,591.0300000000007,100.0,False
ONTBF,2026-05-05,2026-05-20,15,2739.65,2780.0,2855.0,115.34999999999991,75.0,False
ORAC,2026-05-05,2026-05-20,15,15074.62,15000.0,15650.0,575.3799999999992,650.0,True
ORGT,2026-05-05,2026-05-20,15,3203.81,3215.0,2500.0,703.81,715.0,True
PALC,2026-05-05,2026-05-20,15,7599.44,7310.0,7690.0,90.5600000000004,380.0,True
SAFC,2026-05-05,2026-05-20,15,1350.1,3500.0,3990.0,2639.9,490.0,False
SDSC,2026-05-05,2026-05-20,15,1714.43,1725.0,1710.0,4.430000000000064,15.0,True
SEMC,2026-05-05,2026-05-20,15,1387.48,1500.0,1455.0,67.51999999999998,45.0,True
SGBC,2026-05-05,2026-05-20,15,33468.09,33000.0,35995.0,2526.9100000000035,2995.0,True
SHEC,2026-05-05,2026-05-20,15,1515.73,1850.0,1975.0,459.27,125.0,False
SIBC,2026-05-05,2026-05-20,15,6353.93,7100.0,7505.0,1151.0699999999997,405.0,False
SICC,2026-05-05,2026-05-20,15,4126.56,4290.0,4450.0,323.4399999999996,160.0,False
SLBC,2026-05-05,2026-05-20,15,36103.35,37050.0,37505.0,1401.6500000000015,455.0,False
SMBC,2026-05-05,2026-05-20,15,11534.56,11550.0,12600.0,1065.4400000000005,1050.0,False
SNTS,2026-05-05,2026-05-20,15,28493.15,28900.0,28850.0,356.84999999999854,50.0,True
SOGC,2026-05-05,2026-05-20,15,7572.41,7600.0,7450.0,122.40999999999985,150.0,True
SPHC,2026-05-05,2026-05-20,15,6715.12,6720.0,6850.0,134.8800000000001,130.0,False
STAC,2026-05-05,2026-05-20,15,1616.4,2950.0,2820.0,1203.6,130.0,True
TTLC,2026-05-05,2026-05-20,15,2714.99,2745.0,2900.0,185.01000000000022,155.0,False
TTLS,2026-05-05,2026-05-20,15,2925.55,3000.0,3020.0,94.44999999999982,20.0,False
UNLC,2026-05-05,2026-05-20,15,67433.78,60500.0,56100.0,11333.779999999999,4400.0,False
UNXC,2026-05-05,2026-05-20,15,1796.43,1885.0,1795.0,1.4300000000000637,90.0,True
TTLC,2026-05-06,2026-05-20,14,2685.7,2700.0,2900.0,214.30000000000018,200.0,False
TTLS,2026-05-06,2026-05-20,14,2906.67,3005.0,3020.0,113.32999999999993,15.0,False
UNLC,2026-05-06,2026-05-20,14,65983.64,59000.0,56100.0,9883.64,2900.0,False
UNXC,2026-05-06,2026-05-20,14,1795.46,1875.0,1795.0,0.4600000000000364,80.0,True
CBIBF,2026-05-07,2026-05-20,13,14719.08,16700.0,20500.0,5780.92,3800.0,False
ABJC,2026-05-07,2026-05-20,13,2763.57,3015.0,2845.0,81.42999999999984,170.0,True
BICB,2026-05-07,2026-05-20,13,5033.15,5200.0,5220.0,186.85000000000036,20.0,False
BICC,2026-05-07,2026-05-20,13,23640.85,24995.0,26450.0,2809.1500000000015,1455.0,False
ABJC,2026-05-06,2026-05-20,14,2748.36,3015.0,2845.0,96.63999999999987,170.0,True
BICB,2026-05-06,2026-05-20,14,5028.75,5125.0,5220.0,191.25,95.0,False
BICC,2026-05-06,2026-05-20,14,23445.02,24990.0,26450.0,3004.9799999999996,1460.0,False
BNBC,2026-05-06,2026-05-20,14,1361.53,1280.0,1500.0,138.47000000000003,220.0,True
BOAB,2026-05-06,2026-05-20,14,7980.66,9200.0,9400.0,1419.3400000000001,200.0,False
BOABF,2026-05-06,2026-05-20,14,5299.41,5405.0,5400.0,100.59000000000015,5.0,True
BOAC,2026-05-06,2026-05-20,14,7597.13,8590.0,8795.0,1197.87,205.0,False
BOAM,2026-05-06,2026-05-20,14,4467.31,4690.0,4900.0,432.6899999999996,210.0,False
BOAN,2026-05-06,2026-05-20,14,3578.68,3580.0,3470.0,108.67999999999984,110.0,True
BOAS,2026-05-06,2026-05-20,14,6509.32,7240.0,7900.0,1390.6800000000003,660.0,False
CABC,2026-05-06,2026-05-20,14,5511.73,3410.0,3400.0,2111.7299999999996,10.0,False
CBIBF,2026-05-06,2026-05-20,14,14564.97,16700.0,20500.0,5935.030000000001,3800.0,False
CFAC,2026-05-06,2026-05-20,14,1221.46,1395.0,1500.0,278.53999999999996,105.0,False
CIEC,2026-05-06,2026-05-20,14,2789.99,3000.0,3355.0,565.0100000000002,355.0,False
ECOC,2026-05-06,2026-05-20,14,16007.6,16100.0,16300.0,292.39999999999964,200.0,False
ETIT,2026-05-06,2026-05-20,14,24.28,29.0,30.0,5.719999999999999,1.0,False
FTSC,2026-05-06,2026-05-20,14,2286.19,2195.0,2250.0,36.190000000000055,55.0,True
NEIC,2026-05-06,2026-05-20,14,1293.3,1880.0,1940.0,646.7,60.0,False
NSBC,2026-05-06,2026-05-20,14,15128.2,14000.0,16700.0,1571.7999999999993,2700.0,True
NTLC,2026-05-06,2026-05-20,14,12239.34,11700.0,11800.0,439.34000000000015,100.0,True
ONTBF,2026-05-06,2026-05-20,14,2700.35,2710.0,2855.0,154.6500000000001,145.0,False
ORAC,2026-05-06,2026-05-20,14,15106.34,15200.0,15650.0,543.6599999999999,450.0,False
ORGT,2026-05-06,2026-05-20,14,3097.92,2975.0,2500.0,597.9200000000001,475.0,False
PALC,2026-05-06,2026-05-20,14,7385.49,6995.0,7690.0,304.5100000000002,695.0,True
SAFC,2026-05-06,2026-05-20,14,1426.79,3500.0,3990.0,2563.21,490.0,False
SDSC,2026-05-06,2026-05-20,14,1694.38,1700.0,1710.0,15.61999999999989,10.0,False
SEMC,2026-05-06,2026-05-20,14,1378.72,1495.0,1455.0,76.27999999999997,40.0,True
SGBC,2026-05-06,2026-05-20,14,33301.53,33100.0,35995.0,2693.470000000001,2895.0,True
SHEC,2026-05-06,2026-05-20,14,1528.59,1845.0,1975.0,446.4100000000001,130.0,False
BNBC,2026-05-07,2026-05-20,13,1379.48,1350.0,1500.0,120.51999999999998,150.0,True
BOAB,2026-05-07,2026-05-20,13,8117.82,9340.0,9400.0,1282.1800000000003,60.0,False
BOABF,2026-05-07,2026-05-20,13,5302.04,5405.0,5400.0,97.96000000000004,5.0,True
BOAC,2026-05-07,2026-05-20,13,7737.56,8785.0,8795.0,1057.4399999999996,10.0,False
BOAM,2026-05-07,2026-05-20,13,4482.87,4680.0,4900.0,417.1300000000001,220.0,False
BOAN,2026-05-07,2026-05-20,13,3536.59,3500.0,3470.0,66.59000000000015,30.0,False
BOAS,2026-05-07,2026-05-20,13,6570.88,7225.0,7900.0,1329.12,675.0,False
CABC,2026-05-07,2026-05-20,13,5110.54,3410.0,3400.0,1710.54,10.0,False
CFAC,2026-05-07,2026-05-20,13,1246.27,1400.0,1500.0,253.73000000000002,100.0,False
CIEC,2026-05-07,2026-05-20,13,2855.25,3200.0,3355.0,499.75,155.0,False
ECOC,2026-05-07,2026-05-20,13,16006.75,16100.0,16300.0,293.25,200.0,False
ETIT,2026-05-07,2026-05-20,13,24.63,29.0,30.0,5.370000000000001,1.0,False
FTSC,2026-05-07,2026-05-20,13,2278.98,2200.0,2250.0,28.980000000000018,50.0,True
NEIC,2026-05-07,2026-05-20,13,1286.39,1715.0,1940.0,653.6099999999999,225.0,False
NSBC,2026-05-07,2026-05-20,13,15008.9,14010.0,16700.0,1691.1000000000004,2690.0,True
NTLC,2026-05-07,2026-05-20,13,12171.01,11900.0,11800.0,371.0100000000002,100.0,False
ONTBF,2026-05-07,2026-05-20,13,2685.05,2710.0,2855.0,169.94999999999982,145.0,False
ORAC,2026-05-07,2026-05-20,13,15133.17,15200.0,15650.0,516.8299999999999,450.0,False
ORGT,2026-05-07,2026-05-20,13,3038.91,2975.0,2500.0,538.9099999999999,475.0,False
PALC,2026-05-07,2026-05-20,13,7737.54,7800.0,7690.0,47.539999999999964,110.0,True
SAFC,2026-05-07,2026-05-20,13,1511.05,3500.0,3990.0,2478.95,490.0,False
SDSC,2026-05-07,2026-05-20,13,1681.28,1685.0,1710.0,28.720000000000027,25.0,False
SEMC,2026-05-07,2026-05-20,13,1364.11,1450.0,1455.0,90.8900000000001,5.0,False
SGBC,2026-05-07,2026-05-20,13,33284.49,33400.0,35995.0,2710.510000000002,2595.0,False
SHEC,2026-05-07,2026-05-20,13,1549.21,1840.0,1975.0,425.78999999999996,135.0,False
SIBC,2026-05-07,2026-05-20,13,6442.04,7050.0,7505.0,1062.96,455.0,False
SICC,2026-05-07,2026-05-20,13,4147.47,4285.0,4450.0,302.52999999999975,165.0,False
SLBC,2026-05-07,2026-05-20,13,37141.1,37500.0,37505.0,363.90000000000146,5.0,False
SMBC,2026-05-07,2026-05-20,13,11459.72,11500.0,12600.0,1140.2800000000007,1100.0,False
SNTS,2026-05-07,2026-05-20,13,28619.75,28900.0,28850.0,230.25,50.0,True
SOGC,2026-05-07,2026-05-20,13,7620.08,7500.0,7450.0,170.07999999999993,50.0,False
SPHC,2026-05-07,2026-05-20,13,6921.15,7175.0,6850.0,71.14999999999964,325.0,True
STAC,2026-05-07,2026-05-20,13,1728.76,2850.0,2820.0,1091.24,30.0,True
TTLC,2026-05-07,2026-05-20,13,2712.55,2740.0,2900.0,187.44999999999982,160.0,False
TTLS,2026-05-07,2026-05-20,13,2902.89,3005.0,3020.0,117.11000000000013,15.0,False
UNLC,2026-05-07,2026-05-20,13,64842.2,59000.0,56100.0,8742.199999999997,2900.0,False
UNXC,2026-05-07,2026-05-20,13,1794.52,1865.0,1795.0,0.4800000000000182,70.0,True
ABJC,2026-05-08,2026-05-20,12,2791.23,3020.0,2845.0,53.76999999999998,175.0,True
BICB,2026-05-08,2026-05-20,12,5032.18,5120.0,5220.0,187.8199999999997,100.0,False
BICC,2026-05-08,2026-05-20,12,23874.67,25200.0,26450.0,2575.3300000000017,1250.0,False
BNBC,2026-05-08,2026-05-20,12,1380.55,1335.0,1500.0,119.45000000000005,165.0,True
BOAB,2026-05-08,2026-05-20,12,8224.52,9300.0,9400.0,1175.4799999999996,100.0,False
BOABF,2026-05-08,2026-05-20,12,5306.06,5400.0,5400.0,93.9399999999996,0.0,True
BOAC,2026-05-08,2026-05-20,12,7806.33,8650.0,8795.0,988.6700000000001,145.0,False
BOAM,2026-05-08,2026-05-20,12,4515.78,4690.0,4900.0,384.22000000000025,210.0,False
BOAN,2026-05-08,2026-05-20,12,3515.31,3500.0,3470.0,45.309999999999945,30.0,False
BOAS,2026-05-08,2026-05-20,12,6654.84,7265.0,7900.0,1245.1599999999999,635.0,False
CABC,2026-05-08,2026-05-20,12,4782.06,3400.0,3400.0,1382.0600000000004,0.0,False
CBIBF,2026-05-08,2026-05-20,12,14848.91,16600.0,20500.0,5651.09,3900.0,False
CFAC,2026-05-08,2026-05-20,12,1267.13,1400.0,1500.0,232.8699999999999,100.0,False
CIEC,2026-05-08,2026-05-20,12,2918.82,3345.0,3355.0,436.17999999999984,10.0,False
ECOC,2026-05-08,2026-05-20,12,16081.73,16300.0,16300.0,218.27000000000044,0.0,True
ETIT,2026-05-08,2026-05-20,12,25.37,30.0,30.0,4.629999999999999,0.0,True
FTSC,2026-05-08,2026-05-20,12,2270.21,2200.0,2250.0,20.210000000000036,50.0,True
NEIC,2026-05-08,2026-05-20,12,1321.63,1745.0,1940.0,618.3699999999999,195.0,False
NSBC,2026-05-08,2026-05-20,12,14873.86,14000.0,16700.0,1826.1399999999994,2700.0,True
NTLC,2026-05-08,2026-05-20,12,12070.83,11700.0,11800.0,270.8299999999999,100.0,True
ONTBF,2026-05-08,2026-05-20,12,2720.43,2775.0,2855.0,134.57000000000016,80.0,False
ORAC,2026-05-08,2026-05-20,12,15039.08,14900.0,15650.0,610.9200000000001,750.0,True
ORGT,2026-05-08,2026-05-20,12,2912.97,2755.0,2500.0,412.9699999999998,255.0,False
PALC,2026-05-08,2026-05-20,12,7973.83,7900.0,7690.0,283.8299999999999,210.0,False
SAFC,2026-05-08,2026-05-20,12,1603.67,3500.0,3990.0,2386.33,490.0,False
SDSC,2026-05-08,2026-05-20,12,1754.14,1800.0,1710.0,44.1400000000001,90.0,True
SEMC,2026-05-08,2026-05-20,12,1381.06,1525.0,1455.0,73.94000000000005,70.0,True
SGBC,2026-05-08,2026-05-20,12,33398.3,33800.0,35995.0,2596.699999999997,2195.0,False
SHEC,2026-05-08,2026-05-20,12,1593.4,1895.0,1975.0,381.5999999999999,80.0,False
SIBC,2026-05-08,2026-05-20,12,6543.72,7150.0,7505.0,961.2799999999997,355.0,False
SICC,2026-05-08,2026-05-20,12,4176.64,4300.0,4450.0,273.3599999999997,150.0,False
SLBC,2026-05-08,2026-05-20,12,37256.44,37500.0,37505.0,248.55999999999767,5.0,False
SMBC,2026-05-08,2026-05-20,12,11648.39,11900.0,12600.0,951.6100000000006,700.0,False
SNTS,2026-05-08,2026-05-20,12,28661.44,28900.0,28850.0,188.5600000000013,50.0,True
SOGC,2026-05-08,2026-05-20,12,7559.21,7400.0,7450.0,109.21000000000004,50.0,True
SPHC,2026-05-08,2026-05-20,12,6992.97,7100.0,6850.0,142.97000000000025,250.0,True
STAC,2026-05-08,2026-05-20,12,1808.7,2845.0,2820.0,1011.3,25.0,True
TTLC,2026-05-08,2026-05-20,12,2704.36,2720.0,2900.0,195.63999999999987,180.0,False
TTLS,2026-05-08,2026-05-20,12,2903.8,3000.0,3020.0,116.19999999999982,20.0,False
UNLC,2026-05-08,2026-05-20,12,63956.89,59000.0,56100.0,7856.889999999999,2900.0,False
UNXC,2026-05-08,2026-05-20,12,1776.4,1815.0,1795.0,18.59999999999991,20.0,True
ABJC,2026-05-09,2026-05-20,11,2764.03,2975.0,2845.0,80.9699999999998,130.0,True
BICB,2026-05-09,2026-05-20,11,5034.77,5225.0,5220.0,185.22999999999956,5.0,True
BICC,2026-05-09,2026-05-20,11,24221.1,26000.0,26450.0,2228.9000000000015,450.0,False
BNBC,2026-05-09,2026-05-20,11,1356.48,1300.0,1500.0,143.51999999999998,200.0,True
BOAB,2026-05-09,2026-05-20,11,8267.54,9400.0,9400.0,1132.4599999999991,0.0,True
BOABF,2026-05-09,2026-05-20,11,5299.67,5400.0,5400.0,100.32999999999993,0.0,True
BOAC,2026-05-09,2026-05-20,11,7826.48,8705.0,8795.0,968.5200000000004,90.0,False
BOAM,2026-05-09,2026-05-20,11,4521.64,4700.0,4900.0,378.3599999999997,200.0,False
BOAN,2026-05-09,2026-05-20,11,3500.42,3485.0,3470.0,30.420000000000073,15.0,False
BOAS,2026-05-09,2026-05-20,11,6721.95,7390.0,7900.0,1178.0500000000002,510.0,False
CABC,2026-05-09,2026-05-20,11,4988.74,3500.0,3400.0,1588.7399999999998,100.0,False
CBIBF,2026-05-09,2026-05-20,11,14918.41,16800.0,20500.0,5581.59,3700.0,False
CFAC,2026-05-09,2026-05-20,11,1262.5,1385.0,1500.0,237.5,115.0,False
CIEC,2026-05-09,2026-05-20,11,2922.29,3330.0,3355.0,432.71000000000004,25.0,False
ECOC,2026-05-09,2026-05-20,11,16297.33,16800.0,16300.0,2.6700000000000728,500.0,True
ETIT,2026-05-09,2026-05-20,11,25.52,30.0,30.0,4.48,0.0,True
FTSC,2026-05-09,2026-05-20,11,2287.98,2220.0,2250.0,37.98000000000002,30.0,True
NEIC,2026-05-09,2026-05-20,11,1325.31,1745.0,1940.0,614.69,195.0,False
NSBC,2026-05-09,2026-05-20,11,14882.25,14010.0,16700.0,1817.75,2690.0,True
NTLC,2026-05-09,2026-05-20,11,11998.88,11650.0,11800.0,198.8799999999992,150.0,True
ONTBF,2026-05-09,2026-05-20,11,2727.85,2760.0,2855.0,127.15000000000009,95.0,False
ORAC,2026-05-09,2026-05-20,11,14977.65,14920.0,15650.0,672.3500000000004,730.0,True
ORGT,2026-05-09,2026-05-20,11,2747.5,2550.0,2500.0,247.5,50.0,False
PALC,2026-05-09,2026-05-20,11,8019.96,7800.0,7690.0,329.96000000000004,110.0,False
SAFC,2026-05-09,2026-05-20,11,1596.58,3500.0,3990.0,2393.42,490.0,False
SDSC,2026-05-09,2026-05-20,11,1729.42,1745.0,1710.0,19.420000000000073,35.0,True
SEMC,2026-05-09,2026-05-20,11,1386.96,1525.0,1455.0,68.03999999999996,70.0,True
SGBC,2026-05-09,2026-05-20,11,33660.52,34500.0,35995.0,2334.480000000003,1495.0,False
SHEC,2026-05-09,2026-05-20,11,1614.27,1945.0,1975.0,360.73,30.0,False
SIBC,2026-05-09,2026-05-20,11,6523.6,7095.0,7505.0,981.3999999999996,410.0,False
SICC,2026-05-09,2026-05-20,11,4174.28,4290.0,4450.0,275.72000000000025,160.0,False
SLBC,2026-05-09,2026-05-20,11,37246.41,37500.0,37505.0,258.5899999999965,5.0,False
SMBC,2026-05-09,2026-05-20,11,11792.88,11995.0,12600.0,807.1200000000008,605.0,False
SNTS,2026-05-09,2026-05-20,11,28674.71,28900.0,28850.0,175.29000000000087,50.0,True
SOGC,2026-05-09,2026-05-20,11,7534.9,7390.0,7450.0,84.89999999999964,60.0,True
SPHC,2026-05-09,2026-05-20,11,6997.15,7050.0,6850.0,147.14999999999964,200.0,True
STAC,2026-05-09,2026-05-20,11,1736.05,2660.0,2820.0,1083.95,160.0,False
TTLC,2026-05-09,2026-05-20,11,2723.81,2750.0,2900.0,176.19000000000005,150.0,False
TTLS,2026-05-09,2026-05-20,11,2879.61,2950.0,3020.0,140.38999999999987,70.0,False
UNLC,2026-05-09,2026-05-20,11,62316.03,56000.0,56100.0,6216.029999999999,100.0,True
UNXC,2026-05-09,2026-05-20,11,1756.64,1805.0,1795.0,38.3599999999999,10.0,True
ABJC,2026-05-10,2026-05-20,10,2754.62,2975.0,2845.0,90.38000000000011,130.0,True
BICB,2026-05-10,2026-05-20,10,5037.44,5225.0,5220.0,182.5600000000004,5.0,True
BICC,2026-05-10,2026-05-20,10,24413.36,26000.0,26450.0,2036.6399999999994,450.0,False
BNBC,2026-05-10,2026-05-20,10,1345.53,1300.0,1500.0,154.47000000000003,200.0,True
BOAB,2026-05-10,2026-05-20,10,8289.14,9400.0,9400.0,1110.8600000000006,0.0,True
BOABF,2026-05-10,2026-05-20,10,5295.36,5400.0,5400.0,104.64000000000033,0.0,True
BOAC,2026-05-10,2026-05-20,10,7836.69,8705.0,8795.0,958.3100000000004,90.0,False
BOAM,2026-05-10,2026-05-20,10,4519.29,4700.0,4900.0,380.71000000000004,200.0,False
BOAN,2026-05-10,2026-05-20,10,3495.26,3485.0,3470.0,25.26000000000022,15.0,False
BOAS,2026-05-10,2026-05-20,10,6740.93,7390.0,7900.0,1159.0699999999997,510.0,False
CABC,2026-05-10,2026-05-20,10,4992.29,3500.0,3400.0,1592.29,100.0,False
CBIBF,2026-05-10,2026-05-20,10,14934.11,16800.0,20500.0,5565.889999999999,3700.0,False
CFAC,2026-05-10,2026-05-20,10,1259.85,1385.0,1500.0,240.1500000000001,115.0,False
CIEC,2026-05-10,2026-05-20,10,2928.1,3330.0,3355.0,426.9000000000001,25.0,False
ECOC,2026-05-10,2026-05-20,10,16430.16,16800.0,16300.0,130.15999999999985,500.0,True
ETIT,2026-05-10,2026-05-20,10,25.55,30.0,30.0,4.449999999999999,0.0,True
FTSC,2026-05-10,2026-05-20,10,2289.37,2220.0,2250.0,39.36999999999989,30.0,True
NEIC,2026-05-10,2026-05-20,10,1325.4,1745.0,1940.0,614.5999999999999,195.0,False
NSBC,2026-05-10,2026-05-20,10,14885.05,14010.0,16700.0,1814.9500000000007,2690.0,True
NTLC,2026-05-10,2026-05-20,10,11948.7,11650.0,11800.0,148.70000000000073,150.0,True
ONTBF,2026-05-10,2026-05-20,10,2729.33,2760.0,2855.0,125.67000000000007,95.0,False
ORAC,2026-05-10,2026-05-20,10,14942.27,14920.0,15650.0,707.7299999999996,730.0,True
ORGT,2026-05-10,2026-05-20,10,2655.17,2550.0,2500.0,155.17000000000007,50.0,False
PALC,2026-05-10,2026-05-20,10,8020.17,7800.0,7690.0,330.1700000000001,110.0,False
SAFC,2026-05-10,2026-05-20,10,1597.85,3500.0,3990.0,2392.15,490.0,False
SDSC,2026-05-10,2026-05-20,10,1726.03,1745.0,1710.0,16.029999999999973,35.0,True
SEMC,2026-05-10,2026-05-20,10,1391.86,1525.0,1455.0,63.1400000000001,70.0,True
SGBC,2026-05-10,2026-05-20,10,33833.88,34500.0,35995.0,2161.1200000000026,1495.0,False
SHEC,2026-05-10,2026-05-20,10,1616.52,1945.0,1975.0,358.48,30.0,False
SIBC,2026-05-10,2026-05-20,10,6520.45,7095.0,7505.0,984.5500000000002,410.0,False
SICC,2026-05-10,2026-05-20,10,4171.39,4290.0,4450.0,278.6099999999997,160.0,False
SLBC,2026-05-10,2026-05-20,10,37225.72,37500.0,37505.0,279.27999999999884,5.0,False
SMBC,2026-05-10,2026-05-20,10,11859.07,11995.0,12600.0,740.9300000000003,605.0,False
SNTS,2026-05-10,2026-05-20,10,28683.73,28900.0,28850.0,166.27000000000044,50.0,True
SOGC,2026-05-10,2026-05-20,10,7525.81,7390.0,7450.0,75.8100000000004,60.0,True
SPHC,2026-05-10,2026-05-20,10,6997.35,7050.0,6850.0,147.35000000000036,200.0,True
STAC,2026-05-10,2026-05-20,10,1752.79,2660.0,2820.0,1067.21,160.0,False
TTLC,2026-05-10,2026-05-20,10,2727.03,2750.0,2900.0,172.9699999999998,150.0,False
TTLS,2026-05-10,2026-05-20,10,2866.94,2950.0,3020.0,153.05999999999995,70.0,False
UNLC,2026-05-10,2026-05-20,10,61329.19,56000.0,56100.0,5229.190000000002,100.0,True
UNXC,2026-05-10,2026-05-20,10,1746.54,1805.0,1795.0,48.460000000000036,10.0,True
ABJC,2026-05-11,2026-05-20,9,2779.33,2975.0,2845.0,65.67000000000007,130.0,True
BICB,2026-05-11,2026-05-20,9,5049.85,5225.0,5220.0,170.14999999999964,5.0,True
BICC,2026-05-11,2026-05-20,9,24648.64,26000.0,26450.0,1801.3600000000006,450.0,False
BNBC,2026-05-11,2026-05-20,9,1337.22,1300.0,1500.0,162.77999999999997,200.0,True
BOAB,2026-05-11,2026-05-20,9,8398.82,9400.0,9400.0,1001.1800000000003,0.0,True
BOABF,2026-05-11,2026-05-20,9,5305.59,5400.0,5400.0,94.40999999999985,0.0,True
BOAC,2026-05-11,2026-05-20,9,7937.85,8705.0,8795.0,857.1499999999996,90.0,False
BOAM,2026-05-11,2026-05-20,9,4542.28,4700.0,4900.0,357.72000000000025,200.0,False
BOAN,2026-05-11,2026-05-20,9,3493.05,3485.0,3470.0,23.050000000000182,15.0,False
BOAS,2026-05-11,2026-05-20,9,6817.55,7390.0,7900.0,1082.4499999999998,510.0,False
CABC,2026-05-11,2026-05-20,9,4655.99,3500.0,3400.0,1255.9899999999998,100.0,False
CBIBF,2026-05-11,2026-05-20,9,15100.99,16800.0,20500.0,5399.01,3700.0,False
CFAC,2026-05-11,2026-05-20,9,1274.29,1385.0,1500.0,225.71000000000004,115.0,False
CIEC,2026-05-11,2026-05-20,9,2963.14,3330.0,3355.0,391.8600000000001,25.0,False
ECOC,2026-05-11,2026-05-20,9,16522.84,16800.0,16300.0,222.84000000000015,500.0,True
ETIT,2026-05-11,2026-05-20,9,26.01,30.0,30.0,3.9899999999999984,0.0,True
FTSC,2026-05-11,2026-05-20,9,2279.55,2220.0,2250.0,29.550000000000182,30.0,True
NEIC,2026-05-11,2026-05-20,9,1363.84,1745.0,1940.0,576.1600000000001,195.0,False
NSBC,2026-05-11,2026-05-20,9,14757.65,14010.0,16700.0,1942.3500000000004,2690.0,True
NTLC,2026-05-11,2026-05-20,9,11894.17,11650.0,11800.0,94.17000000000007,150.0,True
ONTBF,2026-05-11,2026-05-20,9,2733.26,2760.0,2855.0,121.73999999999978,95.0,False
ORAC,2026-05-11,2026-05-20,9,14925.33,14920.0,15650.0,724.6700000000001,730.0,True
ORGT,2026-05-11,2026-05-20,9,2607.95,2550.0,2500.0,107.94999999999982,50.0,False
PALC,2026-05-11,2026-05-20,9,7988.02,7800.0,7690.0,298.02000000000044,110.0,False
SAFC,2026-05-11,2026-05-20,9,1737.73,3500.0,3990.0,2252.27,490.0,False
SDSC,2026-05-11,2026-05-20,9,1728.34,1745.0,1710.0,18.339999999999918,35.0,True
SEMC,2026-05-11,2026-05-20,9,1408.88,1525.0,1455.0,46.11999999999989,70.0,True
SGBC,2026-05-11,2026-05-20,9,33974.39,34500.0,35995.0,2020.6100000000006,1495.0,False
SHEC,2026-05-11,2026-05-20,9,1646.08,1945.0,1975.0,328.9200000000001,30.0,False
SIBC,2026-05-11,2026-05-20,9,6583.27,7095.0,7505.0,921.7299999999996,410.0,False
SICC,2026-05-11,2026-05-20,9,4187.05,4290.0,4450.0,262.9499999999998,160.0,False
SLBC,2026-05-11,2026-05-20,9,37251.3,37500.0,37505.0,253.6999999999971,5.0,False
SMBC,2026-05-11,2026-05-20,9,11896.83,11995.0,12600.0,703.1700000000001,605.0,False
SNTS,2026-05-11,2026-05-20,9,28711.47,28900.0,28850.0,138.52999999999884,50.0,True
SOGC,2026-05-11,2026-05-20,9,7505.69,7390.0,7450.0,55.6899999999996,60.0,True
SPHC,2026-05-11,2026-05-20,9,7004.48,7050.0,6850.0,154.47999999999956,200.0,True
STAC,2026-05-11,2026-05-20,9,1853.7,2660.0,2820.0,966.3,160.0,False
TTLC,2026-05-11,2026-05-20,9,2729.91,2750.0,2900.0,170.09000000000015,150.0,False
TTLS,2026-05-11,2026-05-20,9,2870.98,2950.0,3020.0,149.01999999999998,70.0,False
UNLC,2026-05-11,2026-05-20,9,60225.28,56000.0,56100.0,4125.279999999999,100.0,True
UNXC,2026-05-11,2026-05-20,9,1750.02,1805.0,1795.0,44.98000000000002,10.0,True
ABJC,2026-05-12,2026-05-20,8,2811.55,2985.0,2845.0,33.44999999999982,140.0,True
BICB,2026-05-12,2026-05-20,8,5056.86,5170.0,5220.0,163.14000000000033,50.0,False
BICC,2026-05-12,2026-05-20,8,24920.94,26200.0,26450.0,1529.0600000000013,250.0,False
BNBC,2026-05-12,2026-05-20,8,1395.33,1395.0,1500.0,104.67000000000007,105.0,True
BOAB,2026-05-12,2026-05-20,8,8513.73,9405.0,9400.0,886.2700000000004,5.0,True
BOABF,2026-05-12,2026-05-20,8,5322.37,5410.0,5400.0,77.63000000000011,10.0,True
BOAC,2026-05-12,2026-05-20,8,8012.64,8650.0,8795.0,782.3599999999997,145.0,False
BOAM,2026-05-12,2026-05-20,8,4551.32,4685.0,4900.0,348.6800000000003,215.0,False
BOAN,2026-05-12,2026-05-20,8,3471.93,3450.0,3470.0,1.9299999999998363,20.0,True
BOAS,2026-05-12,2026-05-20,8,6927.49,7450.0,7900.0,972.5100000000002,450.0,False
CABC,2026-05-12,2026-05-20,8,4379.74,3500.0,3400.0,979.7399999999998,100.0,False
CBIBF,2026-05-12,2026-05-20,8,15278.59,16800.0,20500.0,5221.41,3700.0,False
CFAC,2026-05-12,2026-05-20,8,1287.34,1380.0,1500.0,212.66000000000008,120.0,False
CIEC,2026-05-12,2026-05-20,8,2958.93,3200.0,3355.0,396.07000000000016,155.0,False
ECOC,2026-05-12,2026-05-20,8,16372.33,16200.0,16300.0,72.32999999999993,100.0,True
ETIT,2026-05-12,2026-05-20,8,26.49,30.0,30.0,3.5100000000000016,0.0,True
FTSC,2026-05-12,2026-05-20,8,2252.3,2200.0,2250.0,2.300000000000182,50.0,True
NEIC,2026-05-12,2026-05-20,8,1449.93,1850.0,1940.0,490.06999999999994,90.0,False
NSBC,2026-05-12,2026-05-20,8,14501.79,13850.0,16700.0,2198.209999999999,2850.0,True
NTLC,2026-05-12,2026-05-20,8,11712.45,11150.0,11800.0,87.54999999999927,650.0,True
ONTBF,2026-05-12,2026-05-20,8,2701.55,2700.0,2855.0,153.44999999999982,155.0,True
ORAC,2026-05-12,2026-05-20,8,14987.0,15100.0,15650.0,663.0,550.0,False
ORGT,2026-05-12,2026-05-20,8,2667.58,2740.0,2500.0,167.57999999999993,240.0,True
PALC,2026-05-12,2026-05-20,8,7958.62,7800.0,7690.0,268.6199999999999,110.0,False
SAFC,2026-05-12,2026-05-20,8,1921.0,3485.0,3990.0,2069.0,505.0,False
SDSC,2026-05-12,2026-05-20,8,1699.95,1700.0,1710.0,10.049999999999955,10.0,False
SEMC,2026-05-12,2026-05-20,8,1418.65,1505.0,1455.0,36.34999999999991,50.0,True
SGBC,2026-05-12,2026-05-20,8,34166.8,34800.0,35995.0,1828.199999999997,1195.0,False
SHEC,2026-05-12,2026-05-20,8,1703.69,2000.0,1975.0,271.30999999999995,25.0,True
SIBC,2026-05-12,2026-05-20,8,6677.32,7140.0,7505.0,827.6800000000003,365.0,False
SICC,2026-05-12,2026-05-20,8,4289.19,4400.0,4450.0,160.8100000000004,50.0,False
SLBC,2026-05-12,2026-05-20,8,37513.39,37900.0,37505.0,8.389999999999418,395.0,True
SMBC,2026-05-12,2026-05-20,8,11971.05,12100.0,12600.0,628.9500000000007,500.0,False
SNTS,2026-05-12,2026-05-20,8,28770.39,29000.0,28850.0,79.61000000000058,150.0,True
SOGC,2026-05-12,2026-05-20,8,7490.21,7395.0,7450.0,40.210000000000036,55.0,True
SPHC,2026-05-12,2026-05-20,8,6987.61,7000.0,6850.0,137.60999999999967,150.0,True
STAC,2026-05-12,2026-05-20,8,1868.15,2515.0,2820.0,951.8499999999999,305.0,False
TTLC,2026-05-12,2026-05-20,8,2810.32,2850.0,2900.0,89.67999999999984,50.0,False
TTLS,2026-05-12,2026-05-20,8,2859.04,2900.0,3020.0,160.96000000000004,120.0,False
UNLC,2026-05-12,2026-05-20,8,61449.43,59900.0,56100.0,5349.43,3800.0,False
UNXC,2026-05-12,2026-05-20,8,1769.23,1835.0,1795.0,25.769999999999982,40.0,True
ABJC,2026-05-13,2026-05-20,7,2837.8,2980.0,2845.0,7.199999999999818,135.0,True
BICB,2026-05-13,2026-05-20,7,5069.26,5200.0,5220.0,150.73999999999978,20.0,False
BICC,2026-05-13,2026-05-20,7,25195.33,26300.0,26450.0,1254.6699999999983,150.0,False
BNBC,2026-05-13,2026-05-20,7,1480.88,1495.0,1500.0,19.11999999999989,5.0,False
BOAB,2026-05-13,2026-05-20,7,8638.97,9420.0,9400.0,761.0300000000007,20.0,True
BOABF,2026-05-13,2026-05-20,7,5337.02,5410.0,5400.0,62.97999999999956,10.0,True
BOAC,2026-05-13,2026-05-20,7,8073.56,8585.0,8795.0,721.4399999999996,210.0,False
BOAM,2026-05-13,2026-05-20,7,4574.79,4680.0,4900.0,325.21000000000004,220.0,False
BOAN,2026-05-13,2026-05-20,7,3454.14,3440.0,3470.0,15.860000000000127,30.0,True
BOAS,2026-05-13,2026-05-20,7,7048.26,7500.0,7900.0,851.7399999999998,400.0,False
CABC,2026-05-13,2026-05-20,7,4005.09,3400.0,3400.0,605.0900000000001,0.0,False
CBIBF,2026-05-13,2026-05-20,7,15687.27,17400.0,20500.0,4812.73,3100.0,False
CFAC,2026-05-13,2026-05-20,7,1302.09,1380.0,1500.0,197.91000000000008,120.0,False
CIEC,2026-05-13,2026-05-20,7,3019.12,3295.0,3355.0,335.8800000000001,60.0,False
ECOC,2026-05-13,2026-05-20,7,16279.21,16200.0,16300.0,20.790000000000873,100.0,True
ETIT,2026-05-13,2026-05-20,7,27.03,30.0,30.0,2.969999999999999,0.0,True
FTSC,2026-05-13,2026-05-20,7,2277.36,2240.0,2250.0,27.360000000000127,10.0,True
NEIC,2026-05-13,2026-05-20,7,1531.03,1890.0,1940.0,408.97,50.0,False
NSBC,2026-05-13,2026-05-20,7,14316.33,13810.0,16700.0,2383.67,2890.0,True
NTLC,2026-05-13,2026-05-20,7,11716.32,11700.0,11800.0,83.68000000000029,100.0,True
ONTBF,2026-05-13,2026-05-20,7,2677.1,2680.0,2855.0,177.9000000000001,175.0,False
ORAC,2026-05-13,2026-05-20,7,15013.56,15050.0,15650.0,636.4400000000005,600.0,False
ORGT,2026-05-13,2026-05-20,7,2701.87,2740.0,2500.0,201.8699999999999,240.0,True
PALC,2026-05-13,2026-05-20,7,7959.38,7850.0,7690.0,269.3800000000001,160.0,False
SAFC,2026-05-13,2026-05-20,7,2410.25,3745.0,3990.0,1579.75,245.0,False
SDSC,2026-05-13,2026-05-20,7,1727.76,1745.0,1710.0,17.75999999999999,35.0,True
SEMC,2026-05-13,2026-05-20,7,1427.62,1500.0,1455.0,27.38000000000011,45.0,True
SGBC,2026-05-13,2026-05-20,7,34369.68,34990.0,35995.0,1625.3199999999997,1005.0,False
SHEC,2026-05-13,2026-05-20,7,1720.6,1940.0,1975.0,254.4000000000001,35.0,False
SIBC,2026-05-13,2026-05-20,7,6853.47,7295.0,7505.0,651.5299999999997,210.0,False
SICC,2026-05-13,2026-05-20,7,4334.32,4390.0,4450.0,115.68000000000029,60.0,False
SLBC,2026-05-13,2026-05-20,7,37453.3,37500.0,37505.0,51.69999999999709,5.0,False
SMBC,2026-05-13,2026-05-20,7,12303.31,12685.0,12600.0,296.6900000000005,85.0,True
SNTS,2026-05-13,2026-05-20,7,28789.62,28910.0,28850.0,60.38000000000102,60.0,True
SOGC,2026-05-13,2026-05-20,7,7476.87,7400.0,7450.0,26.86999999999989,50.0,True
SPHC,2026-05-13,2026-05-20,7,6978.43,6995.0,6850.0,128.4300000000003,145.0,True
STAC,2026-05-13,2026-05-20,7,2046.21,2600.0,2820.0,773.79,220.0,False
TTLC,2026-05-13,2026-05-20,7,2994.69,3060.0,2900.0,94.69000000000005,160.0,True
TTLS,2026-05-13,2026-05-20,7,2835.42,2845.0,3020.0,184.57999999999993,175.0,False
UNLC,2026-05-13,2026-05-20,7,60098.5,56100.0,56100.0,3998.5,0.0,False
UNXC,2026-05-13,2026-05-20,7,1780.03,1825.0,1795.0,14.970000000000027,30.0,True
ABJC,2026-05-14,2026-05-20,6,2754.17,2850.0,2845.0,90.82999999999993,5.0,True
BICB,2026-05-14,2026-05-20,6,5072.1,5220.0,5220.0,147.89999999999964,0.0,True
BICC,2026-05-14,2026-05-20,6,25294.32,26400.0,26450.0,1155.6800000000003,50.0,False
BNBC,2026-05-14,2026-05-20,6,1570.84,1590.0,1500.0,70.83999999999992,90.0,True
BOAB,2026-05-14,2026-05-20,6,8642.43,9410.0,9400.0,757.5699999999997,10.0,True
BOABF,2026-05-14,2026-05-20,6,5334.04,5405.0,5400.0,65.96000000000004,5.0,True
BOAC,2026-05-14,2026-05-20,6,8070.38,8600.0,8795.0,724.6199999999999,195.0,False
BOAM,2026-05-14,2026-05-20,6,4570.39,4675.0,4900.0,329.6099999999997,225.0,False
BOAN,2026-05-14,2026-05-20,6,3421.22,3395.0,3470.0,48.7800000000002,75.0,True
BOAS,2026-05-14,2026-05-20,6,7088.98,7555.0,7900.0,811.0200000000004,345.0,False
CABC,2026-05-14,2026-05-20,6,4132.04,3500.0,3400.0,732.04,100.0,False
CBIBF,2026-05-14,2026-05-20,6,16147.31,18700.0,20500.0,4352.6900000000005,1800.0,False
CFAC,2026-05-14,2026-05-20,6,1352.43,1480.0,1500.0,147.56999999999994,20.0,False
CIEC,2026-05-14,2026-05-20,6,3026.52,3300.0,3355.0,328.48,55.0,False
ECOC,2026-05-14,2026-05-20,6,16257.23,16300.0,16300.0,42.77000000000044,0.0,True
ETIT,2026-05-14,2026-05-20,6,27.02,30.0,30.0,2.9800000000000004,0.0,True
FTSC,2026-05-14,2026-05-20,6,2289.34,2250.0,2250.0,39.340000000000146,0.0,False
NEIC,2026-05-14,2026-05-20,6,1575.05,1990.0,1940.0,364.95000000000005,50.0,True
NSBC,2026-05-14,2026-05-20,6,14529.77,14100.0,16700.0,2170.2299999999996,2600.0,True
NTLC,2026-05-14,2026-05-20,6,11723.87,11600.0,11800.0,76.1299999999992,200.0,True
ONTBF,2026-05-14,2026-05-20,6,2708.7,2750.0,2855.0,146.30000000000018,105.0,False
ORAC,2026-05-14,2026-05-20,6,15007.25,15000.0,15650.0,642.75,650.0,True
ORGT,2026-05-14,2026-05-20,6,2641.09,2575.0,2500.0,141.09000000000015,75.0,False
PALC,2026-05-14,2026-05-20,6,7944.8,7800.0,7690.0,254.80000000000018,110.0,False
SAFC,2026-05-14,2026-05-20,6,2468.55,3995.0,3990.0,1521.4499999999998,5.0,True
SDSC,2026-05-14,2026-05-20,6,1759.55,1785.0,1710.0,49.549999999999955,75.0,True
SEMC,2026-05-14,2026-05-20,6,1449.71,1580.0,1455.0,5.289999999999964,125.0,True
SGBC,2026-05-14,2026-05-20,6,34483.0,34995.0,35995.0,1512.0,1000.0,False
SHEC,2026-05-14,2026-05-20,6,1745.72,2000.0,1975.0,229.27999999999997,25.0,True
SIBC,2026-05-14,2026-05-20,6,6866.77,7300.0,7505.0,638.2299999999996,205.0,False
SICC,2026-05-14,2026-05-20,6,4324.96,4380.0,4450.0,125.03999999999996,70.0,False
SLBC,2026-05-14,2026-05-20,6,37659.03,37995.0,37505.0,154.02999999999884,490.0,True
SMBC,2026-05-14,2026-05-20,6,12280.23,12295.0,12600.0,319.77000000000044,305.0,False
SNTS,2026-05-14,2026-05-20,6,28798.39,28950.0,28850.0,51.61000000000058,100.0,True
SOGC,2026-05-14,2026-05-20,6,7506.16,7450.0,7450.0,56.159999999999854,0.0,False
SPHC,2026-05-14,2026-05-20,6,6973.18,7000.0,6850.0,123.18000000000029,150.0,True
STAC,2026-05-14,2026-05-20,6,2202.27,2795.0,2820.0,617.73,25.0,False
TTLC,2026-05-14,2026-05-20,6,2957.08,2995.0,2900.0,57.07999999999993,95.0,True
TTLS,2026-05-14,2026-05-20,6,2889.9,3025.0,3020.0,130.0999999999999,5.0,True
UNLC,2026-05-14,2026-05-20,6,61662.82,60295.0,56100.0,5562.82,4195.0,False
UNXC,2026-05-14,2026-05-20,6,1787.2,1840.0,1795.0,7.7999999999999545,45.0,True
ABJC,2026-05-15,2026-05-20,5,2758.94,2850.0,2845.0,86.05999999999995,5.0,True
BICB,2026-05-15,2026-05-20,5,5088.49,5220.0,5220.0,131.51000000000022,0.0,True
BICC,2026-05-15,2026-05-20,5,25531.52,26400.0,26450.0,918.4799999999996,50.0,False
BNBC,2026-05-15,2026-05-20,5,1593.54,1590.0,1500.0,93.53999999999996,90.0,False
BOAB,2026-05-15,2026-05-20,5,8771.92,9410.0,9400.0,628.0799999999999,10.0,True
BOABF,2026-05-15,2026-05-20,5,5347.82,5405.0,5400.0,52.18000000000029,5.0,True
BOAC,2026-05-15,2026-05-20,5,8189.89,8600.0,8795.0,605.1099999999997,195.0,False
BOAM,2026-05-15,2026-05-20,5,4596.75,4675.0,4900.0,303.25,225.0,False
BOAN,2026-05-15,2026-05-20,5,3403.76,3395.0,3470.0,66.23999999999978,75.0,True
BOAS,2026-05-15,2026-05-20,5,7192.5,7555.0,7900.0,707.5,345.0,False
CABC,2026-05-15,2026-05-20,5,3966.61,3500.0,3400.0,566.6100000000001,100.0,False
CBIBF,2026-05-15,2026-05-20,5,16535.95,18700.0,20500.0,3964.0499999999993,1800.0,False
CFAC,2026-05-15,2026-05-20,5,1396.31,1480.0,1500.0,103.69000000000005,20.0,False
CIEC,2026-05-15,2026-05-20,5,3068.27,3300.0,3355.0,286.73,55.0,False
ECOC,2026-05-15,2026-05-20,5,16260.49,16300.0,16300.0,39.51000000000022,0.0,True
ETIT,2026-05-15,2026-05-20,5,27.61,30.0,30.0,2.3900000000000006,0.0,True
FTSC,2026-05-15,2026-05-20,5,2279.65,2250.0,2250.0,29.65000000000009,0.0,False
NEIC,2026-05-15,2026-05-20,5,1657.34,1990.0,1940.0,282.6600000000001,50.0,True
NSBC,2026-05-15,2026-05-20,5,14467.15,14100.0,16700.0,2232.8500000000004,2600.0,True
NTLC,2026-05-15,2026-05-20,5,11707.52,11600.0,11800.0,92.47999999999956,200.0,True
ONTBF,2026-05-15,2026-05-20,5,2729.11,2750.0,2855.0,125.88999999999987,105.0,False
ORAC,2026-05-15,2026-05-20,5,15002.32,15000.0,15650.0,647.6800000000003,650.0,True
ORGT,2026-05-15,2026-05-20,5,2605.91,2575.0,2500.0,105.90999999999985,75.0,False
PALC,2026-05-15,2026-05-20,5,7906.5,7800.0,7690.0,216.5,110.0,False
SAFC,2026-05-15,2026-05-20,5,2673.57,3995.0,3990.0,1316.4299999999998,5.0,True
SDSC,2026-05-15,2026-05-20,5,1768.38,1785.0,1710.0,58.38000000000011,75.0,True
SEMC,2026-05-15,2026-05-20,5,1481.25,1580.0,1455.0,26.25,125.0,True
SGBC,2026-05-15,2026-05-20,5,34601.84,34995.0,35995.0,1393.1600000000035,1000.0,False
SHEC,2026-05-15,2026-05-20,5,1800.16,2000.0,1975.0,174.83999999999992,25.0,True
SIBC,2026-05-15,2026-05-20,5,6957.93,7300.0,7505.0,547.0699999999997,205.0,False
SICC,2026-05-15,2026-05-20,5,4331.42,4380.0,4450.0,118.57999999999993,70.0,False
SLBC,2026-05-15,2026-05-20,5,37817.56,37995.0,37505.0,312.5599999999977,490.0,True
SMBC,2026-05-15,2026-05-20,5,12262.61,12295.0,12600.0,337.3899999999994,305.0,False
SNTS,2026-05-15,2026-05-20,5,28828.22,28950.0,28850.0,21.779999999998836,100.0,True
SOGC,2026-05-15,2026-05-20,5,7502.62,7450.0,7450.0,52.61999999999989,0.0,False
SPHC,2026-05-15,2026-05-20,5,6977.16,7000.0,6850.0,127.15999999999985,150.0,True
STAC,2026-05-15,2026-05-20,5,2332.27,2795.0,2820.0,487.73,25.0,False
TTLC,2026-05-15,2026-05-20,5,2960.93,2995.0,2900.0,60.929999999999836,95.0,True
TTLS,2026-05-15,2026-05-20,5,2928.89,3025.0,3020.0,91.11000000000013,5.0,True
UNLC,2026-05-15,2026-05-20,5,62009.89,60295.0,56100.0,5909.889999999999,4195.0,False
UNXC,2026-05-15,2026-05-20,5,1800.1,1840.0,1795.0,5.099999999999909,45.0,True
ABJC,2026-05-16,2026-05-20,4,2760.55,2850.0,2845.0,84.44999999999982,5.0,True
BICB,2026-05-16,2026-05-20,4,5087.38,5200.0,5220.0,132.6199999999999,20.0,False
BICC,2026-05-16,2026-05-20,4,25578.36,26450.0,26450.0,871.6399999999994,0.0,True
BNBC,2026-05-16,2026-05-20,4,1564.49,1545.0,1500.0,64.49000000000001,45.0,False
BOAB,2026-05-16,2026-05-20,4,8770.56,9400.0,9400.0,629.4400000000005,0.0,True
BOABF,2026-05-16,2026-05-20,4,5344.64,5400.0,5400.0,55.35999999999967,0.0,True
BOAC,2026-05-16,2026-05-20,4,8212.93,8630.0,8795.0,582.0699999999997,165.0,False
BOAM,2026-05-16,2026-05-20,4,4612.85,4690.0,4900.0,287.14999999999964,210.0,False
BOAN,2026-05-16,2026-05-20,4,3426.98,3445.0,3470.0,43.01999999999998,25.0,False
BOAS,2026-05-16,2026-05-20,4,7218.81,7595.0,7900.0,681.1899999999996,305.0,False
CABC,2026-05-16,2026-05-20,4,3955.15,3495.0,3400.0,555.1500000000001,95.0,False
CBIBF,2026-05-16,2026-05-20,4,17034.42,19905.0,20500.0,3465.5800000000017,595.0,False
CFAC,2026-05-16,2026-05-20,4,1445.44,1555.0,1500.0,54.559999999999945,55.0,True
CIEC,2026-05-16,2026-05-20,4,3065.62,3290.0,3355.0,289.3800000000001,65.0,False
ECOC,2026-05-16,2026-05-20,4,16252.14,16300.0,16300.0,47.86000000000058,0.0,True
ETIT,2026-05-16,2026-05-20,4,27.12,29.0,30.0,2.879999999999999,1.0,False
FTSC,2026-05-16,2026-05-20,4,2279.87,2250.0,2250.0,29.86999999999989,0.0,False
NEIC,2026-05-16,2026-05-20,4,1618.42,1920.0,1940.0,321.5799999999999,20.0,False
NSBC,2026-05-16,2026-05-20,4,15182.54,15000.0,16700.0,1517.4599999999991,1700.0,True
NTLC,2026-05-16,2026-05-20,4,11754.42,11750.0,11800.0,45.57999999999993,50.0,True
ONTBF,2026-05-16,2026-05-20,4,2761.98,2795.0,2855.0,93.01999999999998,60.0,False
ORAC,2026-05-16,2026-05-20,4,15055.42,15150.0,15650.0,594.5799999999999,500.0,False
ORGT,2026-05-16,2026-05-20,4,2522.93,2435.0,2500.0,22.929999999999836,65.0,True
PALC,2026-05-16,2026-05-20,4,7843.99,7700.0,7690.0,153.98999999999978,10.0,False
SAFC,2026-05-16,2026-05-20,4,2567.52,3990.0,3990.0,1422.48,0.0,True
SDSC,2026-05-16,2026-05-20,4,1744.5,1750.0,1710.0,34.5,40.0,True
SEMC,2026-05-16,2026-05-20,4,1468.32,1505.0,1455.0,13.319999999999936,50.0,True
SGBC,2026-05-16,2026-05-20,4,34955.23,35985.0,35995.0,1039.7699999999968,10.0,False
SHEC,2026-05-16,2026-05-20,4,1788.86,1980.0,1975.0,186.1400000000001,5.0,True
SIBC,2026-05-16,2026-05-20,4,7095.81,7500.0,7505.0,409.1899999999996,5.0,False
SICC,2026-05-16,2026-05-20,4,4267.29,4305.0,4450.0,182.71000000000004,145.0,False
SLBC,2026-05-16,2026-05-20,4,37809.05,37900.0,37505.0,304.0500000000029,395.0,True
SMBC,2026-05-16,2026-05-20,4,12549.78,12895.0,12600.0,50.219999999999345,295.0,True
SNTS,2026-05-16,2026-05-20,4,28815.48,28900.0,28850.0,34.52000000000044,50.0,True
SOGC,2026-05-16,2026-05-20,4,7527.29,7485.0,7450.0,77.28999999999996,35.0,False
SPHC,2026-05-16,2026-05-20,4,6968.62,6985.0,6850.0,118.61999999999989,135.0,True
STAC,2026-05-16,2026-05-20,4,2147.92,2660.0,2820.0,672.0799999999999,160.0,False
TTLC,2026-05-16,2026-05-20,4,2897.27,2910.0,2900.0,2.730000000000018,10.0,True
TTLS,2026-05-16,2026-05-20,4,2931.24,3005.0,3020.0,88.76000000000022,15.0,False
UNLC,2026-05-16,2026-05-20,4,62353.54,59950.0,56100.0,6253.540000000001,3850.0,False
UNXC,2026-05-16,2026-05-20,4,1799.75,1835.0,1795.0,4.75,40.0,True
ABJC,2026-05-17,2026-05-20,3,2759.89,2850.0,2845.0,85.11000000000013,5.0,True
BICB,2026-05-17,2026-05-20,3,5086.26,5200.0,5220.0,133.73999999999978,20.0,False
BICC,2026-05-17,2026-05-20,3,25604.21,26450.0,26450.0,845.7900000000009,0.0,True
BNBC,2026-05-17,2026-05-20,3,1554.71,1545.0,1500.0,54.710000000000036,45.0,False
BOAB,2026-05-17,2026-05-20,3,8771.04,9400.0,9400.0,628.9599999999991,0.0,True
BOABF,2026-05-17,2026-05-20,3,5343.62,5400.0,5400.0,56.38000000000011,0.0,True
BOAC,2026-05-17,2026-05-20,3,8220.62,8630.0,8795.0,574.3799999999992,165.0,False
BOAM,2026-05-17,2026-05-20,3,4607.03,4690.0,4900.0,292.97000000000025,210.0,False
BOAN,2026-05-17,2026-05-20,3,3442.69,3445.0,3470.0,27.309999999999945,25.0,False
BOAS,2026-05-17,2026-05-20,3,7226.47,7595.0,7900.0,673.5299999999997,305.0,False
CABC,2026-05-17,2026-05-20,3,3948.61,3495.0,3400.0,548.6100000000001,95.0,False
CBIBF,2026-05-17,2026-05-20,3,17138.44,19905.0,20500.0,3361.5600000000013,595.0,False
CFAC,2026-05-17,2026-05-20,3,1468.63,1555.0,1500.0,31.36999999999989,55.0,True
CIEC,2026-05-17,2026-05-20,3,3067.03,3290.0,3355.0,287.9699999999998,65.0,False
ECOC,2026-05-17,2026-05-20,3,16245.66,16300.0,16300.0,54.340000000000146,0.0,True
ETIT,2026-05-17,2026-05-20,3,26.9,29.0,30.0,3.1000000000000014,1.0,False
FTSC,2026-05-17,2026-05-20,3,2280.49,2250.0,2250.0,30.48999999999978,0.0,False
NEIC,2026-05-17,2026-05-20,3,1614.73,1920.0,1940.0,325.27,20.0,False
NSBC,2026-05-17,2026-05-20,3,15380.34,15000.0,16700.0,1319.6599999999999,1700.0,True
NTLC,2026-05-17,2026-05-20,3,11791.36,11750.0,11800.0,8.639999999999418,50.0,True
ONTBF,2026-05-17,2026-05-20,3,2775.36,2795.0,2855.0,79.63999999999987,60.0,False
ORAC,2026-05-17,2026-05-20,3,15092.77,15150.0,15650.0,557.2299999999996,500.0,False
ORGT,2026-05-17,2026-05-20,3,2477.68,2435.0,2500.0,22.320000000000164,65.0,True
PALC,2026-05-17,2026-05-20,3,7813.46,7700.0,7690.0,123.46000000000004,10.0,False
SAFC,2026-05-17,2026-05-20,3,2643.67,3990.0,3990.0,1346.33,0.0,True
SDSC,2026-05-17,2026-05-20,3,1741.72,1750.0,1710.0,31.720000000000027,40.0,True
SEMC,2026-05-17,2026-05-20,3,1456.5,1505.0,1455.0,1.5,50.0,True
SGBC,2026-05-17,2026-05-20,3,35192.68,35985.0,35995.0,802.3199999999997,10.0,False
SHEC,2026-05-17,2026-05-20,3,1787.14,1980.0,1975.0,187.8599999999999,5.0,True
SIBC,2026-05-17,2026-05-20,3,7109.65,7500.0,7505.0,395.35000000000036,5.0,False
SICC,2026-05-17,2026-05-20,3,4240.5,4305.0,4450.0,209.5,145.0,False
SLBC,2026-05-17,2026-05-20,3,37786.83,37900.0,37505.0,281.83000000000175,395.0,True
SMBC,2026-05-17,2026-05-20,3,12703.68,12895.0,12600.0,103.68000000000029,295.0,True
SNTS,2026-05-17,2026-05-20,3,28806.49,28900.0,28850.0,43.5099999999984,50.0,True
SOGC,2026-05-17,2026-05-20,3,7537.99,7485.0,7450.0,87.98999999999978,35.0,False
SPHC,2026-05-17,2026-05-20,3,6964.0,6985.0,6850.0,114.0,135.0,True
STAC,2026-05-17,2026-05-20,3,2149.21,2660.0,2820.0,670.79,160.0,False
TTLC,2026-05-17,2026-05-20,3,2895.07,2910.0,2900.0,4.929999999999836,10.0,True
TTLS,2026-05-17,2026-05-20,3,2933.1,3005.0,3020.0,86.90000000000009,15.0,False
UNLC,2026-05-17,2026-05-20,3,62449.03,59950.0,56100.0,6349.029999999999,3850.0,False
UNXC,2026-05-17,2026-05-20,3,1799.31,1835.0,1795.0,4.309999999999945,40.0,True
ABJC,2026-05-18,2026-05-20,2,2785.99,2850.0,2845.0,59.01000000000022,5.0,True
BICB,2026-05-18,2026-05-20,2,5099.48,5200.0,5220.0,120.52000000000044,20.0,False
BICC,2026-05-18,2026-05-20,2,25816.27,26450.0,26450.0,633.7299999999996,0.0,True
BNBC,2026-05-18,2026-05-20,2,1551.33,1545.0,1500.0,51.32999999999993,45.0,False
BOAB,2026-05-18,2026-05-20,2,8923.17,9400.0,9400.0,476.8299999999999,0.0,True
BOABF,2026-05-18,2026-05-20,2,5359.07,5400.0,5400.0,40.93000000000029,0.0,True
BOAC,2026-05-18,2026-05-20,2,8341.9,8630.0,8795.0,453.10000000000036,165.0,False
BOAM,2026-05-18,2026-05-20,2,4636.48,4690.0,4900.0,263.52000000000044,210.0,False
BOAN,2026-05-18,2026-05-20,2,3447.75,3445.0,3470.0,22.25,25.0,True
BOAS,2026-05-18,2026-05-20,2,7330.65,7595.0,7900.0,569.3500000000004,305.0,False
CABC,2026-05-18,2026-05-20,2,3778.09,3495.0,3400.0,378.09000000000015,95.0,False
CBIBF,2026-05-18,2026-05-20,2,17757.48,19905.0,20500.0,2742.5200000000004,595.0,False
CFAC,2026-05-18,2026-05-20,2,1496.49,1555.0,1500.0,3.509999999999991,55.0,True
CIEC,2026-05-18,2026-05-20,2,3124.69,3290.0,3355.0,230.30999999999995,65.0,False
ECOC,2026-05-18,2026-05-20,2,16255.96,16300.0,16300.0,44.04000000000087,0.0,True
ETIT,2026-05-18,2026-05-20,2,27.4,29.0,30.0,2.6000000000000014,1.0,False
FTSC,2026-05-18,2026-05-20,2,2270.72,2250.0,2250.0,20.7199999999998,0.0,False
NEIC,2026-05-18,2026-05-20,2,1702.5,1920.0,1940.0,237.5,20.0,False
NSBC,2026-05-18,2026-05-20,2,15292.94,15000.0,16700.0,1407.0599999999995,1700.0,True
NTLC,2026-05-18,2026-05-20,2,11794.29,11750.0,11800.0,5.709999999999127,50.0,True
ONTBF,2026-05-18,2026-05-20,2,2783.42,2795.0,2855.0,71.57999999999993,60.0,False
ORAC,2026-05-18,2026-05-20,2,15116.43,15150.0,15650.0,533.5699999999997,500.0,False
ORGT,2026-05-18,2026-05-20,2,2455.6,2435.0,2500.0,44.40000000000009,65.0,True
PALC,2026-05-18,2026-05-20,2,7775.15,7700.0,7690.0,85.14999999999964,10.0,False
SAFC,2026-05-18,2026-05-20,2,3194.17,3990.0,3990.0,795.8299999999999,0.0,True
SDSC,2026-05-18,2026-05-20,2,1744.11,1750.0,1710.0,34.1099999999999,40.0,True
SEMC,2026-05-18,2026-05-20,2,1462.6,1505.0,1455.0,7.599999999999909,50.0,True
SGBC,2026-05-18,2026-05-20,2,35409.36,35985.0,35995.0,585.6399999999994,10.0,False
SHEC,2026-05-18,2026-05-20,2,1841.24,1980.0,1975.0,133.76,5.0,True
SIBC,2026-05-18,2026-05-20,2,7224.5,7500.0,7505.0,280.5,5.0,False
SICC,2026-05-18,2026-05-20,2,4256.85,4305.0,4450.0,193.14999999999964,145.0,False
SLBC,2026-05-18,2026-05-20,2,37809.95,37900.0,37505.0,304.9499999999971,395.0,True
SMBC,2026-05-18,2026-05-20,2,12789.55,12895.0,12600.0,189.54999999999927,295.0,True
SNTS,2026-05-18,2026-05-20,2,28823.8,28900.0,28850.0,26.200000000000728,50.0,True
SOGC,2026-05-18,2026-05-20,2,7525.9,7485.0,7450.0,75.89999999999964,35.0,False
SPHC,2026-05-18,2026-05-20,2,6968.2,6985.0,6850.0,118.19999999999982,135.0,True
STAC,2026-05-18,2026-05-20,2,2345.07,2660.0,2820.0,474.92999999999984,160.0,False
TTLC,2026-05-18,2026-05-20,2,2901.86,2910.0,2900.0,1.8600000000001273,10.0,True
TTLS,2026-05-18,2026-05-20,2,2950.66,3005.0,3020.0,69.34000000000015,15.0,False
UNLC,2026-05-18,2026-05-20,2,61829.01,59950.0,56100.0,5729.010000000002,3850.0,False
UNXC,2026-05-18,2026-05-20,2,1807.98,1835.0,1795.0,12.980000000000018,40.0,True
ABJC,2026-05-19,2026-05-20,1,2808.16,2845.0,2845.0,36.840000000000146,0.0,True
BICB,2026-05-19,2026-05-20,1,5098.79,5105.0,5220.0,121.21000000000004,115.0,False
BICC,2026-05-19,2026-05-20,1,25994.05,26450.0,26450.0,455.9500000000007,0.0,True
BNBC,2026-05-19,2026-05-20,1,1549.41,1545.0,1500.0,49.41000000000008,45.0,False
BOAB,2026-05-19,2026-05-20,1,9092.92,9400.0,9400.0,307.0799999999999,0.0,True
BOABF,2026-05-19,2026-05-20,1,5374.99,5400.0,5400.0,25.01000000000022,0.0,True
BOAC,2026-05-19,2026-05-20,1,8466.49,8655.0,8795.0,328.5100000000002,140.0,False
BOAM,2026-05-19,2026-05-20,1,4666.4,4690.0,4900.0,233.60000000000036,210.0,False
BOAN,2026-05-19,2026-05-20,1,3467.99,3490.0,3470.0,2.0100000000002183,20.0,True
BOAS,2026-05-19,2026-05-20,1,7504.38,7700.0,7900.0,395.6199999999999,200.0,False
CABC,2026-05-19,2026-05-20,1,3613.81,3470.0,3400.0,213.80999999999995,70.0,False
CBIBF,2026-05-19,2026-05-20,1,19079.5,20500.0,20500.0,1420.5,0.0,True
CFAC,2026-05-19,2026-05-20,1,1490.73,1500.0,1500.0,9.269999999999982,0.0,True
CIEC,2026-05-19,2026-05-20,1,3219.12,3330.0,3355.0,135.8800000000001,25.0,False
ECOC,2026-05-19,2026-05-20,1,16266.76,16300.0,16300.0,33.23999999999978,0.0,True
ETIT,2026-05-19,2026-05-20,1,28.37,30.0,30.0,1.629999999999999,0.0,True
FTSC,2026-05-19,2026-05-20,1,2362.29,2360.0,2250.0,112.28999999999996,110.0,False
NEIC,2026-05-19,2026-05-20,1,1804.37,1940.0,1940.0,135.6300000000001,0.0,True
NSBC,2026-05-19,2026-05-20,1,15665.26,15650.0,16700.0,1034.7399999999998,1050.0,True
NTLC,2026-05-19,2026-05-20,1,11828.13,11950.0,11800.0,28.1299999999992,150.0,True
ONTBF,2026-05-19,2026-05-20,1,2790.57,2800.0,2855.0,64.42999999999984,55.0,False
ORAC,2026-05-19,2026-05-20,1,15265.39,15600.0,15650.0,384.6100000000006,50.0,False
ORGT,2026-05-19,2026-05-20,1,2471.41,2495.0,2500.0,28.590000000000146,5.0,False
PALC,2026-05-19,2026-05-20,1,7748.99,7700.0,7690.0,58.98999999999978,10.0,False
SAFC,2026-05-19,2026-05-20,1,3642.15,4000.0,3990.0,347.8499999999999,10.0,True
SDSC,2026-05-19,2026-05-20,1,1702.63,1695.0,1710.0,7.369999999999891,15.0,True
SEMC,2026-05-19,2026-05-20,1,1468.27,1500.0,1455.0,13.269999999999982,45.0,True
SGBC,2026-05-19,2026-05-20,1,35568.02,36000.0,35995.0,426.9800000000032,5.0,True
SHEC,2026-05-19,2026-05-20,1,1895.21,1975.0,1975.0,79.78999999999996,0.0,True
SIBC,2026-05-19,2026-05-20,1,7348.36,7500.0,7505.0,156.64000000000033,5.0,False
SICC,2026-05-19,2026-05-20,1,4319.06,4380.0,4450.0,130.9399999999996,70.0,False
SLBC,2026-05-19,2026-05-20,1,37835.32,37900.0,37505.0,330.3199999999997,395.0,True
SMBC,2026-05-19,2026-05-20,1,12788.37,12800.0,12600.0,188.3700000000008,200.0,True
SNTS,2026-05-19,2026-05-20,1,28811.67,28800.0,28850.0,38.330000000001746,50.0,True
SOGC,2026-05-19,2026-05-20,1,7458.94,7390.0,7450.0,8.9399999999996,60.0,True
SPHC,2026-05-19,2026-05-20,1,6930.69,6890.0,6850.0,80.6899999999996,40.0,False
STAC,2026-05-19,2026-05-20,1,2524.95,2680.0,2820.0,295.0500000000002,140.0,False
TTLC,2026-05-19,2026-05-20,1,2901.05,2905.0,2900.0,1.050000000000182,5.0,True
TTLS,2026-05-19,2026-05-20,1,2961.47,2990.0,3020.0,58.5300000000002,30.0,False
UNLC,2026-05-19,2026-05-20,1,59795.55,56000.0,56100.0,3695.550000000003,100.0,True
UNXC,2026-05-19,2026-05-20,1,1813.64,1830.0,1795.0,18.6400000000001,35.0,True
SIBC,2026-05-06,2026-05-21,15,6376.96,7150.0,7795.0,1418.04,645.0,False
SICC,2026-05-06,2026-05-21,15,4115.47,4280.0,4620.0,504.52999999999975,340.0,False
SLBC,2026-05-06,2026-05-21,15,36755.33,37400.0,37800.0,1044.6699999999983,400.0,False
SMBC,2026-05-06,2026-05-21,15,11474.08,11500.0,12500.0,1025.92,1000.0,False
SNTS,2026-05-06,2026-05-21,15,28545.0,28900.0,28850.0,305.0,50.0,True
SOGC,2026-05-06,2026-05-21,15,7631.85,7500.0,7200.0,431.85000000000036,300.0,False
SPHC,2026-05-06,2026-05-21,15,6727.43,6800.0,6850.0,122.56999999999971,50.0,False
STAC,2026-05-06,2026-05-21,15,1595.02,2800.0,2980.0,1384.98,180.0,False
TTLC,2026-05-06,2026-05-21,15,2683.44,2700.0,2900.0,216.55999999999995,200.0,False
TTLS,2026-05-06,2026-05-21,15,2894.44,3005.0,3050.0,155.55999999999995,45.0,False
UNLC,2026-05-06,2026-05-21,15,66643.65,59000.0,58000.0,8643.649999999994,1000.0,False
UNXC,2026-05-06,2026-05-21,15,1786.84,1875.0,1760.0,26.839999999999918,115.0,True
CBIBF,2026-05-07,2026-05-21,14,14590.99,16700.0,20500.0,5909.01,3800.0,False
ABJC,2026-05-07,2026-05-21,14,2737.93,3015.0,2855.0,117.07000000000016,160.0,True
BICB,2026-05-07,2026-05-21,14,5024.97,5200.0,5195.0,170.02999999999975,5.0,True
BICC,2026-05-07,2026-05-21,14,23522.48,24995.0,27000.0,3477.5200000000004,2005.0,False
ABJC,2026-05-06,2026-05-21,15,2723.29,3015.0,2855.0,131.71000000000004,160.0,True
BICB,2026-05-06,2026-05-21,15,5021.13,5125.0,5195.0,173.8699999999999,70.0,False
BICC,2026-05-06,2026-05-21,15,23331.84,24990.0,27000.0,3668.16,2010.0,False
BNBC,2026-05-06,2026-05-21,15,1366.93,1280.0,1550.0,183.06999999999994,270.0,True
BOAB,2026-05-06,2026-05-21,15,7904.94,9200.0,9405.0,1500.0600000000004,205.0,False
BOABF,2026-05-06,2026-05-21,15,5286.54,5405.0,5415.0,128.46000000000004,10.0,False
BOAC,2026-05-06,2026-05-21,15,7521.31,8590.0,8800.0,1278.6899999999996,210.0,False
BOAM,2026-05-06,2026-05-21,15,4447.8,4690.0,4900.0,452.1999999999998,210.0,False
BOAN,2026-05-06,2026-05-21,15,3580.25,3580.0,3690.0,109.75,110.0,True
BOAS,2026-05-06,2026-05-21,15,6450.15,7240.0,8050.0,1599.8500000000004,810.0,False
CABC,2026-05-06,2026-05-21,15,5977.25,3410.0,3405.0,2572.25,5.0,False
CBIBF,2026-05-06,2026-05-21,15,14445.43,16700.0,20500.0,6054.57,3800.0,False
CFAC,2026-05-06,2026-05-21,15,1207.23,1395.0,1480.0,272.77,85.0,False
CIEC,2026-05-06,2026-05-21,15,2773.87,3000.0,3500.0,726.1300000000001,500.0,False
ECOC,2026-05-06,2026-05-21,15,15995.78,16100.0,16300.0,304.21999999999935,200.0,False
ETIT,2026-05-06,2026-05-21,15,23.94,29.0,30.0,6.059999999999999,1.0,False
FTSC,2026-05-06,2026-05-21,15,2295.91,2195.0,2300.0,4.0900000000001455,105.0,True
NEIC,2026-05-06,2026-05-21,15,1260.15,1880.0,1900.0,639.8499999999999,20.0,False
NSBC,2026-05-06,2026-05-21,15,15267.41,14000.0,17900.0,2632.59,3900.0,True
NTLC,2026-05-06,2026-05-21,15,12256.53,11700.0,11850.0,406.53000000000065,150.0,True
ONTBF,2026-05-06,2026-05-21,15,2696.72,2710.0,2855.0,158.2800000000002,145.0,False
ORAC,2026-05-06,2026-05-21,15,15103.09,15200.0,15505.0,401.90999999999985,305.0,False
ORGT,2026-05-06,2026-05-21,15,3095.3,2975.0,2500.0,595.3000000000002,475.0,False
PALC,2026-05-06,2026-05-21,15,7413.24,6995.0,7690.0,276.7600000000002,695.0,True
SAFC,2026-05-06,2026-05-21,15,1374.47,3500.0,3800.0,2425.5299999999997,300.0,False
SDSC,2026-05-06,2026-05-21,15,1692.45,1700.0,1650.0,42.450000000000045,50.0,True
SEMC,2026-05-06,2026-05-21,15,1365.71,1495.0,1480.0,114.28999999999996,15.0,True
SGBC,2026-05-06,2026-05-21,15,33280.3,33100.0,36200.0,2919.699999999997,3100.0,True
SHEC,2026-05-06,2026-05-21,15,1507.17,1845.0,1945.0,437.8299999999999,100.0,False
BNBC,2026-05-07,2026-05-21,14,1384.8,1350.0,1550.0,165.20000000000005,200.0,True
BOAB,2026-05-07,2026-05-21,14,8035.29,9340.0,9405.0,1369.71,65.0,False
BOABF,2026-05-07,2026-05-21,14,5289.12,5405.0,5415.0,125.88000000000011,10.0,False
BOAC,2026-05-07,2026-05-21,14,7652.53,8785.0,8800.0,1147.4700000000003,15.0,False
BOAM,2026-05-07,2026-05-21,14,4462.85,4680.0,4900.0,437.14999999999964,220.0,False
BOAN,2026-05-07,2026-05-21,14,3538.16,3500.0,3690.0,151.84000000000015,190.0,True
BOAS,2026-05-07,2026-05-21,14,6509.01,7225.0,8050.0,1540.9899999999998,825.0,False
CABC,2026-05-07,2026-05-21,14,5487.71,3410.0,3405.0,2082.71,5.0,False
CFAC,2026-05-07,2026-05-21,14,1231.47,1400.0,1480.0,248.52999999999997,80.0,False
CIEC,2026-05-07,2026-05-21,14,2835.09,3200.0,3500.0,664.9099999999999,300.0,False
ECOC,2026-05-07,2026-05-21,14,15994.94,16100.0,16300.0,305.0599999999995,200.0,False
ETIT,2026-05-07,2026-05-21,14,24.28,29.0,30.0,5.719999999999999,1.0,False
FTSC,2026-05-07,2026-05-21,14,2288.68,2200.0,2300.0,11.320000000000164,100.0,True
NEIC,2026-05-07,2026-05-21,14,1253.79,1715.0,1900.0,646.21,185.0,False
NSBC,2026-05-07,2026-05-21,14,15144.56,14010.0,17900.0,2755.4400000000005,3890.0,True
NTLC,2026-05-07,2026-05-21,14,12189.01,11900.0,11850.0,339.0100000000002,50.0,False
ONTBF,2026-05-07,2026-05-21,14,2681.61,2710.0,2855.0,173.38999999999987,145.0,False
ORAC,2026-05-07,2026-05-21,14,15129.6,15200.0,15505.0,375.39999999999964,305.0,False
ORGT,2026-05-07,2026-05-21,14,3036.5,2975.0,2500.0,536.5,475.0,False
PALC,2026-05-07,2026-05-21,14,7765.78,7800.0,7690.0,75.77999999999975,110.0,True
SAFC,2026-05-07,2026-05-21,14,1437.84,3500.0,3800.0,2362.16,300.0,False
SDSC,2026-05-07,2026-05-21,14,1679.54,1685.0,1650.0,29.539999999999964,35.0,True
SEMC,2026-05-07,2026-05-21,14,1351.45,1450.0,1480.0,128.54999999999995,30.0,False
SGBC,2026-05-07,2026-05-21,14,33263.46,33400.0,36200.0,2936.540000000001,2800.0,False
SHEC,2026-05-07,2026-05-21,14,1526.42,1840.0,1945.0,418.5799999999999,105.0,False
SIBC,2026-05-07,2026-05-21,14,6388.39,7050.0,7795.0,1406.6099999999997,745.0,False
SICC,2026-05-07,2026-05-21,14,4131.08,4285.0,4620.0,488.9200000000001,335.0,False
SLBC,2026-05-07,2026-05-21,14,37106.18,37500.0,37800.0,693.8199999999997,300.0,False
SMBC,2026-05-07,2026-05-21,14,11452.77,11500.0,12500.0,1047.2299999999996,1000.0,False
SNTS,2026-05-07,2026-05-21,14,28598.7,28900.0,28850.0,251.29999999999927,50.0,True
SOGC,2026-05-07,2026-05-21,14,7635.66,7500.0,7200.0,435.65999999999985,300.0,False
SPHC,2026-05-07,2026-05-21,14,6915.49,7175.0,6850.0,65.48999999999978,325.0,True
STAC,2026-05-07,2026-05-21,14,1673.05,2850.0,2980.0,1306.95,130.0,False
TTLC,2026-05-07,2026-05-21,14,2710.0,2740.0,2900.0,190.0,160.0,False
TTLS,2026-05-07,2026-05-21,14,2890.82,3005.0,3050.0,159.17999999999984,45.0,False
UNLC,2026-05-07,2026-05-21,14,65501.5,59000.0,58000.0,7501.5,1000.0,False
UNXC,2026-05-07,2026-05-21,14,1785.91,1865.0,1760.0,25.910000000000082,105.0,True
ABJC,2026-05-08,2026-05-21,13,2764.49,3020.0,2855.0,90.51000000000022,165.0,True
BICB,2026-05-08,2026-05-21,13,5024.12,5120.0,5195.0,170.8800000000001,75.0,False
BICC,2026-05-08,2026-05-21,13,23749.98,25200.0,27000.0,3250.0200000000004,1800.0,False
BNBC,2026-05-08,2026-05-21,13,1385.86,1335.0,1550.0,164.1400000000001,215.0,True
BOAB,2026-05-08,2026-05-21,13,8136.41,9300.0,9405.0,1268.5900000000001,105.0,False
BOABF,2026-05-08,2026-05-21,13,5293.04,5400.0,5415.0,121.96000000000004,15.0,False
BOAC,2026-05-08,2026-05-21,13,7716.68,8650.0,8800.0,1083.3199999999997,150.0,False
BOAM,2026-05-08,2026-05-21,13,4494.61,4690.0,4900.0,405.3900000000003,210.0,False
BOAN,2026-05-08,2026-05-21,13,3516.88,3500.0,3690.0,173.1199999999999,190.0,True
BOAS,2026-05-08,2026-05-21,13,6589.24,7265.0,8050.0,1460.7600000000002,785.0,False
CABC,2026-05-08,2026-05-21,13,5095.54,3400.0,3405.0,1690.54,5.0,True
CBIBF,2026-05-08,2026-05-21,13,14712.97,16600.0,20500.0,5787.030000000001,3900.0,False
CFAC,2026-05-08,2026-05-21,13,1251.85,1400.0,1480.0,228.1500000000001,80.0,False
CIEC,2026-05-08,2026-05-21,13,2894.2,3345.0,3500.0,605.8000000000002,155.0,False
ECOC,2026-05-08,2026-05-21,13,16069.25,16300.0,16300.0,230.75,0.0,True
ETIT,2026-05-08,2026-05-21,13,24.96,30.0,30.0,5.039999999999999,0.0,True
FTSC,2026-05-08,2026-05-21,13,2279.89,2200.0,2300.0,20.110000000000127,100.0,True
NEIC,2026-05-08,2026-05-21,13,1286.08,1745.0,1900.0,613.9200000000001,155.0,False
NSBC,2026-05-08,2026-05-21,13,15005.55,14000.0,17900.0,2894.4500000000007,3900.0,True
NTLC,2026-05-08,2026-05-21,13,12090.08,11700.0,11850.0,240.07999999999993,150.0,True
ONTBF,2026-05-08,2026-05-21,13,2716.55,2775.0,2855.0,138.44999999999982,80.0,False
ORAC,2026-05-08,2026-05-21,13,15036.57,14900.0,15505.0,468.4300000000003,605.0,True
ORGT,2026-05-08,2026-05-21,13,2910.99,2755.0,2500.0,410.9899999999998,255.0,False
PALC,2026-05-08,2026-05-21,13,8002.38,7900.0,7690.0,312.3800000000001,210.0,False
SAFC,2026-05-08,2026-05-21,13,1504.19,3500.0,3800.0,2295.81,300.0,False
SDSC,2026-05-08,2026-05-21,13,1751.3,1800.0,1650.0,101.29999999999995,150.0,True
SEMC,2026-05-08,2026-05-21,13,1368.0,1525.0,1480.0,112.0,45.0,True
SGBC,2026-05-08,2026-05-21,13,33375.88,33800.0,36200.0,2824.1200000000026,2400.0,False
SHEC,2026-05-08,2026-05-21,13,1567.3,1895.0,1945.0,377.70000000000005,50.0,False
SIBC,2026-05-08,2026-05-21,13,6483.98,7150.0,7795.0,1311.0200000000004,645.0,False
SICC,2026-05-08,2026-05-21,13,4159.73,4300.0,4620.0,460.27000000000044,320.0,False
SLBC,2026-05-08,2026-05-21,13,37220.77,37500.0,37800.0,579.2300000000032,300.0,False
SMBC,2026-05-08,2026-05-21,13,11640.1,11900.0,12500.0,859.8999999999996,600.0,False
SNTS,2026-05-08,2026-05-21,13,28640.2,28900.0,28850.0,209.79999999999927,50.0,True
SOGC,2026-05-08,2026-05-21,13,7575.15,7400.0,7200.0,375.14999999999964,200.0,False
SPHC,2026-05-08,2026-05-21,13,6986.72,7100.0,6850.0,136.72000000000025,250.0,True
STAC,2026-05-08,2026-05-21,13,1738.1,2845.0,2980.0,1241.9,135.0,False
TTLC,2026-05-08,2026-05-21,13,2701.9,2720.0,2900.0,198.0999999999999,180.0,False
TTLS,2026-05-08,2026-05-21,13,2891.69,3000.0,3050.0,158.30999999999995,50.0,False
UNLC,2026-05-08,2026-05-21,13,64614.43,59000.0,58000.0,6614.43,1000.0,False
UNXC,2026-05-08,2026-05-21,13,1767.94,1815.0,1760.0,7.940000000000055,55.0,True
ABJC,2026-05-09,2026-05-21,12,2738.33,2975.0,2855.0,116.67000000000007,120.0,True
BICB,2026-05-09,2026-05-21,12,5026.4,5225.0,5195.0,168.60000000000036,30.0,True
BICC,2026-05-09,2026-05-21,12,24086.76,26000.0,27000.0,2913.2400000000016,1000.0,False
BNBC,2026-05-09,2026-05-21,12,1361.84,1300.0,1550.0,188.16000000000008,250.0,True
BOAB,2026-05-09,2026-05-21,12,8177.27,9400.0,9405.0,1227.7299999999996,5.0,False
BOABF,2026-05-09,2026-05-21,12,5286.79,5400.0,5415.0,128.21000000000004,15.0,False
BOAC,2026-05-09,2026-05-21,12,7735.51,8705.0,8800.0,1064.4899999999998,95.0,False
BOAM,2026-05-09,2026-05-21,12,4500.28,4700.0,4900.0,399.72000000000025,200.0,False
BOAN,2026-05-09,2026-05-21,12,3502.0,3485.0,3690.0,188.0,205.0,True
BOAS,2026-05-09,2026-05-21,12,6653.25,7390.0,8050.0,1396.75,660.0,False
CABC,2026-05-09,2026-05-21,12,5339.75,3500.0,3405.0,1934.75,95.0,False
CBIBF,2026-05-09,2026-05-21,12,14778.38,16800.0,20500.0,5721.620000000001,3700.0,False
CFAC,2026-05-09,2026-05-21,12,1247.34,1385.0,1480.0,232.66000000000008,95.0,False
CIEC,2026-05-09,2026-05-21,12,2897.48,3330.0,3500.0,602.52,170.0,False
ECOC,2026-05-09,2026-05-21,12,16282.9,16800.0,16300.0,17.100000000000364,500.0,True
ETIT,2026-05-09,2026-05-21,12,25.1,30.0,30.0,4.899999999999999,0.0,True
FTSC,2026-05-09,2026-05-21,12,2297.7,2220.0,2300.0,2.300000000000182,80.0,True
NEIC,2026-05-09,2026-05-21,12,1289.35,1745.0,1900.0,610.6500000000001,155.0,False
NSBC,2026-05-09,2026-05-21,12,15014.19,14010.0,17900.0,2885.8099999999995,3890.0,True
NTLC,2026-05-09,2026-05-21,12,12018.91,11650.0,11850.0,168.90999999999985,200.0,True
ONTBF,2026-05-09,2026-05-21,12,2723.88,2760.0,2855.0,131.1199999999999,95.0,False
ORAC,2026-05-09,2026-05-21,12,14975.82,14920.0,15505.0,529.1800000000003,585.0,True
ORGT,2026-05-09,2026-05-21,12,2745.75,2550.0,2500.0,245.75,50.0,False
PALC,2026-05-09,2026-05-21,12,8048.4,7800.0,7690.0,358.39999999999964,110.0,False
SAFC,2026-05-09,2026-05-21,12,1498.96,3500.0,3800.0,2301.04,300.0,False
SDSC,2026-05-09,2026-05-21,12,1727.01,1745.0,1650.0,77.00999999999999,95.0,True
SEMC,2026-05-09,2026-05-21,12,1373.76,1525.0,1480.0,106.24000000000001,45.0,True
SGBC,2026-05-09,2026-05-21,12,33634.73,34500.0,36200.0,2565.269999999997,1700.0,False
SHEC,2026-05-09,2026-05-21,12,1586.57,1945.0,1945.0,358.43000000000006,0.0,True
SIBC,2026-05-09,2026-05-21,12,6465.18,7095.0,7795.0,1329.8199999999997,700.0,False
SICC,2026-05-09,2026-05-21,12,4157.38,4290.0,4620.0,462.6199999999999,330.0,False
SLBC,2026-05-09,2026-05-21,12,37211.79,37500.0,37800.0,588.2099999999991,300.0,False
SMBC,2026-05-09,2026-05-21,12,11783.53,11995.0,12500.0,716.4699999999993,505.0,False
SNTS,2026-05-09,2026-05-21,12,28653.45,28900.0,28850.0,196.54999999999927,50.0,True
SOGC,2026-05-09,2026-05-21,12,7550.99,7390.0,7200.0,350.9899999999998,190.0,False
SPHC,2026-05-09,2026-05-21,12,6990.77,7050.0,6850.0,140.77000000000044,200.0,True
STAC,2026-05-09,2026-05-21,12,1678.68,2660.0,2980.0,1301.32,320.0,False
TTLC,2026-05-09,2026-05-21,12,2721.12,2750.0,2900.0,178.8800000000001,150.0,False
TTLS,2026-05-09,2026-05-21,12,2868.42,2950.0,3050.0,181.57999999999993,100.0,False
UNLC,2026-05-09,2026-05-21,12,62969.7,56000.0,58000.0,4969.699999999997,2000.0,True
UNXC,2026-05-09,2026-05-21,12,1748.33,1805.0,1760.0,11.670000000000073,45.0,True
ABJC,2026-05-10,2026-05-21,11,2729.24,2975.0,2855.0,125.76000000000022,120.0,True
BICB,2026-05-10,2026-05-21,11,5028.73,5225.0,5195.0,166.27000000000044,30.0,True
BICC,2026-05-10,2026-05-21,11,24273.48,26000.0,27000.0,2726.5200000000004,1000.0,False
BNBC,2026-05-10,2026-05-21,11,1350.87,1300.0,1550.0,199.1300000000001,250.0,True
BOAB,2026-05-10,2026-05-21,11,8197.86,9400.0,9405.0,1207.1399999999994,5.0,False
BOABF,2026-05-10,2026-05-21,11,5282.56,5400.0,5415.0,132.4399999999996,15.0,False
BOAC,2026-05-10,2026-05-21,11,7745.04,8705.0,8800.0,1054.96,95.0,False
BOAM,2026-05-10,2026-05-21,11,4498.02,4700.0,4900.0,401.97999999999956,200.0,False
BOAN,2026-05-10,2026-05-21,11,3496.86,3485.0,3690.0,193.13999999999987,205.0,True
BOAS,2026-05-10,2026-05-21,11,6671.28,7390.0,8050.0,1378.7200000000003,660.0,False
CABC,2026-05-10,2026-05-21,11,5344.49,3500.0,3405.0,1939.4899999999998,95.0,False
CBIBF,2026-05-10,2026-05-21,11,14793.35,16800.0,20500.0,5706.65,3700.0,False
CFAC,2026-05-10,2026-05-21,11,1244.76,1385.0,1480.0,235.24,95.0,False
CIEC,2026-05-10,2026-05-21,11,2902.84,3330.0,3500.0,597.1599999999999,170.0,False
ECOC,2026-05-10,2026-05-21,11,16414.46,16800.0,16300.0,114.45999999999913,500.0,True
ETIT,2026-05-10,2026-05-21,11,25.13,30.0,30.0,4.870000000000001,0.0,True
FTSC,2026-05-10,2026-05-21,11,2299.1,2220.0,2300.0,0.900000000000091,80.0,True
NEIC,2026-05-10,2026-05-21,11,1289.37,1745.0,1900.0,610.6300000000001,155.0,False
NSBC,2026-05-10,2026-05-21,11,15017.09,14010.0,17900.0,2882.91,3890.0,True
NTLC,2026-05-10,2026-05-21,11,11969.22,11650.0,11850.0,119.21999999999935,200.0,True
ONTBF,2026-05-10,2026-05-21,11,2725.34,2760.0,2855.0,129.65999999999985,95.0,False
ORAC,2026-05-10,2026-05-21,11,14940.83,14920.0,15505.0,564.1700000000001,585.0,True
ORGT,2026-05-10,2026-05-21,11,2653.43,2550.0,2500.0,153.42999999999984,50.0,False
PALC,2026-05-10,2026-05-21,11,8048.48,7800.0,7690.0,358.47999999999956,110.0,False
SAFC,2026-05-10,2026-05-21,11,1500.07,3500.0,3800.0,2299.9300000000003,300.0,False
SDSC,2026-05-10,2026-05-21,11,1723.66,1745.0,1650.0,73.66000000000008,95.0,True
SEMC,2026-05-10,2026-05-21,11,1378.56,1525.0,1480.0,101.44000000000005,45.0,True
SGBC,2026-05-10,2026-05-21,11,33806.16,34500.0,36200.0,2393.8399999999965,1700.0,False
SHEC,2026-05-10,2026-05-21,11,1588.78,1945.0,1945.0,356.22,0.0,True
SIBC,2026-05-10,2026-05-21,11,6462.23,7095.0,7795.0,1332.7700000000004,700.0,False
SICC,2026-05-10,2026-05-21,11,4154.53,4290.0,4620.0,465.47000000000025,330.0,False
SLBC,2026-05-10,2026-05-21,11,37191.9,37500.0,37800.0,608.0999999999985,300.0,False
SMBC,2026-05-10,2026-05-21,11,11849.21,11995.0,12500.0,650.7900000000009,505.0,False
SNTS,2026-05-10,2026-05-21,11,28662.45,28900.0,28850.0,187.54999999999927,50.0,True
SOGC,2026-05-10,2026-05-21,11,7541.95,7390.0,7200.0,341.9499999999998,190.0,False
SPHC,2026-05-10,2026-05-21,11,6990.9,7050.0,6850.0,140.89999999999964,200.0,True
STAC,2026-05-10,2026-05-21,11,1692.84,2660.0,2980.0,1287.16,320.0,False
TTLC,2026-05-10,2026-05-21,11,2724.3,2750.0,2900.0,175.69999999999982,150.0,False
TTLS,2026-05-10,2026-05-21,11,2856.18,2950.0,3050.0,193.82000000000016,100.0,False
UNLC,2026-05-10,2026-05-21,11,61980.95,56000.0,58000.0,3980.949999999997,2000.0,True
UNXC,2026-05-10,2026-05-21,11,1738.31,1805.0,1760.0,21.690000000000055,45.0,True
ABJC,2026-05-11,2026-05-21,10,2752.94,2975.0,2855.0,102.05999999999995,120.0,True
BICB,2026-05-11,2026-05-21,10,5039.59,5225.0,5195.0,155.40999999999985,30.0,True
BICC,2026-05-11,2026-05-21,10,24501.93,26000.0,27000.0,2498.0699999999997,1000.0,False
BNBC,2026-05-11,2026-05-21,10,1342.6,1300.0,1550.0,207.4000000000001,250.0,True
BOAB,2026-05-11,2026-05-21,10,8301.42,9400.0,9405.0,1103.58,5.0,False
BOABF,2026-05-11,2026-05-21,10,5292.53,5400.0,5415.0,122.47000000000025,15.0,False
BOAC,2026-05-11,2026-05-21,10,7839.25,8705.0,8800.0,960.75,95.0,False
BOAM,2026-05-11,2026-05-21,10,4520.15,4700.0,4900.0,379.85000000000036,200.0,False
BOAN,2026-05-11,2026-05-21,10,3494.64,3485.0,3690.0,195.36000000000013,205.0,True
BOAS,2026-05-11,2026-05-21,10,6744.34,7390.0,8050.0,1305.6599999999999,660.0,False
CABC,2026-05-11,2026-05-21,10,4947.83,3500.0,3405.0,1542.83,95.0,False
CBIBF,2026-05-11,2026-05-21,10,14948.78,16800.0,20500.0,5551.219999999999,3700.0,False
CFAC,2026-05-11,2026-05-21,10,1258.88,1385.0,1480.0,221.1199999999999,95.0,False
CIEC,2026-05-11,2026-05-21,10,2935.05,3330.0,3500.0,564.9499999999998,170.0,False
ECOC,2026-05-11,2026-05-21,10,16506.26,16800.0,16300.0,206.2599999999984,500.0,True
ETIT,2026-05-11,2026-05-21,10,25.55,30.0,30.0,4.449999999999999,0.0,True
FTSC,2026-05-11,2026-05-21,10,2289.28,2220.0,2300.0,10.7199999999998,80.0,True
NEIC,2026-05-11,2026-05-21,10,1324.28,1745.0,1900.0,575.72,155.0,False
NSBC,2026-05-11,2026-05-21,10,14886.04,14010.0,17900.0,3013.959999999999,3890.0,True
NTLC,2026-05-11,2026-05-21,10,11915.43,11650.0,11850.0,65.43000000000029,200.0,True
ONTBF,2026-05-11,2026-05-21,10,2729.22,2760.0,2855.0,125.7800000000002,95.0,False
ORAC,2026-05-11,2026-05-21,10,14924.07,14920.0,15505.0,580.9300000000003,585.0,True
ORGT,2026-05-11,2026-05-21,10,2606.31,2550.0,2500.0,106.30999999999995,50.0,False
PALC,2026-05-11,2026-05-21,10,8016.29,7800.0,7690.0,326.28999999999996,110.0,False
SAFC,2026-05-11,2026-05-21,10,1599.76,3500.0,3800.0,2200.24,300.0,False
SDSC,2026-05-11,2026-05-21,10,1725.94,1745.0,1650.0,75.94000000000005,95.0,True
SEMC,2026-05-11,2026-05-21,10,1395.17,1525.0,1480.0,84.82999999999993,45.0,True
SGBC,2026-05-11,2026-05-21,10,33944.6,34500.0,36200.0,2255.4000000000015,1700.0,False
SHEC,2026-05-11,2026-05-21,10,1615.69,1945.0,1945.0,329.30999999999995,0.0,True
SIBC,2026-05-11,2026-05-21,10,6520.93,7095.0,7795.0,1274.0699999999997,700.0,False
SICC,2026-05-11,2026-05-21,10,4169.98,4290.0,4620.0,450.02000000000044,330.0,False
SLBC,2026-05-11,2026-05-21,10,37217.27,37500.0,37800.0,582.7300000000032,300.0,False
SMBC,2026-05-11,2026-05-21,10,11886.71,11995.0,12500.0,613.2900000000009,505.0,False
SNTS,2026-05-11,2026-05-21,10,28690.03,28900.0,28850.0,159.97000000000116,50.0,True
SOGC,2026-05-11,2026-05-21,10,7521.94,7390.0,7200.0,321.9399999999996,190.0,False
SPHC,2026-05-11,2026-05-21,10,6997.98,7050.0,6850.0,147.97999999999956,200.0,True
STAC,2026-05-11,2026-05-21,10,1775.53,2660.0,2980.0,1204.47,320.0,False
TTLC,2026-05-11,2026-05-21,10,2727.15,2750.0,2900.0,172.8499999999999,150.0,False
TTLS,2026-05-11,2026-05-21,10,2860.06,2950.0,3050.0,189.94000000000005,100.0,False
UNLC,2026-05-11,2026-05-21,10,60871.04,56000.0,58000.0,2871.040000000001,2000.0,True
UNXC,2026-05-11,2026-05-21,10,1741.77,1805.0,1760.0,18.230000000000018,45.0,True
ABJC,2026-05-12,2026-05-21,9,2783.73,2985.0,2855.0,71.26999999999998,130.0,True
BICB,2026-05-12,2026-05-21,9,5045.75,5170.0,5195.0,149.25,25.0,False
BICC,2026-05-12,2026-05-21,9,24765.62,26200.0,27000.0,2234.380000000001,800.0,False
BNBC,2026-05-12,2026-05-21,9,1400.28,1395.0,1550.0,149.72000000000003,155.0,True
BOAB,2026-05-12,2026-05-21,9,8409.5,9405.0,9405.0,995.5,0.0,True
BOABF,2026-05-12,2026-05-21,9,5308.8,5410.0,5415.0,106.19999999999982,5.0,False
BOAC,2026-05-12,2026-05-21,9,7908.96,8650.0,8800.0,891.04,150.0,False
BOAM,2026-05-12,2026-05-21,9,4528.79,4685.0,4900.0,371.21000000000004,215.0,False
BOAN,2026-05-12,2026-05-21,9,3473.5,3450.0,3690.0,216.5,240.0,True
BOAS,2026-05-12,2026-05-21,9,6849.11,7450.0,8050.0,1200.8900000000003,600.0,False
CABC,2026-05-12,2026-05-21,9,4628.98,3500.0,3405.0,1223.9799999999996,95.0,False
CBIBF,2026-05-12,2026-05-21,9,15112.44,16800.0,20500.0,5387.5599999999995,3700.0,False
CFAC,2026-05-12,2026-05-21,9,1271.67,1380.0,1480.0,208.32999999999993,100.0,False
CIEC,2026-05-12,2026-05-21,9,2931.23,3200.0,3500.0,568.77,300.0,False
ECOC,2026-05-12,2026-05-21,9,16357.32,16200.0,16300.0,57.31999999999971,100.0,True
ETIT,2026-05-12,2026-05-21,9,25.99,30.0,30.0,4.010000000000002,0.0,True
FTSC,2026-05-12,2026-05-21,9,2262.09,2200.0,2300.0,37.909999999999854,100.0,True
NEIC,2026-05-12,2026-05-21,9,1401.44,1850.0,1900.0,498.55999999999995,50.0,False
NSBC,2026-05-12,2026-05-21,9,14623.07,13850.0,17900.0,3276.9300000000003,4050.0,True
NTLC,2026-05-12,2026-05-21,9,11736.41,11150.0,11850.0,113.59000000000015,700.0,True
ONTBF,2026-05-12,2026-05-21,9,2697.89,2700.0,2855.0,157.11000000000013,155.0,False
ORAC,2026-05-12,2026-05-21,9,14985.14,15100.0,15505.0,519.8600000000006,405.0,False
ORGT,2026-05-12,2026-05-21,9,2665.68,2740.0,2500.0,165.67999999999984,240.0,True
PALC,2026-05-12,2026-05-21,9,7986.85,7800.0,7690.0,296.85000000000036,110.0,False
SAFC,2026-05-12,2026-05-21,9,1731.15,3485.0,3800.0,2068.85,315.0,False
SDSC,2026-05-12,2026-05-21,9,1698.12,1700.0,1650.0,48.11999999999989,50.0,True
SEMC,2026-05-12,2026-05-21,9,1404.72,1505.0,1480.0,75.27999999999997,25.0,True
SGBC,2026-05-12,2026-05-21,9,34133.5,34800.0,36200.0,2066.5,1400.0,False
SHEC,2026-05-12,2026-05-21,9,1667.25,2000.0,1945.0,277.75,55.0,True
SIBC,2026-05-12,2026-05-21,9,6608.17,7140.0,7795.0,1186.83,655.0,False
SICC,2026-05-12,2026-05-21,9,4271.22,4400.0,4620.0,348.77999999999975,220.0,False
SLBC,2026-05-12,2026-05-21,9,37476.91,37900.0,37800.0,323.0899999999965,100.0,True
SMBC,2026-05-12,2026-05-21,9,11960.37,12100.0,12500.0,539.6299999999992,400.0,False
SNTS,2026-05-12,2026-05-21,9,28748.37,29000.0,28850.0,101.63000000000102,150.0,True
SOGC,2026-05-12,2026-05-21,9,7506.53,7395.0,7200.0,306.52999999999975,195.0,False
SPHC,2026-05-12,2026-05-21,9,6981.22,7000.0,6850.0,131.22000000000025,150.0,True
STAC,2026-05-12,2026-05-21,9,1787.41,2515.0,2980.0,1192.59,465.0,False
TTLC,2026-05-12,2026-05-21,9,2806.33,2850.0,2900.0,93.67000000000007,50.0,False
TTLS,2026-05-12,2026-05-21,9,2848.62,2900.0,3050.0,201.3800000000001,150.0,False
UNLC,2026-05-12,2026-05-21,9,62104.52,59900.0,58000.0,4104.519999999997,1900.0,False
UNXC,2026-05-12,2026-05-21,9,1760.78,1835.0,1760.0,0.7799999999999727,75.0,True
ABJC,2026-05-13,2026-05-21,8,2808.6,2980.0,2855.0,46.40000000000009,125.0,True
BICB,2026-05-13,2026-05-21,8,5056.79,5200.0,5195.0,138.21000000000004,5.0,True
BICC,2026-05-13,2026-05-21,8,25028.54,26300.0,27000.0,1971.4599999999991,700.0,False
BNBC,2026-05-13,2026-05-21,8,1484.61,1495.0,1550.0,65.3900000000001,55.0,False
BOAB,2026-05-13,2026-05-21,8,8526.02,9420.0,9405.0,878.9799999999996,15.0,True
BOABF,2026-05-13,2026-05-21,8,5322.87,5410.0,5415.0,92.13000000000011,5.0,False
BOAC,2026-05-13,2026-05-21,8,7965.9,8585.0,8800.0,834.1000000000004,215.0,False
BOAM,2026-05-13,2026-05-21,8,4550.93,4680.0,4900.0,349.0699999999997,220.0,False
BOAN,2026-05-13,2026-05-21,8,3455.64,3440.0,3690.0,234.36000000000013,250.0,True
BOAS,2026-05-13,2026-05-21,8,6963.87,7500.0,8050.0,1086.13,550.0,False
CABC,2026-05-13,2026-05-21,8,4205.37,3400.0,3405.0,800.3699999999999,5.0,True
CBIBF,2026-05-13,2026-05-21,8,15483.18,17400.0,20500.0,5016.82,3100.0,False
CFAC,2026-05-13,2026-05-21,8,1286.13,1380.0,1480.0,193.8699999999999,100.0,False
CIEC,2026-05-13,2026-05-21,8,2984.44,3295.0,3500.0,515.56,205.0,False
ECOC,2026-05-13,2026-05-21,8,16265.64,16200.0,16300.0,34.36000000000058,100.0,True
ETIT,2026-05-13,2026-05-21,8,26.48,30.0,30.0,3.5199999999999996,0.0,True
FTSC,2026-05-13,2026-05-21,8,2286.97,2240.0,2300.0,13.0300000000002,60.0,True
NEIC,2026-05-13,2026-05-21,8,1472.59,1890.0,1900.0,427.4100000000001,10.0,False
NSBC,2026-05-13,2026-05-21,8,14432.64,13810.0,17900.0,3467.3600000000006,4090.0,True
NTLC,2026-05-13,2026-05-21,8,11740.22,11700.0,11850.0,109.78000000000065,150.0,True
ONTBF,2026-05-13,2026-05-21,8,2673.73,2680.0,2855.0,181.26999999999998,175.0,False
ORAC,2026-05-13,2026-05-21,8,15011.47,15050.0,15505.0,493.53000000000065,455.0,False
ORGT,2026-05-13,2026-05-21,8,2699.63,2740.0,2500.0,199.6300000000001,240.0,True
PALC,2026-05-13,2026-05-21,8,7987.61,7850.0,7690.0,297.6099999999997,160.0,False
SAFC,2026-05-13,2026-05-21,8,2073.33,3745.0,3800.0,1726.67,55.0,False
SDSC,2026-05-13,2026-05-21,8,1725.21,1745.0,1650.0,75.21000000000004,95.0,True
SEMC,2026-05-13,2026-05-21,8,1413.51,1500.0,1480.0,66.49000000000001,20.0,True
SGBC,2026-05-13,2026-05-21,8,34331.43,34990.0,36200.0,1868.5699999999997,1210.0,False
SHEC,2026-05-13,2026-05-21,8,1682.14,1940.0,1945.0,262.8599999999999,5.0,False
SIBC,2026-05-13,2026-05-21,8,6769.74,7295.0,7795.0,1025.2600000000002,500.0,False
SICC,2026-05-13,2026-05-21,8,4316.3,4390.0,4620.0,303.6999999999998,230.0,False
SLBC,2026-05-13,2026-05-21,8,37417.41,37500.0,37800.0,382.5899999999965,300.0,False
SMBC,2026-05-13,2026-05-21,8,12289.43,12685.0,12500.0,210.5699999999997,185.0,True
SNTS,2026-05-13,2026-05-21,8,28767.24,28910.0,28850.0,82.7599999999984,60.0,True
SOGC,2026-05-13,2026-05-21,8,7493.27,7400.0,7200.0,293.27000000000044,200.0,False
SPHC,2026-05-13,2026-05-21,8,6972.09,6995.0,6850.0,122.09000000000015,145.0,True
STAC,2026-05-13,2026-05-21,8,1935.32,2600.0,2980.0,1044.68,380.0,False
TTLC,2026-05-13,2026-05-21,8,2986.48,3060.0,2900.0,86.48000000000002,160.0,True
TTLS,2026-05-13,2026-05-21,8,2826.12,2845.0,3050.0,223.8800000000001,205.0,False
UNLC,2026-05-13,2026-05-21,8,60737.35,56100.0,58000.0,2737.3499999999985,1900.0,True
UNXC,2026-05-13,2026-05-21,8,1771.43,1825.0,1760.0,11.430000000000064,65.0,True
ABJC,2026-05-14,2026-05-21,7,2729.25,2850.0,2855.0,125.75,5.0,False
BICB,2026-05-14,2026-05-21,7,5059.33,5220.0,5195.0,135.67000000000007,25.0,True
BICC,2026-05-14,2026-05-21,7,25124.5,26400.0,27000.0,1875.5,600.0,False
BNBC,2026-05-14,2026-05-21,7,1573.34,1590.0,1550.0,23.339999999999918,40.0,True
BOAB,2026-05-14,2026-05-21,7,8529.48,9410.0,9405.0,875.5200000000004,5.0,True
BOABF,2026-05-14,2026-05-21,7,5320.03,5405.0,5415.0,94.97000000000025,10.0,False
BOAC,2026-05-14,2026-05-21,7,7963.22,8600.0,8800.0,836.7799999999997,200.0,False
BOAM,2026-05-14,2026-05-21,7,4546.69,4675.0,4900.0,353.3100000000004,225.0,False
BOAN,2026-05-14,2026-05-21,7,3422.67,3395.0,3690.0,267.3299999999999,295.0,True
BOAS,2026-05-14,2026-05-21,7,7002.45,7555.0,8050.0,1047.5500000000002,495.0,False
CABC,2026-05-14,2026-05-21,7,4348.0,3500.0,3405.0,943.0,95.0,False
CBIBF,2026-05-14,2026-05-21,7,15900.44,18700.0,20500.0,4599.5599999999995,1800.0,False
CFAC,2026-05-14,2026-05-21,7,1335.49,1480.0,1480.0,144.51,0.0,True
CIEC,2026-05-14,2026-05-21,7,2991.24,3300.0,3500.0,508.7600000000002,200.0,False
ECOC,2026-05-14,2026-05-21,7,16243.22,16300.0,16300.0,56.780000000000655,0.0,True
ETIT,2026-05-14,2026-05-21,7,26.48,30.0,30.0,3.5199999999999996,0.0,True
FTSC,2026-05-14,2026-05-21,7,2299.0,2250.0,2300.0,1.0,50.0,True
NEIC,2026-05-14,2026-05-21,7,1511.0,1990.0,1900.0,389.0,90.0,True
NSBC,2026-05-14,2026-05-21,7,14651.65,14100.0,17900.0,3248.3500000000004,3800.0,True
NTLC,2026-05-14,2026-05-21,7,11747.25,11600.0,11850.0,102.75,250.0,True
ONTBF,2026-05-14,2026-05-21,7,2704.97,2750.0,2855.0,150.0300000000002,105.0,False
ORAC,2026-05-14,2026-05-21,7,15005.16,15000.0,15505.0,499.84000000000015,505.0,True
ORGT,2026-05-14,2026-05-21,7,2639.55,2575.0,2500.0,139.55000000000018,75.0,False
PALC,2026-05-14,2026-05-21,7,7973.0,7800.0,7690.0,283.0,110.0,False
SAFC,2026-05-14,2026-05-21,7,2069.93,3995.0,3800.0,1730.0700000000002,195.0,True
SDSC,2026-05-14,2026-05-21,7,1756.21,1785.0,1650.0,106.21000000000004,135.0,True
SEMC,2026-05-14,2026-05-21,7,1435.18,1580.0,1480.0,44.819999999999936,100.0,True
SGBC,2026-05-14,2026-05-21,7,34444.1,34995.0,36200.0,1755.9000000000015,1205.0,False
SHEC,2026-05-14,2026-05-21,7,1704.29,2000.0,1945.0,240.71000000000004,55.0,True
SIBC,2026-05-14,2026-05-21,7,6782.43,7300.0,7795.0,1012.5699999999997,495.0,False
SICC,2026-05-14,2026-05-21,7,4306.28,4380.0,4620.0,313.72000000000025,240.0,False
SLBC,2026-05-14,2026-05-21,7,37621.79,37995.0,37800.0,178.20999999999913,195.0,True
SMBC,2026-05-14,2026-05-21,7,12267.17,12295.0,12500.0,232.82999999999993,205.0,False
SNTS,2026-05-14,2026-05-21,7,28776.0,28950.0,28850.0,74.0,100.0,True
SOGC,2026-05-14,2026-05-21,7,7522.4,7450.0,7200.0,322.39999999999964,250.0,False
SPHC,2026-05-14,2026-05-21,7,6966.85,7000.0,6850.0,116.85000000000036,150.0,True
STAC,2026-05-14,2026-05-21,7,2055.17,2795.0,2980.0,924.8299999999999,185.0,False
TTLC,2026-05-14,2026-05-21,7,2950.84,2995.0,2900.0,50.840000000000146,95.0,True
TTLS,2026-05-14,2026-05-21,7,2877.66,3025.0,3050.0,172.34000000000015,25.0,False
UNLC,2026-05-14,2026-05-21,7,62321.54,60295.0,58000.0,4321.540000000001,2295.0,False
UNXC,2026-05-14,2026-05-21,7,1778.53,1840.0,1760.0,18.529999999999973,80.0,True
ABJC,2026-05-15,2026-05-21,6,2733.7,2850.0,2855.0,121.30000000000018,5.0,False
BICB,2026-05-15,2026-05-21,6,5074.37,5220.0,5195.0,120.63000000000011,25.0,True
BICC,2026-05-15,2026-05-21,6,25346.75,26400.0,27000.0,1653.25,600.0,False
BNBC,2026-05-15,2026-05-21,6,1595.4,1590.0,1550.0,45.40000000000009,40.0,False
BOAB,2026-05-15,2026-05-21,6,8645.53,9410.0,9405.0,759.4699999999993,5.0,True
BOABF,2026-05-15,2026-05-21,6,5333.02,5405.0,5415.0,81.97999999999956,10.0,False
BOAC,2026-05-15,2026-05-21,6,8075.64,8600.0,8800.0,724.3599999999997,200.0,False
BOAM,2026-05-15,2026-05-21,6,4571.06,4675.0,4900.0,328.9399999999996,225.0,False
BOAN,2026-05-15,2026-05-21,6,3405.03,3395.0,3690.0,284.9699999999998,295.0,True
BOAS,2026-05-15,2026-05-21,6,7099.88,7555.0,8050.0,950.1199999999999,495.0,False
CABC,2026-05-15,2026-05-21,6,4161.44,3500.0,3405.0,756.4399999999996,95.0,False
CBIBF,2026-05-15,2026-05-21,6,16239.1,18700.0,20500.0,4260.9,1800.0,False
CFAC,2026-05-15,2026-05-21,6,1378.6,1480.0,1480.0,101.40000000000009,0.0,True
CIEC,2026-05-15,2026-05-21,6,3025.68,3300.0,3500.0,474.32000000000016,200.0,False
ECOC,2026-05-15,2026-05-21,6,16246.38,16300.0,16300.0,53.6200000000008,0.0,True
ETIT,2026-05-15,2026-05-21,6,27.02,30.0,30.0,2.9800000000000004,0.0,True
FTSC,2026-05-15,2026-05-21,6,2289.45,2250.0,2300.0,10.550000000000182,50.0,True
NEIC,2026-05-15,2026-05-21,6,1580.35,1990.0,1900.0,319.6500000000001,90.0,True
NSBC,2026-05-15,2026-05-21,6,14587.49,14100.0,17900.0,3312.51,3800.0,True
NTLC,2026-05-15,2026-05-21,6,11730.88,11600.0,11850.0,119.1200000000008,250.0,True
ONTBF,2026-05-15,2026-05-21,6,2725.18,2750.0,2855.0,129.82000000000016,105.0,False
ORAC,2026-05-15,2026-05-21,6,15000.24,15000.0,15505.0,504.7600000000002,505.0,True
ORGT,2026-05-15,2026-05-21,6,2604.9,2575.0,2500.0,104.90000000000009,75.0,False
PALC,2026-05-15,2026-05-21,6,7934.83,7800.0,7690.0,244.82999999999993,110.0,False
SAFC,2026-05-15,2026-05-21,6,2216.03,3995.0,3800.0,1583.9699999999998,195.0,True
SDSC,2026-05-15,2026-05-21,6,1764.7,1785.0,1650.0,114.70000000000005,135.0,True
SEMC,2026-05-15,2026-05-21,6,1466.56,1580.0,1480.0,13.440000000000055,100.0,True
SGBC,2026-05-15,2026-05-21,6,34559.11,34995.0,36200.0,1640.8899999999994,1205.0,False
SHEC,2026-05-15,2026-05-21,6,1751.51,2000.0,1945.0,193.49,55.0,True
SIBC,2026-05-15,2026-05-21,6,6865.19,7300.0,7795.0,929.8100000000004,495.0,False
SICC,2026-05-15,2026-05-21,6,4312.81,4380.0,4620.0,307.1899999999996,240.0,False
SLBC,2026-05-15,2026-05-21,6,37779.65,37995.0,37800.0,20.349999999998545,195.0,True
SMBC,2026-05-15,2026-05-21,6,12249.85,12295.0,12500.0,250.14999999999964,205.0,False
SNTS,2026-05-15,2026-05-21,6,28805.0,28950.0,28850.0,45.0,100.0,True
SOGC,2026-05-15,2026-05-21,6,7518.9,7450.0,7200.0,318.89999999999964,250.0,False
SPHC,2026-05-15,2026-05-21,6,6970.78,7000.0,6850.0,120.77999999999975,150.0,True
STAC,2026-05-15,2026-05-21,6,2160.26,2795.0,2980.0,819.7399999999998,185.0,False
TTLC,2026-05-15,2026-05-21,6,2954.56,2995.0,2900.0,54.559999999999945,95.0,True
TTLS,2026-05-15,2026-05-21,6,2914.07,3025.0,3050.0,135.92999999999984,25.0,False
UNLC,2026-05-15,2026-05-21,6,62676.12,60295.0,58000.0,4676.120000000003,2295.0,False
UNXC,2026-05-15,2026-05-21,6,1791.2,1840.0,1760.0,31.200000000000045,80.0,True
ABJC,2026-05-16,2026-05-21,5,2734.25,2850.0,2855.0,120.75,5.0,False
BICB,2026-05-16,2026-05-21,5,5073.27,5200.0,5195.0,121.72999999999956,5.0,True
BICC,2026-05-16,2026-05-21,5,25392.73,26450.0,27000.0,1607.2700000000004,550.0,False
BNBC,2026-05-16,2026-05-21,5,1567.9,1545.0,1550.0,17.90000000000009,5.0,True
BOAB,2026-05-16,2026-05-21,5,8644.57,9400.0,9405.0,760.4300000000003,5.0,False
BOABF,2026-05-16,2026-05-21,5,5329.99,5400.0,5415.0,85.01000000000022,15.0,False
BOAC,2026-05-16,2026-05-21,5,8097.39,8630.0,8800.0,702.6099999999997,170.0,False
BOAM,2026-05-16,2026-05-21,5,4585.86,4690.0,4900.0,314.1400000000003,210.0,False
BOAN,2026-05-16,2026-05-21,5,3428.67,3445.0,3690.0,261.3299999999999,245.0,False
BOAS,2026-05-16,2026-05-21,5,7124.6,7595.0,8050.0,925.3999999999996,455.0,False
CABC,2026-05-16,2026-05-21,5,4148.11,3495.0,3405.0,743.1099999999997,90.0,False
CBIBF,2026-05-16,2026-05-21,5,16680.63,19905.0,20500.0,3819.369999999999,595.0,False
CFAC,2026-05-16,2026-05-21,5,1426.73,1555.0,1480.0,53.26999999999998,75.0,True
CIEC,2026-05-16,2026-05-21,5,3023.76,3290.0,3500.0,476.2399999999998,210.0,False
ECOC,2026-05-16,2026-05-21,5,16237.86,16300.0,16300.0,62.13999999999942,0.0,True
ETIT,2026-05-16,2026-05-21,5,26.57,29.0,30.0,3.4299999999999997,1.0,False
FTSC,2026-05-16,2026-05-21,5,2289.8,2250.0,2300.0,10.199999999999818,50.0,True
NEIC,2026-05-16,2026-05-21,5,1548.39,1920.0,1900.0,351.6099999999999,20.0,True
NSBC,2026-05-16,2026-05-21,5,15320.68,15000.0,17900.0,2579.3199999999997,2900.0,True
NTLC,2026-05-16,2026-05-21,5,11777.56,11750.0,11850.0,72.44000000000051,100.0,True
ONTBF,2026-05-16,2026-05-21,5,2757.69,2795.0,2855.0,97.30999999999995,60.0,False
ORAC,2026-05-16,2026-05-21,5,15053.32,15150.0,15505.0,451.6800000000003,355.0,False
ORGT,2026-05-16,2026-05-21,5,2522.67,2435.0,2500.0,22.670000000000073,65.0,True
PALC,2026-05-16,2026-05-21,5,7872.4,7700.0,7690.0,182.39999999999964,10.0,False
SAFC,2026-05-16,2026-05-21,5,2140.59,3990.0,3800.0,1659.4099999999999,190.0,True
SDSC,2026-05-16,2026-05-21,5,1741.95,1750.0,1650.0,91.95000000000005,100.0,True
SEMC,2026-05-16,2026-05-21,5,1453.37,1505.0,1480.0,26.63000000000011,25.0,True
SGBC,2026-05-16,2026-05-21,5,34903.36,35985.0,36200.0,1296.6399999999994,215.0,False
SHEC,2026-05-16,2026-05-21,5,1742.0,1980.0,1945.0,203.0,35.0,True
SIBC,2026-05-16,2026-05-21,5,6990.0,7500.0,7795.0,805.0,295.0,False
SICC,2026-05-16,2026-05-21,5,4247.67,4305.0,4620.0,372.3299999999999,315.0,False
SLBC,2026-05-16,2026-05-21,5,37771.0,37900.0,37800.0,29.0,100.0,True
SMBC,2026-05-16,2026-05-21,5,12531.77,12895.0,12500.0,31.770000000000437,395.0,True
SNTS,2026-05-16,2026-05-21,5,28792.81,28900.0,28850.0,57.18999999999869,50.0,True
SOGC,2026-05-16,2026-05-21,5,7543.38,7485.0,7200.0,343.3800000000001,285.0,False
SPHC,2026-05-16,2026-05-21,5,6962.34,6985.0,6850.0,112.34000000000015,135.0,True
STAC,2026-05-16,2026-05-21,5,2004.85,2660.0,2980.0,975.1500000000001,320.0,False
TTLC,2026-05-16,2026-05-21,5,2893.3,2910.0,2900.0,6.699999999999818,10.0,True
TTLS,2026-05-16,2026-05-21,5,2916.84,3005.0,3050.0,133.15999999999985,45.0,False
UNLC,2026-05-16,2026-05-21,5,63010.39,59950.0,58000.0,5010.389999999999,1950.0,False
UNXC,2026-05-16,2026-05-21,5,1790.9,1835.0,1760.0,30.90000000000009,75.0,True
ABJC,2026-05-17,2026-05-21,4,2733.29,2850.0,2855.0,121.71000000000004,5.0,False
BICB,2026-05-17,2026-05-21,4,5072.24,5200.0,5195.0,122.76000000000022,5.0,True
BICC,2026-05-17,2026-05-21,4,25418.49,26450.0,27000.0,1581.5099999999984,550.0,False
BNBC,2026-05-17,2026-05-21,4,1558.55,1545.0,1550.0,8.549999999999955,5.0,True
BOAB,2026-05-17,2026-05-21,4,8645.07,9400.0,9405.0,759.9300000000003,5.0,False
BOABF,2026-05-17,2026-05-21,4,5328.95,5400.0,5415.0,86.05000000000018,15.0,False
BOAC,2026-05-17,2026-05-21,4,8104.5,8630.0,8800.0,695.5,170.0,False
BOAM,2026-05-17,2026-05-21,4,4580.73,4690.0,4900.0,319.27000000000044,210.0,False
BOAN,2026-05-17,2026-05-21,4,3444.44,3445.0,3690.0,245.55999999999995,245.0,False
BOAS,2026-05-17,2026-05-21,4,7131.85,7595.0,8050.0,918.1499999999996,455.0,False
CABC,2026-05-17,2026-05-21,4,4140.97,3495.0,3405.0,735.9700000000003,90.0,False
CBIBF,2026-05-17,2026-05-21,4,16785.19,19905.0,20500.0,3714.8100000000013,595.0,False
CFAC,2026-05-17,2026-05-21,4,1449.29,1555.0,1480.0,30.710000000000036,75.0,True
CIEC,2026-05-17,2026-05-21,4,3025.0,3290.0,3500.0,475.0,210.0,False
ECOC,2026-05-17,2026-05-21,4,16231.35,16300.0,16300.0,68.64999999999964,0.0,True
ETIT,2026-05-17,2026-05-21,4,26.38,29.0,30.0,3.620000000000001,1.0,False
FTSC,2026-05-17,2026-05-21,4,2290.48,2250.0,2300.0,9.519999999999982,50.0,True
NEIC,2026-05-17,2026-05-21,4,1545.4,1920.0,1900.0,354.5999999999999,20.0,True
NSBC,2026-05-17,2026-05-21,4,15525.28,15000.0,17900.0,2374.7199999999993,2900.0,True
NTLC,2026-05-17,2026-05-21,4,11813.65,11750.0,11850.0,36.350000000000364,100.0,True
ONTBF,2026-05-17,2026-05-21,4,2770.87,2795.0,2855.0,84.13000000000011,60.0,False
ORAC,2026-05-17,2026-05-21,4,15090.23,15150.0,15505.0,414.77000000000044,355.0,False
ORGT,2026-05-17,2026-05-21,4,2477.29,2435.0,2500.0,22.710000000000036,65.0,True
PALC,2026-05-17,2026-05-21,4,7841.7,7700.0,7690.0,151.69999999999982,10.0,False
SAFC,2026-05-17,2026-05-21,4,2209.14,3990.0,3800.0,1590.8600000000001,190.0,True
SDSC,2026-05-17,2026-05-21,4,1739.2,1750.0,1650.0,89.20000000000005,100.0,True
SEMC,2026-05-17,2026-05-21,4,1441.74,1505.0,1480.0,38.25999999999999,25.0,True
SGBC,2026-05-17,2026-05-21,4,35136.83,35985.0,36200.0,1063.1699999999983,215.0,False
SHEC,2026-05-17,2026-05-21,4,1740.72,1980.0,1945.0,204.27999999999997,35.0,True
SIBC,2026-05-17,2026-05-21,4,7003.31,7500.0,7795.0,791.6899999999996,295.0,False
SICC,2026-05-17,2026-05-21,4,4221.24,4305.0,4620.0,398.7600000000002,315.0,False
SLBC,2026-05-17,2026-05-21,4,37749.49,37900.0,37800.0,50.51000000000204,100.0,True
SMBC,2026-05-17,2026-05-21,4,12684.91,12895.0,12500.0,184.90999999999985,395.0,True
SNTS,2026-05-17,2026-05-21,4,28784.03,28900.0,28850.0,65.97000000000116,50.0,True
SOGC,2026-05-17,2026-05-21,4,7554.09,7485.0,7200.0,354.09000000000015,285.0,False
SPHC,2026-05-17,2026-05-21,4,6957.76,6985.0,6850.0,107.76000000000022,135.0,True
STAC,2026-05-17,2026-05-21,4,2013.11,2660.0,2980.0,966.8900000000001,320.0,False
TTLC,2026-05-17,2026-05-21,4,2890.56,2910.0,2900.0,9.440000000000055,10.0,True
TTLS,2026-05-17,2026-05-21,4,2918.77,3005.0,3050.0,131.23000000000002,45.0,False
UNLC,2026-05-17,2026-05-21,4,63096.76,59950.0,58000.0,5096.760000000002,1950.0,False
UNXC,2026-05-17,2026-05-21,4,1790.5,1835.0,1760.0,30.5,75.0,True
ABJC,2026-05-18,2026-05-21,3,2757.3,2850.0,2855.0,97.69999999999982,5.0,False
BICB,2026-05-18,2026-05-21,3,5085.37,5200.0,5195.0,109.63000000000011,5.0,True
BICC,2026-05-18,2026-05-21,3,25618.09,26450.0,27000.0,1381.9099999999999,550.0,False
BNBC,2026-05-18,2026-05-21,3,1555.24,1545.0,1550.0,5.240000000000009,5.0,True
BOAB,2026-05-18,2026-05-21,3,8771.68,9400.0,9405.0,633.3199999999997,5.0,False
BOABF,2026-05-18,2026-05-21,3,5343.25,5400.0,5415.0,71.75,15.0,False
BOAC,2026-05-18,2026-05-21,3,8220.92,8630.0,8800.0,579.0799999999999,170.0,False
BOAM,2026-05-18,2026-05-21,3,4607.75,4690.0,4900.0,292.25,210.0,False
BOAN,2026-05-18,2026-05-21,3,3449.71,3445.0,3690.0,240.28999999999996,245.0,True
BOAS,2026-05-18,2026-05-21,3,7228.08,7595.0,8050.0,821.9200000000001,455.0,False
CABC,2026-05-18,2026-05-21,3,3947.29,3495.0,3405.0,542.29,90.0,False
CBIBF,2026-05-18,2026-05-21,3,17249.6,19905.0,20500.0,3250.4000000000015,595.0,False
CFAC,2026-05-18,2026-05-21,3,1477.04,1555.0,1480.0,2.9600000000000364,75.0,True
CIEC,2026-05-18,2026-05-21,3,3067.87,3290.0,3500.0,432.1300000000001,210.0,False
ECOC,2026-05-18,2026-05-21,3,16241.23,16300.0,16300.0,58.77000000000044,0.0,True
ETIT,2026-05-18,2026-05-21,3,26.85,29.0,30.0,3.1499999999999986,1.0,False
FTSC,2026-05-18,2026-05-21,3,2280.92,2250.0,2300.0,19.079999999999927,50.0,True
NEIC,2026-05-18,2026-05-21,3,1619.24,1920.0,1900.0,280.76,20.0,True
NSBC,2026-05-18,2026-05-21,3,15436.93,15000.0,17900.0,2463.0699999999997,2900.0,True
NTLC,2026-05-18,2026-05-21,3,11816.77,11750.0,11850.0,33.22999999999956,100.0,True
ONTBF,2026-05-18,2026-05-21,3,2778.96,2795.0,2855.0,76.03999999999996,60.0,False
ORAC,2026-05-18,2026-05-21,3,15114.65,15150.0,15505.0,390.35000000000036,355.0,False
ORGT,2026-05-18,2026-05-21,3,2455.41,2435.0,2500.0,44.590000000000146,65.0,True
PALC,2026-05-18,2026-05-21,3,7803.06,7700.0,7690.0,113.0600000000004,10.0,False
SAFC,2026-05-18,2026-05-21,3,2681.29,3990.0,3800.0,1118.71,190.0,True
SDSC,2026-05-18,2026-05-21,3,1741.48,1750.0,1650.0,91.48000000000002,100.0,True
SEMC,2026-05-18,2026-05-21,3,1448.15,1505.0,1480.0,31.84999999999991,25.0,True
SGBC,2026-05-18,2026-05-21,3,35346.95,35985.0,36200.0,853.0500000000029,215.0,False
SHEC,2026-05-18,2026-05-21,3,1788.03,1980.0,1945.0,156.97000000000003,35.0,True
SIBC,2026-05-18,2026-05-21,3,7107.31,7500.0,7795.0,687.6899999999996,295.0,False
SICC,2026-05-18,2026-05-21,3,4238.41,4305.0,4620.0,381.59000000000015,315.0,False
SLBC,2026-05-18,2026-05-21,3,37773.36,37900.0,37800.0,26.639999999999418,100.0,True
SMBC,2026-05-18,2026-05-21,3,12768.78,12895.0,12500.0,268.78000000000065,395.0,True
SNTS,2026-05-18,2026-05-21,3,28801.25,28900.0,28850.0,48.75,50.0,True
SOGC,2026-05-18,2026-05-21,3,7542.29,7485.0,7200.0,342.28999999999996,285.0,False
SPHC,2026-05-18,2026-05-21,3,6961.89,6985.0,6850.0,111.89000000000033,135.0,True
STAC,2026-05-18,2026-05-21,3,2191.67,2660.0,2980.0,788.3299999999999,320.0,False
TTLC,2026-05-18,2026-05-21,3,2897.0,2910.0,2900.0,3.0,10.0,True
TTLS,2026-05-18,2026-05-21,3,2934.84,3005.0,3050.0,115.15999999999985,45.0,False
UNLC,2026-05-18,2026-05-21,3,62442.6,59950.0,58000.0,4442.5999999999985,1950.0,False
UNXC,2026-05-18,2026-05-21,3,1799.13,1835.0,1760.0,39.13000000000011,75.0,True
ABJC,2026-05-19,2026-05-21,2,2780.74,2845.0,2855.0,74.26000000000022,10.0,False
BICB,2026-05-19,2026-05-21,2,5084.5,5105.0,5195.0,110.5,90.0,False
BICC,2026-05-19,2026-05-21,2,25823.66,26450.0,27000.0,1176.3400000000001,550.0,False
BNBC,2026-05-19,2026-05-21,2,1553.12,1545.0,1550.0,3.119999999999891,5.0,True
BOAB,2026-05-19,2026-05-21,2,8923.52,9400.0,9405.0,481.47999999999956,5.0,False
BOABF,2026-05-19,2026-05-21,2,5358.87,5400.0,5415.0,56.13000000000011,15.0,False
BOAC,2026-05-19,2026-05-21,2,8357.69,8655.0,8800.0,442.3099999999995,145.0,False
BOAM,2026-05-19,2026-05-21,2,4637.03,4690.0,4900.0,262.97000000000025,210.0,False
BOAN,2026-05-19,2026-05-21,2,3474.61,3490.0,3690.0,215.38999999999987,200.0,False
BOAS,2026-05-19,2026-05-21,2,7398.6,7700.0,8050.0,651.3999999999996,350.0,False
CABC,2026-05-19,2026-05-21,2,3749.36,3470.0,3405.0,344.3600000000001,65.0,False
CBIBF,2026-05-19,2026-05-21,2,18076.6,20500.0,20500.0,2423.4000000000015,0.0,True
CFAC,2026-05-19,2026-05-21,2,1470.61,1500.0,1480.0,9.3900000000001,20.0,True
CIEC,2026-05-19,2026-05-21,2,3147.64,3330.0,3500.0,352.3600000000001,170.0,False
ECOC,2026-05-19,2026-05-21,2,16253.21,16300.0,16300.0,46.79000000000087,0.0,True
ETIT,2026-05-19,2026-05-21,2,27.92,30.0,30.0,2.0799999999999983,0.0,True
FTSC,2026-05-19,2026-05-21,2,2373.65,2360.0,2300.0,73.65000000000009,60.0,False
NEIC,2026-05-19,2026-05-21,2,1717.18,1940.0,1900.0,182.81999999999994,40.0,True
NSBC,2026-05-19,2026-05-21,2,15817.74,15650.0,17900.0,2082.26,2250.0,True
NTLC,2026-05-19,2026-05-21,2,11863.82,11950.0,11850.0,13.819999999999709,100.0,True
ONTBF,2026-05-19,2026-05-21,2,2786.89,2800.0,2855.0,68.11000000000013,55.0,False
ORAC,2026-05-19,2026-05-21,2,15296.83,15600.0,15505.0,208.17000000000007,95.0,True
ORGT,2026-05-19,2026-05-21,2,2472.91,2495.0,2500.0,27.090000000000146,5.0,False
PALC,2026-05-19,2026-05-21,2,7772.61,7700.0,7690.0,82.60999999999967,10.0,False
SAFC,2026-05-19,2026-05-21,2,3191.7,4000.0,3800.0,608.3000000000002,200.0,True
SDSC,2026-05-19,2026-05-21,2,1701.83,1695.0,1650.0,51.82999999999993,45.0,False
SEMC,2026-05-19,2026-05-21,2,1455.55,1500.0,1480.0,24.450000000000045,20.0,True
SGBC,2026-05-19,2026-05-21,2,35515.86,36000.0,36200.0,684.1399999999994,200.0,False
SHEC,2026-05-19,2026-05-21,2,1838.72,1975.0,1945.0,106.27999999999997,30.0,True
SIBC,2026-05-19,2026-05-21,2,7224.23,7500.0,7795.0,570.7700000000004,295.0,False
SICC,2026-05-19,2026-05-21,2,4316.14,4380.0,4620.0,303.8599999999997,240.0,False
SLBC,2026-05-19,2026-05-21,2,37805.04,37900.0,37800.0,5.040000000000873,100.0,True
SMBC,2026-05-19,2026-05-21,2,12767.47,12800.0,12500.0,267.46999999999935,300.0,True
SNTS,2026-05-19,2026-05-21,2,28786.28,28800.0,28850.0,63.720000000001164,50.0,False
SOGC,2026-05-19,2026-05-21,2,7472.65,7390.0,7200.0,272.64999999999964,190.0,False
SPHC,2026-05-19,2026-05-21,2,6920.43,6890.0,6850.0,70.43000000000029,40.0,False
STAC,2026-05-19,2026-05-21,2,2384.75,2680.0,2980.0,595.25,300.0,False
TTLC,2026-05-19,2026-05-21,2,2896.19,2905.0,2900.0,3.8099999999999454,5.0,True
TTLS,2026-05-19,2026-05-21,2,2945.06,2990.0,3050.0,104.94000000000005,60.0,False
UNLC,2026-05-19,2026-05-21,2,59943.29,56000.0,58000.0,1943.2900000000009,2000.0,True
UNXC,2026-05-19,2026-05-21,2,1805.66,1830.0,1760.0,45.66000000000008,70.0,True
ABJC,2026-05-20,2026-05-21,1,2806.35,2855.0,2855.0,48.65000000000009,0.0,True
BICB,2026-05-20,2026-05-21,1,5098.75,5155.0,5195.0,96.25,40.0,False
BICC,2026-05-20,2026-05-21,1,25998.51,27000.0,27000.0,1001.4900000000016,0.0,True
BNBC,2026-05-20,2026-05-21,1,1521.44,1550.0,1550.0,28.559999999999945,0.0,True
BOAB,2026-05-20,2026-05-21,1,9093.07,9410.0,9405.0,311.9300000000003,5.0,True
BOABF,2026-05-20,2026-05-21,1,5374.87,5405.0,5415.0,40.13000000000011,10.0,False
BOAC,2026-05-20,2026-05-21,1,8559.44,9000.0,8800.0,240.5599999999995,200.0,True
BOAM,2026-05-20,2026-05-21,1,4929.98,4900.0,4900.0,29.979999999999563,0.0,False
BOAN,2026-05-20,2026-05-21,1,3475.5,3550.0,3690.0,214.5,140.0,False
BOAS,2026-05-20,2026-05-21,1,7658.56,8000.0,8050.0,391.4399999999996,50.0,False
CABC,2026-05-20,2026-05-21,1,3541.56,3500.0,3405.0,136.55999999999995,95.0,False
CBIBF,2026-05-20,2026-05-21,1,19069.82,20480.0,20500.0,1430.1800000000003,20.0,False
CFAC,2026-05-20,2026-05-21,1,1474.9,1490.0,1480.0,5.099999999999909,10.0,True
CIEC,2026-05-20,2026-05-21,1,3240.51,3500.0,3500.0,259.4899999999998,0.0,True
ECOC,2026-05-20,2026-05-21,1,16265.0,16300.0,16300.0,35.0,0.0,True
ETIT,2026-05-20,2026-05-21,1,28.68,30.0,30.0,1.3200000000000003,0.0,True
FTSC,2026-05-20,2026-05-21,1,2270.14,2300.0,2300.0,29.860000000000127,0.0,True
NEIC,2026-05-20,2026-05-21,1,1808.26,1920.0,1900.0,91.74000000000001,20.0,True
NSBC,2026-05-20,2026-05-21,1,16598.67,17700.0,17900.0,1301.3300000000017,200.0,False
NTLC,2026-05-20,2026-05-21,1,11858.55,11700.0,11850.0,8.549999999999272,150.0,True
ONTBF,2026-05-20,2026-05-21,1,2821.92,2855.0,2855.0,33.07999999999993,0.0,True
ORAC,2026-05-20,2026-05-21,1,15414.75,16000.0,15505.0,90.25,495.0,True
ORGT,2026-05-20,2026-05-21,1,2485.03,2500.0,2500.0,14.9699999999998,0.0,True
PALC,2026-05-20,2026-05-21,1,7743.3,7685.0,7690.0,53.30000000000018,5.0,True
SAFC,2026-05-20,2026-05-21,1,3617.21,3895.0,3800.0,182.78999999999996,95.0,True
SDSC,2026-05-20,2026-05-21,1,1707.72,1725.0,1650.0,57.72000000000003,75.0,True
SEMC,2026-05-20,2026-05-21,1,1452.42,1495.0,1480.0,27.579999999999927,15.0,True
SGBC,2026-05-20,2026-05-21,1,35640.46,36100.0,36200.0,559.5400000000009,100.0,False
SHEC,2026-05-20,2026-05-21,1,1894.71,1945.0,1945.0,50.289999999999964,0.0,True
SIBC,2026-05-20,2026-05-21,1,7353.39,7800.0,7795.0,441.6099999999997,5.0,True
SICC,2026-05-20,2026-05-21,1,4392.85,4650.0,4620.0,227.14999999999964,30.0,True
SLBC,2026-05-20,2026-05-21,1,37658.29,37800.0,37800.0,141.70999999999913,0.0,True
SMBC,2026-05-20,2026-05-21,1,12681.37,12300.0,12500.0,181.3700000000008,200.0,True
SNTS,2026-05-20,2026-05-21,1,28797.03,29000.0,28850.0,52.970000000001164,150.0,True
SOGC,2026-05-20,2026-05-21,1,7467.66,7400.0,7200.0,267.65999999999985,200.0,False
SPHC,2026-05-20,2026-05-21,1,6884.4,6900.0,6850.0,34.399999999999636,50.0,True
STAC,2026-05-20,2026-05-21,1,2662.09,2980.0,2980.0,317.90999999999985,0.0,True
TTLC,2026-05-20,2026-05-21,1,2895.26,2825.0,2900.0,4.739999999999782,75.0,True
TTLS,2026-05-20,2026-05-21,1,2973.29,3050.0,3050.0,76.71000000000004,0.0,True
UNLC,2026-05-20,2026-05-21,1,58528.29,57900.0,58000.0,528.2900000000009,100.0,True
UNXC,2026-05-20,2026-05-21,1,1798.26,1785.0,1760.0,38.25999999999999,25.0,False
CBIBF,2026-05-07,2026-05-22,15,14470.22,16700.0,20700.0,6229.780000000001,4000.0,False
ABJC,2026-05-07,2026-05-22,15,2713.21,3015.0,2860.0,146.78999999999996,155.0,True
BICB,2026-05-07,2026-05-22,15,5017.84,5200.0,5225.0,207.15999999999985,25.0,False
BICC,2026-05-07,2026-05-22,15,23407.26,24995.0,27000.0,3592.7400000000016,2005.0,False
BNBC,2026-05-07,2026-05-22,15,1390.01,1350.0,1525.0,134.99,175.0,True
BOAB,2026-05-07,2026-05-22,15,7957.0,9340.0,9420.0,1463.0,80.0,False
BOABF,2026-05-07,2026-05-22,15,5276.47,5405.0,5415.0,138.52999999999975,10.0,False
BOAC,2026-05-07,2026-05-22,15,7573.19,8785.0,8880.0,1306.8100000000004,95.0,False
BOAM,2026-05-07,2026-05-22,15,4443.49,4680.0,4940.0,496.5100000000002,260.0,False
BOAN,2026-05-07,2026-05-22,15,3539.75,3500.0,3700.0,160.25,200.0,True
BOAS,2026-05-07,2026-05-22,15,6449.83,7225.0,8000.0,1550.17,775.0,False
CABC,2026-05-07,2026-05-22,15,5945.93,3410.0,3500.0,2445.9300000000003,90.0,True
CFAC,2026-05-07,2026-05-22,15,1217.02,1400.0,1485.0,267.98,85.0,False
CIEC,2026-05-07,2026-05-22,15,2816.17,3200.0,3760.0,943.8299999999999,560.0,False
ECOC,2026-05-07,2026-05-22,15,15983.25,16100.0,16300.0,316.75,200.0,False
ETIT,2026-05-07,2026-05-22,15,23.94,29.0,29.0,5.059999999999999,0.0,True
FTSC,2026-05-07,2026-05-22,15,2298.41,2200.0,2300.0,1.5900000000001455,100.0,True
NEIC,2026-05-07,2026-05-22,15,1223.62,1715.0,1935.0,711.3800000000001,220.0,False
NSBC,2026-05-07,2026-05-22,15,15284.28,14010.0,18965.0,3680.7199999999993,4955.0,True
NTLC,2026-05-07,2026-05-22,15,12206.75,11900.0,12490.0,283.25,590.0,True
ONTBF,2026-05-07,2026-05-22,15,2678.21,2710.0,2855.0,176.78999999999996,145.0,False
ORAC,2026-05-07,2026-05-22,15,15126.07,15200.0,15650.0,523.9300000000003,450.0,False
ORGT,2026-05-07,2026-05-22,15,3034.04,2975.0,2590.0,444.03999999999996,385.0,False
PALC,2026-05-07,2026-05-22,15,7794.0,7800.0,7700.0,94.0,100.0,True
SAFC,2026-05-07,2026-05-22,15,1382.9,3500.0,3790.0,2407.1,290.0,False
SDSC,2026-05-07,2026-05-22,15,1677.78,1685.0,1690.0,12.220000000000027,5.0,False
SEMC,2026-05-07,2026-05-22,15,1339.09,1450.0,1495.0,155.91000000000008,45.0,False
SGBC,2026-05-07,2026-05-22,15,33242.49,33400.0,36200.0,2957.510000000002,2800.0,False
SHEC,2026-05-07,2026-05-22,15,1505.08,1840.0,1900.0,394.9200000000001,60.0,False
SIBC,2026-05-07,2026-05-22,15,6337.65,7050.0,7845.0,1507.3500000000004,795.0,False
SICC,2026-05-07,2026-05-22,15,4115.04,4285.0,4610.0,494.96000000000004,325.0,False
SLBC,2026-05-07,2026-05-22,15,37072.36,37500.0,37945.0,872.6399999999994,445.0,False
SMBC,2026-05-07,2026-05-22,15,11445.87,11500.0,12895.0,1449.1299999999992,1395.0,False
SNTS,2026-05-07,2026-05-22,15,28577.74,28900.0,28900.0,322.2599999999984,0.0,True
SOGC,2026-05-07,2026-05-22,15,7651.14,7500.0,7600.0,51.14000000000033,100.0,True
SPHC,2026-05-07,2026-05-22,15,6909.85,7175.0,6895.0,14.850000000000364,280.0,True
STAC,2026-05-07,2026-05-22,15,1625.85,2850.0,2840.0,1214.15,10.0,True
TTLC,2026-05-07,2026-05-22,15,2707.47,2740.0,2880.0,172.5300000000002,140.0,False
TTLS,2026-05-07,2026-05-22,15,2879.17,3005.0,3240.0,360.8299999999999,235.0,False
UNLC,2026-05-07,2026-05-22,15,66161.76,59000.0,59900.0,6261.759999999995,900.0,True
UNXC,2026-05-07,2026-05-22,15,1777.37,1865.0,1760.0,17.36999999999989,105.0,True
ABJC,2026-05-08,2026-05-22,14,2738.77,3020.0,2860.0,121.23000000000002,160.0,True
BICB,2026-05-08,2026-05-22,14,5017.1,5120.0,5225.0,207.89999999999964,105.0,False
BICC,2026-05-08,2026-05-22,14,23628.67,25200.0,27000.0,3371.3300000000017,1800.0,False
BNBC,2026-05-08,2026-05-22,14,1391.07,1335.0,1525.0,133.93000000000006,190.0,True
BOAB,2026-05-08,2026-05-22,14,8053.05,9300.0,9420.0,1366.9499999999998,120.0,False
BOABF,2026-05-08,2026-05-22,14,5280.31,5400.0,5415.0,134.6899999999996,15.0,False
BOAC,2026-05-08,2026-05-22,14,7633.1,8650.0,8880.0,1246.8999999999996,230.0,False
BOAM,2026-05-08,2026-05-22,14,4474.19,4690.0,4940.0,465.8100000000004,250.0,False
BOAN,2026-05-08,2026-05-22,14,3518.46,3500.0,3700.0,181.53999999999996,200.0,True
BOAS,2026-05-08,2026-05-22,14,6526.54,7265.0,8000.0,1473.46,735.0,False
CABC,2026-05-08,2026-05-22,14,5467.84,3400.0,3500.0,1967.8400000000001,100.0,True
CBIBF,2026-05-08,2026-05-22,14,14585.43,16600.0,20700.0,6114.57,4100.0,False
CFAC,2026-05-08,2026-05-22,14,1236.93,1400.0,1485.0,248.06999999999994,85.0,False
CIEC,2026-05-08,2026-05-22,14,2871.41,3345.0,3760.0,888.5900000000001,415.0,False
ECOC,2026-05-08,2026-05-22,14,16056.89,16300.0,16300.0,243.11000000000058,0.0,True
ETIT,2026-05-08,2026-05-22,14,24.58,30.0,29.0,4.420000000000002,1.0,True
FTSC,2026-05-08,2026-05-22,14,2289.6,2200.0,2300.0,10.400000000000091,100.0,True
NEIC,2026-05-08,2026-05-22,14,1253.41,1745.0,1935.0,681.5899999999999,190.0,False
NSBC,2026-05-08,2026-05-22,14,15141.12,14000.0,18965.0,3823.879999999999,4965.0,True
NTLC,2026-05-08,2026-05-22,14,12108.98,11700.0,12490.0,381.02000000000044,790.0,True
ONTBF,2026-05-08,2026-05-22,14,2712.72,2775.0,2855.0,142.2800000000002,80.0,False
ORAC,2026-05-08,2026-05-22,14,15034.1,14900.0,15650.0,615.8999999999996,750.0,True
ORGT,2026-05-08,2026-05-22,14,2908.87,2755.0,2590.0,318.8699999999999,165.0,False
PALC,2026-05-08,2026-05-22,14,8030.8,7900.0,7700.0,330.8000000000002,200.0,False
SAFC,2026-05-08,2026-05-22,14,1432.1,3500.0,3790.0,2357.9,290.0,False
SDSC,2026-05-08,2026-05-22,14,1748.55,1800.0,1690.0,58.549999999999955,110.0,True
SEMC,2026-05-08,2026-05-22,14,1355.26,1525.0,1495.0,139.74,30.0,True
SGBC,2026-05-08,2026-05-22,14,33353.64,33800.0,36200.0,2846.3600000000006,2400.0,False
SHEC,2026-05-08,2026-05-22,14,1543.21,1895.0,1900.0,356.78999999999996,5.0,False
SIBC,2026-05-08,2026-05-22,14,6427.95,7150.0,7845.0,1417.0500000000002,695.0,False
SICC,2026-05-08,2026-05-22,14,4143.1,4300.0,4610.0,466.89999999999964,310.0,False
SLBC,2026-05-08,2026-05-22,14,37186.32,37500.0,37945.0,758.6800000000003,445.0,False
SMBC,2026-05-08,2026-05-22,14,11631.86,11900.0,12895.0,1263.1399999999994,995.0,False
SNTS,2026-05-08,2026-05-22,14,28619.09,28900.0,28900.0,280.90999999999985,0.0,True
SOGC,2026-05-08,2026-05-22,14,7591.0,7400.0,7600.0,9.0,200.0,True
SPHC,2026-05-08,2026-05-22,14,6980.43,7100.0,6895.0,85.43000000000029,205.0,True
STAC,2026-05-08,2026-05-22,14,1680.38,2845.0,2840.0,1159.62,5.0,True
TTLC,2026-05-08,2026-05-22,14,2699.46,2720.0,2880.0,180.53999999999996,160.0,False
TTLS,2026-05-08,2026-05-22,14,2880.01,3000.0,3240.0,359.9899999999998,240.0,False
UNLC,2026-05-08,2026-05-22,14,65273.95,59000.0,59900.0,5373.949999999997,900.0,True
UNXC,2026-05-08,2026-05-22,14,1759.54,1815.0,1760.0,0.4600000000000364,55.0,True
ABJC,2026-05-09,2026-05-22,13,2713.57,2975.0,2860.0,146.42999999999984,115.0,True
BICB,2026-05-09,2026-05-22,13,5019.08,5225.0,5225.0,205.92000000000007,0.0,True
BICC,2026-05-09,2026-05-22,13,23956.16,26000.0,27000.0,3043.84,1000.0,False
BNBC,2026-05-09,2026-05-22,13,1367.11,1300.0,1525.0,157.8900000000001,225.0,True
BOAB,2026-05-09,2026-05-22,13,8091.92,9400.0,9420.0,1328.08,20.0,False
BOABF,2026-05-09,2026-05-22,13,5274.19,5400.0,5415.0,140.8100000000004,15.0,False
BOAC,2026-05-09,2026-05-22,13,7650.7,8705.0,8880.0,1229.3000000000002,175.0,False
BOAM,2026-05-09,2026-05-22,13,4479.66,4700.0,4940.0,460.34000000000015,240.0,False
BOAN,2026-05-09,2026-05-22,13,3503.61,3485.0,3700.0,196.38999999999987,215.0,True
BOAS,2026-05-09,2026-05-22,13,6587.63,7390.0,8000.0,1412.37,610.0,False
CABC,2026-05-09,2026-05-22,13,5763.62,3500.0,3500.0,2263.62,0.0,False
CBIBF,2026-05-09,2026-05-22,13,14647.16,16800.0,20700.0,6052.84,3900.0,False
CFAC,2026-05-09,2026-05-22,13,1232.54,1385.0,1485.0,252.46000000000004,100.0,False
CIEC,2026-05-09,2026-05-22,13,2874.42,3330.0,3760.0,885.5799999999999,430.0,False
ECOC,2026-05-09,2026-05-22,13,16268.58,16800.0,16300.0,31.420000000000073,500.0,True
ETIT,2026-05-09,2026-05-22,13,24.71,30.0,29.0,4.289999999999999,1.0,True
FTSC,2026-05-09,2026-05-22,13,2307.44,2220.0,2300.0,7.440000000000055,80.0,True
NEIC,2026-05-09,2026-05-22,13,1256.34,1745.0,1935.0,678.6600000000001,190.0,False
NSBC,2026-05-09,2026-05-22,13,15150.03,14010.0,18965.0,3814.9699999999993,4955.0,True
NTLC,2026-05-09,2026-05-22,13,12038.58,11650.0,12490.0,451.4200000000001,840.0,True
ONTBF,2026-05-09,2026-05-22,13,2719.95,2760.0,2855.0,135.05000000000018,95.0,False
ORAC,2026-05-09,2026-05-22,13,14974.02,14920.0,15650.0,675.9799999999996,730.0,True
ORGT,2026-05-09,2026-05-22,13,2743.87,2550.0,2590.0,153.8699999999999,40.0,True
PALC,2026-05-09,2026-05-22,13,8076.74,7800.0,7700.0,376.7399999999998,100.0,False
SAFC,2026-05-09,2026-05-22,13,1428.14,3500.0,3790.0,2361.8599999999997,290.0,False
SDSC,2026-05-09,2026-05-22,13,1724.63,1745.0,1690.0,34.63000000000011,55.0,True
SEMC,2026-05-09,2026-05-22,13,1360.89,1525.0,1495.0,134.1099999999999,30.0,True
SGBC,2026-05-09,2026-05-22,13,33609.55,34500.0,36200.0,2590.449999999997,1700.0,False
SHEC,2026-05-09,2026-05-22,13,1561.17,1945.0,1900.0,338.8299999999999,45.0,True
SIBC,2026-05-09,2026-05-22,13,6410.26,7095.0,7845.0,1434.7399999999998,750.0,False
SICC,2026-05-09,2026-05-22,13,4140.77,4290.0,4610.0,469.22999999999956,320.0,False
SLBC,2026-05-09,2026-05-22,13,37178.05,37500.0,37945.0,766.9499999999971,445.0,False
SMBC,2026-05-09,2026-05-22,13,11774.23,11995.0,12895.0,1120.7700000000004,900.0,False
SNTS,2026-05-09,2026-05-22,13,28632.3,28900.0,28900.0,267.7000000000007,0.0,True
SOGC,2026-05-09,2026-05-22,13,7566.98,7390.0,7600.0,33.02000000000044,210.0,True
SPHC,2026-05-09,2026-05-22,13,6984.38,7050.0,6895.0,89.38000000000011,155.0,True
STAC,2026-05-09,2026-05-22,13,1630.42,2660.0,2840.0,1209.58,180.0,False
TTLC,2026-05-09,2026-05-22,13,2718.46,2750.0,2880.0,161.53999999999996,130.0,False
TTLS,2026-05-09,2026-05-22,13,2857.6,2950.0,3240.0,382.4000000000001,290.0,False
UNLC,2026-05-09,2026-05-22,13,63626.93,56000.0,59900.0,3726.9300000000003,3900.0,True
UNXC,2026-05-09,2026-05-22,13,1740.1,1805.0,1760.0,19.90000000000009,45.0,True
ABJC,2026-05-10,2026-05-22,12,2704.8,2975.0,2860.0,155.19999999999982,115.0,True
BICB,2026-05-10,2026-05-22,12,5021.12,5225.0,5225.0,203.8800000000001,0.0,True
BICC,2026-05-10,2026-05-22,12,24137.58,26000.0,27000.0,2862.4199999999983,1000.0,False
BNBC,2026-05-10,2026-05-22,12,1356.13,1300.0,1525.0,168.8699999999999,225.0,True
BOAB,2026-05-10,2026-05-22,12,8111.51,9400.0,9420.0,1308.4899999999998,20.0,False
BOABF,2026-05-10,2026-05-22,12,5270.05,5400.0,5415.0,144.94999999999982,15.0,False
BOAC,2026-05-10,2026-05-22,12,7659.6,8705.0,8880.0,1220.3999999999996,175.0,False
BOAM,2026-05-10,2026-05-22,12,4477.47,4700.0,4940.0,462.52999999999975,240.0,False
BOAN,2026-05-10,2026-05-22,12,3498.47,3485.0,3700.0,201.5300000000002,215.0,True
BOAS,2026-05-10,2026-05-22,12,6604.79,7390.0,8000.0,1395.21,610.0,False
CABC,2026-05-10,2026-05-22,12,5770.46,3500.0,3500.0,2270.46,0.0,False
CBIBF,2026-05-10,2026-05-22,12,14661.39,16800.0,20700.0,6038.610000000001,3900.0,False
CFAC,2026-05-10,2026-05-22,12,1230.02,1385.0,1485.0,254.98000000000002,100.0,False
CIEC,2026-05-10,2026-05-22,12,2879.48,3330.0,3760.0,880.52,430.0,False
ECOC,2026-05-10,2026-05-22,12,16398.85,16800.0,16300.0,98.84999999999854,500.0,True
ETIT,2026-05-10,2026-05-22,12,24.74,30.0,29.0,4.260000000000002,1.0,True
FTSC,2026-05-10,2026-05-22,12,2308.85,2220.0,2300.0,8.849999999999909,80.0,True
NEIC,2026-05-10,2026-05-22,12,1256.31,1745.0,1935.0,678.69,190.0,False
NSBC,2026-05-10,2026-05-22,12,15153.02,14010.0,18965.0,3811.9799999999996,4955.0,True
NTLC,2026-05-10,2026-05-22,12,11989.41,11650.0,12490.0,500.59000000000015,840.0,True
ONTBF,2026-05-10,2026-05-22,12,2721.39,2760.0,2855.0,133.61000000000013,95.0,False
ORAC,2026-05-10,2026-05-22,12,14939.42,14920.0,15650.0,710.5799999999999,730.0,True
ORGT,2026-05-10,2026-05-22,12,2651.6,2550.0,2590.0,61.59999999999991,40.0,True
PALC,2026-05-10,2026-05-22,12,8076.74,7800.0,7700.0,376.7399999999998,100.0,False
SAFC,2026-05-10,2026-05-22,12,1429.1,3500.0,3790.0,2360.9,290.0,False
SDSC,2026-05-10,2026-05-22,12,1721.34,1745.0,1690.0,31.339999999999918,55.0,True
SEMC,2026-05-10,2026-05-22,12,1365.57,1525.0,1495.0,129.43000000000006,30.0,True
SGBC,2026-05-10,2026-05-22,12,33779.29,34500.0,36200.0,2420.709999999999,1700.0,False
SHEC,2026-05-10,2026-05-22,12,1563.3,1945.0,1900.0,336.70000000000005,45.0,True
SIBC,2026-05-10,2026-05-22,12,6407.49,7095.0,7845.0,1437.5100000000002,750.0,False
SICC,2026-05-10,2026-05-22,12,4137.97,4290.0,4610.0,472.02999999999975,320.0,False
SLBC,2026-05-10,2026-05-22,12,37158.68,37500.0,37945.0,786.3199999999997,445.0,False
SMBC,2026-05-10,2026-05-22,12,11839.4,11995.0,12895.0,1055.6000000000004,900.0,False
SNTS,2026-05-10,2026-05-22,12,28641.28,28900.0,28900.0,258.72000000000116,0.0,True
SOGC,2026-05-10,2026-05-22,12,7557.99,7390.0,7600.0,42.01000000000022,210.0,True
SPHC,2026-05-10,2026-05-22,12,6984.46,7050.0,6895.0,89.46000000000004,155.0,True
STAC,2026-05-10,2026-05-22,12,1642.34,2660.0,2840.0,1197.66,180.0,False
TTLC,2026-05-10,2026-05-22,12,2721.61,2750.0,2880.0,158.38999999999987,130.0,False
TTLS,2026-05-10,2026-05-22,12,2845.79,2950.0,3240.0,394.21000000000004,290.0,False
UNLC,2026-05-10,2026-05-22,12,62636.72,56000.0,59900.0,2736.720000000001,3900.0,True
UNXC,2026-05-10,2026-05-22,12,1730.16,1805.0,1760.0,29.839999999999918,45.0,True
ABJC,2026-05-11,2026-05-22,11,2727.59,2975.0,2860.0,132.40999999999985,115.0,True
BICB,2026-05-11,2026-05-22,11,5030.61,5225.0,5225.0,194.39000000000033,0.0,True
BICC,2026-05-11,2026-05-22,11,24359.45,26000.0,27000.0,2640.5499999999993,1000.0,False
BNBC,2026-05-11,2026-05-22,11,1347.9,1300.0,1525.0,177.0999999999999,225.0,True
BOAB,2026-05-11,2026-05-22,11,8209.56,9400.0,9420.0,1210.4400000000005,20.0,False
BOABF,2026-05-11,2026-05-22,11,5279.79,5400.0,5415.0,135.21000000000004,15.0,False
BOAC,2026-05-11,2026-05-22,11,7747.43,8705.0,8880.0,1132.5699999999997,175.0,False
BOAM,2026-05-11,2026-05-22,11,4498.84,4700.0,4940.0,441.15999999999985,240.0,False
BOAN,2026-05-11,2026-05-22,11,3496.25,3485.0,3700.0,203.75,215.0,True
BOAS,2026-05-11,2026-05-22,11,6674.49,7390.0,8000.0,1325.5100000000002,610.0,False
CABC,2026-05-11,2026-05-22,11,5292.4,3500.0,3500.0,1792.3999999999996,0.0,False
CBIBF,2026-05-11,2026-05-22,11,14807.28,16800.0,20700.0,5892.719999999999,3900.0,False
CFAC,2026-05-11,2026-05-22,11,1243.83,1385.0,1485.0,241.17000000000007,100.0,False
CIEC,2026-05-11,2026-05-22,11,2909.36,3330.0,3760.0,850.6399999999999,430.0,False
ECOC,2026-05-11,2026-05-22,11,16489.77,16800.0,16300.0,189.77000000000044,500.0,True
ETIT,2026-05-11,2026-05-22,11,25.12,30.0,29.0,3.879999999999999,1.0,True
FTSC,2026-05-11,2026-05-22,11,2299.02,2220.0,2300.0,0.9800000000000182,80.0,True
NEIC,2026-05-11,2026-05-22,11,1288.29,1745.0,1935.0,646.71,190.0,False
NSBC,2026-05-11,2026-05-22,11,15018.11,14010.0,18965.0,3946.8899999999994,4955.0,True
NTLC,2026-05-11,2026-05-22,11,11936.26,11650.0,12490.0,553.7399999999998,840.0,True
ONTBF,2026-05-11,2026-05-22,11,2725.23,2760.0,2855.0,129.76999999999998,95.0,False
ORAC,2026-05-11,2026-05-22,11,14922.83,14920.0,15650.0,727.1700000000001,730.0,True
ORGT,2026-05-11,2026-05-22,11,2604.56,2550.0,2590.0,14.559999999999945,40.0,True
PALC,2026-05-11,2026-05-22,11,8044.51,7800.0,7700.0,344.5100000000002,100.0,False
SAFC,2026-05-11,2026-05-22,11,1501.47,3500.0,3790.0,2288.5299999999997,290.0,False
SDSC,2026-05-11,2026-05-22,11,1723.58,1745.0,1690.0,33.57999999999993,55.0,True
SEMC,2026-05-11,2026-05-22,11,1381.78,1525.0,1495.0,113.22000000000003,30.0,True
SGBC,2026-05-11,2026-05-22,11,33915.94,34500.0,36200.0,2284.0599999999977,1700.0,False
SHEC,2026-05-11,2026-05-22,11,1588.11,1945.0,1900.0,311.8900000000001,45.0,True
SIBC,2026-05-11,2026-05-22,11,6462.69,7095.0,7845.0,1382.3100000000004,750.0,False
SICC,2026-05-11,2026-05-22,11,4153.14,4290.0,4610.0,456.8599999999997,320.0,False
SLBC,2026-05-11,2026-05-22,11,37183.89,37500.0,37945.0,761.1100000000006,445.0,False
SMBC,2026-05-11,2026-05-22,11,11876.62,11995.0,12895.0,1018.3799999999992,900.0,False
SNTS,2026-05-11,2026-05-22,11,28668.74,28900.0,28900.0,231.2599999999984,0.0,True
SOGC,2026-05-11,2026-05-22,11,7538.1,7390.0,7600.0,61.899999999999636,210.0,True
SPHC,2026-05-11,2026-05-22,11,6991.48,7050.0,6895.0,96.47999999999956,155.0,True
STAC,2026-05-11,2026-05-22,11,1711.3,2660.0,2840.0,1128.7,180.0,False
TTLC,2026-05-11,2026-05-22,11,2724.43,2750.0,2880.0,155.57000000000016,130.0,False
TTLS,2026-05-11,2026-05-22,11,2849.51,2950.0,3240.0,390.4899999999998,290.0,False
UNLC,2026-05-11,2026-05-22,11,61522.64,56000.0,59900.0,1622.6399999999994,3900.0,True
UNXC,2026-05-11,2026-05-22,11,1733.58,1805.0,1760.0,26.420000000000073,45.0,True
ABJC,2026-05-12,2026-05-22,10,2757.13,2985.0,2860.0,102.86999999999989,125.0,True
BICB,2026-05-12,2026-05-22,10,5036.0,5170.0,5225.0,189.0,55.0,False
BICC,2026-05-12,2026-05-22,10,24615.4,26200.0,27000.0,2384.5999999999985,800.0,False
BNBC,2026-05-12,2026-05-22,10,1405.22,1395.0,1525.0,119.77999999999997,130.0,True
BOAB,2026-05-12,2026-05-22,10,8311.6,9405.0,9420.0,1108.3999999999996,15.0,False
BOABF,2026-05-12,2026-05-22,10,5295.66,5410.0,5415.0,119.34000000000015,5.0,False
BOAC,2026-05-12,2026-05-22,10,7812.37,8650.0,8880.0,1067.63,230.0,False
BOAM,2026-05-12,2026-05-22,10,4507.16,4685.0,4940.0,432.84000000000015,255.0,False
BOAN,2026-05-12,2026-05-22,10,3475.09,3450.0,3700.0,224.90999999999985,250.0,True
BOAS,2026-05-12,2026-05-22,10,6774.36,7450.0,8000.0,1225.6400000000003,550.0,False
CABC,2026-05-12,2026-05-22,10,4916.98,3500.0,3500.0,1416.9799999999996,0.0,False
CBIBF,2026-05-12,2026-05-22,10,14959.69,16800.0,20700.0,5740.3099999999995,3900.0,False
CFAC,2026-05-12,2026-05-22,10,1256.33,1380.0,1485.0,228.67000000000007,105.0,False
CIEC,2026-05-12,2026-05-22,10,2905.85,3200.0,3760.0,854.1500000000001,560.0,False
ECOC,2026-05-12,2026-05-22,10,16342.24,16200.0,16300.0,42.23999999999978,100.0,True
ETIT,2026-05-12,2026-05-22,10,25.54,30.0,29.0,3.460000000000001,1.0,True
FTSC,2026-05-12,2026-05-22,10,2271.81,2200.0,2300.0,28.190000000000055,100.0,True
NEIC,2026-05-12,2026-05-22,10,1358.2,1850.0,1935.0,576.8,85.0,False
NSBC,2026-05-12,2026-05-22,10,14747.61,13850.0,18965.0,4217.389999999999,5115.0,True
NTLC,2026-05-12,2026-05-22,10,11759.62,11150.0,12490.0,730.3799999999992,1340.0,True
ONTBF,2026-05-12,2026-05-22,10,2694.29,2700.0,2855.0,160.71000000000004,155.0,False
ORAC,2026-05-12,2026-05-22,10,14983.28,15100.0,15650.0,666.7199999999993,550.0,False
ORGT,2026-05-12,2026-05-22,10,2663.77,2740.0,2590.0,73.76999999999998,150.0,True
PALC,2026-05-12,2026-05-22,10,8015.03,7800.0,7700.0,315.02999999999975,100.0,False
SAFC,2026-05-12,2026-05-22,10,1595.43,3485.0,3790.0,2194.5699999999997,305.0,False
SDSC,2026-05-12,2026-05-22,10,1696.23,1700.0,1690.0,6.230000000000018,10.0,True
SEMC,2026-05-12,2026-05-22,10,1391.11,1505.0,1495.0,103.8900000000001,10.0,True
SGBC,2026-05-12,2026-05-22,10,34102.02,34800.0,36200.0,2097.980000000003,1400.0,False
SHEC,2026-05-12,2026-05-22,10,1634.99,2000.0,1900.0,265.01,100.0,True
SIBC,2026-05-12,2026-05-22,10,6544.18,7140.0,7845.0,1300.8199999999997,705.0,False
SICC,2026-05-12,2026-05-22,10,4252.95,4400.0,4610.0,357.0500000000002,210.0,False
SLBC,2026-05-12,2026-05-22,10,37441.46,37900.0,37945.0,503.5400000000009,45.0,False
SMBC,2026-05-12,2026-05-22,10,11949.75,12100.0,12895.0,945.25,795.0,False
SNTS,2026-05-12,2026-05-22,10,28726.73,29000.0,28900.0,173.27000000000044,100.0,True
SOGC,2026-05-12,2026-05-22,10,7522.78,7395.0,7600.0,77.22000000000025,205.0,True
SPHC,2026-05-12,2026-05-22,10,6974.84,7000.0,6895.0,79.84000000000015,105.0,True
STAC,2026-05-12,2026-05-22,10,1721.15,2515.0,2840.0,1118.85,325.0,False
TTLC,2026-05-12,2026-05-22,10,2802.55,2850.0,2880.0,77.44999999999982,30.0,False
TTLS,2026-05-12,2026-05-22,10,2838.53,2900.0,3240.0,401.4699999999998,340.0,False
UNLC,2026-05-12,2026-05-22,10,62762.26,59900.0,59900.0,2862.260000000002,0.0,False
UNXC,2026-05-12,2026-05-22,10,1752.43,1835.0,1760.0,7.569999999999936,75.0,True
ABJC,2026-05-13,2026-05-22,9,2780.89,2980.0,2860.0,79.11000000000013,120.0,True
BICB,2026-05-13,2026-05-22,9,5045.7,5200.0,5225.0,179.30000000000018,25.0,False
BICC,2026-05-13,2026-05-22,9,24869.93,26300.0,27000.0,2130.0699999999997,700.0,False
BNBC,2026-05-13,2026-05-22,9,1488.68,1495.0,1525.0,36.319999999999936,30.0,False
BOAB,2026-05-13,2026-05-22,9,8421.19,9420.0,9420.0,998.8099999999995,0.0,True
BOABF,2026-05-13,2026-05-22,9,5309.3,5410.0,5415.0,105.69999999999982,5.0,False
BOAC,2026-05-13,2026-05-22,9,7865.49,8585.0,8880.0,1014.5100000000002,295.0,False
BOAM,2026-05-13,2026-05-22,9,4528.33,4680.0,4940.0,411.6700000000001,260.0,False
BOAN,2026-05-13,2026-05-22,9,3457.21,3440.0,3700.0,242.78999999999996,260.0,True
BOAS,2026-05-13,2026-05-22,9,6883.65,7500.0,8000.0,1116.3500000000004,500.0,False
CABC,2026-05-13,2026-05-22,9,4430.79,3400.0,3500.0,930.79,100.0,True
CBIBF,2026-05-13,2026-05-22,9,15300.78,17400.0,20700.0,5399.219999999999,3300.0,False
CFAC,2026-05-13,2026-05-22,9,1270.5,1380.0,1485.0,214.5,105.0,False
CIEC,2026-05-13,2026-05-22,9,2954.12,3295.0,3760.0,805.8800000000001,465.0,False
ECOC,2026-05-13,2026-05-22,9,16251.5,16200.0,16300.0,48.5,100.0,True
ETIT,2026-05-13,2026-05-22,9,25.99,30.0,29.0,3.0100000000000016,1.0,True
FTSC,2026-05-13,2026-05-22,9,2296.64,2240.0,2300.0,3.3600000000001273,60.0,True
NEIC,2026-05-13,2026-05-22,9,1421.67,1890.0,1935.0,513.3299999999999,45.0,False
NSBC,2026-05-13,2026-05-22,9,14551.91,13810.0,18965.0,4413.09,5155.0,True
NTLC,2026-05-13,2026-05-22,9,11763.37,11700.0,12490.0,726.6299999999992,790.0,True
ONTBF,2026-05-13,2026-05-22,9,2670.42,2680.0,2855.0,184.57999999999993,175.0,False
ORAC,2026-05-13,2026-05-22,9,15009.34,15050.0,15650.0,640.6599999999999,600.0,False
ORGT,2026-05-13,2026-05-22,9,2697.55,2740.0,2590.0,107.55000000000018,150.0,True
PALC,2026-05-13,2026-05-22,9,8015.79,7850.0,7700.0,315.78999999999996,150.0,False
SAFC,2026-05-13,2026-05-22,9,1822.74,3745.0,3790.0,1967.26,45.0,False
SDSC,2026-05-13,2026-05-22,9,1722.78,1745.0,1690.0,32.77999999999997,55.0,True
SEMC,2026-05-13,2026-05-22,9,1399.7,1500.0,1495.0,95.29999999999995,5.0,True
SGBC,2026-05-13,2026-05-22,9,34296.28,34990.0,36200.0,1903.7200000000012,1210.0,False
SHEC,2026-05-13,2026-05-22,9,1648.32,1940.0,1900.0,251.68000000000006,40.0,True
SIBC,2026-05-13,2026-05-22,9,6693.65,7295.0,7845.0,1151.3500000000004,550.0,False
SICC,2026-05-13,2026-05-22,9,4297.62,4390.0,4610.0,312.3800000000001,220.0,False
SLBC,2026-05-13,2026-05-22,9,37382.51,37500.0,37945.0,562.489999999998,445.0,False
SMBC,2026-05-13,2026-05-22,9,12276.28,12685.0,12895.0,618.7199999999993,210.0,False
SNTS,2026-05-13,2026-05-22,9,28745.42,28910.0,28900.0,154.58000000000175,10.0,True
SOGC,2026-05-13,2026-05-22,9,7509.58,7400.0,7600.0,90.42000000000007,200.0,True
SPHC,2026-05-13,2026-05-22,9,6965.77,6995.0,6895.0,70.77000000000044,100.0,True
STAC,2026-05-13,2026-05-22,9,1842.92,2600.0,2840.0,997.0799999999999,240.0,False
TTLC,2026-05-13,2026-05-22,9,2979.53,3060.0,2880.0,99.5300000000002,180.0,True
TTLS,2026-05-13,2026-05-22,9,2816.96,2845.0,3240.0,423.03999999999996,395.0,False
UNLC,2026-05-13,2026-05-22,9,61385.17,56100.0,59900.0,1485.1699999999983,3800.0,True
UNXC,2026-05-13,2026-05-22,9,1762.98,1825.0,1760.0,2.980000000000018,65.0,True
ABJC,2026-05-14,2026-05-22,8,2704.97,2850.0,2860.0,155.0300000000002,10.0,False
BICB,2026-05-14,2026-05-22,8,5047.94,5220.0,5225.0,177.0600000000004,5.0,False
BICC,2026-05-14,2026-05-22,8,24962.96,26400.0,27000.0,2037.0400000000009,600.0,False
BNBC,2026-05-14,2026-05-22,8,1576.37,1590.0,1525.0,51.36999999999989,65.0,True
BOAB,2026-05-14,2026-05-22,8,8424.57,9410.0,9420.0,995.4300000000003,10.0,False
BOABF,2026-05-14,2026-05-22,8,5306.55,5405.0,5415.0,108.44999999999982,10.0,False
BOAC,2026-05-14,2026-05-22,8,7863.15,8600.0,8880.0,1016.8500000000004,280.0,False
BOAM,2026-05-14,2026-05-22,8,4524.26,4675.0,4940.0,415.7399999999998,265.0,False
BOAN,2026-05-14,2026-05-22,8,3424.21,3395.0,3700.0,275.78999999999996,305.0,True
BOAS,2026-05-14,2026-05-22,8,6920.23,7555.0,8000.0,1079.7700000000004,445.0,False
CABC,2026-05-14,2026-05-22,8,4592.59,3500.0,3500.0,1092.5900000000001,0.0,False
CBIBF,2026-05-14,2026-05-22,8,15684.24,18700.0,20700.0,5015.76,2000.0,False
CFAC,2026-05-14,2026-05-22,8,1318.84,1480.0,1485.0,166.16000000000008,5.0,False
CIEC,2026-05-14,2026-05-22,8,2960.42,3300.0,3760.0,799.5799999999999,460.0,False
ECOC,2026-05-14,2026-05-22,8,16229.17,16300.0,16300.0,70.82999999999993,0.0,True
ETIT,2026-05-14,2026-05-22,8,25.99,30.0,29.0,3.0100000000000016,1.0,True
FTSC,2026-05-14,2026-05-22,8,2308.71,2250.0,2300.0,8.710000000000036,50.0,True
NEIC,2026-05-14,2026-05-22,8,1455.83,1990.0,1935.0,479.1700000000001,55.0,True
NSBC,2026-05-14,2026-05-22,8,14776.87,14100.0,18965.0,4188.129999999999,4865.0,True
NTLC,2026-05-14,2026-05-22,8,11770.13,11600.0,12490.0,719.8700000000008,890.0,True
ONTBF,2026-05-14,2026-05-22,8,2701.28,2750.0,2855.0,153.7199999999998,105.0,False
ORAC,2026-05-14,2026-05-22,8,15003.1,15000.0,15650.0,646.8999999999996,650.0,True
ORGT,2026-05-14,2026-05-22,8,2637.87,2575.0,2590.0,47.86999999999989,15.0,True
PALC,2026-05-14,2026-05-22,8,8001.11,7800.0,7700.0,301.1099999999997,100.0,False
SAFC,2026-05-14,2026-05-22,8,1784.05,3995.0,3790.0,2005.95,205.0,True
SDSC,2026-05-14,2026-05-22,8,1753.15,1785.0,1690.0,63.15000000000009,95.0,True
SEMC,2026-05-14,2026-05-22,8,1420.87,1580.0,1495.0,74.13000000000011,85.0,True
SGBC,2026-05-14,2026-05-22,8,34408.18,34995.0,36200.0,1791.8199999999997,1205.0,False
SHEC,2026-05-14,2026-05-22,8,1668.11,2000.0,1900.0,231.8900000000001,100.0,True
SIBC,2026-05-14,2026-05-22,8,6705.79,7300.0,7845.0,1139.21,545.0,False
SICC,2026-05-14,2026-05-22,8,4287.21,4380.0,4610.0,322.78999999999996,230.0,False
SLBC,2026-05-14,2026-05-22,8,37585.39,37995.0,37945.0,359.6100000000006,50.0,True
SMBC,2026-05-14,2026-05-22,8,12254.23,12295.0,12895.0,640.7700000000004,600.0,False
SNTS,2026-05-14,2026-05-22,8,28754.14,28950.0,28900.0,145.86000000000058,50.0,True
SOGC,2026-05-14,2026-05-22,8,7538.57,7450.0,7600.0,61.43000000000029,150.0,True
SPHC,2026-05-14,2026-05-22,8,6960.58,7000.0,6895.0,65.57999999999993,105.0,True
STAC,2026-05-14,2026-05-22,8,1933.59,2795.0,2840.0,906.4100000000001,45.0,False
TTLC,2026-05-14,2026-05-22,8,2945.01,2995.0,2880.0,65.01000000000022,115.0,True
TTLS,2026-05-14,2026-05-22,8,2866.23,3025.0,3240.0,373.77,215.0,False
UNLC,2026-05-14,2026-05-22,8,62981.37,60295.0,59900.0,3081.3700000000026,395.0,False
UNXC,2026-05-14,2026-05-22,8,1770.01,1840.0,1760.0,10.009999999999991,80.0,True
ABJC,2026-05-15,2026-05-22,7,2709.2,2850.0,2860.0,150.80000000000018,10.0,False
BICB,2026-05-15,2026-05-22,7,5061.33,5220.0,5225.0,163.67000000000007,5.0,False
BICC,2026-05-15,2026-05-22,7,25175.78,26400.0,27000.0,1824.2200000000012,600.0,False
BNBC,2026-05-15,2026-05-22,7,1597.98,1590.0,1525.0,72.98000000000002,65.0,False
BOAB,2026-05-15,2026-05-22,7,8532.52,9410.0,9420.0,887.4799999999996,10.0,False
BOABF,2026-05-15,2026-05-22,7,5319.02,5405.0,5415.0,95.97999999999956,10.0,False
BOAC,2026-05-15,2026-05-22,7,7968.3,8600.0,8880.0,911.6999999999998,280.0,False
BOAM,2026-05-15,2026-05-22,7,4547.24,4675.0,4940.0,392.7600000000002,265.0,False
BOAN,2026-05-15,2026-05-22,7,3406.5,3395.0,3700.0,293.5,305.0,True
BOAS,2026-05-15,2026-05-22,7,7012.71,7555.0,8000.0,987.29,445.0,False
CABC,2026-05-15,2026-05-22,7,4380.85,3500.0,3500.0,880.8500000000004,0.0,False
CBIBF,2026-05-15,2026-05-22,7,15988.51,18700.0,20700.0,4711.49,2000.0,False
CFAC,2026-05-15,2026-05-22,7,1361.09,1480.0,1485.0,123.91000000000008,5.0,False
CIEC,2026-05-15,2026-05-22,7,2990.78,3300.0,3760.0,769.2199999999998,460.0,False
ECOC,2026-05-15,2026-05-22,7,16232.28,16300.0,16300.0,67.71999999999935,0.0,True
ETIT,2026-05-15,2026-05-22,7,26.48,30.0,29.0,2.5199999999999996,1.0,True
FTSC,2026-05-15,2026-05-22,7,2299.23,2250.0,2300.0,0.7699999999999818,50.0,True
NEIC,2026-05-15,2026-05-22,7,1516.1,1990.0,1935.0,418.9000000000001,55.0,True
NSBC,2026-05-15,2026-05-22,7,14710.98,14100.0,18965.0,4254.02,4865.0,True
NTLC,2026-05-15,2026-05-22,7,11753.99,11600.0,12490.0,736.0100000000002,890.0,True
ONTBF,2026-05-15,2026-05-22,7,2721.25,2750.0,2855.0,133.75,105.0,False
ORAC,2026-05-15,2026-05-22,7,14998.22,15000.0,15650.0,651.7800000000007,650.0,False
ORGT,2026-05-15,2026-05-22,7,2603.51,2575.0,2590.0,13.510000000000218,15.0,True
PALC,2026-05-15,2026-05-22,7,7962.95,7800.0,7700.0,262.9499999999998,100.0,False
SAFC,2026-05-15,2026-05-22,7,1877.68,3995.0,3790.0,1912.32,205.0,True
SDSC,2026-05-15,2026-05-22,7,1761.42,1785.0,1690.0,71.42000000000007,95.0,True
SEMC,2026-05-15,2026-05-22,7,1451.62,1580.0,1495.0,43.38000000000011,85.0,True
SGBC,2026-05-15,2026-05-22,7,34520.33,34995.0,36200.0,1679.6699999999983,1205.0,False
SHEC,2026-05-15,2026-05-22,7,1709.57,2000.0,1900.0,190.43000000000006,100.0,True
SIBC,2026-05-15,2026-05-22,7,6781.5,7300.0,7845.0,1063.5,545.0,False
SICC,2026-05-15,2026-05-22,7,4293.73,4380.0,4610.0,316.27000000000044,230.0,False
SLBC,2026-05-15,2026-05-22,7,37741.72,37995.0,37945.0,203.27999999999884,50.0,True
SMBC,2026-05-15,2026-05-22,7,12237.07,12295.0,12895.0,657.9300000000003,600.0,False
SNTS,2026-05-15,2026-05-22,7,28782.62,28950.0,28900.0,117.38000000000102,50.0,True
SOGC,2026-05-15,2026-05-22,7,7535.09,7450.0,7600.0,64.90999999999985,150.0,True
SPHC,2026-05-15,2026-05-22,7,6964.49,7000.0,6895.0,69.48999999999978,105.0,True
STAC,2026-05-15,2026-05-22,7,2015.13,2795.0,2840.0,824.8699999999999,45.0,False
TTLC,2026-05-15,2026-05-22,7,2948.63,2995.0,2880.0,68.63000000000011,115.0,True
TTLS,2026-05-15,2026-05-22,7,2900.81,3025.0,3240.0,339.19000000000005,215.0,False
UNLC,2026-05-15,2026-05-22,7,63339.84,60295.0,59900.0,3439.8399999999965,395.0,False
UNXC,2026-05-15,2026-05-22,7,1782.51,1840.0,1760.0,22.50999999999999,80.0,True
ABJC,2026-05-16,2026-05-22,6,2709.38,2850.0,2860.0,150.6199999999999,10.0,False
BICB,2026-05-16,2026-05-22,6,5060.32,5200.0,5225.0,164.6800000000003,25.0,False
BICC,2026-05-16,2026-05-22,6,25220.44,26450.0,27000.0,1779.5600000000013,550.0,False
BNBC,2026-05-16,2026-05-22,6,1571.41,1545.0,1525.0,46.41000000000008,20.0,False
BOAB,2026-05-16,2026-05-22,6,8531.72,9400.0,9420.0,888.2800000000007,20.0,False
BOABF,2026-05-16,2026-05-22,6,5316.09,5400.0,5415.0,98.90999999999985,15.0,False
BOAC,2026-05-16,2026-05-22,6,7988.67,8630.0,8880.0,891.3299999999999,250.0,False
BOAM,2026-05-16,2026-05-22,6,4561.17,4690.0,4940.0,378.8299999999999,250.0,False
BOAN,2026-05-16,2026-05-22,6,3430.29,3445.0,3700.0,269.71000000000004,255.0,False
BOAS,2026-05-16,2026-05-22,6,7036.04,7595.0,8000.0,963.96,405.0,False
CABC,2026-05-16,2026-05-22,6,4365.92,3495.0,3500.0,865.9200000000001,5.0,True
CBIBF,2026-05-16,2026-05-22,6,16389.04,19905.0,20700.0,4310.959999999999,795.0,False
CFAC,2026-05-16,2026-05-22,6,1408.16,1555.0,1485.0,76.83999999999992,70.0,True
CIEC,2026-05-16,2026-05-22,6,2989.27,3290.0,3760.0,770.73,470.0,False
ECOC,2026-05-16,2026-05-22,6,16223.78,16300.0,16300.0,76.21999999999935,0.0,True
ETIT,2026-05-16,2026-05-22,6,26.07,29.0,29.0,2.9299999999999997,0.0,True
FTSC,2026-05-16,2026-05-22,6,2299.64,2250.0,2300.0,0.36000000000012733,50.0,True
NEIC,2026-05-16,2026-05-22,6,1488.87,1920.0,1935.0,446.1300000000001,15.0,False
NSBC,2026-05-16,2026-05-22,6,15464.15,15000.0,18965.0,3500.8500000000004,3965.0,True
NTLC,2026-05-16,2026-05-22,6,11799.83,11750.0,12490.0,690.1700000000001,740.0,True
ONTBF,2026-05-16,2026-05-22,6,2753.37,2795.0,2855.0,101.63000000000011,60.0,False
ORAC,2026-05-16,2026-05-22,6,15050.85,15150.0,15650.0,599.1499999999996,500.0,False
ORGT,2026-05-16,2026-05-22,6,2521.71,2435.0,2590.0,68.28999999999996,155.0,True
PALC,2026-05-16,2026-05-22,6,7900.47,7700.0,7700.0,200.47000000000025,0.0,False
SAFC,2026-05-16,2026-05-22,6,1830.08,3990.0,3790.0,1959.92,200.0,True
SDSC,2026-05-16,2026-05-22,6,1739.43,1750.0,1690.0,49.430000000000064,60.0,True
SEMC,2026-05-16,2026-05-22,6,1438.63,1505.0,1495.0,56.36999999999989,10.0,True
SGBC,2026-05-16,2026-05-22,6,34857.29,35985.0,36200.0,1342.7099999999991,215.0,False
SHEC,2026-05-16,2026-05-22,6,1701.49,1980.0,1900.0,198.51,80.0,True
SIBC,2026-05-16,2026-05-22,6,6895.48,7500.0,7845.0,949.5200000000004,345.0,False
SICC,2026-05-16,2026-05-22,6,4228.5,4305.0,4610.0,381.5,305.0,False
SLBC,2026-05-16,2026-05-22,6,37733.72,37900.0,37945.0,211.27999999999884,45.0,False
SMBC,2026-05-16,2026-05-22,6,12516.06,12895.0,12895.0,378.9400000000005,0.0,True
SNTS,2026-05-16,2026-05-22,6,28770.72,28900.0,28900.0,129.27999999999884,0.0,True
SOGC,2026-05-16,2026-05-22,6,7559.42,7485.0,7600.0,40.57999999999993,115.0,True
SPHC,2026-05-16,2026-05-22,6,6956.12,6985.0,6895.0,61.11999999999989,90.0,True
STAC,2026-05-16,2026-05-22,6,1890.24,2660.0,2840.0,949.76,180.0,False
TTLC,2026-05-16,2026-05-22,6,2888.85,2910.0,2880.0,8.849999999999909,30.0,True
TTLS,2026-05-16,2026-05-22,6,2903.6,3005.0,3240.0,336.4000000000001,235.0,False
UNLC,2026-05-16,2026-05-22,6,63669.99,59950.0,59900.0,3769.989999999998,50.0,False
UNXC,2026-05-16,2026-05-22,6,1782.24,1835.0,1760.0,22.24000000000001,75.0,True
ABJC,2026-05-17,2026-05-22,5,2708.3,2850.0,2860.0,151.69999999999982,10.0,False
BICB,2026-05-17,2026-05-22,5,5059.41,5200.0,5225.0,165.59000000000015,25.0,False
BICC,2026-05-17,2026-05-22,5,25245.6,26450.0,27000.0,1754.4000000000015,550.0,False
BNBC,2026-05-17,2026-05-22,5,1562.34,1545.0,1525.0,37.33999999999992,20.0,False
BOAB,2026-05-17,2026-05-22,5,8532.23,9400.0,9420.0,887.7700000000004,20.0,False
BOABF,2026-05-17,2026-05-22,5,5315.06,5400.0,5415.0,99.9399999999996,15.0,False
BOAC,2026-05-17,2026-05-22,5,7995.26,8630.0,8880.0,884.7399999999998,250.0,False
BOAM,2026-05-17,2026-05-22,5,4556.51,4690.0,4940.0,383.4899999999998,250.0,False
BOAN,2026-05-17,2026-05-22,5,3446.11,3445.0,3700.0,253.88999999999987,255.0,True
BOAS,2026-05-17,2026-05-22,5,7042.83,7595.0,8000.0,957.1700000000001,405.0,False
CABC,2026-05-17,2026-05-22,5,4358.23,3495.0,3500.0,858.2299999999996,5.0,True
CBIBF,2026-05-17,2026-05-22,5,16488.87,19905.0,20700.0,4211.130000000001,795.0,False
CFAC,2026-05-17,2026-05-22,5,1430.15,1555.0,1485.0,54.84999999999991,70.0,True
CIEC,2026-05-17,2026-05-22,5,2990.44,3290.0,3760.0,769.56,470.0,False
ECOC,2026-05-17,2026-05-22,5,16217.32,16300.0,16300.0,82.68000000000029,0.0,True
ETIT,2026-05-17,2026-05-22,5,25.89,29.0,29.0,3.1099999999999994,0.0,True
FTSC,2026-05-17,2026-05-22,5,2300.36,2250.0,2300.0,0.36000000000012733,50.0,True
NEIC,2026-05-17,2026-05-22,5,1486.47,1920.0,1935.0,448.53,15.0,False
NSBC,2026-05-17,2026-05-22,5,15675.19,15000.0,18965.0,3289.8099999999995,3965.0,True
NTLC,2026-05-17,2026-05-22,5,11835.36,11750.0,12490.0,654.6399999999994,740.0,True
ONTBF,2026-05-17,2026-05-22,5,2766.39,2795.0,2855.0,88.61000000000013,60.0,False
ORAC,2026-05-17,2026-05-22,5,15087.36,15150.0,15650.0,562.6399999999994,500.0,False
ORGT,2026-05-17,2026-05-22,5,2476.26,2435.0,2590.0,113.73999999999978,155.0,True
PALC,2026-05-17,2026-05-22,5,7869.63,7700.0,7700.0,169.6300000000001,0.0,False
SAFC,2026-05-17,2026-05-22,5,1885.88,3990.0,3790.0,1904.12,200.0,True
SDSC,2026-05-17,2026-05-22,5,1736.71,1750.0,1690.0,46.710000000000036,60.0,True
SEMC,2026-05-17,2026-05-22,5,1427.26,1505.0,1495.0,67.74000000000001,10.0,True
SGBC,2026-05-17,2026-05-22,5,35087.39,35985.0,36200.0,1112.6100000000006,215.0,False
SHEC,2026-05-17,2026-05-22,5,1700.48,1980.0,1900.0,199.51999999999998,80.0,True
SIBC,2026-05-17,2026-05-22,5,6908.43,7500.0,7845.0,936.5699999999997,345.0,False
SICC,2026-05-17,2026-05-22,5,4202.48,4305.0,4610.0,407.52000000000044,305.0,False
SLBC,2026-05-17,2026-05-22,5,37713.03,37900.0,37945.0,231.97000000000116,45.0,False
SMBC,2026-05-17,2026-05-22,5,12668.12,12895.0,12895.0,226.8799999999992,0.0,True
SNTS,2026-05-17,2026-05-22,5,28762.06,28900.0,28900.0,137.9399999999987,0.0,True
SOGC,2026-05-17,2026-05-22,5,7570.07,7485.0,7600.0,29.93000000000029,115.0,True
SPHC,2026-05-17,2026-05-22,5,6951.54,6985.0,6895.0,56.539999999999964,90.0,True
STAC,2026-05-17,2026-05-22,5,1901.45,2660.0,2840.0,938.55,180.0,False
TTLC,2026-05-17,2026-05-22,5,2885.88,2910.0,2880.0,5.880000000000109,30.0,True
TTLS,2026-05-17,2026-05-22,5,2905.47,3005.0,3240.0,334.5300000000002,235.0,False
UNLC,2026-05-17,2026-05-22,5,63751.77,59950.0,59900.0,3851.769999999997,50.0,False
UNXC,2026-05-17,2026-05-22,5,1781.86,1835.0,1760.0,21.8599999999999,75.0,True
ABJC,2026-05-18,2026-05-22,4,2730.7,2850.0,2860.0,129.30000000000018,10.0,False
BICB,2026-05-18,2026-05-22,4,5071.45,5200.0,5225.0,153.55000000000018,25.0,False
BICC,2026-05-18,2026-05-22,4,25432.52,26450.0,27000.0,1567.4799999999996,550.0,False
BNBC,2026-05-18,2026-05-22,4,1559.11,1545.0,1525.0,34.1099999999999,20.0,False
BOAB,2026-05-18,2026-05-22,4,8645.7,9400.0,9420.0,774.2999999999993,20.0,False
BOABF,2026-05-18,2026-05-22,4,5328.55,5400.0,5415.0,86.44999999999982,15.0,False
BOAC,2026-05-18,2026-05-22,4,8104.67,8630.0,8880.0,775.3299999999999,250.0,False
BOAM,2026-05-18,2026-05-22,4,4581.48,4690.0,4940.0,358.52000000000044,250.0,False
BOAN,2026-05-18,2026-05-22,4,3451.44,3445.0,3700.0,248.55999999999995,255.0,True
BOAS,2026-05-18,2026-05-22,4,7133.33,7595.0,8000.0,866.6700000000001,405.0,False
CABC,2026-05-18,2026-05-22,4,4139.9,3495.0,3500.0,639.8999999999996,5.0,True
CBIBF,2026-05-18,2026-05-22,4,16890.24,19905.0,20700.0,3809.7599999999984,795.0,False
CFAC,2026-05-18,2026-05-22,4,1457.39,1555.0,1485.0,27.6099999999999,70.0,True
CIEC,2026-05-18,2026-05-22,4,3025.83,3290.0,3760.0,734.1700000000001,470.0,False
ECOC,2026-05-18,2026-05-22,4,16226.91,16300.0,16300.0,73.09000000000015,0.0,True
ETIT,2026-05-18,2026-05-22,4,26.33,29.0,29.0,2.6700000000000017,0.0,True
FTSC,2026-05-18,2026-05-22,4,2290.94,2250.0,2300.0,9.059999999999945,50.0,True
NEIC,2026-05-18,2026-05-22,4,1549.37,1920.0,1935.0,385.6300000000001,15.0,False
NSBC,2026-05-18,2026-05-22,4,15584.65,15000.0,18965.0,3380.3500000000004,3965.0,True
NTLC,2026-05-18,2026-05-22,4,11838.49,11750.0,12490.0,651.5100000000002,740.0,True
ONTBF,2026-05-18,2026-05-22,4,2774.4,2795.0,2855.0,80.59999999999991,60.0,False
ORAC,2026-05-18,2026-05-22,4,15111.73,15150.0,15650.0,538.2700000000004,500.0,False
ORGT,2026-05-18,2026-05-22,4,2454.65,2435.0,2590.0,135.3499999999999,155.0,True
PALC,2026-05-18,2026-05-22,4,7831.1,7700.0,7700.0,131.10000000000036,0.0,False
SAFC,2026-05-18,2026-05-22,4,2237.27,3990.0,3790.0,1552.73,200.0,True
SDSC,2026-05-18,2026-05-22,4,1738.9,1750.0,1690.0,48.90000000000009,60.0,True
SEMC,2026-05-18,2026-05-22,4,1433.63,1505.0,1495.0,61.36999999999989,10.0,True
SGBC,2026-05-18,2026-05-22,4,35290.3,35985.0,36200.0,909.6999999999971,215.0,False
SHEC,2026-05-18,2026-05-22,4,1741.6,1980.0,1900.0,158.4000000000001,80.0,True
SIBC,2026-05-18,2026-05-22,4,7002.17,7500.0,7845.0,842.8299999999999,345.0,False
SICC,2026-05-18,2026-05-22,4,4219.86,4305.0,4610.0,390.1400000000003,305.0,False
SLBC,2026-05-18,2026-05-22,4,37736.8,37900.0,37945.0,208.1999999999971,45.0,False
SMBC,2026-05-18,2026-05-22,4,12750.49,12895.0,12895.0,144.51000000000022,0.0,True
SNTS,2026-05-18,2026-05-22,4,28778.8,28900.0,28900.0,121.20000000000073,0.0,True
SOGC,2026-05-18,2026-05-22,4,7558.4,7485.0,7600.0,41.600000000000364,115.0,True
SPHC,2026-05-18,2026-05-22,4,6955.63,6985.0,6895.0,60.63000000000011,90.0,True
STAC,2026-05-18,2026-05-22,4,2052.75,2660.0,2840.0,787.25,180.0,False
TTLC,2026-05-18,2026-05-22,4,2892.1,2910.0,2880.0,12.099999999999909,30.0,True
TTLS,2026-05-18,2026-05-22,4,2920.46,3005.0,3240.0,319.53999999999996,235.0,False
UNLC,2026-05-18,2026-05-22,4,63083.77,59950.0,59900.0,3183.769999999997,50.0,False
UNXC,2026-05-18,2026-05-22,4,1790.33,1835.0,1760.0,30.329999999999927,75.0,True
ABJC,2026-05-19,2026-05-22,3,2752.26,2845.0,2860.0,107.73999999999978,15.0,False
BICB,2026-05-19,2026-05-22,3,5070.59,5105.0,5225.0,154.40999999999985,120.0,False
BICC,2026-05-19,2026-05-22,3,25626.0,26450.0,27000.0,1374.0,550.0,False
BNBC,2026-05-19,2026-05-22,3,1557.04,1545.0,1525.0,32.039999999999964,20.0,False
BOAB,2026-05-19,2026-05-22,3,8772.08,9400.0,9420.0,647.9200000000001,20.0,False
BOABF,2026-05-19,2026-05-22,3,5343.01,5400.0,5415.0,71.98999999999978,15.0,False
BOAC,2026-05-19,2026-05-22,3,8235.92,8655.0,8880.0,644.0799999999999,225.0,False
BOAM,2026-05-19,2026-05-22,3,4608.34,4690.0,4940.0,331.65999999999985,250.0,False
BOAN,2026-05-19,2026-05-22,3,3477.35,3490.0,3700.0,222.6500000000001,210.0,False
BOAS,2026-05-19,2026-05-22,3,7290.61,7700.0,8000.0,709.3900000000003,300.0,False
CABC,2026-05-19,2026-05-22,3,3915.31,3470.0,3500.0,415.30999999999995,30.0,True
CBIBF,2026-05-19,2026-05-22,3,17504.37,20500.0,20700.0,3195.630000000001,200.0,False
CFAC,2026-05-19,2026-05-22,3,1450.98,1500.0,1485.0,34.01999999999998,15.0,True
CIEC,2026-05-19,2026-05-22,3,3084.86,3330.0,3760.0,675.1399999999999,430.0,False
ECOC,2026-05-19,2026-05-22,3,16238.41,16300.0,16300.0,61.590000000000146,0.0,True
ETIT,2026-05-19,2026-05-22,3,27.35,30.0,29.0,1.6499999999999986,1.0,True
FTSC,2026-05-19,2026-05-22,3,2381.56,2360.0,2300.0,81.55999999999995,60.0,False
NEIC,2026-05-19,2026-05-22,3,1631.52,1940.0,1935.0,303.48,5.0,True
NSBC,2026-05-19,2026-05-22,3,15969.34,15650.0,18965.0,2995.66,3315.0,True
NTLC,2026-05-19,2026-05-22,3,11888.8,11950.0,12490.0,601.2000000000007,540.0,False
ONTBF,2026-05-19,2026-05-22,3,2782.36,2800.0,2855.0,72.63999999999987,55.0,False
ORAC,2026-05-19,2026-05-22,3,15299.53,15600.0,15650.0,350.46999999999935,50.0,False
ORGT,2026-05-19,2026-05-22,3,2471.98,2495.0,2590.0,118.01999999999998,95.0,False
PALC,2026-05-19,2026-05-22,3,7800.39,7700.0,7700.0,100.39000000000033,0.0,False
SAFC,2026-05-19,2026-05-22,3,2673.91,4000.0,3790.0,1116.0900000000001,210.0,True
SDSC,2026-05-19,2026-05-22,3,1701.09,1695.0,1690.0,11.089999999999918,5.0,False
SEMC,2026-05-19,2026-05-22,3,1441.41,1500.0,1495.0,53.58999999999992,5.0,True
SGBC,2026-05-19,2026-05-22,3,35454.04,36000.0,36200.0,745.9599999999991,200.0,False
SHEC,2026-05-19,2026-05-22,3,1785.94,1975.0,1900.0,114.05999999999995,75.0,True
SIBC,2026-05-19,2026-05-22,3,7108.1,7500.0,7845.0,736.8999999999996,345.0,False
SICC,2026-05-19,2026-05-22,3,4301.47,4380.0,4610.0,308.52999999999975,230.0,False
SLBC,2026-05-19,2026-05-22,3,37769.5,37900.0,37945.0,175.5,45.0,False
SMBC,2026-05-19,2026-05-22,3,12749.21,12800.0,12895.0,145.79000000000087,95.0,False
SNTS,2026-05-19,2026-05-22,3,28763.92,28800.0,28900.0,136.08000000000175,100.0,False
SOGC,2026-05-19,2026-05-22,3,7490.39,7390.0,7600.0,109.60999999999967,210.0,True
SPHC,2026-05-19,2026-05-22,3,6914.82,6890.0,6895.0,19.81999999999971,5.0,True
STAC,2026-05-19,2026-05-22,3,2227.73,2680.0,2840.0,612.27,160.0,False
TTLC,2026-05-19,2026-05-22,3,2891.33,2905.0,2880.0,11.329999999999927,25.0,True
TTLS,2026-05-19,2026-05-22,3,2929.82,2990.0,3240.0,310.17999999999984,250.0,False
UNLC,2026-05-19,2026-05-22,3,60445.06,56000.0,59900.0,545.0599999999977,3900.0,True
UNXC,2026-05-19,2026-05-22,3,1796.82,1830.0,1760.0,36.819999999999936,70.0,True
ABJC,2026-05-20,2026-05-22,2,2779.34,2855.0,2860.0,80.65999999999985,5.0,False
BICB,2026-05-20,2026-05-22,2,5088.77,5155.0,5225.0,136.22999999999956,70.0,False
BICC,2026-05-20,2026-05-22,2,25828.17,27000.0,27000.0,1171.8300000000017,0.0,True
BNBC,2026-05-20,2026-05-22,2,1522.02,1550.0,1525.0,2.980000000000018,25.0,True
BOAB,2026-05-20,2026-05-22,2,8923.75,9410.0,9420.0,496.25,10.0,False
BOABF,2026-05-20,2026-05-22,2,5358.71,5405.0,5415.0,56.289999999999964,10.0,False
BOAC,2026-05-20,2026-05-22,2,8457.01,9000.0,8880.0,422.9899999999998,120.0,True
BOAM,2026-05-20,2026-05-22,2,4894.13,4900.0,4940.0,45.86999999999989,40.0,False
BOAN,2026-05-20,2026-05-22,2,3478.45,3550.0,3700.0,221.55000000000018,150.0,False
BOAS,2026-05-20,2026-05-22,2,7544.37,8000.0,8000.0,455.6300000000001,0.0,True
CABC,2026-05-20,2026-05-22,2,3665.84,3500.0,3500.0,165.84000000000015,0.0,False
CBIBF,2026-05-20,2026-05-22,2,18119.67,20480.0,20700.0,2580.3300000000017,220.0,False
CFAC,2026-05-20,2026-05-22,2,1455.77,1490.0,1485.0,29.230000000000018,5.0,True
CIEC,2026-05-20,2026-05-22,2,3162.9,3500.0,3760.0,597.0999999999999,260.0,False
ECOC,2026-05-20,2026-05-22,2,16251.48,16300.0,16300.0,48.52000000000044,0.0,True
ETIT,2026-05-20,2026-05-22,2,28.19,30.0,29.0,0.8099999999999987,1.0,True
FTSC,2026-05-20,2026-05-22,2,2276.7,2300.0,2300.0,23.300000000000182,0.0,True
NEIC,2026-05-20,2026-05-22,2,1718.96,1920.0,1935.0,216.03999999999996,15.0,False
NSBC,2026-05-20,2026-05-22,2,16764.71,17700.0,18965.0,2200.290000000001,1265.0,False
NTLC,2026-05-20,2026-05-22,2,11881.47,11700.0,12490.0,608.5300000000007,790.0,True
ONTBF,2026-05-20,2026-05-22,2,2821.15,2855.0,2855.0,33.84999999999991,0.0,True
ORAC,2026-05-20,2026-05-22,2,15443.41,16000.0,15650.0,206.59000000000015,350.0,True
ORGT,2026-05-20,2026-05-22,2,2485.36,2500.0,2590.0,104.63999999999987,90.0,False
PALC,2026-05-20,2026-05-22,2,7766.28,7685.0,7700.0,66.27999999999975,15.0,True
SAFC,2026-05-20,2026-05-22,2,3158.68,3895.0,3790.0,631.3200000000002,105.0,True
SDSC,2026-05-20,2026-05-22,2,1706.72,1725.0,1690.0,16.720000000000027,35.0,True
SEMC,2026-05-20,2026-05-22,2,1437.32,1495.0,1495.0,57.680000000000064,0.0,True
SGBC,2026-05-20,2026-05-22,2,35586.66,36100.0,36200.0,613.3399999999965,100.0,False
SHEC,2026-05-20,2026-05-22,2,1838.55,1945.0,1900.0,61.450000000000045,45.0,True
SIBC,2026-05-20,2026-05-22,2,7230.04,7800.0,7845.0,614.96,45.0,False
SICC,2026-05-20,2026-05-22,2,4397.26,4650.0,4610.0,212.73999999999978,40.0,True
SLBC,2026-05-20,2026-05-22,2,37586.21,37800.0,37945.0,358.7900000000009,145.0,False
SMBC,2026-05-20,2026-05-22,2,12652.83,12300.0,12895.0,242.17000000000007,595.0,True
SNTS,2026-05-20,2026-05-22,2,28777.18,29000.0,28900.0,122.81999999999971,100.0,True
SOGC,2026-05-20,2026-05-22,2,7485.2,7400.0,7600.0,114.80000000000018,200.0,True
SPHC,2026-05-20,2026-05-22,2,6874.95,6900.0,6895.0,20.050000000000182,5.0,True
STAC,2026-05-20,2026-05-22,2,2523.53,2980.0,2840.0,316.4699999999998,140.0,True
TTLC,2026-05-20,2026-05-22,2,2890.4,2825.0,2880.0,10.400000000000091,55.0,True
TTLS,2026-05-20,2026-05-22,2,2956.45,3050.0,3240.0,283.5500000000002,190.0,False
UNLC,2026-05-20,2026-05-22,2,58703.95,57900.0,59900.0,1196.050000000003,2000.0,True
UNXC,2026-05-20,2026-05-22,2,1788.29,1785.0,1760.0,28.289999999999964,25.0,False
ABJC,2026-05-21,2026-05-22,1,2815.69,2855.0,2860.0,44.309999999999945,5.0,False
BICB,2026-05-21,2026-05-22,1,5091.22,5195.0,5225.0,133.77999999999975,30.0,False
BICC,2026-05-21,2026-05-22,1,26372.94,27000.0,27000.0,627.0600000000013,0.0,True
BNBC,2026-05-21,2026-05-22,1,1555.2,1550.0,1525.0,30.200000000000045,25.0,False
BOAB,2026-05-21,2026-05-22,1,9097.78,9405.0,9420.0,322.21999999999935,15.0,False
BOABF,2026-05-21,2026-05-22,1,5385.47,5415.0,5415.0,29.529999999999745,0.0,True
BOAC,2026-05-21,2026-05-22,1,8665.61,8800.0,8880.0,214.38999999999942,80.0,False
BOAM,2026-05-21,2026-05-22,1,4856.22,4900.0,4940.0,83.77999999999975,40.0,False
BOAN,2026-05-21,2026-05-22,1,3602.46,3690.0,3700.0,97.53999999999996,10.0,False
BOAS,2026-05-21,2026-05-22,1,7823.1,8050.0,8000.0,176.89999999999964,50.0,True
CABC,2026-05-21,2026-05-22,1,3554.23,3405.0,3500.0,54.23000000000002,95.0,True
CBIBF,2026-05-21,2026-05-22,1,19122.88,20500.0,20700.0,1577.119999999999,200.0,False
CFAC,2026-05-21,2026-05-22,1,1455.1,1480.0,1485.0,29.90000000000009,5.0,False
CIEC,2026-05-21,2026-05-22,1,3353.53,3500.0,3760.0,406.4699999999998,260.0,False
ECOC,2026-05-21,2026-05-22,1,16263.9,16300.0,16300.0,36.100000000000364,0.0,True
ETIT,2026-05-21,2026-05-22,1,28.8,30.0,29.0,0.1999999999999993,1.0,True
FTSC,2026-05-21,2026-05-22,1,2308.44,2300.0,2300.0,8.440000000000055,0.0,False
NEIC,2026-05-21,2026-05-22,1,1776.88,1900.0,1935.0,158.1199999999999,35.0,False
NSBC,2026-05-21,2026-05-22,1,17940.85,17900.0,18965.0,1024.1500000000015,1065.0,True
NTLC,2026-05-21,2026-05-22,1,11857.34,11850.0,12490.0,632.6599999999999,640.0,True
ONTBF,2026-05-21,2026-05-22,1,2839.18,2855.0,2855.0,15.820000000000164,0.0,True
ORAC,2026-05-21,2026-05-22,1,15568.54,15505.0,15650.0,81.45999999999913,145.0,True
ORGT,2026-05-21,2026-05-22,1,2491.71,2500.0,2590.0,98.28999999999996,90.0,False
PALC,2026-05-21,2026-05-22,1,7738.13,7690.0,7700.0,38.13000000000011,10.0,True
SAFC,2026-05-21,2026-05-22,1,3388.81,3800.0,3790.0,401.19000000000005,10.0,True
SDSC,2026-05-21,2026-05-22,1,1662.62,1650.0,1690.0,27.38000000000011,40.0,True
SEMC,2026-05-21,2026-05-22,1,1453.93,1480.0,1495.0,41.069999999999936,15.0,False
SGBC,2026-05-21,2026-05-22,1,35773.26,36200.0,36200.0,426.73999999999796,0.0,True
SHEC,2026-05-21,2026-05-22,1,1868.73,1945.0,1900.0,31.269999999999982,45.0,True
SIBC,2026-05-21,2026-05-22,1,7622.61,7795.0,7845.0,222.39000000000033,50.0,False
SICC,2026-05-21,2026-05-22,1,4608.73,4620.0,4610.0,1.2700000000004366,10.0,True
SLBC,2026-05-21,2026-05-22,1,37754.63,37800.0,37945.0,190.37000000000262,145.0,False
SMBC,2026-05-21,2026-05-22,1,12478.74,12500.0,12895.0,416.2600000000002,395.0,False
SNTS,2026-05-21,2026-05-22,1,28832.08,28850.0,28900.0,67.91999999999825,50.0,False
SOGC,2026-05-21,2026-05-22,1,7322.29,7200.0,7600.0,277.71000000000004,400.0,True
SPHC,2026-05-21,2026-05-22,1,6874.34,6850.0,6895.0,20.659999999999854,45.0,True
STAC,2026-05-21,2026-05-22,1,2842.14,2980.0,2840.0,2.1399999999998727,140.0,True
TTLC,2026-05-21,2026-05-22,1,2886.32,2900.0,2880.0,6.320000000000164,20.0,True
TTLS,2026-05-21,2026-05-22,1,2999.98,3050.0,3240.0,240.01999999999998,190.0,False
UNLC,2026-05-21,2026-05-22,1,59086.43,58000.0,59900.0,813.5699999999997,1900.0,True
UNXC,2026-05-21,2026-05-22,1,1770.09,1760.0,1760.0,10.089999999999918,0.0,False
ABJC,2026-05-08,2026-05-25,17,2714.0,3020.0,2875.0,161.0,145.0,True
BICB,2026-05-08,2026-05-25,17,5010.97,5120.0,5225.0,214.02999999999975,105.0,False
BICC,2026-05-08,2026-05-25,17,23510.65,25200.0,27000.0,3489.3499999999985,1800.0,False
BNBC,2026-05-08,2026-05-25,17,1396.19,1335.0,1500.0,103.80999999999995,165.0,True
BOAB,2026-05-08,2026-05-25,17,7973.97,9300.0,8950.0,976.0299999999997,350.0,True
BOABF,2026-05-08,2026-05-25,17,5267.85,5400.0,5440.0,172.14999999999964,40.0,False
BOAC,2026-05-08,2026-05-25,17,7555.04,8650.0,8870.0,1314.96,220.0,False
BOAM,2026-05-08,2026-05-25,17,4454.46,4690.0,4990.0,535.54,300.0,False
BOAN,2026-05-08,2026-05-25,17,3520.06,3500.0,3730.0,209.94000000000005,230.0,True
BOAS,2026-05-08,2026-05-25,17,6466.58,7265.0,7990.0,1523.42,725.0,False
CABC,2026-05-08,2026-05-25,17,5920.51,3400.0,3585.0,2335.51,185.0,True
CBIBF,2026-05-08,2026-05-25,17,14464.99,16600.0,20700.0,6235.01,4100.0,False
CFAC,2026-05-08,2026-05-25,17,1222.36,1400.0,1485.0,262.6400000000001,85.0,False
CIEC,2026-05-08,2026-05-25,17,2850.1,3345.0,4040.0,1189.9,695.0,False
ECOC,2026-05-08,2026-05-25,17,16044.65,16300.0,16300.0,255.35000000000036,0.0,True
ETIT,2026-05-08,2026-05-25,17,24.23,30.0,30.0,5.77,0.0,True
FTSC,2026-05-08,2026-05-25,17,2299.32,2200.0,2280.0,19.320000000000164,80.0,True
NEIC,2026-05-08,2026-05-25,17,1223.2,1745.0,1990.0,766.8,245.0,False
NSBC,2026-05-08,2026-05-25,17,15280.75,14000.0,18000.0,2719.25,4000.0,True
NTLC,2026-05-08,2026-05-25,17,12127.6,11700.0,13005.0,877.3999999999996,1305.0,True
ONTBF,2026-05-08,2026-05-25,17,2708.93,2775.0,2850.0,141.07000000000016,75.0,False
ORAC,2026-05-08,2026-05-25,17,15031.67,14900.0,15550.0,518.3299999999999,650.0,True
ORGT,2026-05-08,2026-05-25,17,2906.7,2755.0,2700.0,206.69999999999982,55.0,False
PALC,2026-05-08,2026-05-25,17,8059.13,7900.0,7680.0,379.1300000000001,220.0,False
SAFC,2026-05-08,2026-05-25,17,1378.04,3500.0,3700.0,2321.96,200.0,False
SDSC,2026-05-08,2026-05-25,17,1745.87,1800.0,1700.0,45.86999999999989,100.0,True
SEMC,2026-05-08,2026-05-25,17,1342.81,1525.0,1485.0,142.19000000000005,40.0,True
SGBC,2026-05-08,2026-05-25,17,33331.7,33800.0,36000.0,2668.300000000003,2200.0,False
SHEC,2026-05-08,2026-05-25,17,1520.79,1895.0,1935.0,414.21000000000004,40.0,False
SIBC,2026-05-08,2026-05-25,17,6375.11,7150.0,8160.0,1784.8900000000003,1010.0,False
SICC,2026-05-08,2026-05-25,17,4126.78,4300.0,4400.0,273.22000000000025,100.0,False
SLBC,2026-05-08,2026-05-25,17,37152.73,37500.0,37945.0,792.2699999999968,445.0,False
SMBC,2026-05-08,2026-05-25,17,11623.66,11900.0,12895.0,1271.3400000000001,995.0,False
SNTS,2026-05-08,2026-05-25,17,28598.07,28900.0,28500.0,98.06999999999971,400.0,True
SOGC,2026-05-08,2026-05-25,17,7606.75,7400.0,7390.0,216.75,10.0,False
SPHC,2026-05-08,2026-05-25,17,6974.13,7100.0,6945.0,29.13000000000011,155.0,True
STAC,2026-05-08,2026-05-25,17,1631.87,2845.0,2900.0,1268.13,55.0,False
TTLC,2026-05-08,2026-05-25,17,2697.06,2720.0,2875.0,177.94000000000005,155.0,False
TTLS,2026-05-08,2026-05-25,17,2868.74,3000.0,3195.0,326.2600000000002,195.0,False
UNLC,2026-05-08,2026-05-25,17,65934.44,59000.0,59000.0,6934.440000000002,0.0,False
UNXC,2026-05-08,2026-05-25,17,1751.21,1815.0,1795.0,43.789999999999964,20.0,True
ABJC,2026-05-09,2026-05-25,16,2689.71,2975.0,2875.0,185.28999999999996,100.0,True
BICB,2026-05-09,2026-05-25,16,5012.7,5225.0,5225.0,212.30000000000018,0.0,True
BICC,2026-05-09,2026-05-25,16,23829.21,26000.0,27000.0,3170.790000000001,1000.0,False
BNBC,2026-05-09,2026-05-25,16,1372.29,1300.0,1500.0,127.71000000000004,200.0,True
BOAB,2026-05-09,2026-05-25,16,8010.96,9400.0,8950.0,939.04,450.0,True
BOABF,2026-05-09,2026-05-25,16,5261.86,5400.0,5440.0,178.14000000000033,40.0,False
BOAC,2026-05-09,2026-05-25,16,7571.51,8705.0,8870.0,1298.4899999999998,165.0,False
BOAM,2026-05-09,2026-05-25,16,4459.74,4700.0,4990.0,530.2600000000002,290.0,False
BOAN,2026-05-09,2026-05-25,16,3505.22,3485.0,3730.0,224.7800000000002,245.0,True
BOAS,2026-05-09,2026-05-25,16,6524.93,7390.0,7990.0,1465.0699999999997,600.0,False
CABC,2026-05-09,2026-05-25,16,6286.9,3500.0,3585.0,2701.8999999999996,85.0,True
CBIBF,2026-05-09,2026-05-25,16,14523.44,16800.0,20700.0,6176.5599999999995,3900.0,False
CFAC,2026-05-09,2026-05-25,16,1218.08,1385.0,1485.0,266.9200000000001,100.0,False
CIEC,2026-05-09,2026-05-25,16,2852.97,3330.0,4040.0,1187.0300000000002,710.0,False
ECOC,2026-05-09,2026-05-25,16,16254.35,16800.0,16300.0,45.649999999999636,500.0,True
ETIT,2026-05-09,2026-05-25,16,24.35,30.0,30.0,5.649999999999999,0.0,True
FTSC,2026-05-09,2026-05-25,16,2317.21,2220.0,2280.0,37.210000000000036,60.0,True
NEIC,2026-05-09,2026-05-25,16,1225.86,1745.0,1990.0,764.1400000000001,245.0,False
NSBC,2026-05-09,2026-05-25,16,15289.93,14010.0,18000.0,2710.0699999999997,3990.0,True
NTLC,2026-05-09,2026-05-25,16,12057.96,11650.0,13005.0,947.0400000000009,1355.0,True
ONTBF,2026-05-09,2026-05-25,16,2716.08,2760.0,2850.0,133.92000000000007,90.0,False
ORAC,2026-05-09,2026-05-25,16,14972.26,14920.0,15550.0,577.7399999999998,630.0,True
ORGT,2026-05-09,2026-05-25,16,2741.93,2550.0,2700.0,41.929999999999836,150.0,True
PALC,2026-05-09,2026-05-25,16,8105.01,7800.0,7680.0,425.0100000000002,120.0,False
SAFC,2026-05-09,2026-05-25,16,1374.92,3500.0,3700.0,2325.08,200.0,False
SDSC,2026-05-09,2026-05-25,16,1722.29,1745.0,1700.0,22.289999999999964,45.0,True
SEMC,2026-05-09,2026-05-25,16,1348.31,1525.0,1485.0,136.69000000000005,40.0,True
SGBC,2026-05-09,2026-05-25,16,33585.0,34500.0,36000.0,2415.0,1500.0,False
SHEC,2026-05-09,2026-05-25,16,1537.62,1945.0,1935.0,397.3800000000001,10.0,True
SIBC,2026-05-09,2026-05-25,16,6358.41,7095.0,8160.0,1801.5900000000001,1065.0,False
SICC,2026-05-09,2026-05-25,16,4124.5,4290.0,4400.0,275.5,110.0,False
SLBC,2026-05-09,2026-05-25,16,37144.92,37500.0,37945.0,800.0800000000017,445.0,False
SMBC,2026-05-09,2026-05-25,16,11764.97,11995.0,12895.0,1130.0300000000007,900.0,False
SNTS,2026-05-09,2026-05-25,16,28611.24,28900.0,28500.0,111.2400000000016,400.0,True
SOGC,2026-05-09,2026-05-25,16,7582.88,7390.0,7390.0,192.8800000000001,0.0,False
SPHC,2026-05-09,2026-05-25,16,6978.0,7050.0,6945.0,33.0,105.0,True
STAC,2026-05-09,2026-05-25,16,1588.68,2660.0,2900.0,1311.32,240.0,False
TTLC,2026-05-09,2026-05-25,16,2715.84,2750.0,2875.0,159.15999999999985,125.0,False
TTLS,2026-05-09,2026-05-25,16,2847.16,2950.0,3195.0,347.84000000000015,245.0,False
UNLC,2026-05-09,2026-05-25,16,64286.34,56000.0,59000.0,5286.3399999999965,3000.0,True
UNXC,2026-05-09,2026-05-25,16,1731.92,1805.0,1795.0,63.07999999999993,10.0,True
ABJC,2026-05-10,2026-05-25,15,2681.24,2975.0,2875.0,193.76000000000022,100.0,True
BICB,2026-05-10,2026-05-25,15,5014.48,5225.0,5225.0,210.52000000000044,0.0,True
BICC,2026-05-10,2026-05-25,15,24005.58,26000.0,27000.0,2994.4199999999983,1000.0,False
BNBC,2026-05-10,2026-05-25,15,1361.32,1300.0,1500.0,138.68000000000006,200.0,True
BOAB,2026-05-10,2026-05-25,15,8029.63,9400.0,8950.0,920.3699999999999,450.0,True
BOABF,2026-05-10,2026-05-25,15,5257.82,5400.0,5440.0,182.1800000000003,40.0,False
BOAC,2026-05-10,2026-05-25,15,7579.83,8705.0,8870.0,1290.17,165.0,False
BOAM,2026-05-10,2026-05-25,15,4457.62,4700.0,4990.0,532.3800000000001,290.0,False
BOAN,2026-05-10,2026-05-25,15,3500.1,3485.0,3730.0,229.9000000000001,245.0,True
BOAS,2026-05-10,2026-05-25,15,6541.3,7390.0,7990.0,1448.6999999999998,600.0,False
CABC,2026-05-10,2026-05-25,15,6296.67,3500.0,3585.0,2711.67,85.0,True
CBIBF,2026-05-10,2026-05-25,15,14537.24,16800.0,20700.0,6162.76,3900.0,False
CFAC,2026-05-10,2026-05-25,15,1215.64,1385.0,1485.0,269.3599999999999,100.0,False
CIEC,2026-05-10,2026-05-25,15,2857.73,3330.0,4040.0,1182.27,710.0,False
ECOC,2026-05-10,2026-05-25,15,16383.37,16800.0,16300.0,83.3700000000008,500.0,True
ETIT,2026-05-10,2026-05-25,15,24.37,30.0,30.0,5.629999999999999,0.0,True
FTSC,2026-05-10,2026-05-25,15,2318.63,2220.0,2280.0,38.63000000000011,60.0,True
NEIC,2026-05-10,2026-05-25,15,1225.8,1745.0,1990.0,764.2,245.0,False
NSBC,2026-05-10,2026-05-25,15,15293.01,14010.0,18000.0,2706.99,3990.0,True
NTLC,2026-05-10,2026-05-25,15,12009.39,11650.0,13005.0,995.6100000000006,1355.0,True
ONTBF,2026-05-10,2026-05-25,15,2717.5,2760.0,2850.0,132.5,90.0,False
ORAC,2026-05-10,2026-05-25,15,14938.06,14920.0,15550.0,611.9400000000005,630.0,True
ORGT,2026-05-10,2026-05-25,15,2649.77,2550.0,2700.0,50.23000000000002,150.0,True
PALC,2026-05-10,2026-05-25,15,8104.95,7800.0,7680.0,424.9499999999998,120.0,False
SAFC,2026-05-10,2026-05-25,15,1375.76,3500.0,3700.0,2324.24,200.0,False
SDSC,2026-05-10,2026-05-25,15,1719.04,1745.0,1700.0,19.039999999999964,45.0,True
SEMC,2026-05-10,2026-05-25,15,1352.88,1525.0,1485.0,132.1199999999999,40.0,True
SGBC,2026-05-10,2026-05-25,15,33753.17,34500.0,36000.0,2246.8300000000017,1500.0,False
SHEC,2026-05-10,2026-05-25,15,1539.67,1945.0,1935.0,395.3299999999999,10.0,True
SIBC,2026-05-10,2026-05-25,15,6355.78,7095.0,8160.0,1804.2200000000003,1065.0,False
SICC,2026-05-10,2026-05-25,15,4121.75,4290.0,4400.0,278.25,110.0,False
SLBC,2026-05-10,2026-05-25,15,37125.89,37500.0,37945.0,819.1100000000006,445.0,False
SMBC,2026-05-10,2026-05-25,15,11829.64,11995.0,12895.0,1065.3600000000006,900.0,False
SNTS,2026-05-10,2026-05-25,15,28620.19,28900.0,28500.0,120.18999999999869,400.0,True
SOGC,2026-05-10,2026-05-25,15,7573.95,7390.0,7390.0,183.94999999999982,0.0,False
SPHC,2026-05-10,2026-05-25,15,6978.05,7050.0,6945.0,33.05000000000018,105.0,True
STAC,2026-05-10,2026-05-25,15,1598.77,2660.0,2900.0,1301.23,240.0,False
TTLC,2026-05-10,2026-05-25,15,2718.95,2750.0,2875.0,156.05000000000018,125.0,False
TTLS,2026-05-10,2026-05-25,15,2835.76,2950.0,3195.0,359.2399999999998,245.0,False
ABJC,2026-05-12,2026-05-28,16,2683.4,2985.0,2880.0,196.5999999999999,105.0,True
BICB,2026-05-12,2026-05-25,13,5027.47,5170.0,5225.0,197.52999999999975,55.0,False
BICB,2026-05-12,2026-05-26,14,5020.02,5170.0,5190.0,169.97999999999956,20.0,False
BICB,2026-05-12,2026-05-28,16,5013.52,5170.0,5190.0,176.47999999999956,20.0,False
BICC,2026-05-12,2026-05-25,13,24469.61,26200.0,27000.0,2530.3899999999994,800.0,False
BICC,2026-05-12,2026-05-26,14,24328.09,26200.0,27500.0,3171.91,1300.0,False
BICC,2026-05-12,2026-05-28,16,24190.72,26200.0,27500.0,3309.279999999999,1300.0,False
BNBC,2026-05-12,2026-05-25,13,1410.13,1395.0,1500.0,89.86999999999989,105.0,True
BNBC,2026-05-12,2026-05-26,14,1415.02,1395.0,1495.0,79.98000000000002,100.0,True
BNBC,2026-05-12,2026-05-28,16,1419.88,1395.0,1495.0,75.11999999999989,100.0,True
BOAB,2026-05-12,2026-05-25,13,8219.28,9405.0,8950.0,730.7199999999993,455.0,True
BOAB,2026-05-12,2026-05-26,14,8131.91,9405.0,8900.0,768.0900000000001,505.0,True
BOAB,2026-05-12,2026-05-28,16,8049.04,9405.0,8900.0,850.96,505.0,True
BOABF,2026-05-12,2026-05-25,13,5282.85,5410.0,5440.0,157.14999999999964,30.0,False
BOAM,2026-05-12,2026-05-28,16,4446.69,4685.0,5000.0,553.3100000000004,315.0,False
BOAN,2026-05-12,2026-05-25,13,3476.7,3450.0,3730.0,253.30000000000018,280.0,True
BOAN,2026-05-12,2026-05-26,14,3478.33,3450.0,3740.0,261.6700000000001,290.0,True
BOAN,2026-05-12,2026-05-28,16,3479.97,3450.0,3740.0,260.0300000000002,290.0,True
BOAS,2026-05-12,2026-05-25,13,6703.06,7450.0,7990.0,1286.9399999999996,540.0,False
BOAS,2026-05-12,2026-05-26,14,6635.04,7450.0,7745.0,1109.96,295.0,False
BOAS,2026-05-12,2026-05-28,16,6570.13,7450.0,7745.0,1174.87,295.0,False
CABC,2026-05-12,2026-05-25,13,5256.48,3500.0,3585.0,1671.4799999999996,85.0,True
CABC,2026-05-12,2026-05-26,14,5665.26,3500.0,3700.0,1965.2600000000002,200.0,True
CABC,2026-05-12,2026-05-28,16,6167.74,3500.0,3700.0,2467.74,200.0,True
CBIBF,2026-05-12,2026-05-25,13,14817.93,16800.0,20700.0,5882.07,3900.0,False
CBIBF,2026-05-12,2026-05-26,14,14685.06,16800.0,21465.0,6779.9400000000005,4665.0,False
CBIBF,2026-05-12,2026-05-28,16,14559.74,16800.0,21465.0,6905.26,4665.0,False
CFAC,2026-05-12,2026-05-25,13,1241.34,1380.0,1485.0,243.66000000000008,105.0,False
TTLS,2026-05-11,2026-05-25,14,2839.34,2950.0,3195.0,355.65999999999985,245.0,False
TTLS,2026-05-11,2026-05-26,15,2829.52,2950.0,3200.0,370.48,250.0,False
UNLC,2026-05-11,2026-05-25,14,62178.16,56000.0,59000.0,3178.1600000000035,3000.0,True
UNLC,2026-05-11,2026-05-26,15,62836.29,56000.0,56205.0,6631.290000000001,205.0,True
UNXC,2026-05-11,2026-05-25,14,1725.46,1805.0,1795.0,69.53999999999996,10.0,True
UNXC,2026-05-11,2026-05-26,15,1717.41,1805.0,1780.0,62.58999999999992,25.0,True
ABJC,2026-05-12,2026-05-25,13,2731.6,2985.0,2875.0,143.4000000000001,110.0,True
ABJC,2026-05-12,2026-05-26,14,2707.05,2985.0,2880.0,172.94999999999982,105.0,True
BOABF,2026-05-12,2026-05-26,14,5270.33,5410.0,5500.0,229.67000000000007,90.0,False
BOABF,2026-05-12,2026-05-28,16,5258.09,5410.0,5500.0,241.90999999999985,90.0,False
BOAC,2026-05-12,2026-05-25,13,7722.38,8650.0,8870.0,1147.62,220.0,False
BOAC,2026-05-12,2026-05-26,14,7638.46,8650.0,8825.0,1186.54,175.0,False
BOAC,2026-05-12,2026-05-28,16,7560.08,8650.0,8825.0,1264.92,175.0,False
BOAM,2026-05-12,2026-05-25,13,4486.3,4685.0,4990.0,503.6999999999998,305.0,False
BOAM,2026-05-12,2026-05-26,14,4466.15,4685.0,5000.0,533.8500000000004,315.0,False
ECOC,2026-05-12,2026-05-28,16,16297.68,16200.0,16300.0,2.319999999999709,100.0,True
ETIT,2026-05-12,2026-05-25,13,25.11,30.0,30.0,4.890000000000001,0.0,True
ETIT,2026-05-12,2026-05-26,14,24.72,30.0,29.0,4.280000000000001,1.0,True
ETIT,2026-05-12,2026-05-28,16,24.36,30.0,29.0,4.640000000000001,1.0,True
FTSC,2026-05-12,2026-05-25,13,2281.52,2200.0,2280.0,1.5199999999999818,80.0,True
FTSC,2026-05-12,2026-05-26,14,2291.24,2200.0,2300.0,8.760000000000218,100.0,True
FTSC,2026-05-12,2026-05-28,16,2300.97,2200.0,2300.0,0.9699999999997999,100.0,True
NEIC,2026-05-12,2026-05-25,13,1319.18,1850.0,1990.0,670.8199999999999,140.0,False
SMBC,2026-05-12,2026-05-25,13,11939.17,12100.0,12895.0,955.8299999999999,795.0,False
SMBC,2026-05-12,2026-05-26,14,11928.64,12100.0,13000.0,1071.3600000000006,900.0,False
SMBC,2026-05-12,2026-05-28,16,11918.17,12100.0,13000.0,1081.83,900.0,False
SNTS,2026-05-12,2026-05-25,13,28705.29,29000.0,28500.0,205.29000000000087,500.0,True
SNTS,2026-05-12,2026-05-26,14,28683.94,29000.0,28450.0,233.9399999999987,550.0,True
SNTS,2026-05-12,2026-05-28,16,28662.67,29000.0,28450.0,212.66999999999825,550.0,True
SOGC,2026-05-12,2026-05-25,13,7538.94,7395.0,7390.0,148.9399999999996,5.0,False
SOGC,2026-05-12,2026-05-26,14,7555.01,7395.0,7395.0,160.01000000000022,0.0,False
SOGC,2026-05-12,2026-05-28,16,7570.98,7395.0,7395.0,175.97999999999956,0.0,False
SPHC,2026-05-12,2026-05-25,13,6968.51,7000.0,6945.0,23.51000000000022,55.0,True
SPHC,2026-05-12,2026-05-26,14,6962.23,7000.0,6945.0,17.229999999999563,55.0,True
TTLS,2026-05-12,2026-05-28,16,2810.25,2900.0,3200.0,389.75,300.0,False
UNLC,2026-05-12,2026-05-25,13,63421.91,59900.0,59000.0,4421.9100000000035,900.0,False
UNLC,2026-05-12,2026-05-26,14,64082.76,59900.0,56205.0,7877.760000000002,3695.0,False
UNLC,2026-05-12,2026-05-28,16,64744.38,59900.0,56205.0,8539.379999999997,3695.0,False
UNXC,2026-05-12,2026-05-25,13,1744.16,1835.0,1795.0,50.83999999999992,40.0,True
UNXC,2026-05-12,2026-05-26,14,1735.96,1835.0,1780.0,44.039999999999964,55.0,True
UNXC,2026-05-12,2026-05-28,16,1727.83,1835.0,1780.0,52.17000000000007,55.0,True
ABJC,2026-05-13,2026-05-25,12,2754.4,2980.0,2875.0,120.59999999999991,105.0,True
ABJC,2026-05-13,2026-05-26,13,2728.97,2980.0,2880.0,151.0300000000002,100.0,True
ABJC,2026-05-13,2026-05-28,15,2704.52,2980.0,2880.0,175.48000000000002,100.0,True
ABJC,2026-05-13,2026-05-29,16,2680.96,2980.0,3000.0,319.03999999999996,20.0,False
BICB,2026-05-13,2026-05-25,12,5035.96,5200.0,5225.0,189.03999999999996,25.0,False
BICB,2026-05-13,2026-05-26,13,5027.44,5200.0,5190.0,162.5600000000004,10.0,True
BICB,2026-05-13,2026-05-28,15,5019.99,5200.0,5190.0,170.01000000000022,10.0,True
BICB,2026-05-13,2026-05-29,16,5013.5,5200.0,5200.0,186.5,0.0,True
BICC,2026-05-13,2026-05-25,12,24716.59,26300.0,27000.0,2283.41,700.0,False
BICC,2026-05-13,2026-05-26,13,24567.81,26300.0,27500.0,2932.1899999999987,1200.0,False
BICC,2026-05-13,2026-05-28,15,24423.45,26300.0,27500.0,3076.5499999999993,1200.0,False
BICC,2026-05-13,2026-05-29,16,24283.33,26300.0,27895.0,3611.6699999999983,1595.0,False
CFAC,2026-05-12,2026-05-26,14,1226.69,1380.0,1485.0,258.30999999999995,105.0,False
CFAC,2026-05-12,2026-05-28,16,1212.39,1380.0,1485.0,272.6099999999999,105.0,False
CIEC,2026-05-12,2026-05-25,13,2882.34,3200.0,4040.0,1157.6599999999999,840.0,False
CIEC,2026-05-12,2026-05-26,14,2860.44,3200.0,4010.0,1149.56,810.0,False
CIEC,2026-05-12,2026-05-28,16,2839.98,3200.0,4010.0,1170.02,810.0,False
ECOC,2026-05-12,2026-05-25,13,16327.27,16200.0,16300.0,27.270000000000437,100.0,True
ECOC,2026-05-12,2026-05-26,14,16312.41,16200.0,16300.0,12.409999999999854,100.0,True
SPHC,2026-05-12,2026-05-28,16,6955.97,7000.0,6945.0,10.970000000000255,55.0,True
SAFC,2026-05-13,2026-05-25,12,1645.98,3745.0,3700.0,2054.02,45.0,True
SAFC,2026-05-13,2026-05-26,13,1523.78,3745.0,3600.0,2076.2200000000003,145.0,True
SAFC,2026-05-13,2026-05-28,15,1438.75,3745.0,3600.0,2161.25,145.0,True
SPHC,2026-05-13,2026-05-28,15,6947.11,6995.0,6945.0,2.1099999999996726,50.0,True
SPHC,2026-05-13,2026-05-29,16,6940.99,6995.0,6995.0,54.01000000000022,0.0,True
STAC,2026-05-13,2026-05-25,12,1766.78,2600.0,2900.0,1133.22,300.0,False
STAC,2026-05-13,2026-05-26,13,1703.72,2600.0,3115.0,1411.28,515.0,False
STAC,2026-05-13,2026-05-28,15,1650.71,2600.0,3115.0,1464.29,515.0,False
STAC,2026-05-13,2026-05-29,16,1605.28,2600.0,2885.0,1279.72,285.0,False
TTLC,2026-05-13,2026-05-25,12,2973.15,3060.0,2875.0,98.15000000000009,185.0,True
TTLC,2026-05-13,2026-05-26,13,2967.02,3060.0,2870.0,97.01999999999998,190.0,True
TTLC,2026-05-13,2026-05-28,15,2961.03,3060.0,2870.0,91.0300000000002,190.0,True
TTLC,2026-05-13,2026-05-29,16,2955.11,3060.0,2880.0,75.11000000000013,180.0,True
TTLS,2026-05-13,2026-05-25,12,2808.04,2845.0,3195.0,386.96000000000004,350.0,False
TTLS,2026-05-13,2026-05-26,13,2799.39,2845.0,3200.0,400.6100000000001,355.0,False
TTLS,2026-05-13,2026-05-28,15,2791.01,2845.0,3200.0,408.9899999999998,355.0,False
TTLS,2026-05-13,2026-05-29,16,2782.89,2845.0,3300.0,517.1100000000001,455.0,False
UNLC,2026-05-13,2026-05-25,12,62038.46,56100.0,59000.0,3038.459999999999,2900.0,True
UNLC,2026-05-13,2026-05-26,13,62695.21,56100.0,56205.0,6490.209999999999,105.0,True
UNLC,2026-05-13,2026-05-28,15,63354.27,56100.0,56205.0,7149.269999999997,105.0,True
UNLC,2026-05-13,2026-05-29,16,64014.79,56100.0,56300.0,7714.790000000001,200.0,True
UNXC,2026-05-13,2026-05-25,12,1754.62,1825.0,1795.0,40.38000000000011,30.0,True
UNXC,2026-05-13,2026-05-26,13,1746.33,1825.0,1780.0,33.67000000000007,45.0,True
UNXC,2026-05-13,2026-05-28,15,1738.11,1825.0,1780.0,41.8900000000001,45.0,True
UNXC,2026-05-13,2026-05-29,16,1729.96,1825.0,1770.0,40.039999999999964,55.0,True
BNBC,2026-05-13,2026-05-25,12,1492.87,1495.0,1500.0,7.130000000000109,5.0,False
BNBC,2026-05-13,2026-05-26,13,1497.1,1495.0,1495.0,2.099999999999909,0.0,False
BNBC,2026-05-13,2026-05-28,15,1501.37,1495.0,1495.0,6.369999999999891,0.0,False
BNBC,2026-05-13,2026-05-29,16,1505.67,1495.0,1585.0,79.32999999999993,90.0,True
BOAB,2026-05-13,2026-05-25,12,8322.74,9420.0,8950.0,627.2600000000002,470.0,True
BOAB,2026-05-13,2026-05-26,13,8229.84,9420.0,8900.0,670.1599999999999,520.0,True
PALC,2026-05-13,2026-05-26,13,8072.11,7850.0,7800.0,272.1099999999997,50.0,False
PALC,2026-05-13,2026-05-28,15,8100.25,7850.0,7800.0,300.25,50.0,False
PALC,2026-05-13,2026-05-29,16,8128.38,7850.0,7995.0,133.3800000000001,145.0,True
SEMC,2026-05-14,2026-05-29,15,1366.86,1580.0,1400.0,33.1400000000001,180.0,True
SGBC,2026-05-14,2026-05-25,11,34373.95,34995.0,36000.0,1626.050000000003,1005.0,False
SGBC,2026-05-14,2026-05-26,12,34340.7,34995.0,36600.0,2259.300000000003,1605.0,False
SGBC,2026-05-14,2026-05-28,14,34308.35,34995.0,36600.0,2291.6500000000015,1605.0,False
SGBC,2026-05-14,2026-05-29,15,34276.85,34995.0,36940.0,2663.1500000000015,1945.0,False
SHEC,2026-05-14,2026-05-25,11,1635.98,2000.0,1935.0,299.02,65.0,True
SHEC,2026-05-14,2026-05-26,12,1606.93,2000.0,1910.0,303.06999999999994,90.0,True
SHEC,2026-05-14,2026-05-28,14,1580.29,2000.0,1910.0,329.71000000000004,90.0,True
SHEC,2026-05-14,2026-05-29,15,1555.6,2000.0,1915.0,359.4000000000001,85.0,True
SIBC,2026-05-14,2026-05-25,11,6635.45,7300.0,8160.0,1524.5500000000002,860.0,False
SIBC,2026-05-14,2026-05-26,12,6570.33,7300.0,7700.0,1129.67,400.0,False
CBIBF,2026-05-15,2026-05-29,14,15224.18,18700.0,21495.0,6270.82,2795.0,False
CBIBF,2026-05-15,2026-06-01,17,15068.95,18700.0,21700.0,6631.049999999999,3000.0,False
SLBC,2026-05-15,2026-05-25,10,37704.74,37995.0,37945.0,240.26000000000204,50.0,True
SLBC,2026-05-15,2026-05-26,11,37668.7,37995.0,38010.0,341.3000000000029,15.0,False
SLBC,2026-05-15,2026-05-28,13,37633.43,37995.0,38010.0,376.5699999999997,15.0,False
SLBC,2026-05-15,2026-05-29,14,37598.74,37995.0,38945.0,1346.260000000002,950.0,False
SLBC,2026-05-15,2026-06-01,17,37564.49,37995.0,38500.0,935.510000000002,505.0,False
SMBC,2026-05-15,2026-05-25,10,12224.28,12295.0,12895.0,670.7199999999993,600.0,False
SMBC,2026-05-15,2026-05-26,11,12211.54,12295.0,13000.0,788.4599999999991,705.0,False
SMBC,2026-05-15,2026-05-28,13,12198.85,12295.0,13000.0,801.1499999999996,705.0,False
SMBC,2026-05-15,2026-05-29,14,12186.24,12295.0,13350.0,1163.7600000000002,1055.0,False
ORGT,2026-05-14,2026-05-28,14,2632.63,2575.0,2740.0,107.36999999999989,165.0,True
ORGT,2026-05-14,2026-05-29,15,2630.9,2575.0,2735.0,104.09999999999991,160.0,True
PALC,2026-05-14,2026-05-25,11,8029.21,7800.0,7680.0,349.21000000000004,120.0,False
PALC,2026-05-14,2026-05-26,12,8057.31,7800.0,7800.0,257.3100000000004,0.0,False
PALC,2026-05-14,2026-05-28,14,8085.42,7800.0,7800.0,285.4200000000001,0.0,False
PALC,2026-05-14,2026-05-29,15,8113.53,7800.0,7995.0,118.52999999999975,195.0,True
SAFC,2026-05-14,2026-05-25,11,1591.22,3995.0,3700.0,2108.7799999999997,295.0,True
SAFC,2026-05-14,2026-05-26,12,1464.43,3995.0,3600.0,2135.5699999999997,395.0,True
SAFC,2026-05-14,2026-05-28,14,1380.69,3995.0,3600.0,2219.31,395.0,True
SAFC,2026-05-14,2026-05-29,15,1323.64,3995.0,3600.0,2276.3599999999997,395.0,True
SDSC,2026-05-14,2026-05-25,11,1750.28,1785.0,1700.0,50.27999999999997,85.0,True
SDSC,2026-05-14,2026-05-26,12,1747.52,1785.0,1690.0,57.51999999999998,95.0,True
SDSC,2026-05-14,2026-05-28,14,1744.85,1785.0,1690.0,54.84999999999991,95.0,True
SDSC,2026-05-14,2026-05-29,15,1742.23,1785.0,1750.0,7.769999999999982,35.0,True
SEMC,2026-05-14,2026-05-25,11,1406.88,1580.0,1485.0,78.11999999999989,95.0,True
SEMC,2026-05-14,2026-05-26,12,1393.22,1580.0,1415.0,21.779999999999973,165.0,True
SEMC,2026-05-14,2026-05-28,14,1379.88,1580.0,1415.0,35.11999999999989,165.0,True
CBIBF,2026-05-15,2026-05-26,11,15570.93,18700.0,21465.0,5894.07,2765.0,False
CBIBF,2026-05-15,2026-05-28,13,15390.74,18700.0,21465.0,6074.26,2765.0,False
BOAM,2026-05-14,2026-05-26,12,4482.05,4675.0,5000.0,517.9499999999998,325.0,False
BOAM,2026-05-14,2026-05-28,14,4462.05,4675.0,5000.0,537.9499999999998,325.0,False
BOAM,2026-05-14,2026-05-29,15,4442.72,4675.0,5090.0,647.2799999999997,415.0,False
BOAN,2026-05-14,2026-05-25,11,3425.79,3395.0,3730.0,304.21000000000004,335.0,True
BOAN,2026-05-14,2026-05-26,12,3427.39,3395.0,3740.0,312.6100000000001,345.0,True
BOAN,2026-05-14,2026-05-28,14,3429.02,3395.0,3740.0,310.98,345.0,True
BOAN,2026-05-14,2026-05-29,15,3430.65,3395.0,3730.0,299.3499999999999,335.0,True
BOAS,2026-05-14,2026-05-25,11,6841.92,7555.0,7990.0,1148.08,435.0,False
BOAS,2026-05-14,2026-05-26,12,6767.3,7555.0,7745.0,977.6999999999998,190.0,False
BOAS,2026-05-14,2026-05-28,14,6696.19,7555.0,7745.0,1048.8100000000004,190.0,False
BOAS,2026-05-14,2026-05-29,15,6628.41,7555.0,7700.0,1071.5900000000001,145.0,False
CABC,2026-05-14,2026-05-25,11,4874.22,3500.0,3585.0,1289.2200000000003,85.0,True
CABC,2026-05-14,2026-05-26,12,5205.07,3500.0,3700.0,1505.0699999999997,200.0,True
SMBC,2026-05-15,2026-06-01,17,12173.7,12295.0,13450.0,1276.2999999999993,1155.0,False
BOAM,2026-05-11,2026-05-25,14,4478.26,4700.0,4990.0,511.7399999999998,290.0,False
BOAM,2026-05-11,2026-05-26,15,4458.39,4700.0,5000.0,541.6099999999997,300.0,False
BOAN,2026-05-11,2026-05-25,14,3497.88,3485.0,3730.0,232.1199999999999,245.0,True
BOAN,2026-05-11,2026-05-26,15,3499.51,3485.0,3740.0,240.48999999999978,255.0,True
BOAS,2026-05-11,2026-05-25,14,6607.82,7390.0,7990.0,1382.1800000000003,600.0,False
BOAS,2026-05-11,2026-05-26,15,6544.16,7390.0,7745.0,1200.8400000000001,355.0,False
CABC,2026-05-11,2026-05-25,14,5708.11,3500.0,3585.0,2123.1099999999997,85.0,True
CABC,2026-05-11,2026-05-26,15,6220.27,3500.0,3700.0,2520.2700000000004,200.0,True
CBIBF,2026-05-11,2026-05-25,14,14674.89,16800.0,20700.0,6025.110000000001,3900.0,False
CBIBF,2026-05-11,2026-05-26,15,14550.1,16800.0,21465.0,6914.9,4665.0,False
CFAC,2026-05-11,2026-05-25,14,1229.12,1385.0,1485.0,255.8800000000001,100.0,False
CFAC,2026-05-11,2026-05-26,15,1214.75,1385.0,1485.0,270.25,100.0,False
CIEC,2026-05-11,2026-05-25,14,2885.61,3330.0,4040.0,1154.3899999999999,710.0,False
CIEC,2026-05-11,2026-05-26,15,2863.49,3330.0,4010.0,1146.5100000000002,680.0,False
ECOC,2026-05-11,2026-05-25,14,16473.41,16800.0,16300.0,173.40999999999985,500.0,True
SOGC,2026-05-14,2026-05-26,12,7570.62,7450.0,7395.0,175.6199999999999,55.0,False
SOGC,2026-05-14,2026-05-28,14,7586.49,7450.0,7395.0,191.48999999999978,55.0,False
SOGC,2026-05-14,2026-05-29,15,7602.27,7450.0,7380.0,222.27000000000044,70.0,False
SPHC,2026-05-14,2026-05-25,11,6954.37,7000.0,6945.0,9.36999999999989,55.0,True
SPHC,2026-05-14,2026-05-26,12,6948.18,7000.0,6945.0,3.180000000000291,55.0,True
SPHC,2026-05-14,2026-05-28,14,6942.04,7000.0,6945.0,2.9600000000000364,55.0,True
SPHC,2026-05-14,2026-05-29,15,6935.96,7000.0,6995.0,59.039999999999964,5.0,True
STAC,2026-05-14,2026-05-25,11,1835.97,2795.0,2900.0,1064.03,105.0,False
STAC,2026-05-14,2026-05-26,12,1757.97,2795.0,3115.0,1357.03,320.0,False
STAC,2026-05-14,2026-05-28,14,1694.89,2795.0,3115.0,1420.11,320.0,False
STAC,2026-05-14,2026-05-29,15,1642.71,2795.0,2885.0,1242.29,90.0,False
TTLC,2026-05-14,2026-05-25,11,2939.35,2995.0,2875.0,64.34999999999991,120.0,True
TTLC,2026-05-14,2026-05-26,12,2933.79,2995.0,2870.0,63.789999999999964,125.0,True
TTLC,2026-05-14,2026-05-28,14,2928.29,2995.0,2870.0,58.289999999999964,125.0,True
TTLC,2026-05-14,2026-05-29,15,2922.86,2995.0,2880.0,42.86000000000013,115.0,True
TTLS,2026-05-14,2026-05-25,11,2855.3,3025.0,3195.0,339.6999999999998,170.0,False
ECOC,2026-05-11,2026-05-26,15,16457.15,16800.0,16300.0,157.15000000000146,500.0,True
SMBC,2026-05-14,2026-05-26,12,12228.43,12295.0,13000.0,771.5699999999997,705.0,False
SMBC,2026-05-14,2026-05-28,14,12215.62,12295.0,13000.0,784.3799999999992,705.0,False
SMBC,2026-05-14,2026-05-29,15,12202.87,12295.0,13350.0,1147.1299999999992,1055.0,False
SNTS,2026-05-14,2026-05-25,11,28732.53,28950.0,28500.0,232.52999999999884,450.0,True
SNTS,2026-05-14,2026-05-26,12,28711.07,28950.0,28450.0,261.0699999999997,500.0,True
SNTS,2026-05-14,2026-05-28,14,28689.7,28950.0,28450.0,239.70000000000073,500.0,True
SNTS,2026-05-14,2026-05-29,15,28668.4,28950.0,28200.0,468.40000000000146,750.0,True
SOGC,2026-05-14,2026-05-25,11,7554.64,7450.0,7390.0,164.64000000000033,60.0,False
TTLS,2026-05-14,2026-05-26,12,2844.8,3025.0,3200.0,355.1999999999998,175.0,False
TTLS,2026-05-14,2026-05-28,14,2834.7,3025.0,3200.0,365.3000000000002,175.0,False
TTLS,2026-05-14,2026-05-29,15,2824.98,3025.0,3300.0,475.02,275.0,False
UNLC,2026-05-14,2026-05-25,11,63642.22,60295.0,59000.0,4642.220000000001,1295.0,False
UNLC,2026-05-14,2026-05-26,12,64303.82,60295.0,56205.0,8098.82,4090.0,False
UNLC,2026-05-14,2026-05-28,14,64965.83,60295.0,56205.0,8760.830000000002,4090.0,False
UNLC,2026-05-14,2026-05-29,15,65627.93,60295.0,56300.0,9327.929999999993,3995.0,False
ETIT,2026-05-11,2026-05-25,14,24.73,30.0,30.0,5.27,0.0,True
ETIT,2026-05-11,2026-05-26,15,24.37,30.0,29.0,4.629999999999999,1.0,True
FTSC,2026-05-11,2026-05-25,14,2308.77,2220.0,2280.0,28.769999999999982,60.0,True
FTSC,2026-05-11,2026-05-26,15,2318.55,2220.0,2300.0,18.550000000000182,80.0,True
NTLC,2026-05-15,2026-05-29,14,11842.52,11600.0,12900.0,1057.4799999999996,1300.0,True
ONTBF,2026-05-15,2026-05-25,10,2717.37,2750.0,2850.0,132.6300000000001,100.0,False
ONTBF,2026-05-15,2026-05-26,11,2713.54,2750.0,2855.0,141.46000000000004,105.0,False
ONTBF,2026-05-15,2026-05-28,13,2709.75,2750.0,2855.0,145.25,105.0,False
CIEC,2026-05-15,2026-05-25,10,2960.18,3300.0,4040.0,1079.8200000000002,740.0,False
CIEC,2026-05-15,2026-05-26,11,2932.56,3300.0,4010.0,1077.44,710.0,False
CIEC,2026-05-15,2026-05-28,13,2907.24,3300.0,4010.0,1102.7600000000002,710.0,False
CIEC,2026-05-15,2026-05-29,14,2883.78,3300.0,4055.0,1171.2199999999998,755.0,False
ECOC,2026-05-15,2026-05-25,10,16218.28,16300.0,16300.0,81.71999999999935,0.0,True
ECOC,2026-05-15,2026-05-26,11,16204.43,16300.0,16300.0,95.56999999999971,0.0,True
ECOC,2026-05-15,2026-05-28,13,16190.71,16300.0,16300.0,109.29000000000087,0.0,True
ECOC,2026-05-15,2026-05-29,14,16177.12,16300.0,16300.0,122.8799999999992,0.0,True
ETIT,2026-05-15,2026-05-25,10,25.99,30.0,30.0,4.010000000000002,0.0,True
ETIT,2026-05-15,2026-05-26,11,25.53,30.0,29.0,3.469999999999999,1.0,True
ETIT,2026-05-15,2026-05-28,13,25.11,30.0,29.0,3.8900000000000006,1.0,True
ETIT,2026-05-15,2026-05-29,14,24.72,30.0,30.0,5.280000000000001,0.0,True
FTSC,2026-05-15,2026-05-25,10,2309.01,2250.0,2280.0,29.01000000000022,30.0,True
FTSC,2026-05-15,2026-05-26,11,2318.8,2250.0,2300.0,18.800000000000182,50.0,True
FTSC,2026-05-15,2026-05-28,13,2328.61,2250.0,2300.0,28.610000000000127,50.0,True
FTSC,2026-05-15,2026-05-29,14,2338.44,2250.0,2255.0,83.44000000000005,5.0,True
NEIC,2026-05-15,2026-05-25,10,1460.69,1990.0,1990.0,529.31,0.0,True
NEIC,2026-05-15,2026-05-26,11,1411.95,1990.0,1900.0,488.04999999999995,90.0,True
NEIC,2026-05-15,2026-05-28,13,1368.43,1990.0,1900.0,531.5699999999999,90.0,True
NEIC,2026-05-15,2026-05-29,14,1329.09,1990.0,1900.0,570.9100000000001,90.0,True
NSBC,2026-05-15,2026-05-25,10,14837.93,14100.0,18000.0,3162.0699999999997,3900.0,True
NSBC,2026-05-15,2026-05-26,11,14968.54,14100.0,18000.0,3031.459999999999,3900.0,True
NSBC,2026-05-15,2026-05-28,13,15102.99,14100.0,18000.0,2897.01,3900.0,True
NSBC,2026-05-15,2026-05-29,14,15241.45,14100.0,17980.0,2738.5499999999993,3880.0,True
NTLC,2026-05-15,2026-05-25,10,11776.6,11600.0,13005.0,1228.3999999999996,1405.0,True
NTLC,2026-05-15,2026-05-26,11,11798.85,11600.0,13005.0,1206.1499999999996,1405.0,True
NTLC,2026-05-15,2026-05-28,13,11820.81,11600.0,13005.0,1184.1900000000005,1405.0,True
ONTBF,2026-05-15,2026-05-29,14,2706.01,2750.0,2850.0,143.98999999999978,100.0,False
ORAC,2026-05-15,2026-05-25,10,14996.22,15000.0,15550.0,553.7800000000007,550.0,False
ORAC,2026-05-15,2026-05-26,11,14994.25,15000.0,15700.0,705.75,700.0,False
ORAC,2026-05-15,2026-05-28,13,14992.3,15000.0,15700.0,707.7000000000007,700.0,False
ORAC,2026-05-15,2026-05-29,14,14990.37,15000.0,16000.0,1009.6299999999992,1000.0,False
ORGT,2026-05-15,2026-05-25,10,2601.93,2575.0,2700.0,98.07000000000016,125.0,True
STAC,2026-05-15,2026-05-29,14,1674.67,2795.0,2885.0,1210.33,90.0,False
TTLC,2026-05-15,2026-05-25,10,2942.91,2995.0,2875.0,67.90999999999985,120.0,True
TTLC,2026-05-15,2026-05-26,11,2937.29,2995.0,2870.0,67.28999999999996,125.0,True
TTLC,2026-05-15,2026-05-28,13,2931.74,2995.0,2870.0,61.73999999999978,125.0,True
TTLC,2026-05-15,2026-05-29,14,2926.25,2995.0,2880.0,46.25,115.0,True
TTLS,2026-05-15,2026-05-25,10,2888.39,3025.0,3195.0,306.6100000000001,170.0,False
TTLS,2026-05-15,2026-05-26,11,2876.53,3025.0,3200.0,323.4699999999998,175.0,False
TTLS,2026-05-15,2026-05-28,13,2865.18,3025.0,3200.0,334.82000000000016,175.0,False
TTLS,2026-05-15,2026-05-29,14,2854.29,3025.0,3300.0,445.71000000000004,275.0,False
UNLC,2026-05-15,2026-05-25,10,64002.91,60295.0,59000.0,5002.9100000000035,1295.0,False
UNLC,2026-05-15,2026-05-26,11,64665.79,60295.0,56205.0,8460.79,4090.0,False
NEIC,2026-05-11,2026-05-25,14,1255.28,1745.0,1990.0,734.72,245.0,False
PALC,2026-05-15,2026-05-29,14,8075.2,7800.0,7995.0,80.19999999999982,195.0,True
SAFC,2026-05-15,2026-05-25,10,1646.87,3995.0,3700.0,2053.13,295.0,True
SAFC,2026-05-15,2026-05-26,11,1495.61,3995.0,3600.0,2104.3900000000003,395.0,True
SAFC,2026-05-15,2026-05-28,13,1397.24,3995.0,3600.0,2202.76,395.0,True
SAFC,2026-05-15,2026-05-29,14,1331.93,3995.0,3600.0,2268.0699999999997,395.0,True
SDSC,2026-05-15,2026-05-25,10,1758.38,1785.0,1700.0,58.38000000000011,85.0,True
SDSC,2026-05-15,2026-05-26,11,1755.48,1785.0,1690.0,65.48000000000002,95.0,True
SDSC,2026-05-15,2026-05-28,13,1752.68,1785.0,1690.0,62.680000000000064,95.0,True
SDSC,2026-05-15,2026-05-29,14,1749.96,1785.0,1750.0,0.03999999999996362,35.0,True
SEMC,2026-05-15,2026-05-25,10,1436.91,1580.0,1485.0,48.08999999999992,95.0,True
SEMC,2026-05-15,2026-05-26,11,1422.53,1580.0,1415.0,7.529999999999973,165.0,True
UNLC,2026-05-15,2026-05-28,13,65328.49,60295.0,56205.0,9123.489999999998,4090.0,False
SNTS,2026-05-15,2026-05-25,10,28760.72,28950.0,28500.0,260.72000000000116,450.0,True
SNTS,2026-05-15,2026-05-26,11,28739.09,28950.0,28450.0,289.09000000000015,500.0,True
SNTS,2026-05-15,2026-05-28,13,28717.6,28950.0,28450.0,267.59999999999854,500.0,True
SNTS,2026-05-15,2026-05-29,14,28696.2,28950.0,28200.0,496.2000000000007,750.0,True
SOGC,2026-05-15,2026-05-25,10,7551.18,7450.0,7390.0,161.1800000000003,60.0,False
SOGC,2026-05-15,2026-05-26,11,7567.17,7450.0,7395.0,172.17000000000007,55.0,False
SOGC,2026-05-15,2026-05-28,13,7583.07,7450.0,7395.0,188.0699999999997,55.0,False
SOGC,2026-05-15,2026-05-29,14,7598.87,7450.0,7380.0,218.8699999999999,70.0,False
SPHC,2026-05-15,2026-05-25,10,6958.25,7000.0,6945.0,13.25,55.0,True
SPHC,2026-05-15,2026-05-26,11,6952.03,7000.0,6945.0,7.029999999999745,55.0,True
SPHC,2026-05-15,2026-05-28,13,6945.87,7000.0,6945.0,0.8699999999998909,55.0,True
SPHC,2026-05-15,2026-05-29,14,6939.75,7000.0,6995.0,55.25,5.0,True
STAC,2026-05-15,2026-05-25,10,1898.52,2795.0,2900.0,1001.48,105.0,False
STAC,2026-05-15,2026-05-26,11,1806.5,2795.0,3115.0,1308.5,320.0,False
STAC,2026-05-15,2026-05-28,13,1733.58,2795.0,3115.0,1381.42,320.0,False
UNLC,2026-05-15,2026-05-29,14,65990.86,60295.0,56300.0,9690.86,3995.0,False
UNXC,2026-05-15,2026-05-25,10,1773.97,1840.0,1795.0,21.029999999999973,45.0,True
UNXC,2026-05-15,2026-05-26,11,1765.52,1840.0,1780.0,14.480000000000018,60.0,True
UNXC,2026-05-15,2026-05-28,13,1757.15,1840.0,1780.0,22.84999999999991,60.0,True
UNXC,2026-05-15,2026-05-29,14,1748.84,1840.0,1770.0,21.160000000000082,70.0,True
ABJC,2026-05-16,2026-05-25,9,2685.56,2850.0,2875.0,189.44000000000005,25.0,False
NEIC,2026-05-11,2026-05-26,15,1224.83,1745.0,1900.0,675.1700000000001,155.0,False
NSBC,2026-05-11,2026-05-25,14,15154.07,14010.0,18000.0,2845.9300000000003,3990.0,True
CIEC,2026-05-15,2026-06-01,17,2861.69,3300.0,4150.0,1288.31,850.0,False
ECOC,2026-05-15,2026-06-01,17,16163.67,16300.0,16290.0,126.32999999999993,10.0,True
BICB,2026-05-16,2026-05-25,9,5048.79,5200.0,5225.0,176.21000000000004,25.0,False
BICB,2026-05-16,2026-05-26,10,5038.66,5200.0,5190.0,151.34000000000015,10.0,True
BOAN,2026-05-16,2026-05-25,9,3431.91,3445.0,3730.0,298.09000000000015,285.0,False
BOAN,2026-05-16,2026-05-26,10,3433.55,3445.0,3740.0,306.4499999999998,295.0,False
BOAN,2026-05-16,2026-05-28,12,3435.19,3445.0,3740.0,304.80999999999995,295.0,False
BOAN,2026-05-16,2026-05-29,13,3436.85,3445.0,3730.0,293.1500000000001,285.0,False
BOAS,2026-05-16,2026-05-25,9,6951.96,7595.0,7990.0,1038.04,395.0,False
BOAS,2026-05-16,2026-05-26,10,6871.95,7595.0,7745.0,873.0500000000002,150.0,False
BOAS,2026-05-16,2026-05-28,12,6795.78,7595.0,7745.0,949.2200000000003,150.0,False
BOAS,2026-05-16,2026-05-29,13,6723.25,7595.0,7700.0,976.75,105.0,False
CABC,2026-05-16,2026-05-25,9,4613.54,3495.0,3585.0,1028.54,90.0,True
CABC,2026-05-16,2026-05-26,10,4899.45,3495.0,3700.0,1199.4499999999998,205.0,True
CABC,2026-05-16,2026-05-28,12,5236.08,3495.0,3700.0,1536.08,205.0,True
CABC,2026-05-16,2026-05-29,13,5640.85,3495.0,3750.0,1890.8500000000004,255.0,True
CBIBF,2026-05-16,2026-05-25,9,16135.21,19905.0,20700.0,4564.790000000001,795.0,False
CBIBF,2026-05-16,2026-05-26,10,15910.08,19905.0,21465.0,5554.92,1560.0,False
CBIBF,2026-05-16,2026-05-28,12,15706.53,19905.0,21465.0,5758.469999999999,1560.0,False
CBIBF,2026-05-16,2026-05-29,13,15519.85,19905.0,21495.0,5975.15,1590.0,False
CFAC,2026-05-16,2026-05-25,9,1389.87,1555.0,1485.0,95.13000000000011,70.0,True
CFAC,2026-05-16,2026-05-26,10,1371.87,1555.0,1485.0,113.13000000000011,70.0,True
CFAC,2026-05-16,2026-05-28,12,1354.18,1555.0,1485.0,130.81999999999994,70.0,True
CFAC,2026-05-16,2026-05-29,13,1336.83,1555.0,1485.0,148.17000000000007,70.0,True
SNTS,2026-05-15,2026-06-01,17,28674.88,28950.0,28450.0,224.88000000000102,500.0,True
SOGC,2026-05-15,2026-06-01,17,7614.57,7450.0,7485.0,129.5699999999997,35.0,True
SPHC,2026-05-15,2026-06-01,17,6933.69,7000.0,7250.0,316.3100000000004,250.0,False
STAC,2026-05-15,2026-06-01,17,1625.74,2795.0,3100.0,1474.26,305.0,False
TTLC,2026-05-15,2026-06-01,17,2920.84,2995.0,2885.0,35.840000000000146,110.0,True
TTLS,2026-05-15,2026-06-01,17,2843.82,3025.0,3350.0,506.17999999999984,325.0,False
UNLC,2026-05-15,2026-06-01,17,66652.71,60295.0,57005.0,9647.710000000006,3290.0,False
UNXC,2026-05-15,2026-06-01,17,1740.6,1840.0,1790.0,49.40000000000009,50.0,True
ABJC,2026-05-16,2026-05-26,10,2662.62,2850.0,2880.0,217.3800000000001,30.0,False
ABJC,2026-05-16,2026-05-28,12,2640.49,2850.0,2880.0,239.51000000000022,30.0,False
ABJC,2026-05-16,2026-05-29,13,2619.11,2850.0,3000.0,380.8899999999999,150.0,False
BICB,2026-05-16,2026-05-28,12,5029.79,5200.0,5190.0,160.21000000000004,10.0,True
BICB,2026-05-16,2026-05-29,13,5022.05,5200.0,5200.0,177.94999999999982,0.0,True
BICC,2026-05-16,2026-05-25,9,25056.0,26450.0,27000.0,1944.0,550.0,False
BICC,2026-05-16,2026-05-26,10,24897.02,26450.0,27500.0,2602.9799999999996,1050.0,False
BICC,2026-05-16,2026-05-28,12,24742.87,26450.0,27500.0,2757.130000000001,1050.0,False
NSBC,2026-05-11,2026-05-26,15,15294.1,14010.0,18000.0,2705.8999999999996,3990.0,True
NTLC,2026-05-11,2026-05-25,14,11956.85,11650.0,13005.0,1048.1499999999996,1355.0,True
NTLC,2026-05-11,2026-05-26,15,11977.09,11650.0,13005.0,1027.9099999999999,1355.0,True
ONTBF,2026-05-11,2026-05-25,14,2721.29,2760.0,2850.0,128.71000000000004,90.0,False
ONTBF,2026-05-11,2026-05-26,15,2717.39,2760.0,2855.0,137.61000000000013,95.0,False
ORAC,2026-05-11,2026-05-25,14,14921.65,14920.0,15550.0,628.3500000000004,630.0,True
ORAC,2026-05-11,2026-05-26,15,14920.47,14920.0,15700.0,779.5300000000007,780.0,True
ORGT,2026-05-11,2026-05-25,14,2602.77,2550.0,2700.0,97.23000000000002,150.0,True
ORGT,2026-05-11,2026-05-26,15,2601.0,2550.0,2740.0,139.0,190.0,True
PALC,2026-05-11,2026-05-25,14,8072.71,7800.0,7680.0,392.71000000000004,120.0,False
PALC,2026-05-11,2026-05-26,15,8100.88,7800.0,7800.0,300.8800000000001,0.0,False
SAFC,2026-05-11,2026-05-25,14,1430.14,3500.0,3700.0,2269.8599999999997,200.0,False
SAFC,2026-05-11,2026-05-26,15,1376.57,3500.0,3600.0,2223.4300000000003,100.0,False
SDSC,2026-05-11,2026-05-25,14,1721.26,1745.0,1700.0,21.25999999999999,45.0,True
SDSC,2026-05-11,2026-05-26,15,1718.96,1745.0,1690.0,28.960000000000036,55.0,True
SEMC,2026-05-11,2026-05-25,14,1368.72,1525.0,1485.0,116.27999999999997,40.0,True
BICC,2026-05-16,2026-05-29,13,24593.37,26450.0,27895.0,3301.630000000001,1445.0,False
TTLC,2026-05-12,2026-05-28,16,2791.71,2850.0,2870.0,78.28999999999996,20.0,False
TTLS,2026-05-12,2026-05-25,13,2828.78,2900.0,3195.0,366.2199999999998,295.0,False
TTLS,2026-05-12,2026-05-26,14,2819.36,2900.0,3200.0,380.6399999999999,300.0,False
FTSC,2026-05-13,2026-05-26,13,2316.12,2240.0,2300.0,16.11999999999989,60.0,True
FTSC,2026-05-13,2026-05-28,15,2325.91,2240.0,2300.0,25.909999999999854,60.0,True
FTSC,2026-05-13,2026-05-29,16,2335.72,2240.0,2255.0,80.7199999999998,15.0,True
UNLC,2026-05-10,2026-05-25,15,63295.17,56000.0,59000.0,4295.169999999998,3000.0,True
UNXC,2026-05-10,2026-05-25,15,1722.06,1805.0,1795.0,72.94000000000005,10.0,True
ABJC,2026-05-11,2026-05-25,14,2703.2,2975.0,2875.0,171.80000000000018,100.0,True
ABJC,2026-05-11,2026-05-26,15,2679.69,2975.0,2880.0,200.30999999999995,95.0,True
BICB,2026-05-11,2026-05-25,14,5022.76,5225.0,5225.0,202.23999999999978,0.0,True
BICB,2026-05-11,2026-05-26,15,5015.91,5225.0,5190.0,174.09000000000015,35.0,True
BICC,2026-05-11,2026-05-25,14,24221.11,26000.0,27000.0,2778.8899999999994,1000.0,False
BICC,2026-05-11,2026-05-26,15,24086.76,26000.0,27500.0,3413.2400000000016,1500.0,False
SEMC,2026-05-11,2026-05-26,15,1355.96,1525.0,1415.0,59.039999999999964,110.0,True
SGBC,2026-05-11,2026-05-25,14,33888.19,34500.0,36000.0,2111.8099999999977,1500.0,False
SGBC,2026-05-11,2026-05-26,15,33860.97,34500.0,36600.0,2739.029999999999,2100.0,False
SHEC,2026-05-11,2026-05-25,14,1562.74,1945.0,1935.0,372.26,10.0,True
SHEC,2026-05-11,2026-05-26,15,1539.17,1945.0,1910.0,370.8299999999999,35.0,True
SIBC,2026-05-11,2026-05-25,14,6407.93,7095.0,8160.0,1752.0699999999997,1065.0,False
SIBC,2026-05-11,2026-05-26,15,6356.18,7095.0,7700.0,1343.8199999999997,605.0,False
SICC,2026-05-11,2026-05-25,14,4136.61,4290.0,4400.0,263.3900000000003,110.0,False
STAC,2026-05-12,2026-05-25,13,1665.88,2515.0,2900.0,1234.12,385.0,False
STAC,2026-05-12,2026-05-26,14,1618.81,2515.0,3115.0,1496.19,600.0,False
STAC,2026-05-12,2026-05-28,16,1577.81,2515.0,3115.0,1537.19,600.0,False
TTLC,2026-05-12,2026-05-25,13,2798.89,2850.0,2875.0,76.11000000000013,25.0,False
TTLC,2026-05-12,2026-05-26,14,2795.28,2850.0,2870.0,74.7199999999998,20.0,False
CIEC,2026-05-13,2026-05-25,12,2926.79,3295.0,4040.0,1113.21,745.0,False
CIEC,2026-05-13,2026-05-26,13,2901.76,3295.0,4010.0,1108.2399999999998,715.0,False
CIEC,2026-05-13,2026-05-28,15,2878.57,3295.0,4010.0,1131.4299999999998,715.0,False
CIEC,2026-05-13,2026-05-29,16,2856.99,3295.0,4055.0,1198.0100000000002,760.0,False
ECOC,2026-05-13,2026-05-25,12,16237.37,16200.0,16300.0,62.6299999999992,100.0,True
ECOC,2026-05-13,2026-05-26,13,16223.33,16200.0,16300.0,76.67000000000007,100.0,True
ECOC,2026-05-13,2026-05-28,15,16209.43,16200.0,16300.0,90.56999999999971,100.0,True
ECOC,2026-05-13,2026-05-29,16,16195.66,16200.0,16300.0,104.34000000000015,100.0,False
ETIT,2026-05-13,2026-05-25,12,25.53,30.0,30.0,4.469999999999999,0.0,True
ETIT,2026-05-13,2026-05-26,13,25.11,30.0,29.0,3.8900000000000006,1.0,True
ETIT,2026-05-13,2026-05-28,15,24.72,30.0,29.0,4.280000000000001,1.0,True
ETIT,2026-05-13,2026-05-29,16,24.36,30.0,30.0,5.640000000000001,0.0,True
FTSC,2026-05-13,2026-05-25,12,2306.36,2240.0,2280.0,26.360000000000127,40.0,True
NEIC,2026-05-13,2026-05-25,12,1376.49,1890.0,1990.0,613.51,100.0,False
NEIC,2026-05-13,2026-05-26,13,1335.9,1890.0,1900.0,564.0999999999999,10.0,False
NEIC,2026-05-13,2026-05-28,15,1299.06,1890.0,1900.0,600.94,10.0,False
NEIC,2026-05-13,2026-05-29,16,1265.32,1890.0,1900.0,634.6800000000001,10.0,False
NSBC,2026-05-13,2026-05-25,12,14674.37,13810.0,18000.0,3325.629999999999,4190.0,True
NSBC,2026-05-13,2026-05-26,13,14800.22,13810.0,18000.0,3199.7800000000007,4190.0,True
NSBC,2026-05-13,2026-05-28,15,14929.69,13810.0,18000.0,3070.3099999999995,4190.0,True
NSBC,2026-05-13,2026-05-29,16,15062.96,13810.0,17980.0,2917.040000000001,4170.0,True
NTLC,2026-05-13,2026-05-25,12,11786.02,11700.0,13005.0,1218.9799999999996,1305.0,True
NTLC,2026-05-13,2026-05-26,13,11808.17,11700.0,13005.0,1196.83,1305.0,True
NTLC,2026-05-13,2026-05-28,15,11830.03,11700.0,13005.0,1174.9699999999993,1305.0,True
NTLC,2026-05-13,2026-05-29,16,11851.64,11700.0,12900.0,1048.3600000000006,1200.0,True
ONTBF,2026-05-13,2026-05-25,12,2667.16,2680.0,2850.0,182.84000000000015,170.0,False
ONTBF,2026-05-13,2026-05-26,13,2663.94,2680.0,2855.0,191.05999999999995,175.0,False
ONTBF,2026-05-13,2026-05-28,15,2660.77,2680.0,2855.0,194.23000000000002,175.0,False
ONTBF,2026-05-13,2026-05-29,16,2657.64,2680.0,2850.0,192.36000000000013,170.0,False
ORAC,2026-05-13,2026-05-25,12,15007.24,15050.0,15550.0,542.7600000000002,500.0,False
ORAC,2026-05-13,2026-05-26,13,15005.15,15050.0,15700.0,694.8500000000004,650.0,False
ORAC,2026-05-13,2026-05-28,15,15003.08,15050.0,15700.0,696.9200000000001,650.0,False
BICB,2026-05-14,2026-05-25,11,5037.92,5220.0,5225.0,187.07999999999993,5.0,False
BICB,2026-05-14,2026-05-26,12,5029.15,5220.0,5190.0,160.85000000000036,30.0,True
BICB,2026-05-14,2026-05-28,14,5021.49,5220.0,5190.0,168.51000000000022,30.0,True
BICB,2026-05-14,2026-05-29,15,5014.8,5220.0,5200.0,185.19999999999982,20.0,True
BICC,2026-05-14,2026-05-25,11,24806.81,26400.0,27000.0,2193.1899999999987,600.0,False
BICC,2026-05-14,2026-05-26,12,24655.34,26400.0,27500.0,2844.66,1100.0,False
BICC,2026-05-14,2026-05-28,14,24508.41,26400.0,27500.0,2991.59,1100.0,False
BICC,2026-05-14,2026-05-29,15,24365.84,26400.0,27895.0,3529.16,1495.0,False
BNBC,2026-05-14,2026-05-25,11,1579.63,1590.0,1500.0,79.63000000000011,90.0,True
NTLC,2026-05-12,2026-05-26,14,11804.51,11150.0,13005.0,1200.4899999999998,1855.0,True
NTLC,2026-05-12,2026-05-28,16,11826.41,11150.0,13005.0,1178.5900000000001,1855.0,True
ONTBF,2026-05-12,2026-05-25,13,2690.73,2700.0,2850.0,159.26999999999998,150.0,False
ONTBF,2026-05-12,2026-05-26,14,2687.22,2700.0,2855.0,167.7800000000002,155.0,False
ONTBF,2026-05-12,2026-05-28,16,2683.76,2700.0,2855.0,171.23999999999978,155.0,False
ORAC,2026-05-12,2026-05-25,13,14981.45,15100.0,15550.0,568.5499999999993,450.0,False
ORAC,2026-05-12,2026-05-26,14,14979.63,15100.0,15700.0,720.3700000000008,600.0,False
ORAC,2026-05-12,2026-05-28,16,14977.85,15100.0,15700.0,722.1499999999996,600.0,False
ORGT,2026-05-12,2026-05-25,13,2661.89,2740.0,2700.0,38.11000000000013,40.0,True
NEIC,2026-05-12,2026-05-26,14,1283.66,1850.0,1900.0,616.3399999999999,50.0,False
NEIC,2026-05-12,2026-05-28,16,1251.06,1850.0,1900.0,648.94,50.0,False
NSBC,2026-05-12,2026-05-25,13,14875.65,13850.0,18000.0,3124.3500000000004,4150.0,True
NSBC,2026-05-12,2026-05-26,14,15007.38,13850.0,18000.0,2992.620000000001,4150.0,True
NSBC,2026-05-12,2026-05-28,16,15142.99,13850.0,18000.0,2857.01,4150.0,True
NTLC,2026-05-12,2026-05-25,13,11782.32,11150.0,13005.0,1222.6800000000003,1855.0,True
ORGT,2026-05-12,2026-05-26,14,2660.05,2740.0,2740.0,79.94999999999982,0.0,True
ORGT,2026-05-12,2026-05-28,16,2658.25,2740.0,2740.0,81.75,0.0,True
PALC,2026-05-12,2026-05-25,13,8043.19,7800.0,7680.0,363.1899999999996,120.0,False
PALC,2026-05-12,2026-05-26,14,8071.35,7800.0,7800.0,271.35000000000036,0.0,False
ORAC,2026-05-13,2026-05-29,16,15001.04,15050.0,16000.0,998.9599999999991,950.0,False
ORGT,2026-05-13,2026-05-25,12,2695.58,2740.0,2700.0,4.420000000000073,40.0,True
ORGT,2026-05-13,2026-05-26,13,2693.67,2740.0,2740.0,46.32999999999993,0.0,True
ORGT,2026-05-13,2026-05-28,15,2691.82,2740.0,2740.0,48.179999999999836,0.0,True
ORGT,2026-05-13,2026-05-29,16,2690.0,2740.0,2735.0,45.0,5.0,True
PALC,2026-05-13,2026-05-25,12,8043.95,7850.0,7680.0,363.9499999999998,170.0,False
ABJC,2026-05-14,2026-05-25,11,2681.5,2850.0,2875.0,193.5,25.0,False
ABJC,2026-05-14,2026-05-26,12,2658.82,2850.0,2880.0,221.17999999999984,30.0,False
ABJC,2026-05-14,2026-05-28,14,2636.88,2850.0,2880.0,243.1199999999999,30.0,False
ABJC,2026-05-14,2026-05-29,15,2615.66,2850.0,3000.0,384.34000000000015,150.0,False
PALC,2026-05-12,2026-05-28,16,8099.49,7800.0,7800.0,299.4899999999998,0.0,False
SAFC,2026-05-12,2026-05-25,13,1498.62,3485.0,3700.0,2201.38,215.0,False
SAFC,2026-05-12,2026-05-26,14,1428.22,3485.0,3600.0,2171.7799999999997,115.0,False
SAFC,2026-05-12,2026-05-28,16,1375.21,3485.0,3600.0,2224.79,115.0,False
SDSC,2026-05-12,2026-05-25,13,1694.32,1700.0,1700.0,5.680000000000064,0.0,True
SDSC,2026-05-12,2026-05-26,14,1692.4,1700.0,1690.0,2.400000000000091,10.0,True
SLBC,2026-05-14,2026-05-29,15,37446.95,37995.0,38945.0,1498.050000000003,950.0,False
SMBC,2026-05-14,2026-05-25,11,12241.3,12295.0,12895.0,653.7000000000007,600.0,False
BOAC,2026-05-13,2026-05-28,15,7603.3,8585.0,8825.0,1221.6999999999998,240.0,False
BOAC,2026-05-13,2026-05-29,16,7527.21,8585.0,8845.0,1317.79,260.0,False
BOAB,2026-05-13,2026-05-28,15,8141.96,9420.0,8900.0,758.04,520.0,True
BOAB,2026-05-13,2026-05-29,16,8058.6,9420.0,8930.0,871.3999999999996,490.0,True
BOABF,2026-05-13,2026-05-25,12,5296.14,5410.0,5440.0,143.85999999999967,30.0,False
BOABF,2026-05-13,2026-05-26,13,5283.32,5410.0,5500.0,216.6800000000003,90.0,False
BOABF,2026-05-13,2026-05-28,15,5270.8,5410.0,5500.0,229.19999999999982,90.0,False
BOABF,2026-05-13,2026-05-29,16,5258.54,5410.0,5600.0,341.46000000000004,190.0,False
BOAC,2026-05-13,2026-05-25,12,7771.93,8585.0,8870.0,1098.0699999999997,285.0,False
BOAC,2026-05-13,2026-05-26,13,7684.71,8585.0,8825.0,1140.29,240.0,False
BNBC,2026-05-14,2026-05-26,12,1583.03,1590.0,1495.0,88.02999999999997,95.0,True
BNBC,2026-05-14,2026-05-28,14,1586.52,1590.0,1495.0,91.51999999999998,95.0,True
BNBC,2026-05-14,2026-05-29,15,1590.1,1590.0,1585.0,5.099999999999909,5.0,False
BOAB,2026-05-14,2026-05-25,11,8325.97,9410.0,8950.0,624.0300000000007,460.0,True
BOAB,2026-05-14,2026-05-26,12,8232.94,9410.0,8900.0,667.0599999999995,510.0,True
BOAB,2026-05-14,2026-05-28,14,8144.91,9410.0,8900.0,755.0900000000001,510.0,True
BOAB,2026-05-14,2026-05-29,15,8061.42,9410.0,8930.0,868.5799999999999,480.0,True
BOABF,2026-05-14,2026-05-25,11,5293.46,5405.0,5440.0,146.53999999999996,35.0,False
BOABF,2026-05-14,2026-05-26,12,5280.71,5405.0,5500.0,219.28999999999996,95.0,False
BOABF,2026-05-14,2026-05-28,14,5268.24,5405.0,5500.0,231.76000000000022,95.0,False
BOABF,2026-05-14,2026-05-29,15,5256.04,5405.0,5600.0,343.96000000000004,195.0,False
BOAC,2026-05-14,2026-05-25,11,7769.83,8600.0,8870.0,1100.17,270.0,False
BOAC,2026-05-14,2026-05-26,12,7682.8,8600.0,8825.0,1142.1999999999998,225.0,False
BOAC,2026-05-14,2026-05-28,14,7601.55,8600.0,8825.0,1223.4499999999998,225.0,False
BOAC,2026-05-14,2026-05-29,15,7525.58,8600.0,8845.0,1319.42,245.0,False
BOAM,2026-05-14,2026-05-25,11,4502.76,4675.0,4990.0,487.2399999999998,315.0,False
SIBC,2026-05-14,2026-05-28,14,6509.56,7300.0,7700.0,1190.4399999999996,400.0,False
SIBC,2026-05-14,2026-05-29,15,6452.51,7300.0,7805.0,1352.4899999999998,505.0,False
SICC,2026-05-14,2026-05-25,11,4268.05,4380.0,4400.0,131.94999999999982,20.0,False
SICC,2026-05-14,2026-05-26,12,4248.97,4380.0,4390.0,141.02999999999975,10.0,False
SICC,2026-05-14,2026-05-28,14,4230.12,4380.0,4390.0,159.8800000000001,10.0,False
SICC,2026-05-14,2026-05-29,15,4211.59,4380.0,4380.0,168.40999999999985,0.0,True
SLBC,2026-05-14,2026-05-25,11,37549.87,37995.0,37945.0,395.1299999999974,50.0,True
SLBC,2026-05-14,2026-05-26,12,37515.06,37995.0,38010.0,494.9400000000023,15.0,False
SLBC,2026-05-14,2026-05-28,14,37480.8,37995.0,38010.0,529.1999999999971,15.0,False
SICC,2026-05-11,2026-05-26,15,4120.42,4290.0,4390.0,269.5799999999999,100.0,False
SLBC,2026-05-11,2026-05-25,14,37150.96,37500.0,37945.0,794.0400000000009,445.0,False
SLBC,2026-05-11,2026-05-26,15,37118.34,37500.0,38010.0,891.6600000000035,510.0,False
SMBC,2026-05-11,2026-05-25,14,11866.58,11995.0,12895.0,1028.42,900.0,False
SMBC,2026-05-11,2026-05-26,15,11856.6,11995.0,13000.0,1143.3999999999996,1005.0,False
SNTS,2026-05-11,2026-05-25,14,28647.55,28900.0,28500.0,147.54999999999927,400.0,True
SNTS,2026-05-11,2026-05-26,15,28626.41,28900.0,28450.0,176.40999999999985,450.0,True
SOGC,2026-05-11,2026-05-25,14,7554.17,7390.0,7390.0,164.17000000000007,0.0,False
SOGC,2026-05-11,2026-05-26,15,7570.15,7390.0,7395.0,175.14999999999964,5.0,True
SPHC,2026-05-11,2026-05-25,14,6985.01,7050.0,6945.0,40.01000000000022,105.0,True
SPHC,2026-05-11,2026-05-26,15,6978.58,7050.0,6945.0,33.57999999999993,105.0,True
STAC,2026-05-11,2026-05-25,14,1657.6,2660.0,2900.0,1242.4,240.0,False
STAC,2026-05-11,2026-05-26,15,1611.69,2660.0,3115.0,1503.31,455.0,False
TTLC,2026-05-11,2026-05-25,14,2721.73,2750.0,2875.0,153.26999999999998,125.0,False
TTLC,2026-05-11,2026-05-26,15,2719.07,2750.0,2870.0,150.92999999999984,120.0,False
SAFC,2026-05-13,2026-05-29,16,1377.85,3745.0,3600.0,2222.15,145.0,True
SDSC,2026-05-13,2026-05-25,12,1720.41,1745.0,1700.0,20.410000000000082,45.0,True
SDSC,2026-05-13,2026-05-26,13,1718.1,1745.0,1690.0,28.09999999999991,55.0,True
SDSC,2026-05-13,2026-05-28,15,1715.83,1745.0,1690.0,25.829999999999927,55.0,True
SDSC,2026-05-12,2026-05-28,16,1690.49,1700.0,1690.0,0.4900000000000091,10.0,True
CABC,2026-05-14,2026-05-28,14,5602.21,3500.0,3700.0,1902.21,200.0,True
CABC,2026-05-14,2026-05-29,15,6089.08,3500.0,3750.0,2339.08,250.0,True
CBIBF,2026-05-14,2026-05-25,11,15490.94,18700.0,20700.0,5209.0599999999995,2000.0,False
CBIBF,2026-05-14,2026-05-26,12,15314.91,18700.0,21465.0,6150.09,2765.0,False
CBIBF,2026-05-14,2026-05-28,14,15152.37,18700.0,21465.0,6312.629999999999,2765.0,False
CBIBF,2026-05-14,2026-05-29,15,15000.85,18700.0,21495.0,6494.15,2795.0,False
CFAC,2026-05-14,2026-05-25,11,1302.5,1480.0,1485.0,182.5,5.0,False
CFAC,2026-05-14,2026-05-26,12,1286.48,1480.0,1485.0,198.51999999999998,5.0,False
CFAC,2026-05-14,2026-05-28,14,1270.78,1480.0,1485.0,214.22000000000003,5.0,False
CFAC,2026-05-14,2026-05-29,15,1255.43,1480.0,1485.0,229.56999999999994,5.0,False
CIEC,2026-05-14,2026-05-25,11,2932.68,3300.0,4040.0,1107.3200000000002,740.0,False
CIEC,2026-05-14,2026-05-26,12,2907.28,3300.0,4010.0,1102.7199999999998,710.0,False
CIEC,2026-05-14,2026-05-28,14,2883.77,3300.0,4010.0,1126.23,710.0,False
CIEC,2026-05-14,2026-05-29,15,2861.89,3300.0,4055.0,1193.1100000000001,755.0,False
ECOC,2026-05-14,2026-05-25,11,16215.2,16300.0,16300.0,84.79999999999927,0.0,True
ECOC,2026-05-14,2026-05-26,12,16201.38,16300.0,16300.0,98.6200000000008,0.0,True
ECOC,2026-05-14,2026-05-28,14,16187.68,16300.0,16300.0,112.31999999999971,0.0,True
UNXC,2026-05-14,2026-05-25,11,1761.6,1840.0,1795.0,33.40000000000009,45.0,True
UNXC,2026-05-14,2026-05-26,12,1753.26,1840.0,1780.0,26.74000000000001,60.0,True
UNXC,2026-05-14,2026-05-28,14,1744.98,1840.0,1780.0,35.01999999999998,60.0,True
UNXC,2026-05-14,2026-05-29,15,1736.77,1840.0,1770.0,33.23000000000002,70.0,True
ABJC,2026-05-15,2026-05-25,10,2685.55,2850.0,2875.0,189.44999999999982,25.0,False
ABJC,2026-05-15,2026-05-26,11,2662.71,2850.0,2880.0,217.28999999999996,30.0,False
ABJC,2026-05-15,2026-05-28,13,2640.64,2850.0,2880.0,239.36000000000013,30.0,False
ABJC,2026-05-15,2026-05-29,14,2619.29,2850.0,3000.0,380.71000000000004,150.0,False
ABJC,2026-05-15,2026-06-01,17,2598.63,2850.0,3250.0,651.3699999999999,400.0,False
BICB,2026-05-15,2026-05-25,10,5049.7,5220.0,5225.0,175.30000000000018,5.0,False
BICB,2026-05-15,2026-05-26,11,5039.45,5220.0,5190.0,150.55000000000018,30.0,True
BICB,2026-05-15,2026-05-28,13,5030.49,5220.0,5190.0,159.51000000000022,30.0,True
BICB,2026-05-15,2026-05-29,14,5022.65,5220.0,5200.0,177.35000000000036,20.0,True
BICB,2026-05-15,2026-06-01,17,5015.82,5220.0,5250.0,234.1800000000003,30.0,False
BICC,2026-05-15,2026-05-25,10,25012.73,26400.0,27000.0,1987.2700000000004,600.0,False
BICC,2026-05-15,2026-05-26,11,24855.06,26400.0,27500.0,2644.9399999999987,1100.0,False
BICC,2026-05-15,2026-05-28,13,24702.16,26400.0,27500.0,2797.84,1100.0,False
BICC,2026-05-15,2026-05-29,14,24553.85,26400.0,27895.0,3341.1500000000015,1495.0,False
BICC,2026-05-15,2026-06-01,17,24409.97,26400.0,29000.0,4590.029999999999,2600.0,False
BNBC,2026-05-15,2026-05-25,10,1600.91,1590.0,1500.0,100.91000000000008,90.0,False
BNBC,2026-05-15,2026-05-26,11,1604.02,1590.0,1495.0,109.01999999999998,95.0,False
BNBC,2026-05-15,2026-05-28,13,1607.26,1590.0,1495.0,112.25999999999999,95.0,False
BOAB,2026-05-16,2026-05-29,13,8146.94,9400.0,8930.0,783.0600000000004,470.0,True
BOAB,2026-05-16,2026-06-01,16,8063.34,9400.0,8900.0,836.6599999999999,500.0,True
BOABF,2026-05-16,2026-05-25,9,5302.71,5400.0,5440.0,137.28999999999996,40.0,False
BOABF,2026-05-16,2026-05-26,10,5289.72,5400.0,5500.0,210.27999999999975,100.0,False
BOABF,2026-05-16,2026-05-28,12,5277.04,5400.0,5500.0,222.96000000000004,100.0,False
BOABF,2026-05-16,2026-05-29,13,5264.65,5400.0,5600.0,335.35000000000036,200.0,False
BOABF,2026-05-16,2026-06-01,16,5252.53,5400.0,5590.0,337.47000000000025,190.0,False
BOAC,2026-05-16,2026-05-25,9,7887.0,8630.0,8870.0,983.0,240.0,False
BOAC,2026-05-16,2026-05-26,10,7792.13,8630.0,8825.0,1032.87,195.0,False
ETIT,2026-05-15,2026-06-01,17,24.35,30.0,30.0,5.649999999999999,0.0,True
FTSC,2026-05-15,2026-06-01,17,2348.29,2250.0,2335.0,13.289999999999964,85.0,True
NEIC,2026-05-15,2026-06-01,17,1293.17,1990.0,1970.0,676.8299999999999,20.0,True
NSBC,2026-05-15,2026-06-01,17,15384.1,14100.0,17990.0,2605.8999999999996,3890.0,True
NTLC,2026-05-15,2026-06-01,17,11864.0,11600.0,13000.0,1136.0,1400.0,True
ONTBF,2026-05-15,2026-06-01,17,2702.31,2750.0,2940.0,237.69000000000005,190.0,False
ORAC,2026-05-15,2026-06-01,17,14988.46,15000.0,16000.0,1011.5400000000009,1000.0,False
ORGT,2026-05-15,2026-05-26,11,2600.26,2575.0,2740.0,139.73999999999978,165.0,True
ORGT,2026-05-15,2026-05-28,13,2598.57,2575.0,2740.0,141.42999999999984,165.0,True
ORGT,2026-05-15,2026-05-29,14,2596.88,2575.0,2735.0,138.1199999999999,160.0,True
ORGT,2026-05-15,2026-06-01,17,2595.2,2575.0,2610.0,14.800000000000182,35.0,True
ABJC,2026-05-16,2026-06-01,16,2598.44,2850.0,3250.0,651.56,400.0,False
BICB,2026-05-16,2026-06-01,16,5015.29,5200.0,5250.0,234.71000000000004,50.0,False
BICC,2026-05-16,2026-06-01,16,24448.36,26450.0,29000.0,4551.639999999999,2550.0,False
BNBC,2026-05-16,2026-05-25,9,1574.96,1545.0,1500.0,74.96000000000004,45.0,False
BNBC,2026-05-16,2026-05-26,10,1578.58,1545.0,1495.0,83.57999999999993,50.0,False
BNBC,2026-05-16,2026-05-28,12,1582.27,1545.0,1495.0,87.26999999999998,50.0,False
BNBC,2026-05-16,2026-05-29,13,1586.01,1545.0,1585.0,1.009999999999991,40.0,True
BNBC,2026-05-16,2026-06-01,16,1589.78,1545.0,1700.0,110.22000000000003,155.0,True
BOAB,2026-05-16,2026-05-25,9,8426.79,9400.0,8950.0,523.2099999999991,450.0,True
BOAB,2026-05-16,2026-05-26,10,8328.13,9400.0,8900.0,571.8700000000008,500.0,True
BOAB,2026-05-16,2026-05-28,12,8235.03,9400.0,8900.0,664.9699999999993,500.0,True
BNBC,2026-05-11,2026-05-25,14,1353.13,1300.0,1500.0,146.8699999999999,200.0,True
BNBC,2026-05-11,2026-05-26,15,1358.3,1300.0,1495.0,136.70000000000005,195.0,True
BOAB,2026-05-11,2026-05-25,14,8122.68,9400.0,8950.0,827.3199999999997,450.0,True
BOAB,2026-05-11,2026-05-26,15,8040.25,9400.0,8900.0,859.75,500.0,True
BOABF,2026-05-11,2026-05-25,14,5267.34,5400.0,5440.0,172.65999999999985,40.0,False
BOABF,2026-05-11,2026-05-26,15,5255.17,5400.0,5500.0,244.82999999999993,100.0,False
BOAC,2026-05-11,2026-05-25,14,7661.82,8705.0,8870.0,1208.1800000000003,165.0,False
BOAC,2026-05-11,2026-05-26,15,7581.9,8705.0,8825.0,1243.1000000000004,120.0,False
BOAS,2026-05-13,2026-05-29,16,6598.47,7500.0,7700.0,1101.5299999999997,200.0,False
CABC,2026-05-13,2026-05-25,12,4687.47,3400.0,3585.0,1102.4700000000003,185.0,True
CABC,2026-05-13,2026-05-26,13,4985.07,3400.0,3700.0,1285.0699999999997,300.0,True
CABC,2026-05-13,2026-05-28,15,5337.32,3400.0,3700.0,1637.3199999999997,300.0,True
CABC,2026-05-13,2026-05-29,16,5763.32,3400.0,3750.0,2013.3199999999997,350.0,True
CBIBF,2026-05-13,2026-05-25,12,15135.17,17400.0,20700.0,5564.83,3300.0,False
CBIBF,2026-05-13,2026-05-26,13,14982.42,17400.0,21465.0,6482.58,4065.0,False
CBIBF,2026-05-13,2026-05-28,15,14839.99,17400.0,21465.0,6625.01,4065.0,False
CBIBF,2026-05-13,2026-05-29,16,14706.23,17400.0,21495.0,6788.77,4095.0,False
CFAC,2026-05-13,2026-05-25,12,1255.2,1380.0,1485.0,229.79999999999995,105.0,False
CFAC,2026-05-13,2026-05-26,13,1240.24,1380.0,1485.0,244.76,105.0,False
CFAC,2026-05-13,2026-05-28,15,1225.62,1380.0,1485.0,259.3800000000001,105.0,False
CFAC,2026-05-13,2026-05-29,16,1211.35,1380.0,1485.0,273.6500000000001,105.0,False
SGBC,2026-05-12,2026-05-28,16,34013.38,34800.0,36600.0,2586.6200000000026,1800.0,False
SHEC,2026-05-12,2026-05-25,13,1605.91,2000.0,1935.0,329.0899999999999,65.0,True
SHEC,2026-05-12,2026-05-26,14,1579.29,2000.0,1910.0,330.71000000000004,90.0,True
SHEC,2026-05-12,2026-05-28,16,1554.64,2000.0,1910.0,355.3599999999999,90.0,True
SIBC,2026-05-12,2026-05-25,13,6484.51,7140.0,8160.0,1675.4899999999998,1020.0,False
SIBC,2026-05-12,2026-05-26,14,6428.51,7140.0,7700.0,1271.4899999999998,560.0,False
SIBC,2026-05-12,2026-05-28,16,6375.67,7140.0,7700.0,1324.33,560.0,False
SICC,2026-05-12,2026-05-25,13,4234.61,4400.0,4400.0,165.39000000000033,0.0,True
SICC,2026-05-12,2026-05-26,14,4216.38,4400.0,4390.0,173.6199999999999,10.0,True
SICC,2026-05-12,2026-05-28,16,4198.38,4400.0,4390.0,191.6199999999999,10.0,True
SLBC,2026-05-12,2026-05-25,13,37406.83,37900.0,37945.0,538.1699999999983,45.0,False
SLBC,2026-05-12,2026-05-26,14,37372.81,37900.0,38010.0,637.1900000000023,110.0,False
SLBC,2026-05-12,2026-05-28,16,37339.24,37900.0,38010.0,670.760000000002,110.0,False
SEMC,2026-05-12,2026-05-25,13,1377.82,1505.0,1485.0,107.18000000000006,20.0,True
SEMC,2026-05-12,2026-05-26,14,1364.85,1505.0,1415.0,50.15000000000009,90.0,True
SEMC,2026-05-12,2026-05-28,16,1352.19,1505.0,1415.0,62.809999999999945,90.0,True
SGBC,2026-05-12,2026-05-25,13,34071.82,34800.0,36000.0,1928.1800000000003,1200.0,False
SGBC,2026-05-12,2026-05-26,14,34042.38,34800.0,36600.0,2557.6200000000026,1800.0,False
BOAM,2026-05-13,2026-05-25,12,4506.69,4680.0,4990.0,483.3100000000004,310.0,False
BOAM,2026-05-13,2026-05-26,13,4485.84,4680.0,5000.0,514.1599999999999,320.0,False
BOAM,2026-05-13,2026-05-28,15,4465.71,4680.0,5000.0,534.29,320.0,False
BOAM,2026-05-13,2026-05-29,16,4446.26,4680.0,5090.0,643.7399999999998,410.0,False
BOAN,2026-05-13,2026-05-25,12,3458.81,3440.0,3730.0,271.19000000000005,290.0,True
BOAN,2026-05-13,2026-05-26,13,3460.42,3440.0,3740.0,279.5799999999999,300.0,True
BOAN,2026-05-13,2026-05-28,15,3462.06,3440.0,3740.0,277.94000000000005,300.0,True
BOAN,2026-05-13,2026-05-29,16,3463.7,3440.0,3730.0,266.3000000000002,290.0,True
BOAS,2026-05-13,2026-05-25,12,6807.18,7500.0,7990.0,1182.8199999999997,490.0,False
BOAS,2026-05-13,2026-05-26,13,6734.28,7500.0,7745.0,1010.7200000000003,245.0,False
BOAS,2026-05-13,2026-05-28,15,6664.77,7500.0,7745.0,1080.2299999999996,245.0,False
SDSC,2026-05-13,2026-05-29,16,1713.6,1745.0,1750.0,36.40000000000009,5.0,False
SEMC,2026-05-13,2026-05-25,12,1386.21,1500.0,1485.0,98.78999999999996,15.0,True
SEMC,2026-05-13,2026-05-26,13,1373.04,1500.0,1415.0,41.960000000000036,85.0,True
SEMC,2026-05-13,2026-05-28,15,1360.19,1500.0,1415.0,54.809999999999945,85.0,True
SEMC,2026-05-13,2026-05-29,16,1347.63,1500.0,1400.0,52.36999999999989,100.0,True
SGBC,2026-05-13,2026-05-25,12,34263.12,34990.0,36000.0,1736.8799999999974,1010.0,False
SGBC,2026-05-13,2026-05-26,13,34231.13,34990.0,36600.0,2368.8700000000026,1610.0,False
SGBC,2026-05-13,2026-05-28,15,34199.81,34990.0,36600.0,2400.1900000000023,1610.0,False
SGBC,2026-05-13,2026-05-29,16,34169.23,34990.0,36940.0,2770.769999999997,1950.0,False
SHEC,2026-05-13,2026-05-25,12,1618.02,1940.0,1935.0,316.98,5.0,True
SHEC,2026-05-13,2026-05-26,13,1590.44,1940.0,1910.0,319.55999999999995,30.0,True
SHEC,2026-05-13,2026-05-28,15,1565.01,1940.0,1910.0,344.99,30.0,True
SHEC,2026-05-13,2026-05-29,16,1541.34,1940.0,1915.0,373.6600000000001,25.0,True
SIBC,2026-05-13,2026-05-25,12,6623.83,7295.0,8160.0,1536.17,865.0,False
SIBC,2026-05-13,2026-05-26,13,6559.2,7295.0,7700.0,1140.8000000000002,405.0,False
SIBC,2026-05-13,2026-05-28,15,6498.91,7295.0,7700.0,1201.0900000000001,405.0,False
SIBC,2026-05-13,2026-05-29,16,6442.31,7295.0,7805.0,1362.6899999999996,510.0,False
SICC,2026-05-13,2026-05-25,12,4278.64,4390.0,4400.0,121.35999999999967,10.0,False
SICC,2026-05-13,2026-05-26,13,4259.6,4390.0,4390.0,130.39999999999964,0.0,True
SICC,2026-05-13,2026-05-28,15,4240.68,4390.0,4390.0,149.3199999999997,0.0,True
SICC,2026-05-13,2026-05-29,16,4222.0,4390.0,4380.0,158.0,10.0,True
SLBC,2026-05-13,2026-05-25,12,37348.35,37500.0,37945.0,596.6500000000015,445.0,False
SLBC,2026-05-13,2026-05-26,13,37314.71,37500.0,38010.0,695.2900000000009,510.0,False
SLBC,2026-05-13,2026-05-28,15,37281.46,37500.0,38010.0,728.5400000000009,510.0,False
SLBC,2026-05-13,2026-05-29,16,37248.47,37500.0,38945.0,1696.5299999999988,1445.0,False
SMBC,2026-05-13,2026-05-25,12,12263.26,12685.0,12895.0,631.7399999999998,210.0,False
SMBC,2026-05-13,2026-05-26,13,12250.27,12685.0,13000.0,749.7299999999996,315.0,False
SMBC,2026-05-13,2026-05-28,15,12237.33,12685.0,13000.0,762.6700000000001,315.0,False
SMBC,2026-05-13,2026-05-29,16,12224.44,12685.0,13350.0,1125.5599999999995,665.0,False
SNTS,2026-05-13,2026-05-25,12,28723.87,28910.0,28500.0,223.86999999999898,410.0,True
SNTS,2026-05-13,2026-05-26,13,28702.43,28910.0,28450.0,252.4300000000003,460.0,True
SNTS,2026-05-13,2026-05-28,15,28681.1,28910.0,28450.0,231.09999999999854,460.0,True
SNTS,2026-05-13,2026-05-29,16,28659.84,28910.0,28200.0,459.84000000000015,710.0,True
SOGC,2026-05-13,2026-05-25,12,7525.81,7400.0,7390.0,135.8100000000004,10.0,False
SOGC,2026-05-13,2026-05-26,13,7541.96,7400.0,7395.0,146.96000000000004,5.0,False
SOGC,2026-05-13,2026-05-28,15,7558.0,7400.0,7395.0,163.0,5.0,False
SOGC,2026-05-13,2026-05-29,16,7573.96,7400.0,7380.0,193.96000000000004,20.0,False
SPHC,2026-05-13,2026-05-25,12,6959.5,6995.0,6945.0,14.5,50.0,True
SPHC,2026-05-13,2026-05-26,13,6953.29,6995.0,6945.0,8.289999999999964,50.0,True
NEIC,2026-05-14,2026-05-25,11,1407.3,1990.0,1990.0,582.7,0.0,True
NEIC,2026-05-14,2026-05-26,12,1363.99,1990.0,1900.0,536.01,90.0,True
NEIC,2026-05-14,2026-05-28,14,1324.87,1990.0,1900.0,575.1300000000001,90.0,True
NEIC,2026-05-14,2026-05-29,15,1289.19,1990.0,1900.0,610.81,90.0,True
NSBC,2026-05-14,2026-05-25,11,14905.66,14100.0,18000.0,3094.34,3900.0,True
NSBC,2026-05-14,2026-05-26,12,15038.21,14100.0,18000.0,2961.790000000001,3900.0,True
NSBC,2026-05-14,2026-05-28,14,15174.71,14100.0,18000.0,2825.290000000001,3900.0,True
NSBC,2026-05-14,2026-05-29,15,15315.32,14100.0,17980.0,2664.6800000000003,3880.0,True
NTLC,2026-05-14,2026-05-25,11,11792.5,11600.0,13005.0,1212.5,1405.0,True
NTLC,2026-05-14,2026-05-26,12,11814.54,11600.0,13005.0,1190.4599999999991,1405.0,True
NTLC,2026-05-14,2026-05-28,14,11836.32,11600.0,13005.0,1168.6800000000003,1405.0,True
NTLC,2026-05-14,2026-05-29,15,11857.85,11600.0,12900.0,1042.1499999999996,1300.0,True
ONTBF,2026-05-14,2026-05-25,11,2697.64,2750.0,2850.0,152.36000000000013,100.0,False
ONTBF,2026-05-14,2026-05-26,12,2694.05,2750.0,2855.0,160.94999999999982,105.0,False
ONTBF,2026-05-14,2026-05-28,14,2690.51,2750.0,2855.0,164.48999999999978,105.0,False
ONTBF,2026-05-14,2026-05-29,15,2687.0,2750.0,2850.0,163.0,100.0,False
ORAC,2026-05-14,2026-05-25,11,15001.05,15000.0,15550.0,548.9500000000007,550.0,True
ORAC,2026-05-14,2026-05-26,12,14999.03,15000.0,15700.0,700.9699999999993,700.0,False
ORAC,2026-05-14,2026-05-28,14,14997.03,15000.0,15700.0,702.9699999999993,700.0,False
ORAC,2026-05-14,2026-05-29,15,14995.05,15000.0,16000.0,1004.9500000000007,1000.0,False
ORGT,2026-05-14,2026-05-25,11,2636.13,2575.0,2700.0,63.86999999999989,125.0,True
ORGT,2026-05-14,2026-05-26,12,2634.38,2575.0,2740.0,105.61999999999989,165.0,True
ECOC,2026-05-14,2026-05-29,15,16174.12,16300.0,16300.0,125.8799999999992,0.0,True
ETIT,2026-05-14,2026-05-25,11,25.53,30.0,30.0,4.469999999999999,0.0,True
ETIT,2026-05-14,2026-05-26,12,25.11,30.0,29.0,3.8900000000000006,1.0,True
ETIT,2026-05-14,2026-05-28,14,24.72,30.0,29.0,4.280000000000001,1.0,True
ETIT,2026-05-14,2026-05-29,15,24.35,30.0,30.0,5.649999999999999,0.0,True
FTSC,2026-05-14,2026-05-25,11,2318.47,2250.0,2280.0,38.4699999999998,30.0,True
FTSC,2026-05-14,2026-05-26,12,2328.26,2250.0,2300.0,28.26000000000022,50.0,True
FTSC,2026-05-14,2026-05-28,14,2338.08,2250.0,2300.0,38.07999999999993,50.0,True
FTSC,2026-05-14,2026-05-29,15,2347.93,2250.0,2255.0,92.92999999999984,5.0,True
BNBC,2026-05-15,2026-05-29,14,1610.6,1590.0,1585.0,25.59999999999991,5.0,False
BNBC,2026-05-15,2026-06-01,17,1614.02,1590.0,1700.0,85.98000000000002,110.0,True
BOAB,2026-05-15,2026-05-25,10,8427.49,9410.0,8950.0,522.5100000000002,460.0,True
BOAB,2026-05-15,2026-05-26,11,8328.76,9410.0,8900.0,571.2399999999998,510.0,True
BOAB,2026-05-15,2026-05-28,13,8235.61,9410.0,8900.0,664.3899999999994,510.0,True
BOAB,2026-05-15,2026-05-29,14,8147.46,9410.0,8930.0,782.54,480.0,True
BOAB,2026-05-15,2026-06-01,17,8063.86,9410.0,8900.0,836.1400000000003,510.0,True
BOABF,2026-05-15,2026-05-25,10,5305.57,5405.0,5440.0,134.4300000000003,35.0,False
BOABF,2026-05-15,2026-05-26,11,5292.5,5405.0,5500.0,207.5,95.0,False
BOABF,2026-05-15,2026-05-28,13,5279.76,5405.0,5500.0,220.23999999999978,95.0,False
BOABF,2026-05-15,2026-05-29,14,5267.32,5405.0,5600.0,332.6800000000003,195.0,False
BOABF,2026-05-15,2026-06-01,17,5255.14,5405.0,5590.0,334.8599999999997,185.0,False
BOAC,2026-05-15,2026-05-25,10,7867.98,8600.0,8870.0,1002.0200000000004,270.0,False
BOAC,2026-05-15,2026-05-26,11,7774.39,8600.0,8825.0,1050.6099999999997,225.0,False
BOAC,2026-05-15,2026-05-28,13,7687.08,8600.0,8825.0,1137.92,225.0,False
BOAC,2026-05-15,2026-05-29,14,7605.56,8600.0,8845.0,1239.4399999999996,245.0,False
BOAC,2026-05-15,2026-06-01,17,7529.34,8600.0,8900.0,1370.6599999999999,300.0,False
BOAM,2026-05-15,2026-05-25,10,4524.75,4675.0,4990.0,465.25,315.0,False
BOAM,2026-05-15,2026-05-26,11,4503.23,4675.0,5000.0,496.77000000000044,325.0,False
BOAM,2026-05-15,2026-05-28,13,4482.5,4675.0,5000.0,517.5,325.0,False
BOAM,2026-05-15,2026-05-29,14,4462.49,4675.0,5090.0,627.5100000000002,415.0,False
BOAM,2026-05-15,2026-06-01,17,4443.15,4675.0,5250.0,806.8500000000004,575.0,False
BOAN,2026-05-15,2026-05-25,10,3408.04,3395.0,3730.0,321.96000000000004,335.0,True
BOAN,2026-05-15,2026-05-26,11,3409.63,3395.0,3740.0,330.3699999999999,345.0,True
BOAN,2026-05-15,2026-05-28,13,3411.23,3395.0,3740.0,328.77,345.0,True
BOAN,2026-05-15,2026-05-29,14,3412.86,3395.0,3730.0,317.1399999999999,335.0,True
BOAN,2026-05-15,2026-06-01,17,3414.5,3395.0,3740.0,325.5,345.0,True
BOAS,2026-05-15,2026-05-25,10,6929.88,7555.0,7990.0,1060.12,435.0,False
BOAS,2026-05-15,2026-05-26,11,6851.02,7555.0,7745.0,893.9799999999996,190.0,False
BOAS,2026-05-15,2026-05-28,13,6775.91,7555.0,7745.0,969.0900000000001,190.0,False
BOAS,2026-05-15,2026-05-29,14,6704.36,7555.0,7700.0,995.6400000000003,145.0,False
BOAS,2026-05-15,2026-06-01,17,6636.17,7555.0,7600.0,963.8299999999999,45.0,False
CABC,2026-05-15,2026-05-25,10,4630.23,3500.0,3585.0,1045.2299999999996,85.0,True
CABC,2026-05-15,2026-05-26,11,4918.32,3500.0,3700.0,1218.3199999999997,200.0,True
CABC,2026-05-15,2026-05-28,13,5257.91,3500.0,3700.0,1557.9099999999999,200.0,True
CABC,2026-05-15,2026-05-29,14,5666.83,3500.0,3750.0,1916.83,250.0,True
CABC,2026-05-15,2026-06-01,17,6169.57,3500.0,3500.0,2669.5699999999997,0.0,False
CBIBF,2026-05-15,2026-05-25,10,15768.36,18700.0,20700.0,4931.639999999999,2000.0,False
SHEC,2026-05-15,2026-05-29,14,1584.28,2000.0,1915.0,330.72,85.0,True
SHEC,2026-05-15,2026-06-01,17,1559.35,2000.0,1890.0,330.6500000000001,110.0,True
SIBC,2026-05-15,2026-05-25,10,6705.33,7300.0,8160.0,1454.67,860.0,False
SIBC,2026-05-15,2026-05-26,11,6635.33,7300.0,7700.0,1064.67,400.0,False
SIBC,2026-05-15,2026-05-28,13,6570.44,7300.0,7700.0,1129.5600000000004,400.0,False
BOAC,2026-05-16,2026-05-29,13,7621.02,8630.0,8845.0,1223.9799999999996,215.0,False
BOAC,2026-05-16,2026-06-01,16,7543.8,8630.0,8900.0,1356.1999999999998,270.0,False
BOAM,2026-05-16,2026-05-25,9,4538.07,4690.0,4990.0,451.9300000000003,300.0,False
BOAM,2026-05-16,2026-05-26,10,4516.05,4690.0,5000.0,483.9499999999998,310.0,False
BOAM,2026-05-16,2026-05-28,12,4494.88,4690.0,5000.0,505.1199999999999,310.0,False
BOAM,2026-05-16,2026-05-29,13,4474.45,4690.0,5090.0,615.5500000000002,400.0,False
BOAM,2026-05-16,2026-06-01,16,4454.71,4690.0,5250.0,795.29,560.0,False
CFAC,2026-05-15,2026-05-25,10,1343.86,1480.0,1485.0,141.1400000000001,5.0,False
CFAC,2026-05-15,2026-05-26,11,1326.93,1480.0,1485.0,158.06999999999994,5.0,False
CFAC,2026-05-15,2026-05-28,13,1310.32,1480.0,1485.0,174.68000000000006,5.0,False
CFAC,2026-05-15,2026-05-29,14,1294.04,1480.0,1485.0,190.96000000000004,5.0,False
CFAC,2026-05-15,2026-06-01,17,1278.11,1480.0,1500.0,221.8900000000001,20.0,False
SIBC,2026-05-15,2026-05-29,14,6509.82,7300.0,7805.0,1295.1800000000003,505.0,False
SIBC,2026-05-15,2026-06-01,17,6452.86,7300.0,8475.0,2022.1400000000003,1175.0,False
SICC,2026-05-15,2026-05-25,10,4274.51,4380.0,4400.0,125.48999999999978,20.0,False
SICC,2026-05-15,2026-05-26,11,4255.34,4380.0,4390.0,134.65999999999985,10.0,False
SICC,2026-05-15,2026-05-28,13,4236.38,4380.0,4390.0,153.6199999999999,10.0,False
SICC,2026-05-15,2026-05-29,14,4217.71,4380.0,4380.0,162.28999999999996,0.0,True
SICC,2026-05-15,2026-06-01,17,4199.4,4380.0,4280.0,80.60000000000036,100.0,True
PALC,2026-05-15,2026-05-25,10,7990.99,7800.0,7680.0,310.9899999999998,120.0,False
PALC,2026-05-15,2026-05-26,11,8019.04,7800.0,7800.0,219.03999999999996,0.0,False
PALC,2026-05-15,2026-05-28,13,8047.11,7800.0,7800.0,247.10999999999967,0.0,False
PALC,2026-05-15,2026-06-01,17,8103.29,7800.0,7975.0,128.28999999999996,175.0,True
SAFC,2026-05-15,2026-06-01,17,1286.54,3995.0,3745.0,2458.46,250.0,True
SDSC,2026-05-15,2026-06-01,17,1747.28,1785.0,1850.0,102.72000000000003,65.0,False
SEMC,2026-05-15,2026-05-28,13,1408.49,1580.0,1415.0,6.509999999999991,165.0,True
SEMC,2026-05-15,2026-05-29,14,1394.78,1580.0,1400.0,5.220000000000027,180.0,True
SEMC,2026-05-15,2026-06-01,17,1381.4,1580.0,1480.0,98.59999999999991,100.0,True
SGBC,2026-05-15,2026-05-25,10,34483.98,34995.0,36000.0,1516.0199999999968,1005.0,False
SGBC,2026-05-15,2026-05-26,11,34449.02,34995.0,36600.0,2150.980000000003,1605.0,False
SGBC,2026-05-15,2026-05-28,13,34415.19,34995.0,36600.0,2184.8099999999977,1605.0,False
SGBC,2026-05-15,2026-05-29,14,34382.34,34995.0,36940.0,2557.6600000000035,1945.0,False
SGBC,2026-05-15,2026-06-01,17,34350.45,34995.0,37000.0,2649.550000000003,2005.0,False
SHEC,2026-05-15,2026-05-25,10,1673.0,2000.0,1935.0,262.0,65.0,True
SHEC,2026-05-15,2026-05-26,11,1640.53,2000.0,1910.0,269.47,90.0,True
SHEC,2026-05-15,2026-05-28,13,1611.19,2000.0,1910.0,298.80999999999995,90.0,True
BOAC,2026-05-16,2026-05-28,12,7703.63,8630.0,8825.0,1121.37,195.0,False
